t,ax,ay,az,gx,gy,gz,wx,wy,wz
0.073165,-0.0112,-0.0190,1.0054,0.06,0.00,-0.06,-2.59,1.33,40.19
0.073165,-0.0093,-0.0190,1.0044,0.00,0.00,-0.12,-2.59,1.33,40.19
0.078384,-0.0093,-0.0190,1.0054,0.12,0.00,-0.06,-2.59,1.33,40.19
0.078384,-0.0103,-0.0186,1.0049,-0.12,0.00,-0.06,-2.59,1.33,40.19
0.107812,-0.0083,-0.0195,1.0034,0.00,-0.06,0.00,-2.59,1.33,40.19
0.107812,-0.0093,-0.0200,1.0039,0.00,0.00,-0.06,-2.59,1.33,40.19
0.137597,-0.0098,-0.0200,1.0049,0.00,0.00,-0.06,-2.59,1.33,40.19
0.137597,-0.0093,-0.0190,1.0044,0.00,0.00,-0.06,-2.59,1.33,40.19
0.197750,-0.0088,-0.0195,1.0039,-0.12,0.00,-0.06,-2.58,1.33,40.19
0.197750,-0.0098,-0.0195,1.0044,0.00,0.00,0.00,-2.58,1.33,40.19
0.228625,-0.0088,-0.0195,1.0049,0.00,0.00,-0.06,-2.58,1.33,40.19
0.228625,-0.0093,-0.0200,1.0039,0.12,0.00,0.00,-2.58,1.33,40.19
0.257714,-0.0093,-0.0190,1.0034,0.00,0.06,-0.06,-2.58,1.33,40.19
0.257714,-0.0093,-0.0195,1.0039,0.00,0.00,-0.12,-2.58,1.33,40.19
0.317790,-0.0098,-0.0195,1.0039,0.00,0.06,0.00,-2.58,1.33,40.19
0.317790,-0.0093,-0.0190,1.0039,0.06,0.06,-0.06,-2.58,1.33,40.19
0.348104,-0.0103,-0.0181,1.0039,0.06,0.06,-0.06,-2.58,1.33,40.19
0.348104,-0.0098,-0.0186,1.0039,0.00,0.06,-0.06,-2.58,1.33,40.19
0.380708,-0.0098,-0.0205,1.0029,0.00,0.00,-0.06,-2.58,1.33,40.19
0.380708,-0.0112,-0.0195,1.0034,0.00,0.00,-0.06,-2.58,1.33,40.19
0.438019,-0.0112,-0.0190,1.0039,0.00,0.00,-0.06,-2.58,1.33,40.19
0.438019,-0.0107,-0.0195,1.0039,-0.06,0.00,-0.06,-2.58,1.33,40.19
0.468192,-0.0107,-0.0190,1.0049,-0.06,0.00,0.00,-2.58,1.33,40.19
0.468192,-0.0103,-0.0195,1.0034,-0.06,0.00,-0.06,-2.58,1.33,40.19
0.497819,-0.0103,-0.0200,1.0029,0.00,-0.06,0.00,-2.58,1.33,40.19
0.497819,-0.0098,-0.0190,1.0039,0.00,0.00,0.00,-2.58,1.33,40.19
0.557836,-0.0093,-0.0186,1.0039,0.00,-0.06,-0.06,-2.58,1.33,40.19
0.557836,-0.0103,-0.0190,1.0044,-0.12,-0.18,0.00,-2.58,1.33,40.19
0.587990,-0.0088,-0.0186,1.0044,-0.24,-0.18,0.00,-2.58,1.33,40.19
0.587990,-0.0093,-0.0195,1.0049,-0.24,-0.24,0.06,-2.58,1.33,40.19
0.617880,-0.0088,-0.0205,1.0039,-0.55,-0.24,0.00,-2.58,1.33,40.19
0.617880,-0.0083,-0.0205,1.0029,-0.37,-0.12,0.00,-2.58,1.33,40.19
0.677785,-0.0093,-0.0200,1.0034,-0.24,0.00,0.00,-2.58,1.33,40.19
0.677785,-0.0083,-0.0190,1.0039,0.00,-0.06,0.00,-2.58,1.33,40.19
0.707885,-0.0083,-0.0190,1.0039,0.00,-0.12,0.00,-2.58,1.33,40.19
0.707885,-0.0088,-0.0200,1.0034,-0.06,0.00,-0.06,-2.58,1.33,40.19
0.737607,-0.0088,-0.0205,1.0034,0.00,-0.06,-0.06,-2.58,1.33,40.19
0.737607,-0.0093,-0.0210,1.0029,0.00,0.00,0.00,-2.58,1.33,40.19
0.797703,-0.0088,-0.0190,1.0044,0.12,0.00,0.00,-2.58,1.33,40.19
0.797703,-0.0093,-0.0186,1.0044,-0.31,0.00,-0.06,-2.58,1.33,40.19
0.827835,-0.0088,-0.0200,1.0039,-0.31,-0.06,-0.06,-2.58,1.33,40.19
0.827835,-0.0088,-0.0215,1.0039,-0.18,0.00,-0.06,-2.58,1.33,40.19
0.857645,-0.0098,-0.0205,1.0039,0.06,0.00,-0.06,-2.58,1.33,40.19
0.857645,-0.0093,-0.0200,1.0044,0.12,0.06,-0.06,-2.59,1.33,40.19
0.917621,-0.0098,-0.0205,1.0039,0.06,0.00,-0.06,-2.59,1.33,40.19
0.917621,-0.0103,-0.0205,1.0039,0.06,0.00,-0.12,-2.59,1.33,40.19
0.947878,-0.0098,-0.0200,1.0034,0.12,0.06,0.00,-2.59,1.33,40.19
0.947878,-0.0103,-0.0200,1.0039,0.12,0.00,0.00,-2.59,1.33,40.19
0.977672,-0.0103,-0.0195,1.0034,0.00,0.00,-0.06,-2.59,1.33,40.19
0.977672,-0.0098,-0.0200,1.0039,-0.18,-0.06,-0.06,-2.59,1.33,40.19
1.037724,-0.0098,-0.0210,1.0034,-0.24,0.00,-0.06,-2.59,1.33,40.19
1.037724,-0.0098,-0.0210,1.0034,0.00,0.00,-0.06,-2.59,1.33,40.19
1.068061,-0.0098,-0.0190,1.0034,0.00,0.00,-0.12,-2.59,1.33,40.19
1.068061,-0.0103,-0.0195,1.0034,0.00,0.00,-0.06,-2.59,1.33,40.19
1.128861,-0.0088,-0.0205,1.0039,0.00,0.00,-0.12,-2.59,1.33,40.19
1.128861,-0.0093,-0.0205,1.0039,0.00,0.00,-0.12,-2.59,1.33,40.19
1.160330,-0.0083,-0.0200,1.0029,0.12,0.00,-0.06,-2.59,1.33,40.19
1.160330,-0.0083,-0.0200,1.0039,0.00,0.00,-0.06,-2.59,1.33,40.19
1.188987,-0.0083,-0.0205,1.0039,-0.06,-0.06,-0.06,-2.59,1.33,40.19
1.188987,-0.0078,-0.0200,1.0034,-0.12,0.00,-0.06,-2.59,1.33,40.19
1.248739,-0.0078,-0.0205,1.0044,0.00,0.00,-0.06,-2.59,1.33,40.19
1.248739,-0.0088,-0.0200,1.0049,0.00,0.00,0.00,-2.59,1.33,40.19
1.280392,-0.0078,-0.0205,1.0034,0.00,0.00,-0.06,-2.59,1.33,40.19
1.280392,-0.0088,-0.0195,1.0044,0.00,0.00,-0.12,-2.59,1.33,40.19
1.310759,-0.0088,-0.0205,1.0034,0.00,0.00,-0.06,-2.59,1.33,40.19
1.310759,-0.0098,-0.0210,1.0039,0.06,0.00,0.00,-2.59,1.33,40.19
1.368784,-0.0107,-0.0195,1.0034,0.00,0.06,-0.06,-2.59,1.33,40.19
1.368784,-0.0103,-0.0195,1.0039,0.00,0.00,-0.06,-2.59,1.33,40.19
1.397758,-0.0098,-0.0200,1.0044,-0.18,0.00,0.00,-2.59,1.33,40.19
1.397758,-0.0093,-0.0200,1.0039,-0.06,0.00,0.00,-2.59,1.33,40.19
1.429315,-0.0098,-0.0210,1.0039,0.00,0.00,0.00,-2.59,1.33,40.19
1.429315,-0.0093,-0.0205,1.0034,0.00,0.00,-0.06,-2.59,1.33,40.19
1.599953,-0.0088,-0.0205,1.0044,0.00,0.00,-0.06,-2.59,1.33,40.19
1.599953,-0.0083,-0.0215,1.0044,0.00,-0.06,0.00,-2.59,1.33,40.19
1.599985,-0.0098,-0.0215,1.0024,0.00,0.00,-0.06,-2.59,1.33,40.19
1.599985,-0.0103,-0.0210,1.0034,0.12,0.06,-0.18,-2.59,1.33,40.19
1.599995,-0.0098,-0.0195,1.0029,0.06,0.00,-0.06,-2.59,1.33,40.19
1.599995,-0.0098,-0.0205,1.0029,0.06,0.00,-0.06,-2.59,1.33,40.19
1.610991,-0.0098,-0.0190,1.0029,0.00,0.00,-0.06,-2.59,1.33,40.19
1.610991,-0.0083,-0.0200,1.0034,0.00,0.00,-0.12,-2.59,1.33,40.19
1.639483,-0.0093,-0.0205,1.0034,0.06,0.00,-0.12,-2.59,1.33,40.19
1.639483,-0.0088,-0.0190,1.0029,0.00,0.00,-0.06,-2.59,1.33,40.19
1.670682,-0.0093,-0.0195,1.0059,0.00,0.00,-0.06,-2.59,1.33,40.19
1.670682,-0.0088,-0.0210,1.0044,0.00,0.00,0.00,-2.59,1.33,40.19
1.727767,-0.0083,-0.0195,1.0049,0.06,0.00,-0.06,-2.59,1.33,40.19
1.727767,-0.0093,-0.0200,1.0034,0.00,0.00,-0.06,-2.59,1.33,40.19
1.758655,-0.0093,-0.0210,1.0034,0.00,0.00,0.00,-2.59,1.33,40.19
1.758655,-0.0088,-0.0205,1.0054,0.00,0.00,-0.06,-2.59,1.33,40.19
1.792618,-0.0093,-0.0205,1.0039,0.00,0.00,-0.12,-2.59,1.33,40.19
1.792618,-0.0088,-0.0200,1.0044,0.06,0.00,-0.12,-2.59,1.33,40.19
1.848597,-0.0098,-0.0205,1.0039,0.00,0.00,-0.06,-2.59,1.33,40.19
1.848597,-0.0088,-0.0200,1.0029,0.00,0.00,-0.06,-2.59,1.33,40.19
1.877685,-0.0093,-0.0205,1.0034,0.06,0.00,0.00,-2.59,1.33,40.19
1.877685,-0.0098,-0.0200,1.0034,0.06,0.06,-0.06,-2.59,1.33,40.19
1.908768,-0.0093,-0.0200,1.0034,0.00,0.06,-0.06,-2.59,1.33,40.19
1.908768,-0.0098,-0.0200,1.0034,0.00,0.00,-0.06,-2.59,1.33,40.19
1.968905,-0.0103,-0.0195,1.0044,0.00,0.00,-0.06,-2.59,1.33,40.19
1.968905,-0.0093,-0.0195,1.0039,0.00,0.00,0.00,-2.59,1.33,40.19
1.997671,-0.0098,-0.0195,1.0039,0.00,0.00,0.00,-2.59,1.33,40.19
1.997671,-0.0093,-0.0200,1.0044,0.00,0.00,-0.06,-2.59,1.33,40.19
2.031463,-0.0098,-0.0200,1.0044,0.06,0.00,-0.06,-2.59,1.33,40.19
2.031463,-0.0098,-0.0200,1.0039,0.06,0.06,-0.06,-2.59,1.33,40.19
2.090017,-0.0088,-0.0200,1.0039,0.00,0.00,-0.12,-2.59,1.33,40.19
2.090017,-0.0098,-0.0205,1.0034,0.06,0.00,-0.06,-2.59,1.33,40.19
2.120489,-0.0093,-0.0195,1.0049,0.12,0.00,0.00,-2.59,1.33,40.19
2.120489,-0.0093,-0.0190,1.0049,0.00,0.00,0.00,-2.59,1.33,40.19
2.148473,-0.0098,-0.0195,1.0034,-0.12,-0.06,0.00,-2.59,1.33,40.19
2.148473,-0.0093,-0.0205,1.0044,-0.31,-0.06,0.00,-2.59,1.33,40.19
2.209011,-0.0088,-0.0205,1.0034,-0.12,0.00,-0.12,-2.59,1.33,40.19
2.209011,-0.0088,-0.0205,1.0034,0.00,0.00,-0.06,-2.59,1.33,40.19
2.237745,-0.0093,-0.0190,1.0034,0.12,-0.06,0.00,-2.59,1.33,40.19
2.237745,-0.0107,-0.0176,1.0029,-0.18,-0.12,0.00,-2.59,1.33,40.19
2.268864,-0.0098,-0.0200,1.0039,-0.06,-0.18,0.00,-2.59,1.33,40.19
2.268864,-0.0103,-0.0190,1.0029,-0.31,-0.18,0.06,-2.59,1.33,40.19
2.328840,-0.0093,-0.0210,1.0015,-0.43,-0.06,0.00,-2.59,1.33,40.19
2.328840,-0.0093,-0.0210,1.0029,-0.55,-0.12,0.00,-2.59,1.33,40.19
2.357753,-0.0098,-0.0200,1.0039,-0.55,-0.06,0.00,-2.59,1.33,40.19
2.357753,-0.0098,-0.0210,1.0029,-0.43,0.00,-0.06,-2.59,1.33,40.19
2.388946,-0.0088,-0.0220,1.0034,-0.06,0.00,-0.12,-2.59,1.33,40.19
2.388946,-0.0083,-0.0215,1.0029,0.06,0.00,0.00,-2.59,1.33,40.19
2.448853,-0.0078,-0.0215,1.0034,0.49,0.06,-0.06,-2.59,1.33,40.19
2.448853,-0.0093,-0.0186,1.0034,0.61,0.12,0.00,-2.60,1.33,40.19
2.477769,-0.0127,-0.0190,1.0029,0.37,0.18,0.00,-2.60,1.33,40.19
2.477769,-0.0049,-0.0220,1.0098,0.12,0.00,0.06,-2.60,1.33,40.19
2.538585,-0.0107,-0.0190,1.0063,-0.18,-0.12,0.00,-2.60,1.33,40.19
2.538585,-0.0088,-0.0195,1.0083,-0.43,0.24,0.00,-2.60,1.32,40.19
2.567932,-0.0054,-0.0190,1.0000,-0.61,-0.49,-0.18,-2.60,1.32,40.19
2.567932,-0.0127,-0.0249,1.0068,-0.18,0.12,0.00,-2.60,1.32,40.19
2.598372,-0.0073,-0.0181,1.0034,-0.37,0.00,-0.06,-2.60,1.32,40.19
2.598372,-0.0093,-0.0254,1.0059,0.06,-0.24,0.00,-2.60,1.32,40.19
2.657668,-0.0083,-0.0225,1.0029,0.00,0.06,0.00,-2.60,1.32,40.19
2.657668,-0.0078,-0.0225,1.0049,0.37,0.06,-0.06,-2.60,1.32,40.19
2.688779,-0.0107,-0.0200,1.0068,0.61,0.12,0.00,-2.60,1.32,40.19
2.688779,-0.0103,-0.0190,1.0054,0.12,-0.18,0.06,-2.60,1.32,40.19
2.717631,-0.0083,-0.0205,1.0039,-0.31,0.00,0.00,-2.60,1.32,40.19
2.717631,-0.0093,-0.0190,1.0010,-0.61,-0.37,-0.12,-2.60,1.32,40.19
2.778527,-0.0103,-0.0234,1.0068,-0.12,0.00,0.06,-2.60,1.32,40.19
2.778527,-0.0078,-0.0190,1.0024,-0.12,0.00,0.00,-2.60,1.32,40.19
2.821776,-0.0093,-0.0210,1.0039,-0.24,-0.12,-0.06,-2.60,1.32,40.19
2.821776,-0.0098,-0.0195,1.0039,0.00,0.00,0.00,-2.60,1.32,40.19
2.837714,-0.0093,-0.0215,1.0034,0.00,0.00,0.00,-2.60,1.32,40.19
2.837714,-0.0088,-0.0210,1.0044,0.67,0.00,-0.06,-2.60,1.32,40.19
2.898511,-0.0093,-0.0195,1.0039,0.12,0.00,-0.06,-2.60,1.32,40.19
2.898511,-0.0088,-0.0205,1.0049,0.00,0.00,-0.06,-2.60,1.32,40.19
2.927903,-0.0088,-0.0200,1.0054,-0.37,0.00,-0.06,-2.60,1.32,40.19
2.927903,-0.0088,-0.0229,1.0039,-0.12,0.00,-0.06,-2.60,1.32,40.19
2.958368,-0.0078,-0.0210,1.0059,-0.12,0.00,0.00,-2.60,1.32,40.19
2.958368,-0.0088,-0.0210,1.0039,-0.24,-0.06,-0.06,-2.60,1.32,40.19
3.020730,-0.0088,-0.0205,1.0049,-0.12,0.00,-0.06,-2.60,1.32,40.19
3.020730,-0.0083,-0.0225,1.0044,-0.06,0.00,-0.12,-2.60,1.32,40.19
3.048172,-0.0078,-0.0205,1.0039,0.31,0.06,0.00,-2.60,1.32,40.19
3.048172,-0.0083,-0.0200,1.0029,0.18,0.06,-0.06,-2.60,1.32,40.19
3.080319,-0.0088,-0.0200,1.0039,0.00,0.00,-0.06,-2.60,1.32,40.19
3.080319,-0.0083,-0.0205,1.0034,-0.12,0.00,-0.06,-2.60,1.32,40.19
3.138529,-0.0088,-0.0210,1.0044,-0.06,0.00,0.00,-2.60,1.32,40.19
3.138529,-0.0088,-0.0210,1.0034,0.00,0.06,-0.06,-2.60,1.32,40.19
3.168002,-0.0083,-0.0205,1.0034,-0.12,0.00,-0.06,-2.60,1.32,40.19
3.168002,-0.0088,-0.0210,1.0039,-0.12,0.00,-0.06,-2.60,1.32,40.19
3.198393,-0.0083,-0.0210,1.0044,-0.12,0.00,0.00,-2.60,1.32,40.19
3.198393,-0.0078,-0.0220,1.0039,0.00,0.00,-0.06,-2.60,1.32,40.19
3.258362,-0.0093,-0.0215,1.0039,0.00,0.06,-0.06,-2.60,1.32,40.19
3.258362,-0.0083,-0.0210,1.0039,-0.06,0.00,-0.06,-2.60,1.32,40.19
3.288641,-0.0088,-0.0210,1.0054,-0.12,0.00,-0.06,-2.60,1.32,40.19
3.288641,-0.0093,-0.0229,1.0044,-0.06,0.00,-0.06,-2.61,1.32,40.19
3.317606,-0.0093,-0.0215,1.0054,0.00,0.00,-0.06,-2.61,1.32,40.19
3.317606,-0.0093,-0.0225,1.0044,0.00,0.00,-0.06,-2.61,1.32,40.19
3.378481,-0.0088,-0.0215,1.0029,0.00,0.00,-0.06,-2.61,1.32,40.19
3.378481,-0.0093,-0.0215,1.0039,0.06,0.00,0.00,-2.61,1.32,40.19
3.408799,-0.0093,-0.0215,1.0029,0.06,0.00,-0.06,-2.61,1.32,40.19
3.408799,-0.0088,-0.0200,1.0029,0.06,0.00,-0.06,-2.61,1.32,40.19
3.438211,-0.0088,-0.0200,1.0034,0.00,0.00,-0.06,-2.61,1.32,40.19
3.438211,-0.0088,-0.0195,1.0034,0.00,0.00,-0.06,-2.61,1.32,40.19
3.498395,-0.0093,-0.0205,1.0024,0.00,0.00,-0.06,-2.61,1.32,40.19
3.498395,-0.0088,-0.0210,1.0029,-0.06,0.00,0.00,-2.61,1.32,40.19
3.530504,-0.0088,-0.0205,1.0044,-0.06,0.00,-0.06,-2.61,1.32,40.19
3.530504,-0.0093,-0.0215,1.0054,0.00,0.00,-0.12,-2.61,1.32,40.19
3.560290,-0.0088,-0.0210,1.0049,0.00,0.00,-0.06,-2.61,1.32,40.19
3.560290,-0.0083,-0.0210,1.0044,0.00,0.00,-0.06,-2.61,1.32,40.19
3.620359,-0.0083,-0.0215,1.0039,0.06,0.00,0.00,-2.61,1.32,40.19
3.620359,-0.0083,-0.0205,1.0034,0.06,0.00,0.00,-2.61,1.32,40.19
3.650704,-0.0078,-0.0210,1.0039,-0.06,0.00,-0.06,-2.61,1.32,40.19
3.650704,-0.0083,-0.0205,1.0054,0.00,0.00,-0.06,-2.61,1.32,40.19
3.678921,-0.0078,-0.0200,1.0034,-0.06,0.00,0.00,-2.61,1.32,40.19
3.678921,-0.0078,-0.0210,1.0034,0.00,0.00,-0.06,-2.61,1.32,40.19
3.738703,-0.0083,-0.0205,1.0039,-0.06,0.00,0.00,-2.61,1.32,40.19
3.738703,-0.0083,-0.0210,1.0029,0.00,0.00,0.00,-2.61,1.32,40.19
3.768050,-0.0078,-0.0215,1.0039,0.00,0.00,-0.06,-2.61,1.32,40.19
3.768050,-0.0093,-0.0210,1.0034,0.00,0.00,-0.06,-2.61,1.32,40.19
3.805278,-0.0083,-0.0210,1.0034,0.00,0.00,-0.06,-2.61,1.32,40.19
3.805278,-0.0088,-0.0210,1.0034,0.00,0.00,-0.06,-2.61,1.32,40.19
3.858388,-0.0088,-0.0210,1.0049,0.00,0.00,0.00,-2.61,1.32,40.18
3.858388,-0.0088,-0.0215,1.0039,0.00,0.00,-0.06,-2.61,1.32,40.18
3.889067,-0.0088,-0.0210,1.0039,0.00,0.00,-0.12,-2.61,1.32,40.18
3.889067,-0.0093,-0.0210,1.0044,0.00,0.00,-0.06,-2.61,1.32,40.18
3.947957,-0.0093,-0.0215,1.0044,0.00,0.00,0.00,-2.61,1.32,40.18
3.947957,-0.0098,-0.0220,1.0049,0.00,0.00,0.00,-2.61,1.32,40.18
3.978803,-0.0088,-0.0210,1.0029,0.00,0.00,0.00,-2.61,1.32,40.18
3.978803,-0.0093,-0.0215,1.0034,0.00,0.00,-0.06,-2.61,1.32,40.18
4.007779,-0.0088,-0.0210,1.0034,0.00,0.00,-0.06,-2.61,1.32,40.18
4.007779,-0.0083,-0.0215,1.0029,0.00,0.00,-0.06,-2.61,1.32,40.18
4.068751,-0.0078,-0.0210,1.0034,0.00,0.00,-0.06,-2.61,1.32,40.18
4.068751,-0.0083,-0.0205,1.0029,0.00,0.00,-0.06,-2.62,1.32,40.18
4.098810,-0.0083,-0.0200,1.0034,0.00,0.00,-0.06,-2.62,1.31,40.18
4.098810,-0.0088,-0.0200,1.0034,-0.06,0.00,0.00,-2.62,1.31,40.18
4.132077,-0.0083,-0.0215,1.0039,-0.06,0.00,0.00,-2.62,1.31,40.18
4.132077,-0.0083,-0.0205,1.0039,0.00,0.00,-0.06,-2.62,1.31,40.18
4.188535,-0.0083,-0.0215,1.0024,0.00,0.00,-0.06,-2.62,1.31,40.18
4.188535,-0.0088,-0.0210,1.0039,0.00,0.00,0.00,-2.62,1.31,40.18
4.224260,-0.0083,-0.0220,1.0044,0.00,0.00,-0.12,-2.62,1.31,40.18
4.224260,-0.0078,-0.0215,1.0039,0.00,0.00,0.00,-2.62,1.31,40.18
4.255030,-0.0083,-0.0215,1.0049,0.00,0.00,0.00,-2.62,1.31,40.18
4.255030,-0.0078,-0.0210,1.0044,0.00,0.00,-0.06,-2.62,1.31,40.18
4.308091,-0.0088,-0.0210,1.0034,0.00,0.00,0.00,-2.62,1.31,40.18
4.308091,-0.0083,-0.0210,1.0044,0.00,0.00,-0.06,-2.62,1.31,40.18
4.337743,-0.0078,-0.0210,1.0029,0.00,0.00,-0.06,-2.62,1.31,40.18
4.337743,-0.0078,-0.0205,1.0029,0.00,0.00,-0.06,-2.62,1.31,40.18
4.369598,-0.0088,-0.0215,1.0039,0.00,0.00,0.00,-2.62,1.31,40.18
4.369598,-0.0088,-0.0210,1.0034,0.00,0.00,-0.12,-2.62,1.31,40.18
4.428157,-0.0093,-0.0205,1.0039,0.00,0.00,-0.06,-2.62,1.31,40.18
4.428157,-0.0088,-0.0200,1.0039,0.00,0.00,0.00,-2.62,1.31,40.18
4.457807,-0.0093,-0.0210,1.0029,0.00,0.00,-0.06,-2.62,1.31,40.18
4.457807,-0.0088,-0.0210,1.0029,0.00,0.00,-0.06,-2.62,1.31,40.18
4.487874,-0.0093,-0.0215,1.0039,0.00,0.00,0.00,-2.62,1.31,40.18
4.487874,-0.0088,-0.0210,1.0029,0.00,0.00,-0.06,-2.63,1.31,40.18
4.548693,-0.0083,-0.0210,1.0034,-0.06,0.00,-0.06,-2.63,1.31,40.18
4.548693,-0.0088,-0.0215,1.0039,0.00,0.00,-0.06,-2.63,1.31,40.18
4.577601,-0.0093,-0.0210,1.0034,0.00,0.00,-0.06,-2.63,1.31,40.18
4.577601,-0.0083,-0.0215,1.0034,0.00,0.00,-0.06,-2.63,1.31,40.18
4.608210,-0.0098,-0.0215,1.0044,0.00,0.00,0.00,-2.63,1.31,40.18
4.608210,-0.0098,-0.0215,1.0039,0.00,0.00,-0.06,-2.63,1.31,40.18
4.667882,-0.0083,-0.0215,1.0049,0.00,0.00,-0.06,-2.63,1.31,40.18
4.667882,-0.0088,-0.0215,1.0034,0.00,0.00,-0.06,-2.63,1.31,40.18
4.697548,-0.0078,-0.0210,1.0044,0.00,0.00,-0.06,-2.63,1.31,40.18
4.697548,-0.0088,-0.0210,1.0034,0.00,0.00,-0.06,-2.63,1.31,40.18
4.727908,-0.0083,-0.0205,1.0039,0.00,0.00,-0.12,-2.63,1.31,40.18
4.727908,-0.0083,-0.0205,1.0029,0.00,0.00,-0.12,-2.63,1.31,40.18
4.788001,-0.0083,-0.0210,1.0039,0.00,0.00,-0.06,-2.63,1.31,40.18
4.788001,-0.0083,-0.0210,1.0034,0.00,0.00,-0.06,-2.63,1.31,40.18
4.817511,-0.0083,-0.0210,1.0039,0.00,0.00,-0.06,-2.63,1.31,40.18
4.817511,-0.0083,-0.0215,1.0034,0.00,0.00,-0.06,-2.63,1.31,40.18
4.850797,-0.0088,-0.0215,1.0034,0.00,0.00,-0.06,-2.63,1.31,40.18
4.850797,-0.0088,-0.0215,1.0034,0.00,0.00,0.00,-2.63,1.31,40.18
4.908230,-0.0098,-0.0220,1.0029,0.00,0.00,-0.06,-2.63,1.31,40.18
4.908230,-0.0078,-0.0215,1.0039,0.00,0.00,-0.06,-2.63,1.31,40.18
4.938815,-0.0088,-0.0210,1.0034,0.00,0.00,-0.06,-2.63,1.31,40.18
4.938815,-0.0093,-0.0210,1.0039,0.00,0.00,0.00,-2.63,1.31,40.18
4.969055,-0.0093,-0.0215,1.0029,0.00,0.00,0.00,-2.63,1.31,40.18
4.969055,-0.0088,-0.0215,1.0029,0.00,0.00,-0.06,-2.63,1.31,40.18
5.028017,-0.0088,-0.0210,1.0034,0.00,0.00,0.00,-2.63,1.31,40.18
5.028017,-0.0098,-0.0215,1.0039,0.00,0.00,0.00,-2.63,1.31,40.18
5.057681,-0.0093,-0.0210,1.0029,0.00,0.00,-0.06,-2.63,1.31,40.18
5.057681,-0.0083,-0.0220,1.0034,0.00,0.00,-0.06,-2.63,1.31,40.18
5.088031,-0.0083,-0.0215,1.0054,0.00,-0.06,-0.06,-2.63,1.31,40.18
5.088031,-0.0093,-0.0210,1.0029,0.00,0.00,0.00,-2.63,1.31,40.18
5.149447,-0.0088,-0.0210,1.0039,0.00,0.00,-0.06,-2.63,1.31,40.18
5.149447,-0.0083,-0.0220,1.0039,0.00,0.00,0.00,-2.63,1.31,40.18
5.177933,-0.0078,-0.0220,1.0039,0.00,0.00,-0.06,-2.63,1.31,40.18
5.177933,-0.0088,-0.0205,1.0039,0.00,0.00,-0.06,-2.63,1.31,40.18
5.208045,-0.0088,-0.0210,1.0034,0.00,0.00,-0.06,-2.63,1.31,40.18
5.208045,-0.0078,-0.0215,1.0054,0.00,0.00,-0.06,-2.63,1.31,40.18
5.267977,-0.0088,-0.0210,1.0044,0.00,0.00,-0.06,-2.63,1.31,40.18
5.267977,-0.0088,-0.0215,1.0029,0.00,0.00,-0.12,-2.64,1.31,40.18
5.298666,-0.0083,-0.0210,1.0029,0.00,0.00,-0.06,-2.64,1.31,40.18
5.298666,-0.0088,-0.0210,1.0024,0.00,0.00,0.00,-2.64,1.31,40.18
5.357760,-0.0083,-0.0210,1.0029,0.00,0.00,0.00,-2.64,1.31,40.18
5.357760,-0.0083,-0.0210,1.0029,0.00,0.00,-0.06,-2.64,1.31,40.18
5.388016,-0.0083,-0.0210,1.0034,0.00,0.00,-0.06,-2.64,1.31,40.18
5.388016,-0.0093,-0.0215,1.0034,0.00,0.00,-0.06,-2.64,1.31,40.18
5.417680,-0.0093,-0.0205,1.0034,0.00,0.00,0.00,-2.64,1.31,40.18
5.417680,-0.0098,-0.0215,1.0044,0.00,0.06,-0.06,-2.64,1.31,40.18
5.477818,-0.0093,-0.0210,1.0039,0.00,0.00,0.00,-2.64,1.31,40.18
5.477818,-0.0088,-0.0215,1.0039,0.00,0.00,-0.06,-2.64,1.31,40.18
5.507880,-0.0093,-0.0215,1.0044,0.00,0.00,0.00,-2.64,1.31,40.18
5.507880,-0.0083,-0.0210,1.0039,0.00,0.00,-0.06,-2.64,1.31,40.18
5.538216,-0.0093,-0.0215,1.0049,0.00,0.00,-0.12,-2.64,1.31,40.18
5.538216,-0.0098,-0.0210,1.0034,0.00,0.00,-0.06,-2.64,1.31,40.18
5.598714,-0.0098,-0.0210,1.0034,0.00,0.00,0.00,-2.64,1.31,40.18
5.598714,-0.0098,-0.0210,1.0034,0.00,0.00,-0.12,-2.64,1.31,40.18
5.629053,-0.0098,-0.0215,1.0034,0.00,0.00,-0.06,-2.64,1.31,40.18
5.629053,-0.0093,-0.0210,1.0029,0.00,0.00,0.00,-2.64,1.31,40.18
5.659138,-0.0098,-0.0220,1.0034,0.00,0.00,-0.06,-2.64,1.31,40.18
5.659138,-0.0083,-0.0220,1.0029,0.00,0.00,-0.06,-2.64,1.31,40.18
5.719215,-0.0093,-0.0215,1.0039,0.00,0.00,-0.06,-2.64,1.31,40.18
5.719215,-0.0078,-0.0210,1.0049,0.00,0.00,0.00,-2.64,1.31,40.18
5.748111,-0.0083,-0.0215,1.0029,0.00,0.00,-0.06,-2.64,1.31,40.18
5.748111,-0.0088,-0.0215,1.0034,0.00,-0.06,0.00,-2.64,1.31,40.18
5.778128,-0.0088,-0.0215,1.0034,0.00,0.00,0.00,-2.64,1.31,40.18
5.778128,-0.0088,-0.0220,1.0039,0.00,0.00,-0.06,-2.64,1.31,40.18
5.838228,-0.0083,-0.0215,1.0034,0.00,0.06,-0.06,-2.64,1.31,40.18
5.838228,-0.0083,-0.0215,1.0044,0.00,0.00,-0.06,-2.64,1.31,40.18
5.880166,-0.0078,-0.0215,1.0029,0.00,0.00,-0.06,-2.64,1.31,40.18
5.880166,-0.0078,-0.0205,1.0039,0.00,0.00,-0.06,-2.64,1.31,40.18
5.898017,-0.0083,-0.0210,1.0039,0.00,0.00,-0.12,-2.64,1.31,40.18
5.898017,-0.0093,-0.0215,1.0029,0.00,0.00,0.00,-2.64,1.31,40.18
5.958176,-0.0083,-0.0215,1.0034,0.00,0.00,-0.06,-2.64,1.31,40.18
5.958176,-0.0088,-0.0215,1.0039,0.00,0.00,-0.06,-2.64,1.31,40.18
5.987757,-0.0083,-0.0210,1.0029,-0.06,0.00,0.00,-2.64,1.31,40.18
5.987757,-0.0083,-0.0215,1.0034,0.00,0.00,0.00,-2.64,1.31,40.18
6.021981,-0.0088,-0.0210,1.0034,0.00,0.00,-0.06,-2.64,1.31,40.18
6.021981,-0.0098,-0.0210,1.0039,0.00,0.00,-0.06,-2.64,1.30,40.18
6.078126,-0.0083,-0.0205,1.0029,0.00,0.00,-0.06,-2.64,1.30,40.18
6.078126,-0.0098,-0.0215,1.0039,-0.06,0.00,-0.06,-2.64,1.30,40.18
6.108556,-0.0088,-0.0210,1.0039,0.00,0.00,-0.06,-2.64,1.30,40.18
6.108556,-0.0093,-0.0210,1.0034,0.00,0.00,0.00,-2.64,1.30,40.18
6.138121,-0.0093,-0.0215,1.0034,0.00,0.00,0.00,-2.64,1.30,40.17
6.138121,-0.0093,-0.0215,1.0034,0.00,0.00,0.00,-2.64,1.31,40.17
6.198092,-0.0088,-0.0210,1.0039,0.00,0.00,0.00,-2.64,1.31,40.17
6.198092,-0.0088,-0.0215,1.0029,0.00,0.00,0.00,-2.64,1.31,40.17
6.228104,-0.0088,-0.0215,1.0034,0.00,0.00,-0.06,-2.64,1.31,40.17
6.228104,-0.0093,-0.0210,1.0039,0.00,0.00,-0.06,-2.65,1.31,40.17
6.258129,-0.0083,-0.0210,1.0034,0.00,0.00,-0.06,-2.65,1.31,40.17
6.258129,-0.0088,-0.0210,1.0034,0.00,0.00,0.00,-2.65,1.31,40.17
6.318077,-0.0093,-0.0215,1.0039,0.00,0.06,0.00,-2.65,1.31,40.17
6.318077,-0.0083,-0.0210,1.0039,0.00,0.00,0.00,-2.65,1.31,40.17
6.347902,-0.0083,-0.0215,1.0044,0.00,0.00,0.00,-2.65,1.31,40.17
6.347902,-0.0083,-0.0210,1.0034,0.00,0.00,-0.06,-2.65,1.30,40.17
6.378130,-0.0083,-0.0220,1.0039,0.00,0.00,-0.06,-2.65,1.30,40.17
6.378130,-0.0083,-0.0215,1.0034,0.00,0.00,0.00,-2.65,1.30,40.17
6.438234,-0.0083,-0.0215,1.0044,0.00,0.00,-0.06,-2.65,1.30,40.17
6.438234,-0.0083,-0.0210,1.0039,0.00,0.00,0.00,-2.65,1.30,40.17
6.468154,-0.0088,-0.0215,1.0039,0.00,0.00,-0.06,-2.65,1.30,40.17
6.468154,-0.0083,-0.0215,1.0034,0.00,0.00,0.00,-2.65,1.30,40.17
6.498135,-0.0078,-0.0220,1.0034,0.00,0.00,-0.06,-2.65,1.30,40.17
6.498135,-0.0083,-0.0215,1.0034,0.00,0.00,-0.06,-2.65,1.30,40.17
6.558126,-0.0093,-0.0220,1.0039,0.00,0.00,0.00,-2.65,1.30,40.17
6.558126,-0.0088,-0.0205,1.0034,0.00,0.00,-0.06,-2.65,1.30,40.17
6.587641,-0.0093,-0.0220,1.0029,0.00,0.00,-0.12,-2.65,1.30,40.17
6.587641,-0.0088,-0.0210,1.0034,0.00,0.00,0.00,-2.65,1.30,40.17
6.617878,-0.0093,-0.0220,1.0039,0.00,0.00,-0.06,-2.65,1.30,40.17
6.617878,-0.0083,-0.0205,1.0039,0.00,0.00,0.00,-2.65,1.30,40.17
6.707846,-0.0093,-0.0205,1.0029,0.00,0.00,-0.06,-2.65,1.30,40.17
6.707846,-0.0083,-0.0210,1.0034,0.00,0.00,-0.06,-2.65,1.30,40.17
6.709476,-0.0098,-0.0215,1.0039,0.00,0.00,0.00,-2.65,1.30,40.17
6.709476,-0.0088,-0.0210,1.0029,0.00,0.00,0.00,-2.65,1.30,40.17
6.769273,-0.0088,-0.0215,1.0029,0.00,0.00,0.00,-2.65,1.30,40.17
6.769273,-0.0088,-0.0210,1.0034,0.00,0.00,-0.06,-2.65,1.30,40.17
6.797927,-0.0088,-0.0210,1.0034,0.00,0.00,-0.06,-2.65,1.30,40.17
6.797927,-0.0088,-0.0205,1.0029,0.00,0.00,-0.12,-2.65,1.30,40.17
6.827944,-0.0088,-0.0210,1.0024,0.00,0.00,0.00,-2.65,1.30,40.17
6.827944,-0.0083,-0.0210,1.0024,0.00,0.00,-0.06,-2.65,1.30,40.17
6.887900,-0.0093,-0.0205,1.0020,0.00,0.00,-0.06,-2.65,1.30,40.17
6.887900,-0.0088,-0.0220,1.0029,0.00,0.00,-0.12,-2.65,1.30,40.17
6.928904,-0.0078,-0.0215,1.0034,0.00,0.00,-0.06,-2.65,1.30,40.17
6.928904,-0.0083,-0.0210,1.0029,0.00,0.00,-0.06,-2.65,1.30,40.17
6.947810,-0.0083,-0.0210,1.0039,0.00,0.00,0.00,-2.65,1.30,40.17
6.947810,-0.0098,-0.0205,1.0034,0.00,0.00,0.00,-2.65,1.30,40.17
7.007719,-0.0088,-0.0215,1.0020,0.00,0.00,-0.06,-2.65,1.30,40.17
7.007719,-0.0088,-0.0220,1.0029,0.00,0.00,-0.06,-2.65,1.30,40.17
7.038226,-0.0088,-0.0215,1.0029,0.00,0.00,-0.06,-2.65,1.30,40.17
7.038226,-0.0088,-0.0215,1.0029,0.00,0.00,-0.12,-2.65,1.30,40.17
7.069016,-0.0093,-0.0220,1.0024,0.00,0.00,0.00,-2.65,1.30,40.17
7.069016,-0.0083,-0.0215,1.0034,0.00,0.00,-0.06,-2.65,1.30,40.17
7.127855,-0.0093,-0.0205,1.0034,0.00,0.00,-0.06,-2.65,1.30,40.17
7.127855,-0.0078,-0.0205,1.0034,0.00,0.00,-0.06,-2.65,1.30,40.17
7.158317,-0.0093,-0.0210,1.0029,0.00,0.00,-0.12,-2.65,1.30,40.17
7.158317,-0.0088,-0.0215,1.0029,0.00,0.00,-0.06,-2.65,1.30,40.17
7.188609,-0.0093,-0.0215,1.0034,0.00,0.00,-0.06,-2.65,1.30,40.17
7.188609,-0.0083,-0.0210,1.0029,0.00,0.00,-0.12,-2.65,1.30,40.17
7.247841,-0.0088,-0.0215,1.0034,0.00,0.00,-0.12,-2.65,1.30,40.17
7.247841,-0.0083,-0.0215,1.0024,0.00,0.00,-0.12,-2.65,1.30,40.17
7.278124,-0.0083,-0.0210,1.0029,0.00,0.00,0.00,-2.65,1.30,40.17
7.278124,-0.0083,-0.0215,1.0034,0.00,0.00,-0.12,-2.65,1.30,40.17
7.311069,-0.0088,-0.0215,1.0029,0.00,0.00,-0.06,-2.65,1.30,40.17
7.311069,-0.0083,-0.0215,1.0034,0.00,0.00,-0.06,-2.65,1.30,40.17
7.367890,-0.0088,-0.0215,1.0024,0.00,0.00,-0.06,-2.65,1.30,40.17
7.367890,-0.0093,-0.0215,1.0044,0.00,0.00,0.00,-2.65,1.30,40.17
7.398601,-0.0088,-0.0220,1.0024,0.00,0.00,0.00,-2.65,1.30,40.17
7.398601,-0.0088,-0.0210,1.0044,0.00,0.06,-0.06,-2.65,1.30,40.17
7.427827,-0.0083,-0.0210,1.0029,0.00,0.00,-0.06,-2.65,1.30,40.17
7.427827,-0.0083,-0.0210,1.0029,0.00,0.00,-0.06,-2.65,1.30,40.17
7.488537,-0.0088,-0.0215,1.0029,0.00,0.00,-0.12,-2.65,1.30,40.17
7.488537,-0.0088,-0.0215,1.0029,0.00,0.00,-0.06,-2.65,1.30,40.17
7.517955,-0.0093,-0.0215,1.0029,0.00,0.00,0.00,-2.65,1.30,40.17
7.517955,-0.0083,-0.0215,1.0029,0.00,0.00,-0.06,-2.65,1.30,40.17
7.547807,-0.0098,-0.0210,1.0029,0.00,0.00,0.00,-2.65,1.30,40.17
7.547807,-0.0083,-0.0210,1.0024,0.00,0.00,0.00,-2.65,1.30,40.17
7.607931,-0.0088,-0.0220,1.0020,0.00,0.00,-0.06,-2.65,1.30,40.17
7.607931,-0.0083,-0.0220,1.0039,0.00,0.00,-0.06,-2.66,1.30,40.17
7.637888,-0.0083,-0.0215,1.0034,0.00,0.00,-0.06,-2.66,1.30,40.17
7.637888,-0.0088,-0.0215,1.0044,0.00,0.00,-0.06,-2.66,1.30,40.17
7.668850,-0.0098,-0.0210,1.0039,0.00,0.00,0.00,-2.66,1.30,40.17
7.668850,-0.0083,-0.0210,1.0039,0.00,0.00,0.00,-2.66,1.30,40.17
7.727897,-0.0093,-0.0210,1.0044,0.00,0.00,-0.06,-2.66,1.30,40.17
7.727897,-0.0083,-0.0210,1.0039,0.00,0.00,-0.06,-2.66,1.30,40.17
7.757934,-0.0083,-0.0205,1.0039,0.00,0.06,-0.06,-2.66,1.30,40.17
7.757934,-0.0098,-0.0215,1.0029,0.00,0.00,-0.06,-2.66,1.30,40.17
7.787844,-0.0083,-0.0220,1.0034,0.00,0.00,-0.06,-2.66,1.30,40.17
7.787844,-0.0088,-0.0215,1.0029,0.00,0.00,-0.06,-2.66,1.30,40.17
7.847914,-0.0093,-0.0215,1.0039,0.00,0.00,-0.06,-2.66,1.30,40.17
7.847914,-0.0083,-0.0215,1.0029,0.00,0.00,-0.06,-2.66,1.30,40.17
7.878164,-0.0088,-0.0215,1.0039,0.00,0.00,0.00,-2.66,1.30,40.17
7.878164,-0.0088,-0.0215,1.0034,0.00,0.00,0.00,-2.66,1.30,40.17
7.907911,-0.0098,-0.0210,1.0034,0.00,0.00,-0.06,-2.66,1.30,40.17
7.907911,-0.0088,-0.0220,1.0044,0.00,0.06,0.00,-2.66,1.30,40.17
7.967809,-0.0093,-0.0210,1.0044,0.00,0.00,-0.06,-2.66,1.30,40.17
7.967809,-0.0098,-0.0210,1.0034,0.00,0.00,0.00,-2.66,1.30,40.17
7.997928,-0.0088,-0.0210,1.0039,0.00,0.00,-0.06,-2.66,1.30,40.17
7.997928,-0.0093,-0.0215,1.0034,0.00,0.00,-0.06,-2.66,1.30,40.17
8.028867,-0.0083,-0.0210,1.0039,0.00,0.00,-0.06,-2.66,1.30,40.17
8.028867,-0.0078,-0.0205,1.0029,0.00,0.06,-0.06,-2.66,1.30,40.17
8.087884,-0.0093,-0.0220,1.0034,0.00,0.00,-0.12,-2.66,1.30,40.17
8.087884,-0.0083,-0.0215,1.0034,0.00,0.00,-0.06,-2.66,1.30,40.17
8.118445,-0.0083,-0.0215,1.0034,0.00,0.00,-0.12,-2.66,1.30,40.17
8.118445,-0.0098,-0.0215,1.0029,0.00,0.00,-0.06,-2.66,1.30,40.17
8.179449,-0.0088,-0.0210,1.0024,0.00,0.00,-0.06,-2.66,1.30,40.17
8.179449,-0.0083,-0.0220,1.0039,0.00,0.00,0.00,-2.66,1.30,40.17
8.208828,-0.0093,-0.0215,1.0029,0.00,0.00,0.00,-2.66,1.30,40.17
8.208828,-0.0093,-0.0210,1.0039,0.00,0.00,0.00,-2.66,1.30,40.17
8.238159,-0.0088,-0.0220,1.0034,0.00,0.00,0.00,-2.66,1.30,40.17
8.238159,-0.0083,-0.0220,1.0034,0.00,0.00,-0.06,-2.66,1.30,40.17
8.298272,-0.0093,-0.0210,1.0024,0.00,0.00,0.00,-2.66,1.30,40.17
8.298272,-0.0093,-0.0210,1.0034,0.00,0.00,0.00,-2.66,1.30,40.17
8.327900,-0.0093,-0.0215,1.0034,0.00,0.00,-0.12,-2.66,1.30,40.17
8.327900,-0.0088,-0.0215,1.0039,0.00,0.00,-0.12,-2.66,1.30,40.17
8.358203,-0.0083,-0.0215,1.0034,-0.06,0.00,-0.06,-2.66,1.30,40.17
8.358203,-0.0093,-0.0220,1.0029,0.00,0.00,-0.06,-2.66,1.30,40.17
8.418172,-0.0093,-0.0210,1.0049,0.00,0.00,-0.06,-2.66,1.30,40.17
8.418172,-0.0083,-0.0215,1.0044,0.00,0.00,-0.06,-2.66,1.30,40.17
8.447911,-0.0088,-0.0215,1.0034,0.00,0.00,0.00,-2.66,1.30,40.17
8.447911,-0.0088,-0.0215,1.0024,0.00,0.00,0.00,-2.66,1.30,40.17
8.478269,-0.0093,-0.0210,1.0034,0.00,0.00,0.00,-2.66,1.30,40.17
8.478269,-0.0083,-0.0210,1.0039,0.00,0.00,-0.06,-2.66,1.30,40.17
8.538190,-0.0088,-0.0200,1.0034,0.00,0.00,-0.06,-2.66,1.30,40.17
8.538190,-0.0083,-0.0210,1.0034,0.00,0.00,-0.06,-2.66,1.30,40.17
8.567931,-0.0093,-0.0210,1.0029,0.00,0.00,-0.12,-2.66,1.30,40.17
8.567931,-0.0088,-0.0205,1.0034,0.00,0.00,0.00,-2.66,1.30,40.17
8.597953,-0.0078,-0.0205,1.0044,0.00,0.00,-0.06,-2.66,1.30,40.17
8.597953,-0.0093,-0.0215,1.0039,0.00,0.00,0.00,-2.66,1.30,40.17
8.658245,-0.0083,-0.0225,1.0034,0.00,0.00,-0.12,-2.66,1.30,40.17
8.658245,-0.0088,-0.0220,1.0034,0.00,0.00,0.00,-2.66,1.30,40.17
8.688958,-0.0088,-0.0215,1.0029,0.00,0.00,-0.06,-2.66,1.30,40.17
8.688958,-0.0088,-0.0215,1.0039,0.00,0.00,-0.06,-2.66,1.30,40.17
8.718240,-0.0093,-0.0210,1.0039,0.00,0.00,-0.06,-2.66,1.30,40.17
8.718240,-0.0088,-0.0220,1.0044,0.00,0.00,0.00,-2.66,1.30,40.17
8.778260,-0.0083,-0.0210,1.0034,0.00,0.00,-0.06,-2.66,1.30,40.17
8.778260,-0.0088,-0.0210,1.0049,-0.06,0.00,-0.06,-2.66,1.30,40.17
8.807727,-0.0093,-0.0215,1.0044,0.00,0.00,-0.06,-2.66,1.30,40.17
8.807727,-0.0073,-0.0215,1.0049,-0.06,0.00,-0.06,-2.66,1.30,40.17
8.838161,-0.0083,-0.0229,1.0034,-0.06,0.00,-0.06,-2.66,1.30,40.17
8.838161,-0.0093,-0.0215,1.0044,0.00,0.00,-0.06,-2.66,1.30,40.17
8.898615,-0.0088,-0.0215,1.0034,0.00,0.00,-0.06,-2.66,1.30,40.17
8.898615,-0.0083,-0.0220,1.0034,0.00,0.00,-0.06,-2.66,1.30,40.17
8.927857,-0.0088,-0.0210,1.0024,0.06,0.00,-0.06,-2.66,1.30,40.17
8.927857,-0.0088,-0.0210,1.0034,0.00,0.00,-0.06,-2.66,1.30,40.17
8.971284,-0.0093,-0.0220,1.0034,0.00,0.00,-0.06,-2.66,1.30,40.17
8.971284,-0.0093,-0.0225,1.0039,0.00,0.00,-0.12,-2.66,1.30,40.17
9.019762,-0.0078,-0.0229,1.0029,0.00,0.00,-0.06,-2.66,1.30,40.17
9.019762,-0.0078,-0.0225,1.0044,0.06,0.00,0.00,-2.66,1.30,40.17
9.047846,-0.0083,-0.0220,1.0034,0.18,0.06,0.00,-2.66,1.30,40.17
9.047846,-0.0083,-0.0210,1.0044,0.24,0.00,-0.06,-2.66,1.30,40.17
9.078167,-0.0093,-0.0210,1.0039,0.24,0.00,-0.06,-2.66,1.30,40.17
9.078167,-0.0088,-0.0200,1.0034,0.12,0.00,0.00,-2.66,1.30,40.17
9.138179,-0.0093,-0.0210,1.0039,0.00,0.00,-0.06,-2.66,1.30,40.17
9.138179,-0.0088,-0.0210,1.0039,0.00,0.00,-0.12,-2.66,1.30,40.17
9.167869,-0.0083,-0.0215,1.0034,-0.06,0.00,-0.06,-2.66,1.30,40.17
9.167869,-0.0132,-0.0229,1.0039,-0.37,0.24,0.00,-2.66,1.30,40.17
9.198220,-0.0068,-0.0229,0.9990,-0.12,0.31,-0.06,-2.66,1.30,40.17
9.198220,-0.0088,-0.0220,1.0039,0.43,0.00,-0.12,-2.66,1.30,40.16
9.258182,-0.0088,-0.0200,1.0039,0.18,0.06,0.00,-2.66,1.30,40.16
9.258182,-0.0083,-0.0205,1.0034,0.24,0.00,0.00,-2.66,1.30,40.16
9.287776,-0.0093,-0.0200,1.0024,-0.12,-0.06,0.00,-2.66,1.30,40.16
9.287776,-0.0093,-0.0210,1.0039,-0.18,0.00,0.00,-2.66,1.30,40.16
9.318180,-0.0059,-0.0225,1.0073,-0.06,0.00,0.00,-2.66,1.30,40.16
9.318180,-0.0078,-0.0195,0.9990,-0.18,0.00,-0.12,-2.66,1.30,40.16
9.378164,-0.0088,-0.0200,1.0020,-0.55,0.00,0.00,-2.66,1.30,40.16
9.378164,-0.0083,-0.0225,1.0029,-0.37,-0.12,0.00,-2.66,1.30,40.16
9.408094,-0.0088,-0.0220,1.0029,0.12,0.00,-0.06,-2.66,1.30,40.16
9.408094,-0.0088,-0.0210,1.0005,0.31,0.00,0.00,-2.66,1.30,40.16
9.438079,-0.0088,-0.0220,1.0059,0.24,0.12,0.00,-2.66,1.30,40.16
9.438079,-0.0078,-0.0205,1.0015,-0.06,0.00,-0.06,-2.66,1.30,40.16
9.498184,-0.0088,-0.0210,1.0020,0.00,0.00,0.00,-2.66,1.30,40.16
9.498184,-0.0088,-0.0220,1.0029,-0.12,-0.06,-0.06,-2.67,1.30,40.16
9.527902,-0.0093,-0.0220,1.0034,0.00,0.00,0.00,-2.67,1.30,40.16
9.527902,-0.0088,-0.0210,1.0049,-0.12,0.00,0.00,-2.67,1.30,40.16
9.587938,-0.0083,-0.0215,1.0044,0.00,0.00,0.00,-2.67,1.30,40.16
9.587938,-0.0098,-0.0225,1.0044,0.00,0.00,-0.06,-2.67,1.30,40.16
9.618934,-0.0093,-0.0210,1.0034,0.24,0.06,-0.12,-2.67,1.30,40.16
9.618934,-0.0078,-0.0210,1.0049,0.12,0.06,-0.12,-2.67,1.30,40.16
9.650488,-0.0098,-0.0215,1.0073,0.24,-0.06,-0.06,-2.67,1.30,40.16
9.650488,-0.0093,-0.0190,1.0039,-0.37,-0.06,0.00,-2.67,1.30,40.16
9.709293,-0.0093,-0.0229,1.0039,-0.18,-0.12,0.00,-2.67,1.30,40.16
9.709293,-0.0083,-0.0215,1.0044,-0.06,0.00,-0.06,-2.67,1.30,40.16
9.739070,-0.0068,-0.0239,1.0029,0.00,-0.06,-0.06,-2.67,1.30,40.16
9.739070,-0.0068,-0.0049,1.0942,4.76,0.67,0.06,-2.65,1.30,40.16
9.767853,0.0112,-0.0156,0.9927,-2.56,-0.49,-0.49,-2.64,1.27,40.17
9.767853,-0.0195,-0.0254,0.9824,2.08,0.55,0.12,-2.64,1.29,40.17
9.828691,-0.0068,-0.0083,0.9771,-0.92,-0.43,-0.06,-2.61,1.29,40.17
9.828691,-0.0156,-0.0347,1.0137,1.89,0.31,0.24,-2.63,1.29,40.17
9.858902,-0.0078,-0.0049,1.0044,-0.55,0.37,0.00,-2.59,1.29,40.17
9.858902,-0.0068,-0.0283,1.0054,-0.79,-0.61,-0.24,-2.63,1.29,40.17
9.887917,-0.0112,-0.0181,1.0083,0.31,0.31,0.00,-2.61,1.29,40.17
9.887917,-0.0054,-0.0229,1.0044,-1.34,-0.24,-0.12,-2.64,1.28,40.17
9.948696,-0.0098,-0.0225,1.0059,0.98,0.00,-0.06,-2.63,1.28,40.17
9.948696,-0.0088,-0.0195,1.0059,-1.28,-0.12,0.00,-2.64,1.28,40.17
9.990854,-0.0073,-0.0254,1.0034,0.43,-0.06,-0.06,-2.65,1.28,40.17
9.990854,-0.0098,-0.0186,1.0034,0.00,0.00,-0.12,-2.64,1.28,40.17
10.007802,-0.0083,-0.0239,1.0034,0.55,0.06,0.00,-2.64,1.28,40.17
10.007802,-0.0088,-0.0176,1.0034,0.49,0.06,0.00,-2.62,1.28,40.17
10.068694,-0.0088,-0.0220,1.0039,-0.31,0.00,0.00,-2.62,1.28,40.17
10.068694,-0.0093,-0.0200,1.0034,0.18,0.06,-0.12,-2.62,1.28,40.17
10.098909,-0.0078,-0.0200,1.0034,-0.31,0.00,-0.06,-2.62,1.28,40.17
10.098909,-0.0083,-0.0205,1.0034,0.24,0.00,-0.06,-2.62,1.28,40.17
10.127843,-0.0088,-0.0190,1.0020,-0.37,0.00,0.00,-2.62,1.28,40.17
10.127843,-0.0083,-0.0220,1.0029,-0.18,0.00,-0.06,-2.62,1.28,40.17
10.190595,-0.0098,-0.0210,1.0044,0.00,0.00,-0.06,-2.62,1.28,40.17
10.190595,-0.0088,-0.0220,1.0020,0.06,0.00,-0.06,-2.62,1.28,40.17
10.220234,-0.0083,-0.0210,1.0039,0.24,0.06,-0.06,-2.63,1.28,40.17
10.220234,-0.0088,-0.0210,1.0039,0.00,0.00,-0.12,-2.63,1.28,40.17
10.248322,-0.0088,-0.0220,1.0039,0.24,0.06,-0.12,-2.63,1.28,40.17
10.248322,-0.0093,-0.0210,1.0029,0.00,0.00,-0.06,-2.63,1.28,40.17
10.308655,-0.0093,-0.0215,1.0034,0.06,0.00,-0.06,-2.63,1.28,40.17
10.308655,-0.0088,-0.0200,1.0020,-0.12,0.00,-0.06,-2.63,1.28,40.17
10.338676,-0.0093,-0.0210,1.0020,-0.12,0.00,-0.06,-2.63,1.28,40.17
10.338676,-0.0093,-0.0215,1.0034,0.00,0.00,-0.06,-2.63,1.28,40.17
10.368697,-0.0088,-0.0215,1.0029,0.00,0.00,-0.06,-2.63,1.28,40.17
10.368697,-0.0088,-0.0215,1.0029,0.12,0.00,-0.06,-2.63,1.28,40.17
10.427985,-0.0088,-0.0205,1.0029,0.00,0.00,-0.12,-2.63,1.28,40.17
10.427985,-0.0088,-0.0210,1.0034,0.12,0.00,-0.06,-2.63,1.28,40.17
10.458927,-0.0088,-0.0200,1.0034,0.12,0.00,-0.06,-2.63,1.28,40.17
10.458927,-0.0093,-0.0205,1.0034,0.12,0.00,0.00,-2.63,1.28,40.17
10.487878,-0.0093,-0.0195,1.0034,-0.12,0.00,-0.06,-2.63,1.28,40.17
10.487878,-0.0088,-0.0215,1.0039,-0.18,0.00,0.00,-2.63,1.28,40.17
10.547892,-0.0093,-0.0205,1.0034,-0.06,0.00,-0.12,-2.63,1.28,40.17
10.547892,-0.0088,-0.0215,1.0029,0.00,0.06,-0.06,-2.63,1.28,40.17
10.578156,-0.0088,-0.0205,1.0044,0.12,0.06,-0.06,-2.63,1.29,40.17
10.578156,-0.0093,-0.0205,1.0029,0.00,0.00,0.00,-2.63,1.29,40.17
10.607968,-0.0088,-0.0205,1.0034,0.18,0.00,-0.06,-2.63,1.29,40.17
10.607968,-0.0098,-0.0215,1.0044,0.00,0.00,-0.06,-2.63,1.29,40.17
10.669083,-0.0098,-0.0190,1.0034,0.31,0.12,0.00,-2.63,1.29,40.17
10.669083,-0.0093,-0.0186,1.0020,0.00,0.00,0.00,-2.63,1.29,40.17
10.698344,-0.0112,-0.0200,1.0039,0.12,0.00,-0.06,-2.63,1.29,40.17
10.698344,-0.0039,-0.0215,1.0122,0.06,0.00,0.06,-2.63,1.29,40.17
10.728655,-0.0098,-0.0181,0.9980,0.37,-0.31,0.00,-2.63,1.29,40.17
10.728655,-0.0088,-0.0166,0.9966,0.00,0.06,0.00,-2.63,1.29,40.17
10.788751,-0.0117,-0.0205,1.0010,0.06,-0.12,0.00,-2.63,1.29,40.17
10.788751,-0.0088,-0.0205,1.0015,-0.06,0.00,0.00,-2.63,1.29,40.17
10.818237,-0.0103,-0.0195,1.0024,0.00,0.00,0.00,-2.63,1.29,40.17
10.818237,-0.0107,-0.0229,1.0054,0.00,0.06,0.00,-2.63,1.29,40.17
10.848652,-0.0068,-0.0210,1.0044,0.06,0.06,-0.06,-2.63,1.29,40.17
10.848652,-0.0088,-0.0215,1.0039,-0.18,0.00,-0.12,-2.63,1.29,40.17
10.908718,-0.0083,-0.0210,1.0049,0.00,-0.12,-0.18,-2.63,1.29,40.17
10.908718,-0.0112,-0.0200,1.0054,0.00,-0.12,-0.18,-2.63,1.29,40.17
10.938180,-0.0103,-0.0181,1.0049,0.00,-0.31,0.00,-2.63,1.29,40.18
10.938180,-0.0073,-0.0205,1.0010,-0.55,0.24,-0.12,-2.63,1.29,40.18
10.998971,-0.0103,-0.0190,1.0000,-0.06,-0.31,-0.31,-2.63,1.29,40.18
10.998971,-0.0098,-0.0220,1.0054,0.00,0.00,-0.06,-2.63,1.29,40.18
11.042033,-0.0068,-0.0190,1.0010,-0.12,-0.12,0.00,-2.63,1.29,40.18
11.042033,-0.0103,-0.0229,1.0044,-0.31,-0.12,0.00,-2.63,1.29,40.18
11.058886,-0.0088,-0.0195,1.0024,-0.12,-0.12,0.00,-2.63,1.29,40.18
11.058886,-0.0078,-0.0225,1.0024,0.18,0.06,0.00,-2.63,1.29,40.19
11.118910,-0.0098,-0.0195,1.0034,0.43,0.00,0.00,-2.63,1.29,40.19
11.118910,-0.0088,-0.0215,1.0044,-0.24,0.00,0.00,-2.63,1.29,40.19
11.147964,-0.0083,-0.0210,1.0034,0.00,0.00,-0.06,-2.63,1.29,40.19
11.147964,-0.0088,-0.0210,1.0029,-0.12,-0.06,-0.06,-2.63,1.29,40.19
11.177971,-0.0088,-0.0220,1.0029,0.31,0.00,-0.06,-2.63,1.29,40.19
11.177971,-0.0093,-0.0195,1.0034,-0.12,0.00,-0.06,-2.63,1.29,40.19
11.237894,-0.0093,-0.0210,1.0049,-0.06,0.00,0.00,-2.63,1.29,40.20
11.237894,-0.0093,-0.0200,1.0044,-0.06,-0.06,0.00,-2.64,1.29,40.20
11.267693,-0.0088,-0.0210,1.0044,0.00,0.00,-0.06,-2.64,1.29,40.20
11.267693,-0.0088,-0.0200,1.0039,0.00,0.00,-0.06,-2.64,1.29,40.20
11.297933,-0.0088,-0.0200,1.0039,-0.24,0.00,-0.06,-2.64,1.29,40.20
11.297933,-0.0078,-0.0200,1.0044,-0.18,0.00,0.00,-2.64,1.29,40.20
11.357964,-0.0093,-0.0215,1.0034,-0.06,0.00,0.00,-2.64,1.29,40.20
11.357964,-0.0088,-0.0210,1.0039,0.00,0.00,-0.06,-2.64,1.29,40.21
11.387776,-0.0083,-0.0210,1.0034,0.00,0.00,-0.06,-2.64,1.29,40.21
11.387776,-0.0083,-0.0200,1.0039,0.00,0.00,-0.06,-2.64,1.29,40.21
11.418882,-0.0088,-0.0210,1.0044,0.00,0.00,-0.06,-2.64,1.29,40.22
11.418882,-0.0078,-0.0215,1.0034,0.06,0.00,0.00,-2.64,1.29,40.22
11.478242,-0.0083,-0.0205,1.0049,0.00,0.00,0.00,-2.64,1.29,40.22
11.478242,-0.0083,-0.0200,1.0039,-0.06,0.00,0.00,-2.64,1.29,40.22
11.507904,-0.0088,-0.0205,1.0049,-0.18,0.00,0.00,-2.64,1.29,40.22
11.507904,-0.0088,-0.0220,1.0044,-0.06,0.00,0.00,-2.64,1.29,40.22
11.537907,-0.0088,-0.0215,1.0044,0.00,0.00,0.00,-2.64,1.29,40.22
11.537907,-0.0088,-0.0220,1.0049,0.00,0.00,0.00,-2.64,1.29,40.23
11.598794,-0.0098,-0.0210,1.0044,0.06,0.00,0.00,-2.64,1.29,40.23
11.598794,-0.0098,-0.0210,1.0034,0.00,0.00,-0.06,-2.64,1.29,40.23
11.627896,-0.0098,-0.0210,1.0039,0.12,0.00,-0.06,-2.64,1.29,40.23
11.627896,-0.0093,-0.0215,1.0044,0.06,0.00,0.00,-2.64,1.29,40.23
11.658372,-0.0088,-0.0200,1.0039,0.00,0.00,-0.06,-2.64,1.29,40.23
11.658372,-0.0103,-0.0200,1.0044,0.00,0.00,-0.06,-2.64,1.29,40.23
11.719659,-0.0093,-0.0205,1.0034,0.00,0.00,-0.06,-2.64,1.29,40.23
11.719659,-0.0098,-0.0215,1.0034,0.00,0.00,-0.06,-2.64,1.29,40.24
11.748315,-0.0098,-0.0215,1.0034,0.00,0.00,-0.06,-2.64,1.29,40.24
11.748315,-0.0098,-0.0215,1.0034,0.00,0.00,-0.06,-2.64,1.29,40.24
11.778114,-0.0088,-0.0215,1.0044,0.00,-0.12,-0.06,-2.64,1.29,40.24
11.778114,-0.0093,-0.0215,1.0039,0.00,0.00,-0.06,-2.64,1.29,40.24
11.838875,-0.0088,-0.0210,1.0039,0.00,-0.06,0.00,-2.64,1.29,40.24
11.838875,-0.0088,-0.0210,1.0044,0.00,0.00,-0.06,-2.64,1.29,40.24
11.867893,-0.0073,-0.0205,1.0044,0.00,0.00,0.00,-2.64,1.29,40.25
11.867893,-0.0083,-0.0215,1.0044,0.00,0.00,-0.06,-2.64,1.29,40.25
11.898609,-0.0073,-0.0210,1.0049,0.00,0.00,-0.06,-2.64,1.29,40.25
11.898609,-0.0083,-0.0215,1.0049,0.00,0.00,0.00,-2.64,1.28,40.25
11.958165,-0.0073,-0.0210,1.0049,0.00,0.00,0.00,-2.64,1.28,40.25
11.958165,-0.0073,-0.0210,1.0044,0.00,0.00,-0.06,-2.64,1.28,40.25
11.987905,-0.0073,-0.0215,1.0044,-0.06,0.00,0.00,-2.64,1.28,40.25
11.987905,-0.0078,-0.0205,1.0039,0.00,0.00,-0.06,-2.64,1.28,40.25
12.020594,-0.0078,-0.0210,1.0044,0.00,0.00,-0.06,-2.64,1.28,40.26
12.020594,-0.0083,-0.0210,1.0034,0.00,0.00,0.00,-2.64,1.28,40.26
12.078094,-0.0083,-0.0205,1.0044,0.00,0.00,0.00,-2.64,1.28,40.26
12.078094,-0.0093,-0.0205,1.0039,0.00,0.00,-0.06,-2.65,1.28,40.26
12.107841,-0.0093,-0.0215,1.0034,-0.06,0.00,0.00,-2.65,1.28,40.26
12.107841,-0.0083,-0.0215,1.0034,0.00,0.00,-0.06,-2.65,1.28,40.26
12.138053,-0.0093,-0.0210,1.0049,0.00,0.00,-0.12,-2.65,1.28,40.26
12.138053,-0.0083,-0.0220,1.0044,0.00,0.06,-0.06,-2.65,1.28,40.26
12.200894,-0.0098,-0.0210,1.0039,0.00,0.00,-0.06,-2.65,1.28,40.27
12.200894,-0.0107,-0.0225,1.0034,0.00,0.00,-0.06,-2.65,1.28,40.27
12.229836,-0.0098,-0.0215,1.0039,0.00,0.00,-0.06,-2.65,1.28,40.27
12.229836,-0.0098,-0.0210,1.0044,0.00,0.00,-0.06,-2.65,1.28,40.27
12.260000,-0.0103,-0.0215,1.0044,0.00,0.00,-0.06,-2.65,1.28,40.28
12.260000,-0.0098,-0.0210,1.0034,0.00,0.00,-0.06,-2.65,1.28,40.28
12.318770,-0.0093,-0.0205,1.0039,-0.06,0.00,-0.06,-2.65,1.28,40.28
12.318770,-0.0098,-0.0215,1.0039,-0.06,0.00,-0.06,-2.65,1.28,40.28
12.347985,-0.0093,-0.0210,1.0024,0.00,0.00,-0.06,-2.65,1.28,40.28
12.347985,-0.0093,-0.0210,1.0029,0.00,0.00,-0.06,-2.65,1.28,40.28
12.408712,-0.0088,-0.0210,1.0039,0.00,0.00,0.00,-2.65,1.28,40.28
12.408712,-0.0088,-0.0200,1.0034,0.00,0.00,-0.06,-2.65,1.28,40.29
12.437867,-0.0088,-0.0215,1.0039,0.00,0.00,-0.06,-2.65,1.28,40.29
12.437867,-0.0083,-0.0205,1.0039,0.00,0.00,-0.06,-2.65,1.28,40.29
12.468589,-0.0083,-0.0215,1.0034,0.00,0.00,-0.06,-2.65,1.28,40.29
12.468589,-0.0073,-0.0210,1.0044,0.00,0.00,-0.06,-2.65,1.28,40.29
12.528690,-0.0073,-0.0215,1.0044,0.00,0.00,-0.06,-2.65,1.28,40.29
12.528690,-0.0078,-0.0210,1.0039,0.00,0.00,-0.06,-2.65,1.28,40.29
12.557989,-0.0083,-0.0210,1.0039,0.06,0.00,-0.06,-2.65,1.28,40.29
12.557989,-0.0078,-0.0205,1.0034,0.06,0.00,-0.06,-2.65,1.28,40.29
12.588551,-0.0078,-0.0205,1.0029,0.00,0.00,0.00,-2.65,1.28,40.30
12.588551,-0.0078,-0.0210,1.0039,0.00,0.06,-0.06,-2.65,1.28,40.30
12.647924,-0.0083,-0.0205,1.0034,0.00,0.00,-0.06,-2.65,1.28,40.30
12.647924,-0.0088,-0.0210,1.0034,-0.06,0.06,0.00,-2.65,1.28,40.30
12.678022,-0.0088,-0.0210,1.0034,0.00,0.06,-0.12,-2.65,1.28,40.30
12.678022,-0.0098,-0.0210,1.0034,0.00,0.00,-0.12,-2.65,1.28,40.30
12.708795,-0.0088,-0.0205,1.0039,0.00,0.00,-0.06,-2.65,1.28,40.30
12.708795,-0.0098,-0.0210,1.0029,0.00,0.00,-0.06,-2.65,1.28,40.30
12.768691,-0.0098,-0.0215,1.0039,0.00,0.00,0.00,-2.65,1.28,40.31
12.768691,-0.0088,-0.0205,1.0034,0.00,0.00,0.00,-2.65,1.28,40.31
12.797862,-0.0088,-0.0210,1.0044,0.00,0.00,0.00,-2.65,1.28,40.31
12.797862,-0.0098,-0.0210,1.0044,0.00,0.00,-0.06,-2.65,1.28,40.31
12.828713,-0.0098,-0.0210,1.0039,0.00,0.00,-0.12,-2.65,1.28,40.31
12.828713,-0.0093,-0.0210,1.0039,0.00,0.00,-0.06,-2.65,1.28,40.31
12.888171,-0.0093,-0.0210,1.0034,0.00,-0.06,-0.06,-2.65,1.28,40.31
12.888171,-0.0083,-0.0220,1.0034,0.06,0.00,-0.06,-2.65,1.28,40.31
12.918768,-0.0098,-0.0205,1.0039,0.00,0.00,-0.06,-2.65,1.28,40.31
12.918768,-0.0083,-0.0200,1.0029,0.00,0.00,-0.06,-2.65,1.28,40.32
12.948049,-0.0083,-0.0215,1.0039,0.00,0.00,0.00,-2.65,1.28,40.32
12.948049,-0.0073,-0.0210,1.0029,0.06,0.00,-0.06,-2.65,1.28,40.32
13.008804,-0.0083,-0.0205,1.0039,0.00,0.00,-0.06,-2.65,1.28,40.32
13.008804,-0.0088,-0.0210,1.0039,0.00,0.00,-0.06,-2.65,1.28,40.33
13.037879,-0.0083,-0.0220,1.0039,0.00,0.00,-0.06,-2.65,1.28,40.33
13.037879,-0.0078,-0.0205,1.0034,0.00,0.00,-0.06,-2.65,1.28,40.33
13.081388,-0.0078,-0.0210,1.0034,0.00,0.00,-0.06,-2.65,1.28,40.33
13.081388,-0.0088,-0.0210,1.0039,0.00,0.00,-0.06,-2.66,1.28,40.33
13.128696,-0.0093,-0.0210,1.0029,0.00,0.00,-0.06,-2.66,1.27,40.33
13.128696,-0.0093,-0.0210,1.0039,0.00,0.00,-0.06,-2.66,1.27,40.33
13.158064,-0.0083,-0.0220,1.0029,0.00,0.00,-0.12,-2.66,1.27,40.33
13.158064,-0.0078,-0.0210,1.0044,0.00,0.00,-0.12,-2.66,1.27,40.33
13.188251,-0.0088,-0.0215,1.0034,0.00,0.00,-0.06,-2.66,1.27,40.34
13.188251,-0.0078,-0.0205,1.0039,0.00,0.06,-0.12,-2.66,1.27,40.34
13.249074,-0.0088,-0.0220,1.0034,0.00,0.00,-0.06,-2.66,1.27,40.34
13.249074,-0.0088,-0.0220,1.0049,0.00,0.00,-0.06,-2.66,1.27,40.34
13.277839,-0.0088,-0.0215,1.0034,0.00,0.00,-0.06,-2.66,1.27,40.34
13.277839,-0.0088,-0.0205,1.0029,0.00,0.00,-0.06,-2.66,1.27,40.34
13.308727,-0.0098,-0.0210,1.0029,0.00,0.00,0.00,-2.66,1.27,40.34
13.308727,-0.0093,-0.0210,1.0044,0.00,0.00,-0.06,-2.66,1.27,40.34
13.368690,-0.0088,-0.0200,1.0039,0.00,0.00,0.00,-2.66,1.27,40.34
13.368690,-0.0093,-0.0210,1.0029,0.00,0.00,-0.06,-2.66,1.27,40.35
13.428758,-0.0093,-0.0210,1.0029,0.00,0.00,-0.06,-2.66,1.27,40.35
13.428758,-0.0083,-0.0215,1.0024,0.00,0.06,-0.12,-2.66,1.27,40.35
13.431920,-0.0088,-0.0210,1.0029,0.00,0.00,-0.12,-2.66,1.27,40.35
13.431920,-0.0083,-0.0210,1.0029,0.00,0.00,-0.06,-2.66,1.27,40.35
13.488984,-0.0083,-0.0215,1.0029,0.00,0.00,-0.06,-2.66,1.27,40.35
13.488984,-0.0093,-0.0215,1.0029,0.00,0.00,-0.12,-2.66,1.27,40.35
13.517878,-0.0083,-0.0215,1.0029,0.06,0.00,-0.12,-2.66,1.27,40.35
13.517878,-0.0088,-0.0210,1.0024,0.06,0.00,-0.06,-2.66,1.27,40.35
13.548854,-0.0083,-0.0210,1.0039,0.00,0.00,0.00,-2.66,1.27,40.36
13.548854,-0.0098,-0.0215,1.0039,0.00,0.00,-0.06,-2.66,1.27,40.36
13.607885,-0.0083,-0.0210,1.0049,0.00,0.00,-0.06,-2.66,1.27,40.36
13.607885,-0.0078,-0.0210,1.0034,0.00,0.00,-0.12,-2.66,1.27,40.36
13.638727,-0.0088,-0.0205,1.0039,-0.12,0.00,-0.06,-2.66,1.27,40.36
13.638727,-0.0093,-0.0220,1.0044,0.00,0.00,-0.12,-2.66,1.27,40.36
13.667940,-0.0093,-0.0200,1.0039,0.00,0.00,-0.06,-2.66,1.27,40.36
13.667940,-0.0078,-0.0215,1.0034,0.00,0.00,-0.12,-2.66,1.27,40.36
13.728462,-0.0088,-0.0205,1.0034,0.00,0.00,-0.06,-2.66,1.27,40.36
13.728462,-0.0088,-0.0215,1.0039,0.00,0.00,-0.06,-2.66,1.27,40.36
13.757963,-0.0098,-0.0210,1.0029,0.00,0.00,-0.06,-2.66,1.27,40.37
13.757963,-0.0088,-0.0215,1.0039,0.00,0.00,-0.06,-2.66,1.27,40.37
13.818706,-0.0083,-0.0200,1.0034,0.00,0.00,0.00,-2.66,1.27,40.37
13.818706,-0.0083,-0.0220,1.0034,0.00,0.00,-0.06,-2.66,1.27,40.37
13.847757,-0.0093,-0.0215,1.0029,0.00,0.00,0.00,-2.66,1.27,40.37
13.847757,-0.0093,-0.0210,1.0034,0.00,0.00,-0.06,-2.66,1.27,40.37
13.878487,-0.0078,-0.0210,1.0034,0.00,0.00,-0.06,-2.66,1.27,40.37
13.878487,-0.0093,-0.0210,1.0024,0.00,0.00,-0.06,-2.66,1.27,40.37
13.938421,-0.0088,-0.0220,1.0039,0.00,0.00,-0.06,-2.66,1.27,40.37
13.938421,-0.0093,-0.0220,1.0039,0.00,0.00,-0.06,-2.66,1.27,40.38
13.967743,-0.0088,-0.0215,1.0029,0.00,0.00,0.00,-2.66,1.27,40.38
13.967743,-0.0088,-0.0200,1.0029,-0.06,0.00,0.00,-2.66,1.27,40.38
13.998574,-0.0083,-0.0205,1.0029,-0.06,0.00,-0.06,-2.66,1.27,40.38
13.998574,-0.0083,-0.0215,1.0029,0.00,0.00,-0.06,-2.66,1.27,40.38
14.058563,-0.0083,-0.0210,1.0039,0.00,0.00,-0.06,-2.66,1.27,40.39
14.058563,-0.0098,-0.0210,1.0034,0.00,0.00,0.00,-2.66,1.27,40.39
14.100674,-0.0083,-0.0210,1.0034,0.00,-0.06,0.00,-2.66,1.27,40.39
14.100674,-0.0088,-0.0210,1.0029,0.00,0.00,-0.06,-2.66,1.27,40.39
14.117902,-0.0088,-0.0205,1.0034,0.00,0.00,-0.06,-2.66,1.27,40.39
14.117902,-0.0078,-0.0210,1.0039,0.00,0.00,-0.12,-2.66,1.27,40.39
14.178723,-0.0088,-0.0210,1.0039,-0.06,0.00,-0.06,-2.66,1.27,40.39
14.178723,-0.0088,-0.0215,1.0039,0.00,0.00,-0.06,-2.66,1.27,40.39
14.207824,-0.0093,-0.0210,1.0044,0.06,0.00,0.00,-2.66,1.27,40.39
14.207824,-0.0088,-0.0210,1.0044,0.00,0.06,-0.06,-2.66,1.27,40.39
14.238711,-0.0088,-0.0210,1.0034,0.00,0.00,-0.06,-2.66,1.27,40.40
14.238711,-0.0093,-0.0210,1.0034,0.06,0.00,-0.12,-2.66,1.27,40.40
14.298882,-0.0083,-0.0210,1.0034,0.00,0.00,-0.06,-2.66,1.27,40.40
14.298882,-0.0083,-0.0200,1.0024,0.00,0.00,-0.06,-2.66,1.27,40.40
14.327937,-0.0093,-0.0210,1.0039,0.06,0.00,-0.06,-2.66,1.27,40.40
14.327937,-0.0083,-0.0210,1.0024,0.00,0.00,0.00,-2.66,1.27,40.40
14.358877,-0.0078,-0.0210,1.0034,0.00,0.00,-0.06,-2.66,1.27,40.40
14.358877,-0.0093,-0.0210,1.0029,0.00,0.00,0.00,-2.66,1.27,40.40
14.419120,-0.0093,-0.0210,1.0029,0.00,0.00,-0.06,-2.66,1.27,40.40
14.419120,-0.0088,-0.0200,1.0044,0.00,0.00,-0.12,-2.66,1.27,40.40
14.448041,-0.0083,-0.0215,1.0039,-0.06,0.00,-0.12,-2.66,1.27,40.41
14.448041,-0.0088,-0.0215,1.0039,0.00,0.00,0.00,-2.66,1.27,40.41
14.478747,-0.0098,-0.0205,1.0044,0.00,0.00,-0.12,-2.67,1.27,40.41
14.478747,-0.0093,-0.0210,1.0049,0.00,0.00,-0.12,-2.67,1.27,40.41
14.538778,-0.0093,-0.0210,1.0029,0.00,0.00,0.00,-2.67,1.27,40.41
14.538778,-0.0088,-0.0220,1.0024,0.00,0.00,-0.06,-2.67,1.27,40.41
14.568016,-0.0088,-0.0210,1.0039,0.00,0.00,-0.06,-2.67,1.27,40.41
14.568016,-0.0088,-0.0210,1.0034,0.06,0.00,-0.06,-2.67,1.27,40.41
14.598760,-0.0088,-0.0225,1.0039,0.00,0.00,-0.06,-2.67,1.27,40.41
14.598760,-0.0088,-0.0215,1.0049,0.00,0.00,0.00,-2.67,1.27,40.41
14.658756,-0.0083,-0.0215,1.0039,0.00,0.00,-0.06,-2.67,1.27,40.41
14.658756,-0.0083,-0.0210,1.0029,0.00,0.00,-0.12,-2.67,1.27,40.42
14.688344,-0.0083,-0.0210,1.0029,0.06,0.00,-0.06,-2.67,1.27,40.42
14.688344,-0.0088,-0.0215,1.0039,0.00,0.00,-0.06,-2.67,1.27,40.42
14.718846,-0.0093,-0.0215,1.0039,0.00,0.00,-0.06,-2.67,1.27,40.42
14.718846,-0.0088,-0.0200,1.0039,0.00,0.00,-0.06,-2.67,1.27,40.42
14.780150,-0.0083,-0.0220,1.0029,0.00,0.00,-0.06,-2.67,1.27,40.42
14.780150,-0.0088,-0.0215,1.0039,0.00,0.00,0.00,-2.67,1.27,40.42
14.810073,-0.0083,-0.0215,1.0039,0.00,0.00,-0.06,-2.67,1.27,40.42
14.810073,-0.0098,-0.0225,1.0034,0.00,0.00,-0.06,-2.67,1.27,40.42
14.841028,-0.0083,-0.0205,1.0034,0.00,0.00,-0.06,-2.67,1.27,40.42
14.841028,-0.0083,-0.0220,1.0029,0.00,0.00,0.00,-2.67,1.27,40.42
14.898726,-0.0088,-0.0215,1.0044,0.00,0.00,-0.06,-2.67,1.27,40.43
14.898726,-0.0088,-0.0210,1.0039,0.00,0.00,-0.12,-2.67,1.27,40.43
14.928085,-0.0083,-0.0205,1.0034,0.00,0.00,-0.06,-2.67,1.27,40.43
14.928085,-0.0088,-0.0210,1.0034,0.00,0.00,-0.06,-2.67,1.27,40.43
14.958754,-0.0093,-0.0205,1.0039,0.00,0.00,-0.06,-2.67,1.27,40.43
14.958754,-0.0093,-0.0205,1.0029,0.00,0.00,0.00,-2.67,1.27,40.44
15.022447,-0.0088,-0.0215,1.0044,0.00,0.00,0.00,-2.67,1.27,40.44
15.022447,-0.0088,-0.0210,1.0024,0.00,0.00,-0.06,-2.67,1.27,40.44
15.047960,-0.0088,-0.0205,1.0034,0.00,0.00,0.00,-2.67,1.27,40.44
15.047960,-0.0088,-0.0200,1.0044,0.00,0.00,-0.06,-2.67,1.27,40.44
15.078722,-0.0083,-0.0215,1.0039,0.00,-0.06,0.00,-2.67,1.27,40.44
15.078722,-0.0088,-0.0210,1.0034,0.00,0.00,-0.06,-2.67,1.27,40.44
15.138189,-0.0083,-0.0210,1.0034,0.00,0.00,-0.06,-2.67,1.27,40.44
15.138189,-0.0083,-0.0210,1.0039,0.00,0.00,-0.06,-2.67,1.27,40.44
15.168693,-0.0083,-0.0210,1.0029,0.00,0.00,-0.06,-2.67,1.27,40.44
15.168693,-0.0088,-0.0210,1.0029,0.00,0.00,-0.06,-2.67,1.27,40.44
15.228764,-0.0088,-0.0210,1.0029,0.00,0.00,-0.06,-2.67,1.27,40.45
15.228764,-0.0088,-0.0205,1.0044,0.00,0.00,-0.06,-2.67,1.27,40.45
15.257990,-0.0088,-0.0210,1.0034,0.00,0.06,-0.06,-2.67,1.27,40.45
15.257990,-0.0088,-0.0205,1.0034,0.00,0.00,0.00,-2.67,1.27,40.45
15.288762,-0.0083,-0.0215,1.0044,0.00,0.00,-0.06,-2.67,1.27,40.45
15.288762,-0.0083,-0.0215,1.0034,0.00,0.00,-0.06,-2.67,1.27,40.45
15.348006,-0.0083,-0.0215,1.0039,0.00,0.00,-0.06,-2.67,1.27,40.45
15.348006,-0.0093,-0.0210,1.0044,-0.06,0.00,-0.06,-2.67,1.27,40.45
15.377950,-0.0098,-0.0210,1.0044,0.00,0.00,0.00,-2.67,1.27,40.45
15.377950,-0.0088,-0.0205,1.0039,0.00,0.06,-0.06,-2.67,1.27,40.45
15.407998,-0.0093,-0.0205,1.0039,0.06,0.00,-0.06,-2.67,1.27,40.45
15.407998,-0.0093,-0.0210,1.0039,0.00,0.00,0.00,-2.67,1.27,40.46
15.468795,-0.0088,-0.0210,1.0044,0.00,0.00,-0.06,-2.67,1.27,40.46
15.468795,-0.0078,-0.0200,1.0039,-0.06,0.00,0.00,-2.67,1.27,40.46
15.497934,-0.0083,-0.0220,1.0039,-0.06,0.00,-0.06,-2.67,1.27,40.46
15.497934,-0.0088,-0.0225,1.0039,-0.06,0.00,-0.06,-2.67,1.27,40.46
15.528789,-0.0088,-0.0215,1.0034,-0.06,0.00,0.00,-2.67,1.27,40.46
15.528789,-0.0088,-0.0205,1.0039,0.00,0.00,-0.06,-2.68,1.27,40.46
15.588760,-0.0088,-0.0220,1.0029,0.00,0.00,-0.06,-2.68,1.27,40.46
15.588760,-0.0098,-0.0210,1.0029,0.00,0.00,-0.06,-2.68,1.27,40.46
15.618840,-0.0093,-0.0210,1.0034,0.06,0.00,-0.06,-2.68,1.27,40.46
15.618840,-0.0088,-0.0210,1.0034,0.06,0.00,-0.12,-2.68,1.27,40.46
15.647989,-0.0088,-0.0200,1.0034,0.00,0.00,-0.06,-2.68,1.27,40.46
15.647989,-0.0088,-0.0210,1.0034,-0.06,0.00,-0.06,-2.68,1.27,40.47
15.708024,-0.0088,-0.0200,1.0039,-0.06,0.00,0.00,-2.68,1.27,40.47
15.708024,-0.0088,-0.0210,1.0034,0.00,0.00,-0.06,-2.68,1.27,40.47
15.739019,-0.0093,-0.0210,1.0029,0.00,0.00,-0.06,-2.68,1.27,40.47
15.739019,-0.0093,-0.0205,1.0034,0.00,0.00,0.00,-2.68,1.27,40.47
15.768002,-0.0093,-0.0210,1.0034,0.00,0.00,0.00,-2.68,1.27,40.47
15.768002,-0.0098,-0.0210,1.0039,0.00,0.00,-0.06,-2.68,1.27,40.47
15.828740,-0.0088,-0.0210,1.0039,0.00,0.00,-0.06,-2.68,1.27,40.47
15.828740,-0.0098,-0.0205,1.0044,0.00,0.00,-0.06,-2.68,1.27,40.47
15.857954,-0.0093,-0.0205,1.0039,-0.06,0.00,-0.06,-2.68,1.27,40.47
15.857954,-0.0093,-0.0215,1.0044,0.00,0.00,0.00,-2.68,1.27,40.47
15.888741,-0.0083,-0.0215,1.0034,0.00,0.00,-0.06,-2.68,1.27,40.48
15.888741,-0.0083,-0.0205,1.0029,0.00,0.00,-0.06,-2.68,1.27,40.48
15.948818,-0.0078,-0.0210,1.0044,0.00,0.00,0.00,-2.68,1.27,40.48
15.948818,-0.0088,-0.0215,1.0024,0.00,0.00,-0.06,-2.68,1.27,40.48
15.977972,-0.0088,-0.0215,1.0034,0.00,0.00,0.00,-2.68,1.27,40.48
15.977972,-0.0093,-0.0205,1.0024,0.00,0.00,-0.06,-2.68,1.27,40.48
16.008760,-0.0093,-0.0210,1.0039,0.00,0.00,0.00,-2.68,1.27,40.48
16.008760,-0.0088,-0.0205,1.0034,-0.06,0.00,-0.06,-2.68,1.27,40.48
16.068782,-0.0078,-0.0215,1.0029,0.00,0.00,-0.12,-2.68,1.27,40.48
16.068782,-0.0093,-0.0215,1.0034,0.00,0.00,0.00,-2.68,1.27,40.48
16.097913,-0.0088,-0.0205,1.0029,0.00,0.06,0.00,-2.68,1.27,40.48
16.097913,-0.0088,-0.0220,1.0034,0.00,0.00,-0.06,-2.68,1.27,40.48
16.140827,-0.0088,-0.0210,1.0039,0.00,0.00,-0.06,-2.68,1.27,40.48
16.140827,-0.0083,-0.0210,1.0039,0.00,0.00,-0.06,-2.68,1.27,40.49
16.188756,-0.0088,-0.0215,1.0034,0.00,0.00,0.00,-2.68,1.27,40.49
16.188756,-0.0083,-0.0215,1.0034,-0.06,0.00,-0.12,-2.68,1.27,40.49
16.217993,-0.0093,-0.0220,1.0034,0.00,0.00,-0.06,-2.68,1.27,40.49
16.217993,-0.0083,-0.0220,1.0029,0.00,0.00,-0.06,-2.68,1.27,40.49
16.248030,-0.0088,-0.0215,1.0039,0.00,0.00,-0.06,-2.68,1.27,40.49
16.248030,-0.0083,-0.0210,1.0034,0.00,0.00,-0.06,-2.68,1.27,40.50
16.308766,-0.0093,-0.0210,1.0029,0.00,0.00,0.00,-2.68,1.27,40.50
16.308766,-0.0083,-0.0200,1.0034,0.06,0.00,0.00,-2.68,1.27,40.50
16.339388,-0.0093,-0.0220,1.0039,0.00,0.00,-0.12,-2.68,1.27,40.50
16.339388,-0.0083,-0.0210,1.0044,0.00,0.00,-0.06,-2.68,1.27,40.50
16.367936,-0.0088,-0.0220,1.0034,0.00,0.00,0.00,-2.68,1.27,40.50
16.367936,-0.0088,-0.0210,1.0034,0.00,0.00,-0.06,-2.68,1.27,40.50
16.428697,-0.0083,-0.0220,1.0044,0.00,0.00,-0.06,-2.68,1.27,40.50
16.428697,-0.0078,-0.0205,1.0049,0.06,0.00,-0.06,-2.68,1.27,40.50
16.457988,-0.0083,-0.0210,1.0034,0.00,0.00,-0.06,-2.68,1.27,40.50
16.457988,-0.0093,-0.0215,1.0044,0.06,0.00,-0.06,-2.68,1.27,40.50
16.488791,-0.0088,-0.0205,1.0034,0.00,0.00,-0.12,-2.68,1.27,40.50
16.488791,-0.0083,-0.0220,1.0039,0.00,0.00,-0.06,-2.68,1.27,40.50
16.548760,-0.0093,-0.0205,1.0024,-0.06,0.00,-0.06,-2.68,1.27,40.51
16.548760,-0.0088,-0.0205,1.0029,-0.06,0.00,-0.12,-2.68,1.27,40.51
16.578020,-0.0083,-0.0205,1.0024,0.00,0.00,0.00,-2.68,1.27,40.51
16.578020,-0.0088,-0.0215,1.0034,0.00,0.00,-0.06,-2.68,1.27,40.51
16.640052,-0.0093,-0.0215,1.0029,0.06,0.00,-0.06,-2.68,1.27,40.51
16.640052,-0.0078,-0.0215,1.0034,0.06,0.00,-0.12,-2.68,1.27,40.51
16.668650,-0.0083,-0.0220,1.0020,0.00,0.00,0.00,-2.68,1.27,40.51
16.668650,-0.0098,-0.0215,1.0029,0.00,0.00,0.00,-2.68,1.27,40.51
16.697965,-0.0083,-0.0215,1.0039,0.00,0.00,0.00,-2.68,1.27,40.51
16.697965,-0.0088,-0.0210,1.0029,0.00,0.00,-0.06,-2.68,1.27,40.51
16.757997,-0.0083,-0.0210,1.0039,0.00,0.00,-0.12,-2.68,1.27,40.51
16.757997,-0.0088,-0.0220,1.0039,0.00,0.00,-0.06,-2.68,1.27,40.51
16.788666,-0.0093,-0.0210,1.0034,0.00,0.00,0.00,-2.68,1.27,40.51
16.788666,-0.0088,-0.0215,1.0034,0.00,0.00,-0.12,-2.68,1.27,40.52
16.817932,-0.0083,-0.0210,1.0029,0.00,0.00,-0.06,-2.68,1.27,40.52
16.817932,-0.0088,-0.0205,1.0039,0.00,0.00,-0.06,-2.68,1.27,40.52
16.877879,-0.0083,-0.0200,1.0029,-0.06,0.00,-0.12,-2.68,1.27,40.52
16.877879,-0.0088,-0.0215,1.0039,0.00,0.00,-0.06,-2.68,1.27,40.52
16.908740,-0.0093,-0.0210,1.0044,0.00,0.06,-0.06,-2.68,1.27,40.52
16.908740,-0.0088,-0.0215,1.0015,-0.06,0.00,-0.06,-2.68,1.27,40.52
16.939042,-0.0093,-0.0215,1.0034,0.00,0.00,-0.06,-2.68,1.27,40.52
16.939042,-0.0088,-0.0210,1.0034,0.00,0.00,-0.06,-2.68,1.27,40.52
16.998768,-0.0083,-0.0215,1.0039,0.00,0.00,0.00,-2.68,1.27,40.52
16.998768,-0.0083,-0.0220,1.0029,0.00,0.00,-0.06,-2.68,1.27,40.52
17.028083,-0.0088,-0.0215,1.0044,0.00,0.00,-0.06,-2.68,1.27,40.52
17.028083,-0.0088,-0.0210,1.0034,0.00,0.00,-0.06,-2.68,1.27,40.52
17.059143,-0.0093,-0.0215,1.0034,0.00,0.00,-0.06,-2.68,1.27,40.53
17.059143,-0.0093,-0.0215,1.0024,0.00,0.00,-0.06,-2.68,1.27,40.53
17.118036,-0.0093,-0.0210,1.0034,0.00,0.00,-0.12,-2.68,1.27,40.53
17.118036,-0.0093,-0.0215,1.0034,0.00,0.00,0.00,-2.68,1.27,40.53
17.160861,-0.0103,-0.0215,1.0029,0.00,0.00,-0.06,-2.68,1.27,40.53
17.160861,-0.0088,-0.0210,1.0039,0.00,0.00,-0.12,-2.68,1.27,40.53
17.177959,-0.0098,-0.0215,1.0044,0.00,0.00,0.00,-2.68,1.27,40.53
17.177959,-0.0083,-0.0220,1.0029,0.00,0.00,0.00,-2.68,1.27,40.53
17.239340,-0.0088,-0.0210,1.0034,-0.06,0.00,0.00,-2.68,1.27,40.53
17.239340,-0.0088,-0.0215,1.0039,0.00,0.00,-0.06,-2.68,1.27,40.53
17.268166,-0.0083,-0.0220,1.0029,0.00,0.00,-0.06,-2.68,1.27,40.53
17.268166,-0.0083,-0.0210,1.0034,0.00,0.00,0.00,-2.68,1.27,40.53
17.298867,-0.0088,-0.0210,1.0034,0.00,0.00,-0.06,-2.68,1.27,40.53
17.298867,-0.0083,-0.0220,1.0034,0.00,0.00,-0.06,-2.68,1.27,40.53
17.358826,-0.0083,-0.0210,1.0039,0.00,0.00,-0.06,-2.68,1.27,40.54
17.358826,-0.0083,-0.0205,1.0034,0.00,0.00,-0.06,-2.68,1.27,40.54
17.388015,-0.0088,-0.0205,1.0049,0.00,0.00,-0.06,-2.68,1.27,40.54
17.388015,-0.0083,-0.0220,1.0039,-0.12,0.00,0.00,-2.68,1.27,40.54
17.418959,-0.0083,-0.0210,1.0024,0.00,0.00,0.00,-2.68,1.27,40.54
17.418959,-0.0093,-0.0215,1.0020,0.00,0.06,0.00,-2.68,1.27,40.54
17.478873,-0.0088,-0.0215,1.0029,0.00,0.00,0.00,-2.68,1.27,40.54
17.478873,-0.0083,-0.0210,1.0034,0.00,0.00,0.00,-2.68,1.27,40.55
17.508002,-0.0088,-0.0220,1.0039,0.00,0.00,-0.06,-2.68,1.27,40.55
17.508002,-0.0083,-0.0210,1.0039,0.06,0.00,-0.06,-2.68,1.27,40.55
17.539028,-0.0093,-0.0215,1.0034,0.00,0.00,-0.06,-2.68,1.27,40.55
17.539028,-0.0088,-0.0210,1.0034,0.00,0.00,-0.06,-2.68,1.27,40.55
17.598155,-0.0088,-0.0220,1.0034,0.00,0.00,-0.06,-2.68,1.27,40.55
17.598155,-0.0073,-0.0215,1.0029,0.00,0.00,-0.06,-2.68,1.27,40.55
17.628068,-0.0093,-0.0210,1.0029,0.00,0.00,-0.06,-2.68,1.27,40.55
17.628068,-0.0078,-0.0210,1.0034,0.00,0.00,-0.06,-2.68,1.27,40.55
17.658035,-0.0088,-0.0215,1.0034,0.00,0.00,0.00,-2.68,1.27,40.55
17.658035,-0.0088,-0.0215,1.0039,0.00,0.00,-0.06,-2.68,1.27,40.55
17.718809,-0.0083,-0.0210,1.0034,0.00,0.00,0.00,-2.68,1.27,40.55
17.718809,-0.0088,-0.0210,1.0039,0.00,0.00,0.00,-2.68,1.27,40.55
17.747989,-0.0083,-0.0215,1.0029,0.00,0.00,-0.06,-2.68,1.27,40.55
17.747989,-0.0098,-0.0210,1.0039,0.00,0.00,-0.06,-2.68,1.27,40.56
17.778997,-0.0093,-0.0220,1.0029,0.00,0.00,-0.12,-2.68,1.27,40.56
17.778997,-0.0093,-0.0215,1.0039,0.00,0.00,0.00,-2.68,1.27,40.56
17.839154,-0.0088,-0.0210,1.0039,0.00,0.00,-0.06,-2.68,1.27,40.56
17.839154,-0.0093,-0.0205,1.0044,0.06,0.00,-0.06,-2.68,1.27,40.56
17.868042,-0.0088,-0.0210,1.0034,0.00,0.00,-0.12,-2.68,1.27,40.56
17.868042,-0.0083,-0.0220,1.0034,0.00,0.00,0.00,-2.68,1.27,40.56
17.898760,-0.0098,-0.0220,1.0034,0.00,0.00,-0.06,-2.68,1.27,40.56
17.898760,-0.0083,-0.0220,1.0044,0.00,0.00,-0.12,-2.68,1.27,40.56
17.958864,-0.0093,-0.0215,1.0039,0.00,0.00,-0.06,-2.68,1.27,40.56
17.958864,-0.0088,-0.0210,1.0044,0.00,0.00,-0.06,-2.68,1.27,40.56
17.988042,-0.0088,-0.0220,1.0034,0.00,0.00,0.00,-2.68,1.27,40.56
17.988042,-0.0083,-0.0215,1.0029,0.00,0.00,0.00,-2.68,1.27,40.56
18.048824,-0.0088,-0.0215,1.0024,0.00,0.00,0.00,-2.68,1.27,40.56
18.048824,-0.0093,-0.0210,1.0029,0.00,0.00,-0.06,-2.68,1.27,40.56
18.078050,-0.0093,-0.0220,1.0034,0.00,0.00,-0.12,-2.68,1.27,40.57
18.078050,-0.0083,-0.0215,1.0029,0.00,0.00,-0.06,-2.68,1.27,40.57
18.108060,-0.0093,-0.0220,1.0034,0.00,0.00,-0.06,-2.68,1.27,40.57
18.108060,-0.0078,-0.0205,1.0039,0.00,0.00,-0.06,-2.69,1.27,40.57
18.168789,-0.0093,-0.0215,1.0034,0.00,0.00,-0.12,-2.69,1.27,40.57
18.168789,-0.0088,-0.0210,1.0044,-0.06,0.00,-0.06,-2.69,1.27,40.57
18.213540,-0.0088,-0.0210,1.0044,0.00,0.00,0.00,-2.69,1.27,40.57
18.213540,-0.0083,-0.0215,1.0039,0.00,0.00,-0.06,-2.69,1.27,40.57
18.228691,-0.0088,-0.0215,1.0039,0.00,0.00,-0.06,-2.69,1.27,40.57
18.228691,-0.0083,-0.0210,1.0049,0.00,0.00,0.00,-2.69,1.27,40.57
18.288889,-0.0088,-0.0215,1.0039,0.00,0.00,-0.06,-2.69,1.27,40.57
18.288889,-0.0083,-0.0205,1.0024,0.06,0.00,-0.06,-2.69,1.27,40.57
18.317976,-0.0083,-0.0210,1.0029,0.00,0.00,-0.06,-2.69,1.27,40.57
18.317976,-0.0088,-0.0210,1.0034,0.00,0.00,0.00,-2.69,1.27,40.57
18.349156,-0.0083,-0.0215,1.0034,-0.06,0.00,-0.12,-2.69,1.27,40.57
18.349156,-0.0088,-0.0220,1.0034,0.00,0.00,-0.06,-2.69,1.27,40.58
18.408858,-0.0078,-0.0220,1.0029,0.00,0.00,0.00,-2.69,1.27,40.58
18.408858,-0.0088,-0.0215,1.0034,0.00,0.00,0.00,-2.69,1.27,40.58
18.438375,-0.0088,-0.0210,1.0034,0.00,0.00,-0.06,-2.69,1.27,40.58
18.438375,-0.0088,-0.0210,1.0024,0.00,0.00,-0.06,-2.69,1.27,40.58
18.468848,-0.0093,-0.0205,1.0029,0.06,0.00,-0.06,-2.69,1.27,40.58
18.468848,-0.0088,-0.0210,1.0029,0.06,0.00,-0.06,-2.69,1.27,40.58
18.528832,-0.0093,-0.0205,1.0024,0.00,0.00,0.00,-2.69,1.27,40.58
18.528832,-0.0088,-0.0205,1.0029,0.00,0.00,-0.06,-2.69,1.27,40.58
18.558016,-0.0078,-0.0215,1.0034,-0.06,0.00,-0.06,-2.69,1.27,40.58
18.558016,-0.0093,-0.0225,1.0024,-0.12,0.00,-0.06,-2.69,1.27,40.58
18.588896,-0.0088,-0.0215,1.0049,-0.12,0.00,-0.06,-2.69,1.27,40.58
18.588896,-0.0083,-0.0220,1.0044,-0.06,0.00,0.00,-2.69,1.27,40.58
18.648451,-0.0078,-0.0225,1.0034,0.00,0.00,0.00,-2.69,1.27,40.58
18.648451,-0.0088,-0.0225,1.0024,0.06,0.00,-0.06,-2.69,1.27,40.58
18.678081,-0.0083,-0.0215,1.0024,0.06,0.06,-0.12,-2.69,1.27,40.58
18.678081,-0.0083,-0.0210,1.0029,0.06,0.00,-0.06,-2.69,1.27,40.59
18.708946,-0.0093,-0.0210,1.0034,0.00,0.00,-0.06,-2.69,1.27,40.59
18.708946,-0.0088,-0.0220,1.0024,0.00,0.00,0.00,-2.69,1.27,40.59
19.095821,-0.0093,-0.0210,1.0034,-0.06,-0.06,-0.12,-2.69,1.27,40.59
19.095821,-0.0088,-0.0205,1.0020,0.06,0.06,0.00,-2.69,1.27,40.59
19.095861,-0.0088,-0.0210,1.0039,0.06,0.00,-0.06,-2.69,1.27,40.59
19.095861,-0.0103,-0.0210,1.0029,0.06,0.00,-0.06,-2.69,1.27,40.59
19.095873,-0.0098,-0.0200,1.0034,0.06,0.00,0.00,-2.69,1.27,40.59
19.095873,-0.0093,-0.0200,1.0029,0.06,0.00,-0.06,-2.69,1.27,40.59
19.095883,-0.0088,-0.0205,1.0034,0.00,0.00,-0.06,-2.69,1.27,40.59
19.095883,-0.0093,-0.0210,1.0024,0.00,0.00,-0.06,-2.69,1.27,40.59
19.095893,-0.0093,-0.0205,1.0029,-0.06,0.00,0.00,-2.69,1.27,40.59
19.095893,-0.0088,-0.0225,1.0034,-0.06,-0.06,0.00,-2.69,1.27,40.59
19.095903,-0.0088,-0.0220,1.0039,0.00,0.00,-0.06,-2.69,1.27,40.59
19.095903,-0.0083,-0.0220,1.0020,0.00,0.00,-0.06,-2.69,1.27,40.59
19.095913,-0.0078,-0.0215,1.0029,0.06,0.00,-0.06,-2.69,1.27,40.59
19.095913,-0.0073,-0.0220,1.0039,0.00,0.00,-0.06,-2.69,1.27,40.60
19.095922,-0.0078,-0.0225,1.0034,0.00,0.00,0.00,-2.69,1.27,40.60
19.095922,-0.0078,-0.0225,1.0039,0.00,0.00,-0.06,-2.69,1.27,40.60
19.095934,-0.0083,-0.0215,1.0034,0.00,0.00,-0.06,-2.69,1.27,40.60
19.095934,-0.0083,-0.0215,1.0024,0.00,0.00,-0.06,-2.69,1.27,40.60
19.162648,-0.0078,-0.0220,1.0029,0.00,0.00,-0.06,-2.69,1.27,40.60
19.162648,-0.0078,-0.0215,1.0034,0.00,0.00,0.00,-2.69,1.27,40.60
19.162675,-0.0083,-0.0205,1.0029,0.06,0.00,-0.06,-2.69,1.27,40.60
19.162675,-0.0078,-0.0210,1.0034,0.00,0.00,-0.06,-2.69,1.27,40.61
19.187884,-0.0088,-0.0215,1.0039,0.00,0.00,-0.06,-2.69,1.27,40.61
19.187884,-0.0088,-0.0210,1.0029,-0.06,0.00,0.00,-2.69,1.27,40.61
19.248669,-0.0093,-0.0220,1.0029,-0.06,0.06,0.00,-2.69,1.27,40.61
19.248669,-0.0098,-0.0220,1.0029,0.00,0.00,0.00,-2.69,1.27,40.61
19.277944,-0.0093,-0.0215,1.0034,0.00,0.00,-0.06,-2.69,1.27,40.61
19.277944,-0.0103,-0.0210,1.0034,0.00,0.00,-0.06,-2.69,1.27,40.61
19.309260,-0.0103,-0.0215,1.0034,0.06,0.00,0.00,-2.69,1.27,40.61
19.309260,-0.0103,-0.0215,1.0044,0.06,0.00,-0.06,-2.69,1.27,40.61
19.368697,-0.0103,-0.0205,1.0024,0.00,0.00,-0.06,-2.69,1.27,40.61
19.368697,-0.0098,-0.0210,1.0044,0.00,0.00,-0.06,-2.69,1.27,40.61
19.397736,-0.0098,-0.0210,1.0044,0.00,0.00,0.00,-2.69,1.27,40.61
19.397736,-0.0093,-0.0215,1.0034,-0.06,-0.06,-0.06,-2.69,1.27,40.61
19.459009,-0.0088,-0.0215,1.0039,-0.06,-0.06,-0.06,-2.69,1.27,40.61
19.459009,-0.0083,-0.0215,1.0049,0.00,0.00,-0.12,-2.69,1.27,40.61
19.488037,-0.0078,-0.0210,1.0034,0.00,0.00,-0.06,-2.69,1.27,40.61
19.488037,-0.0073,-0.0220,1.0039,0.00,0.00,-0.06,-2.69,1.27,40.61
19.518812,-0.0063,-0.0220,1.0024,0.00,-0.06,-0.06,-2.69,1.27,40.62
19.518812,-0.0083,-0.0220,1.0034,0.00,0.00,-0.06,-2.69,1.27,40.62
19.582216,-0.0078,-0.0220,1.0039,0.00,0.00,-0.06,-2.69,1.27,40.62
19.582216,-0.0078,-0.0215,1.0044,0.00,0.00,0.00,-2.69,1.27,40.62
19.607986,-0.0078,-0.0215,1.0034,0.00,-0.06,-0.06,-2.69,1.27,40.62
19.607986,-0.0073,-0.0215,1.0034,0.00,0.00,0.00,-2.69,1.27,40.62
19.638959,-0.0083,-0.0215,1.0039,0.00,0.00,-0.06,-2.69,1.27,40.62
19.638959,-0.0083,-0.0210,1.0034,0.06,0.06,-0.06,-2.69,1.27,40.62
19.698686,-0.0088,-0.0210,1.0044,0.00,0.00,-0.06,-2.69,1.27,40.62
19.698686,-0.0093,-0.0215,1.0034,0.00,0.00,-0.06,-2.69,1.27,40.62
19.728028,-0.0088,-0.0215,1.0034,0.00,0.00,0.00,-2.69,1.27,40.62
19.728028,-0.0083,-0.0215,1.0044,0.00,0.00,-0.12,-2.69,1.27,40.62
19.758556,-0.0088,-0.0220,1.0029,0.00,0.06,-0.06,-2.69,1.27,40.62
19.758556,-0.0088,-0.0215,1.0034,0.00,0.00,-0.06,-2.69,1.27,40.62
19.818690,-0.0098,-0.0210,1.0039,0.00,0.00,0.00,-2.69,1.27,40.62
19.818690,-0.0098,-0.0215,1.0029,0.00,0.00,-0.12,-2.69,1.27,40.62
19.847808,-0.0103,-0.0215,1.0034,0.00,0.00,-0.06,-2.69,1.27,40.62
19.847808,-0.0103,-0.0215,1.0039,0.00,0.00,0.00,-2.69,1.27,40.62
19.878855,-0.0103,-0.0215,1.0029,0.00,0.00,-0.06,-2.69,1.27,40.63
19.878855,-0.0098,-0.0220,1.0029,0.00,0.00,-0.12,-2.69,1.27,40.63
19.938944,-0.0093,-0.0215,1.0029,0.00,0.00,-0.06,-2.69,1.27,40.63
19.938944,-0.0093,-0.0220,1.0039,0.00,0.00,-0.18,-2.69,1.27,40.63
19.968094,-0.0093,-0.0220,1.0039,0.00,0.00,-0.06,-2.69,1.27,40.63
19.968094,-0.0083,-0.0215,1.0029,0.00,0.00,-0.06,-2.69,1.27,40.63
19.998769,-0.0083,-0.0215,1.0029,0.00,0.00,-0.06,-2.69,1.27,40.63
19.998769,-0.0078,-0.0210,1.0039,0.06,0.00,0.00,-2.69,1.27,40.63
20.058083,-0.0078,-0.0215,1.0034,0.00,0.00,-0.06,-2.69,1.27,40.63
20.058083,-0.0078,-0.0210,1.0039,0.00,0.00,-0.06,-2.69,1.27,40.63
20.088291,-0.0078,-0.0215,1.0044,0.00,0.00,-0.06,-2.69,1.27,40.63
20.088291,-0.0088,-0.0220,1.0034,0.00,0.00,-0.06,-2.69,1.27,40.63
20.118060,-0.0078,-0.0215,1.0049,0.00,0.00,-0.06,-2.69,1.27,40.63
20.118060,-0.0078,-0.0210,1.0044,0.00,0.00,0.00,-2.69,1.27,40.63
20.178685,-0.0083,-0.0210,1.0039,0.00,0.00,-0.06,-2.69,1.27,40.63
20.178685,-0.0083,-0.0210,1.0039,0.00,0.00,-0.06,-2.69,1.27,40.63
20.208175,-0.0088,-0.0210,1.0039,0.00,0.00,-0.06,-2.69,1.27,40.63
20.208175,-0.0093,-0.0215,1.0039,0.00,0.00,-0.06,-2.69,1.27,40.63
20.256608,-0.0083,-0.0205,1.0044,0.00,0.06,-0.06,-2.69,1.27,40.64
20.256608,-0.0088,-0.0220,1.0034,-0.06,0.00,-0.06,-2.69,1.27,40.64
20.298911,-0.0088,-0.0205,1.0024,0.00,0.00,0.00,-2.69,1.27,40.64
20.298911,-0.0088,-0.0215,1.0034,0.00,0.00,-0.06,-2.69,1.27,40.64
20.328117,-0.0093,-0.0210,1.0039,0.00,0.00,0.00,-2.69,1.27,40.64
20.328117,-0.0088,-0.0210,1.0029,0.00,0.00,0.00,-2.69,1.27,40.64
20.358169,-0.0083,-0.0205,1.0034,0.00,0.00,0.00,-2.69,1.27,40.64
20.358169,-0.0088,-0.0215,1.0029,0.00,0.00,0.00,-2.69,1.27,40.64
20.419036,-0.0088,-0.0215,1.0029,0.00,0.00,-0.06,-2.69,1.27,40.64
20.419036,-0.0088,-0.0215,1.0029,0.00,0.00,-0.06,-2.69,1.27,40.64
20.448267,-0.0088,-0.0220,1.0034,-0.06,0.00,0.00,-2.69,1.27,40.64
20.448267,-0.0093,-0.0210,1.0049,-0.12,0.00,-0.06,-2.69,1.27,40.64
20.478862,-0.0088,-0.0220,1.0034,0.00,0.00,-0.06,-2.69,1.27,40.64
20.478862,-0.0093,-0.0220,1.0034,0.06,0.00,-0.06,-2.69,1.27,40.64
20.539182,-0.0083,-0.0210,1.0039,0.00,0.00,-0.06,-2.69,1.27,40.64
20.539182,-0.0083,-0.0215,1.0029,0.06,0.00,-0.06,-2.69,1.27,40.64
20.568229,-0.0083,-0.0220,1.0029,-0.06,0.00,-0.06,-2.69,1.27,40.64
20.568229,-0.0098,-0.0215,1.0029,0.00,0.00,-0.06,-2.69,1.27,40.64
20.598986,-0.0093,-0.0220,1.0024,0.00,0.00,-0.06,-2.69,1.27,40.65
20.598986,-0.0088,-0.0215,1.0034,0.00,0.00,0.00,-2.69,1.27,40.65
20.658187,-0.0093,-0.0220,1.0039,0.00,0.00,-0.06,-2.69,1.27,40.65
20.658187,-0.0078,-0.0210,1.0044,0.06,0.00,-0.06,-2.69,1.27,40.65
20.688916,-0.0088,-0.0205,1.0044,0.12,0.00,0.00,-2.69,1.27,40.65
20.688916,-0.0083,-0.0210,1.0029,0.06,0.00,0.00,-2.69,1.27,40.65
20.718092,-0.0088,-0.0210,1.0034,0.06,0.00,0.00,-2.69,1.27,40.65
20.718092,-0.0073,-0.0210,1.0034,0.00,0.00,-0.06,-2.69,1.27,40.65
20.778183,-0.0088,-0.0205,1.0034,-0.06,0.00,-0.06,-2.69,1.27,40.65
20.778183,-0.0093,-0.0210,1.0039,-0.06,0.00,0.00,-2.69,1.27,40.65
20.808892,-0.0093,-0.0215,1.0049,-0.06,0.00,-0.06,-2.69,1.27,40.65
20.808892,-0.0083,-0.0215,1.0044,0.00,0.00,-0.06,-2.69,1.27,40.65
20.868948,-0.0083,-0.0220,1.0044,0.00,0.00,-0.06,-2.69,1.27,40.65
20.868948,-0.0093,-0.0220,1.0044,0.00,0.00,0.00,-2.69,1.27,40.65
20.899402,-0.0083,-0.0220,1.0034,0.00,0.00,-0.06,-2.69,1.27,40.65
20.899402,-0.0088,-0.0215,1.0029,0.00,0.00,-0.06,-2.69,1.27,40.65
20.928537,-0.0093,-0.0220,1.0034,0.00,0.00,-0.06,-2.69,1.27,40.65
20.928537,-0.0088,-0.0210,1.0029,0.00,0.00,0.00,-2.69,1.27,40.65
20.988137,-0.0098,-0.0215,1.0024,0.00,0.00,-0.06,-2.69,1.27,40.65
20.988137,-0.0098,-0.0205,1.0024,0.00,0.00,0.00,-2.69,1.27,40.65
21.023765,-0.0098,-0.0205,1.0029,0.00,0.00,0.00,-2.69,1.27,40.66
21.023765,-0.0103,-0.0215,1.0034,0.00,0.00,-0.06,-2.69,1.27,40.66
21.048141,-0.0093,-0.0215,1.0029,0.00,0.00,0.00,-2.69,1.27,40.66
21.048141,-0.0093,-0.0215,1.0020,0.06,0.00,-0.06,-2.69,1.27,40.66
21.108967,-0.0088,-0.0220,1.0029,0.00,0.00,-0.06,-2.69,1.27,40.66
21.108967,-0.0088,-0.0210,1.0029,0.00,0.00,-0.06,-2.69,1.27,40.66
21.138481,-0.0083,-0.0215,1.0044,0.00,0.00,-0.06,-2.69,1.27,40.66
21.138481,-0.0088,-0.0215,1.0044,0.00,0.00,0.00,-2.69,1.27,40.66
21.168892,-0.0083,-0.0215,1.0034,0.00,0.00,-0.06,-2.69,1.27,40.66
21.168892,-0.0083,-0.0210,1.0044,0.06,0.00,0.00,-2.69,1.27,40.67
21.228958,-0.0083,-0.0210,1.0034,0.06,0.00,-0.06,-2.69,1.27,40.67
21.228958,-0.0078,-0.0215,1.0039,0.06,0.00,-0.12,-2.69,1.27,40.67
21.272785,-0.0083,-0.0210,1.0034,0.00,0.00,0.00,-2.69,1.27,40.67
21.272785,-0.0088,-0.0210,1.0044,0.00,0.00,-0.06,-2.69,1.27,40.67
21.288102,-0.0088,-0.0210,1.0039,-0.06,0.00,-0.06,-2.69,1.27,40.67
21.288102,-0.0073,-0.0215,1.0044,0.00,0.00,-0.06,-2.69,1.27,40.67
21.348986,-0.0078,-0.0215,1.0039,0.00,0.00,-0.06,-2.69,1.27,40.67
21.348986,-0.0078,-0.0215,1.0034,0.00,0.00,-0.12,-2.69,1.27,40.67
21.378252,-0.0093,-0.0215,1.0034,0.00,0.00,-0.06,-2.69,1.27,40.67
21.378252,-0.0083,-0.0215,1.0034,0.00,0.06,-0.06,-2.69,1.27,40.67
21.409007,-0.0098,-0.0205,1.0039,0.00,0.00,0.00,-2.69,1.27,40.67
21.409007,-0.0088,-0.0215,1.0029,0.00,0.00,0.00,-2.69,1.27,40.67
21.469039,-0.0083,-0.0215,1.0020,0.00,0.00,0.00,-2.69,1.27,40.67
21.469039,-0.0093,-0.0220,1.0020,0.00,0.00,-0.06,-2.69,1.27,40.67
21.498201,-0.0093,-0.0215,1.0029,0.00,0.00,-0.12,-2.69,1.27,40.67
21.498201,-0.0093,-0.0210,1.0034,0.00,0.00,-0.06,-2.69,1.27,40.67
21.528888,-0.0093,-0.0210,1.0034,0.00,0.00,0.00,-2.69,1.27,40.67
21.528888,-0.0083,-0.0220,1.0029,0.00,0.00,0.00,-2.69,1.27,40.67
21.588165,-0.0088,-0.0220,1.0029,0.06,0.00,-0.06,-2.69,1.27,40.67
21.588165,-0.0103,-0.0210,1.0034,0.12,0.00,0.00,-2.69,1.27,40.67
21.618935,-0.0088,-0.0210,1.0044,0.00,0.00,0.00,-2.69,1.27,40.68
21.618935,-0.0098,-0.0205,1.0034,-0.06,0.00,-0.06,-2.69,1.27,40.68
21.648145,-0.0083,-0.0220,1.0024,-0.12,0.00,-0.06,-2.69,1.27,40.68
21.648145,-0.0078,-0.0229,1.0029,-0.12,0.00,-0.06,-2.69,1.27,40.68
21.708933,-0.0083,-0.0215,1.0034,0.00,0.00,0.00,-2.69,1.27,40.68
21.708933,-0.0093,-0.0215,1.0039,0.00,0.00,-0.06,-2.69,1.27,40.68
21.739261,-0.0083,-0.0215,1.0039,0.00,0.00,-0.06,-2.69,1.27,40.68
21.739261,-0.0073,-0.0210,1.0049,0.06,0.00,0.00,-2.69,1.27,40.68
21.768232,-0.0078,-0.0215,1.0034,0.12,0.00,0.00,-2.69,1.27,40.68
21.768232,-0.0083,-0.0210,1.0039,0.12,0.00,-0.06,-2.69,1.27,40.68
21.828264,-0.0088,-0.0210,1.0034,0.00,0.00,0.00,-2.69,1.27,40.68
21.828264,-0.0083,-0.0215,1.0034,0.00,0.00,-0.12,-2.69,1.27,40.68
21.858957,-0.0083,-0.0215,1.0039,-0.06,-0.06,-0.06,-2.69,1.27,40.68
21.858957,-0.0088,-0.0210,1.0039,0.00,0.00,-0.06,-2.69,1.27,40.68
21.888289,-0.0078,-0.0215,1.0034,0.00,0.00,-0.06,-2.69,1.27,40.68
21.888289,-0.0088,-0.0225,1.0024,0.00,0.00,-0.06,-2.69,1.27,40.68
21.949083,-0.0093,-0.0220,1.0034,0.06,0.00,-0.12,-2.69,1.27,40.68
21.949083,-0.0093,-0.0215,1.0024,0.06,0.00,-0.06,-2.69,1.27,40.68
21.978162,-0.0093,-0.0210,1.0034,0.12,0.00,-0.06,-2.69,1.27,40.68
21.978162,-0.0098,-0.0215,1.0024,0.00,0.00,-0.12,-2.69,1.27,40.68
22.008936,-0.0093,-0.0210,1.0029,0.00,0.06,-0.12,-2.69,1.27,40.68
22.008936,-0.0088,-0.0215,1.0039,-0.06,0.00,-0.06,-2.69,1.27,40.69
22.069063,-0.0093,-0.0220,1.0039,-0.06,0.00,0.00,-2.69,1.27,40.69
22.069063,-0.0083,-0.0215,1.0034,0.00,0.00,-0.06,-2.69,1.27,40.69
22.098115,-0.0093,-0.0210,1.0034,0.00,0.00,0.00,-2.69,1.27,40.69
22.098115,-0.0088,-0.0215,1.0034,0.00,0.00,0.00,-2.69,1.27,40.69
22.128924,-0.0088,-0.0220,1.0034,0.00,0.00,-0.06,-2.69,1.27,40.69
22.128924,-0.0088,-0.0225,1.0034,0.06,0.00,0.00,-2.69,1.27,40.69
22.189324,-0.0088,-0.0210,1.0034,0.06,0.00,-0.06,-2.69,1.27,40.69
22.189324,-0.0088,-0.0205,1.0029,0.00,0.00,0.00,-2.69,1.27,40.69
22.218205,-0.0083,-0.0215,1.0029,0.00,-0.06,-0.06,-2.69,1.27,40.69
22.218205,-0.0088,-0.0215,1.0034,0.00,-0.06,-0.06,-2.69,1.27,40.69
22.278976,-0.0088,-0.0210,1.0039,0.00,0.00,-0.06,-2.69,1.27,40.69
22.278976,-0.0088,-0.0215,1.0034,0.00,0.00,-0.12,-2.69,1.27,40.69
22.322745,-0.0083,-0.0210,1.0024,0.00,0.00,-0.06,-2.69,1.27,40.69
22.322745,-0.0093,-0.0210,1.0034,-0.06,0.00,-0.06,-2.69,1.27,40.69
22.339096,-0.0083,-0.0210,1.0034,0.00,0.00,-0.06,-2.69,1.27,40.69
22.339096,-0.0078,-0.0215,1.0034,-0.06,0.00,0.00,-2.69,1.27,40.69
22.398951,-0.0073,-0.0220,1.0029,0.00,0.00,-0.06,-2.69,1.27,40.69
22.398951,-0.0083,-0.0220,1.0029,0.00,0.00,-0.06,-2.69,1.27,40.69
22.428102,-0.0078,-0.0220,1.0029,0.00,0.00,-0.06,-2.69,1.27,40.69
22.428102,-0.0093,-0.0215,1.0039,0.00,0.00,-0.06,-2.69,1.27,40.69
22.458962,-0.0083,-0.0210,1.0039,0.06,0.00,-0.06,-2.69,1.27,40.69
22.458962,-0.0083,-0.0210,1.0034,0.00,0.00,-0.12,-2.69,1.27,40.70
22.519009,-0.0093,-0.0215,1.0039,0.00,0.00,-0.12,-2.69,1.27,40.70
22.519009,-0.0083,-0.0215,1.0039,0.00,0.00,-0.06,-2.69,1.27,40.70
22.548216,-0.0088,-0.0205,1.0034,0.00,0.00,-0.06,-2.69,1.27,40.70
22.548216,-0.0093,-0.0215,1.0034,0.00,0.00,-0.12,-2.69,1.27,40.70
22.578916,-0.0083,-0.0220,1.0024,0.00,0.00,-0.12,-2.69,1.27,40.70
22.578916,-0.0093,-0.0210,1.0034,0.00,0.00,-0.12,-2.69,1.27,40.70
22.639236,-0.0093,-0.0210,1.0034,0.06,0.00,-0.06,-2.69,1.27,40.70
22.639236,-0.0093,-0.0205,1.0044,0.00,0.00,-0.06,-2.69,1.27,40.70
22.668197,-0.0093,-0.0225,1.0044,0.00,0.00,-0.06,-2.69,1.27,40.70
22.668197,-0.0093,-0.0210,1.0029,0.00,0.00,-0.06,-2.69,1.27,40.70
22.698889,-0.0093,-0.0215,1.0034,0.00,-0.06,-0.06,-2.69,1.27,40.70
22.698889,-0.0098,-0.0210,1.0034,0.00,0.00,0.00,-2.69,1.27,40.70
22.758969,-0.0088,-0.0220,1.0034,0.00,0.00,0.00,-2.69,1.27,40.70
22.758969,-0.0083,-0.0210,1.0034,0.00,0.00,0.00,-2.69,1.27,40.70
22.788204,-0.0083,-0.0210,1.0044,0.00,0.00,-0.06,-2.69,1.27,40.70
22.788204,-0.0078,-0.0215,1.0034,0.00,0.00,0.00,-2.69,1.27,40.70
22.819288,-0.0083,-0.0215,1.0039,0.00,0.00,-0.12,-2.69,1.27,40.70
22.819288,-0.0083,-0.0210,1.0049,0.06,-0.06,-0.06,-2.69,1.27,40.70
22.880494,-0.0083,-0.0215,1.0034,0.00,0.00,-0.06,-2.69,1.27,40.70
22.880494,-0.0083,-0.0215,1.0039,0.06,0.00,-0.06,-2.69,1.27,40.70
22.908765,-0.0083,-0.0205,1.0039,0.00,0.00,-0.18,-2.69,1.27,40.70
22.908765,-0.0078,-0.0210,1.0024,0.00,0.00,-0.06,-2.69,1.27,40.71
22.939285,-0.0078,-0.0215,1.0034,0.00,0.00,-0.06,-2.69,1.27,40.71
22.939285,-0.0078,-0.0210,1.0034,0.00,0.06,-0.06,-2.69,1.27,40.71
22.998985,-0.0093,-0.0210,1.0039,0.00,0.00,-0.06,-2.69,1.27,40.71
22.998985,-0.0083,-0.0205,1.0039,0.00,0.00,-0.06,-2.69,1.27,40.71
23.028222,-0.0088,-0.0210,1.0034,0.00,0.00,-0.06,-2.69,1.27,40.71
23.028222,-0.0088,-0.0210,1.0039,0.00,0.00,-0.06,-2.69,1.27,40.71
23.059060,-0.0088,-0.0215,1.0034,0.00,0.00,-0.12,-2.69,1.27,40.71
23.059060,-0.0083,-0.0215,1.0024,0.00,0.00,-0.12,-2.69,1.27,40.71
23.118950,-0.0088,-0.0215,1.0039,0.00,0.00,-0.06,-2.69,1.27,40.71
23.118950,-0.0088,-0.0210,1.0034,0.00,0.00,0.00,-2.69,1.27,40.71
23.148217,-0.0088,-0.0215,1.0034,0.00,0.00,-0.06,-2.69,1.27,40.72
23.148217,-0.0088,-0.0215,1.0044,0.00,0.00,-0.06,-2.69,1.27,40.72
23.178957,-0.0088,-0.0215,1.0039,0.00,0.00,-0.06,-2.69,1.27,40.72
23.178957,-0.0098,-0.0210,1.0034,0.00,0.00,-0.06,-2.69,1.27,40.72
23.238509,-0.0098,-0.0215,1.0044,0.00,0.00,-0.06,-2.69,1.27,40.72
23.238509,-0.0093,-0.0215,1.0044,0.00,0.00,-0.06,-2.69,1.27,40.72
23.269423,-0.0088,-0.0210,1.0029,0.00,0.00,-0.12,-2.69,1.27,40.72
23.269423,-0.0093,-0.0220,1.0034,0.06,0.00,-0.06,-2.69,1.27,40.72
23.298201,-0.0088,-0.0215,1.0034,0.00,0.00,-0.06,-2.69,1.27,40.72
23.298201,-0.0093,-0.0220,1.0024,0.00,0.00,-0.06,-2.69,1.27,40.72
23.358875,-0.0093,-0.0210,1.0034,0.00,0.00,-0.06,-2.69,1.27,40.72
23.358875,-0.0088,-0.0200,1.0029,0.00,0.00,-0.06,-2.69,1.27,40.72
23.388205,-0.0083,-0.0215,1.0039,0.00,0.00,-0.06,-2.69,1.27,40.72
23.388205,-0.0073,-0.0210,1.0049,0.00,0.00,-0.12,-2.69,1.27,40.72
23.418837,-0.0083,-0.0215,1.0044,0.00,0.00,-0.06,-2.69,1.27,40.72
23.418837,-0.0083,-0.0215,1.0034,0.00,0.00,-0.06,-2.69,1.27,40.72
23.479019,-0.0083,-0.0215,1.0039,0.00,0.00,-0.06,-2.69,1.27,40.72
23.479019,-0.0083,-0.0220,1.0024,0.00,0.00,-0.06,-2.69,1.27,40.72
23.508160,-0.0088,-0.0205,1.0029,0.00,0.00,-0.06,-2.69,1.27,40.72
23.508160,-0.0088,-0.0215,1.0029,0.00,0.00,0.00,-2.69,1.27,40.72
23.538431,-0.0088,-0.0210,1.0029,0.00,0.00,-0.06,-2.69,1.27,40.72
23.538431,-0.0078,-0.0225,1.0029,0.00,0.00,0.00,-2.69,1.27,40.72
23.599030,-0.0088,-0.0210,1.0029,0.00,0.00,-0.12,-2.69,1.27,40.72
23.599030,-0.0083,-0.0215,1.0034,0.00,0.00,-0.12,-2.69,1.27,40.72
23.628216,-0.0098,-0.0220,1.0039,0.00,0.00,-0.06,-2.69,1.27,40.73
23.628216,-0.0088,-0.0215,1.0024,0.00,0.00,0.00,-2.69,1.27,40.73
23.692052,-0.0083,-0.0205,1.0029,0.00,0.00,-0.06,-2.69,1.27,40.73
23.692052,-0.0083,-0.0210,1.0034,0.00,0.00,-0.06,-2.69,1.27,40.73
23.718949,-0.0088,-0.0210,1.0034,0.00,0.00,-0.06,-2.69,1.27,40.73
23.718949,-0.0083,-0.0210,1.0029,0.00,0.00,-0.12,-2.69,1.27,40.73
23.790141,-0.0088,-0.0210,1.0039,0.00,0.00,-0.06,-2.69,1.27,40.73
23.790141,-0.0088,-0.0205,1.0039,0.00,0.06,-0.12,-2.69,1.27,40.73
23.821084,-0.0088,-0.0215,1.0039,0.00,0.00,-0.06,-2.69,1.27,40.73
23.821084,-0.0093,-0.0220,1.0039,-0.06,0.00,-0.06,-2.69,1.27,40.73
23.838322,-0.0088,-0.0210,1.0039,0.00,0.00,-0.06,-2.69,1.27,40.73
23.838322,-0.0093,-0.0205,1.0029,0.00,0.00,-0.12,-2.69,1.27,40.73
23.868817,-0.0083,-0.0215,1.0024,0.00,0.00,-0.06,-2.69,1.27,40.73
23.868817,-0.0093,-0.0215,1.0034,0.00,0.00,-0.06,-2.69,1.27,40.73
23.928869,-0.0093,-0.0215,1.0024,0.00,0.00,-0.06,-2.69,1.27,40.73
23.928869,-0.0093,-0.0215,1.0039,0.00,0.00,-0.06,-2.69,1.27,40.73
23.958101,-0.0088,-0.0210,1.0039,0.00,0.00,-0.06,-2.69,1.27,40.73
23.958101,-0.0078,-0.0200,1.0039,0.00,0.00,-0.06,-2.69,1.27,40.73
23.988878,-0.0083,-0.0210,1.0044,0.00,0.00,-0.06,-2.69,1.27,40.73
23.988878,-0.0083,-0.0215,1.0029,0.06,0.00,-0.06,-2.69,1.27,40.73
24.048019,-0.0088,-0.0215,1.0029,0.00,0.00,0.00,-2.69,1.27,40.73
24.048019,-0.0083,-0.0215,1.0034,0.00,0.00,-0.06,-2.69,1.27,40.73
24.078995,-0.0083,-0.0210,1.0029,0.00,0.06,-0.06,-2.69,1.27,40.73
24.078995,-0.0088,-0.0220,1.0020,0.00,0.00,-0.06,-2.69,1.27,40.73
24.108302,-0.0083,-0.0215,1.0024,0.00,0.00,-0.06,-2.69,1.27,40.74
24.108302,-0.0078,-0.0215,1.0034,0.00,0.00,-0.12,-2.69,1.27,40.74
24.171698,-0.0093,-0.0210,1.0029,-0.06,-0.06,0.00,-2.69,1.27,40.74
24.171698,-0.0083,-0.0210,1.0034,0.00,0.00,-0.06,-2.69,1.27,40.74
24.198739,-0.0088,-0.0210,1.0039,0.00,0.00,-0.06,-2.69,1.27,40.74
24.198739,-0.0083,-0.0210,1.0029,0.00,0.00,-0.12,-2.69,1.27,40.74
24.228178,-0.0098,-0.0220,1.0029,0.00,0.00,-0.12,-2.69,1.27,40.74
24.228178,-0.0088,-0.0220,1.0034,-0.06,0.00,-0.06,-2.69,1.27,40.74
24.288995,-0.0083,-0.0220,1.0034,-0.06,0.00,-0.06,-2.69,1.27,40.74
24.288995,-0.0093,-0.0215,1.0034,0.00,0.00,-0.06,-2.69,1.27,40.74
24.318276,-0.0083,-0.0215,1.0029,0.00,0.00,-0.06,-2.69,1.27,40.74
24.318276,-0.0083,-0.0215,1.0034,0.00,0.00,-0.06,-2.69,1.27,40.74
24.363927,-0.0083,-0.0215,1.0034,0.00,0.00,-0.06,-2.69,1.27,40.74
24.363927,-0.0093,-0.0210,1.0039,0.00,0.00,-0.06,-2.69,1.27,40.74
24.409019,-0.0088,-0.0210,1.0034,0.00,0.00,-0.06,-2.69,1.27,40.74
24.409019,-0.0088,-0.0220,1.0034,0.00,0.00,-0.06,-2.69,1.27,40.74
24.438519,-0.0083,-0.0215,1.0039,0.00,0.00,-0.06,-2.69,1.27,40.74
24.438519,-0.0088,-0.0220,1.0029,0.00,0.00,-0.06,-2.69,1.27,40.74
24.468918,-0.0093,-0.0210,1.0034,0.00,0.00,-0.06,-2.69,1.27,40.74
24.468918,-0.0078,-0.0210,1.0029,0.00,0.00,-0.12,-2.69,1.27,40.74
24.529074,-0.0088,-0.0210,1.0034,0.00,0.00,-0.06,-2.69,1.27,40.74
24.529074,-0.0083,-0.0215,1.0039,0.00,0.00,0.00,-2.69,1.27,40.74
24.558247,-0.0083,-0.0215,1.0034,0.00,0.00,-0.12,-2.69,1.27,40.74
24.558247,-0.0083,-0.0215,1.0029,0.00,0.00,-0.06,-2.69,1.27,40.74
24.598540,-0.0083,-0.0215,1.0039,0.00,0.00,0.00,-2.69,1.27,40.74
24.598540,-0.0078,-0.0220,1.0034,0.00,0.00,-0.06,-2.69,1.27,40.74
24.648358,-0.0088,-0.0210,1.0029,0.00,0.00,-0.06,-2.69,1.27,40.74
24.648358,-0.0088,-0.0210,1.0034,0.00,-0.06,-0.06,-2.69,1.27,40.75
24.678271,-0.0093,-0.0215,1.0044,0.00,0.00,-0.12,-2.69,1.27,40.75
24.678271,-0.0088,-0.0210,1.0039,-0.06,0.00,-0.12,-2.69,1.27,40.75
24.709075,-0.0088,-0.0215,1.0039,0.00,0.00,0.00,-2.69,1.27,40.75
24.709075,-0.0088,-0.0210,1.0034,0.00,0.00,-0.06,-2.69,1.27,40.75
24.801124,-0.0088,-0.0215,1.0029,0.00,0.00,-0.06,-2.69,1.27,40.75
24.801124,-0.0083,-0.0220,1.0034,0.00,0.00,0.00,-2.69,1.27,40.75
24.801288,-0.0083,-0.0215,1.0034,0.00,0.00,-0.12,-2.69,1.27,40.75
24.801288,-0.0088,-0.0210,1.0034,0.00,0.00,-0.06,-2.69,1.27,40.75
24.831007,-0.0088,-0.0225,1.0034,0.00,0.00,0.00,-2.69,1.27,40.75
24.831007,-0.0088,-0.0215,1.0034,-0.06,0.00,-0.06,-2.69,1.27,40.75
24.888874,-0.0078,-0.0215,1.0039,0.00,0.00,-0.06,-2.69,1.27,40.75
24.888874,-0.0083,-0.0215,1.0039,0.00,0.00,0.00,-2.69,1.27,40.75
24.922723,-0.0088,-0.0210,1.0029,0.00,0.00,-0.12,-2.69,1.27,40.75
24.922723,-0.0083,-0.0205,1.0024,0.00,0.00,-0.06,-2.69,1.27,40.75
24.948938,-0.0083,-0.0215,1.0044,0.00,0.00,-0.06,-2.69,1.27,40.75
24.948938,-0.0078,-0.0215,1.0029,0.00,0.00,-0.12,-2.69,1.27,40.75
25.009076,-0.0083,-0.0215,1.0044,0.00,0.00,-0.06,-2.69,1.27,40.75
25.009076,-0.0088,-0.0210,1.0034,0.00,0.00,0.00,-2.69,1.27,40.75
25.039459,-0.0078,-0.0205,1.0044,0.00,0.00,0.00,-2.69,1.27,40.75
25.039459,-0.0078,-0.0215,1.0029,0.00,0.00,-0.12,-2.69,1.27,40.75
25.099396,-0.0078,-0.0210,1.0034,0.00,0.00,-0.06,-2.69,1.27,40.75
25.099396,-0.0088,-0.0225,1.0034,0.06,0.00,-0.06,-2.69,1.27,40.75
25.128282,-0.0088,-0.0215,1.0029,0.00,0.00,-0.06,-2.69,1.27,40.75
25.128282,-0.0093,-0.0215,1.0034,0.00,0.00,-0.06,-2.69,1.27,40.75
25.158992,-0.0083,-0.0220,1.0034,0.00,0.00,-0.06,-2.69,1.27,40.75
25.158992,-0.0098,-0.0210,1.0034,0.00,0.00,0.00,-2.69,1.27,40.75
25.219092,-0.0083,-0.0220,1.0029,0.00,0.00,0.00,-2.69,1.27,40.76
25.219092,-0.0083,-0.0220,1.0034,0.00,0.00,0.00,-2.69,1.27,40.76
25.248086,-0.0088,-0.0215,1.0029,0.00,0.00,-0.06,-2.69,1.27,40.76
25.248086,-0.0088,-0.0215,1.0029,0.00,0.00,0.00,-2.69,1.27,40.76
25.278303,-0.0088,-0.0205,1.0034,0.00,0.00,-0.06,-2.69,1.27,40.76
25.278303,-0.0088,-0.0215,1.0044,0.00,0.00,0.00,-2.69,1.27,40.76
25.340245,-0.0078,-0.0210,1.0034,0.00,0.00,-0.06,-2.69,1.27,40.76
25.340245,-0.0078,-0.0215,1.0024,0.00,0.00,-0.06,-2.69,1.27,40.76
25.377650,-0.0083,-0.0210,1.0029,-0.06,0.00,-0.12,-2.69,1.27,40.76
25.377650,-0.0093,-0.0210,1.0039,0.00,0.00,0.00,-2.69,1.27,40.76
25.398192,-0.0093,-0.0205,1.0024,0.00,0.00,-0.06,-2.69,1.27,40.76
25.398192,-0.0093,-0.0205,1.0020,0.00,0.00,-0.06,-2.69,1.27,40.76
25.461733,-0.0088,-0.0215,1.0034,0.00,0.00,-0.06,-2.69,1.27,40.76
25.461733,-0.0088,-0.0215,1.0029,0.00,0.00,-0.12,-2.69,1.27,40.76
25.488878,-0.0083,-0.0210,1.0029,0.00,0.00,-0.06,-2.69,1.27,40.76
25.488878,-0.0083,-0.0215,1.0029,0.00,0.00,-0.06,-2.69,1.27,40.76
25.519068,-0.0078,-0.0220,1.0039,0.00,0.00,-0.06,-2.69,1.27,40.76
25.519068,-0.0088,-0.0215,1.0029,0.00,0.00,-0.12,-2.69,1.27,40.76
25.579166,-0.0088,-0.0215,1.0039,0.00,0.00,-0.06,-2.69,1.27,40.76
25.579166,-0.0088,-0.0220,1.0024,0.00,0.00,-0.06,-2.69,1.27,40.76
25.609231,-0.0073,-0.0210,1.0029,0.00,0.00,-0.06,-2.69,1.27,40.76
25.609231,-0.0088,-0.0210,1.0044,0.00,0.00,-0.06,-2.69,1.27,40.76
25.638368,-0.0093,-0.0205,1.0034,0.00,0.00,-0.06,-2.69,1.27,40.76
25.638368,-0.0088,-0.0210,1.0034,0.00,0.00,-0.06,-2.69,1.27,40.76
25.698284,-0.0083,-0.0220,1.0034,0.00,-0.06,-0.12,-2.69,1.27,40.76
25.698284,-0.0088,-0.0215,1.0029,0.06,0.00,-0.06,-2.69,1.27,40.76
25.728390,-0.0083,-0.0215,1.0024,0.00,0.00,0.00,-2.69,1.27,40.76
25.728390,-0.0078,-0.0220,1.0034,0.00,0.00,-0.06,-2.69,1.27,40.76
25.759127,-0.0078,-0.0225,1.0024,0.00,0.00,-0.06,-2.69,1.27,40.77
25.759127,-0.0083,-0.0210,1.0029,0.00,0.00,-0.06,-2.69,1.27,40.77
25.819140,-0.0083,-0.0210,1.0029,0.00,0.00,-0.06,-2.69,1.27,40.77
25.819140,-0.0088,-0.0215,1.0029,0.00,0.06,-0.12,-2.69,1.27,40.77
25.848239,-0.0083,-0.0215,1.0039,0.00,0.06,-0.06,-2.69,1.27,40.77
25.848239,-0.0093,-0.0205,1.0039,0.00,0.00,-0.06,-2.69,1.27,40.77
25.879046,-0.0088,-0.0215,1.0039,0.00,0.00,-0.06,-2.69,1.27,40.77
25.879046,-0.0088,-0.0215,1.0029,0.06,0.00,-0.06,-2.69,1.27,40.77
25.939401,-0.0088,-0.0215,1.0029,0.00,0.00,-0.06,-2.69,1.27,40.77
25.939401,-0.0083,-0.0210,1.0039,0.00,0.00,-0.06,-2.69,1.27,40.77
25.970932,-0.0088,-0.0210,1.0039,0.00,0.00,-0.06,-2.69,1.27,40.77
25.970932,-0.0093,-0.0215,1.0029,0.00,0.00,-0.12,-2.69,1.27,40.77
26.007980,-0.0093,-0.0210,1.0029,0.00,0.00,-0.12,-2.69,1.27,40.77
26.007980,-0.0088,-0.0205,1.0034,0.00,0.00,-0.06,-2.69,1.27,40.77
26.059118,-0.0088,-0.0210,1.0034,0.00,0.00,-0.06,-2.69,1.27,40.77
26.059118,-0.0093,-0.0215,1.0029,0.00,0.00,0.00,-2.69,1.27,40.78
26.088398,-0.0078,-0.0205,1.0034,0.00,0.00,-0.06,-2.69,1.27,40.78
26.088398,-0.0088,-0.0220,1.0034,0.00,0.00,0.00,-2.69,1.27,40.78
26.122957,-0.0083,-0.0215,1.0024,0.00,0.00,-0.06,-2.69,1.27,40.78
26.122957,-0.0093,-0.0220,1.0034,0.00,0.00,-0.12,-2.69,1.27,40.78
26.179022,-0.0088,-0.0215,1.0034,0.00,0.06,-0.12,-2.69,1.27,40.78
26.179022,-0.0083,-0.0215,1.0039,0.00,0.00,0.00,-2.69,1.27,40.78
26.208288,-0.0083,-0.0215,1.0029,0.06,0.00,-0.12,-2.69,1.27,40.78
26.208288,-0.0093,-0.0210,1.0029,0.06,0.00,-0.12,-2.69,1.27,40.78
26.250208,-0.0083,-0.0210,1.0039,0.06,0.00,0.00,-2.69,1.27,40.78
26.250208,-0.0073,-0.0205,1.0039,0.00,0.00,-0.12,-2.69,1.27,40.78
26.298561,-0.0083,-0.0215,1.0034,0.06,0.00,-0.06,-2.69,1.27,40.78
26.298561,-0.0083,-0.0205,1.0034,0.00,0.00,-0.12,-2.69,1.27,40.78
26.329090,-0.0088,-0.0210,1.0029,0.00,0.00,-0.12,-2.69,1.27,40.78
26.329090,-0.0078,-0.0215,1.0029,-0.06,0.00,0.00,-2.69,1.27,40.78
26.358363,-0.0088,-0.0210,1.0034,0.00,0.00,-0.06,-2.69,1.27,40.78
26.358363,-0.0088,-0.0210,1.0024,0.00,0.00,-0.06,-2.69,1.27,40.78
26.419067,-0.0088,-0.0215,1.0029,0.00,0.00,-0.06,-2.69,1.27,40.78
26.419067,-0.0083,-0.0220,1.0029,0.00,0.00,-0.06,-2.69,1.27,40.78
26.448154,-0.0083,-0.0220,1.0034,0.00,0.00,-0.06,-2.69,1.27,40.78
26.448154,-0.0088,-0.0220,1.0024,0.00,0.06,0.00,-2.69,1.27,40.78
26.508133,-0.0088,-0.0215,1.0034,0.00,0.00,-0.06,-2.69,1.27,40.78
26.508133,-0.0083,-0.0205,1.0029,0.00,0.00,-0.06,-2.69,1.27,40.78
26.539648,-0.0093,-0.0215,1.0034,0.00,0.00,-0.06,-2.69,1.27,40.78
26.539648,-0.0088,-0.0215,1.0034,0.00,-0.06,-0.06,-2.69,1.27,40.78
26.568271,-0.0093,-0.0210,1.0024,0.00,0.00,-0.06,-2.69,1.27,40.78
26.568271,-0.0083,-0.0210,1.0029,0.00,0.00,0.00,-2.69,1.27,40.78
26.629119,-0.0088,-0.0210,1.0039,0.00,0.00,0.00,-2.69,1.27,40.78
26.629119,-0.0088,-0.0215,1.0034,0.00,0.00,-0.06,-2.69,1.27,40.78
26.658225,-0.0083,-0.0215,1.0024,0.00,0.00,-0.06,-2.69,1.27,40.78
26.658225,-0.0083,-0.0215,1.0029,0.00,0.00,-0.06,-2.69,1.27,40.79
26.689284,-0.0088,-0.0215,1.0029,0.00,0.00,-0.06,-2.69,1.27,40.79
26.689284,-0.0093,-0.0215,1.0029,0.00,0.00,-0.06,-2.69,1.27,40.79
26.749251,-0.0083,-0.0210,1.0024,0.00,0.00,-0.06,-2.69,1.27,40.79
26.749251,-0.0093,-0.0210,1.0039,0.00,0.00,-0.06,-2.69,1.27,40.79
26.779039,-0.0083,-0.0215,1.0034,0.00,0.00,0.00,-2.69,1.27,40.79
26.779039,-0.0088,-0.0215,1.0034,0.00,0.00,-0.06,-2.69,1.27,40.79
26.808310,-0.0088,-0.0215,1.0034,0.00,0.00,-0.12,-2.69,1.27,40.79
26.808310,-0.0088,-0.0215,1.0034,0.00,0.00,-0.06,-2.69,1.27,40.79
26.870956,-0.0093,-0.0215,1.0034,0.00,0.00,0.00,-2.69,1.27,40.79
26.870956,-0.0088,-0.0215,1.0029,0.00,0.00,0.00,-2.69,1.27,40.79
26.898247,-0.0088,-0.0215,1.0024,0.00,0.00,-0.06,-2.69,1.27,40.79
26.898247,-0.0078,-0.0210,1.0029,0.00,0.00,-0.06,-2.69,1.27,40.79
26.929124,-0.0078,-0.0210,1.0039,0.00,0.00,-0.06,-2.69,1.27,40.79
26.929124,-0.0088,-0.0210,1.0034,0.00,0.00,-0.06,-2.69,1.27,40.79
26.989191,-0.0093,-0.0215,1.0024,0.00,0.00,-0.06,-2.69,1.27,40.79
26.989191,-0.0093,-0.0210,1.0034,0.00,0.00,-0.06,-2.69,1.27,40.79
27.022669,-0.0093,-0.0210,1.0024,0.00,0.00,-0.06,-2.69,1.27,40.79
27.022669,-0.0088,-0.0215,1.0034,0.00,0.00,0.00,-2.69,1.27,40.79
27.048371,-0.0088,-0.0215,1.0024,0.00,0.00,0.00,-2.69,1.27,40.79
27.048371,-0.0088,-0.0205,1.0024,0.00,0.00,-0.06,-2.69,1.27,40.79
27.109160,-0.0083,-0.0220,1.0034,0.00,0.00,-0.06,-2.69,1.27,40.79
27.109160,-0.0088,-0.0210,1.0029,0.00,0.00,-0.12,-2.69,1.27,40.79
27.139309,-0.0083,-0.0220,1.0034,0.00,0.00,0.00,-2.69,1.27,40.79
27.139309,-0.0083,-0.0215,1.0034,0.00,0.00,-0.06,-2.69,1.27,40.79
27.168815,-0.0083,-0.0210,1.0039,0.00,0.00,-0.06,-2.69,1.27,40.79
27.168815,-0.0083,-0.0215,1.0044,0.00,0.00,-0.06,-2.69,1.27,40.79
27.230159,-0.0083,-0.0215,1.0044,0.00,0.00,-0.06,-2.69,1.27,40.79
27.230159,-0.0083,-0.0220,1.0039,0.00,0.00,0.00,-2.69,1.27,40.79
27.259164,-0.0088,-0.0215,1.0029,0.00,0.00,-0.06,-2.69,1.27,40.79
27.259164,-0.0093,-0.0215,1.0034,0.00,0.00,-0.06,-2.69,1.27,40.79
27.288227,-0.0083,-0.0215,1.0039,0.00,0.00,-0.06,-2.69,1.27,40.79
27.288227,-0.0093,-0.0210,1.0039,0.06,0.00,-0.06,-2.69,1.27,40.80
27.349243,-0.0088,-0.0215,1.0029,0.00,0.00,-0.06,-2.69,1.27,40.80
27.349243,-0.0088,-0.0215,1.0024,0.00,0.00,0.00,-2.69,1.27,40.80
27.378345,-0.0088,-0.0210,1.0034,0.00,0.00,-0.06,-2.69,1.27,40.80
27.378345,-0.0078,-0.0210,1.0039,0.00,0.00,-0.06,-2.69,1.27,40.80
27.424670,-0.0093,-0.0210,1.0034,0.00,0.00,-0.06,-2.69,1.27,40.80
27.424670,-0.0083,-0.0215,1.0034,0.00,0.00,-0.06,-2.69,1.27,40.80
27.469074,-0.0083,-0.0220,1.0039,0.00,0.06,-0.12,-2.69,1.27,40.80
27.469074,-0.0083,-0.0215,1.0029,0.00,0.00,-0.06,-2.69,1.27,40.80
27.498209,-0.0088,-0.0215,1.0039,0.00,0.00,-0.12,-2.69,1.27,40.80
27.498209,-0.0083,-0.0215,1.0034,0.00,0.00,-0.06,-2.69,1.27,40.80
27.528331,-0.0088,-0.0205,1.0039,0.00,0.00,-0.06,-2.69,1.27,40.80
27.528331,-0.0088,-0.0215,1.0039,0.00,0.00,-0.12,-2.69,1.27,40.80
27.589176,-0.0088,-0.0215,1.0034,0.00,0.00,-0.12,-2.69,1.27,40.80
27.589176,-0.0088,-0.0215,1.0039,0.00,0.00,-0.06,-2.69,1.27,40.80
27.618539,-0.0088,-0.0210,1.0039,0.00,0.00,-0.06,-2.69,1.27,40.80
27.618539,-0.0088,-0.0210,1.0034,0.00,0.00,0.00,-2.69,1.27,40.80
27.649126,-0.0093,-0.0215,1.0039,0.00,0.00,-0.06,-2.69,1.27,40.80
27.649126,-0.0088,-0.0220,1.0029,0.00,0.00,-0.06,-2.69,1.27,40.80
27.709165,-0.0083,-0.0215,1.0039,0.00,0.00,-0.06,-2.69,1.27,40.80
27.709165,-0.0088,-0.0210,1.0034,0.00,0.00,0.00,-2.69,1.27,40.80
27.741369,-0.0088,-0.0210,1.0034,0.00,0.00,-0.06,-2.69,1.27,40.80
27.741369,-0.0088,-0.0220,1.0034,0.00,0.00,-0.06,-2.69,1.27,40.80
27.771092,-0.0083,-0.0215,1.0039,0.00,0.00,0.00,-2.69,1.27,40.80
27.771092,-0.0083,-0.0220,1.0039,0.00,0.00,-0.12,-2.69,1.27,40.80
27.829143,-0.0093,-0.0215,1.0034,0.00,0.00,-0.06,-2.69,1.27,40.80
27.829143,-0.0088,-0.0215,1.0034,0.00,0.00,0.00,-2.69,1.27,40.80
27.858465,-0.0083,-0.0215,1.0034,0.00,0.00,-0.06,-2.69,1.27,40.80
27.858465,-0.0088,-0.0215,1.0029,0.00,0.00,-0.06,-2.69,1.27,40.80
27.919119,-0.0083,-0.0220,1.0029,0.06,0.00,-0.06,-2.69,1.27,40.80
27.919119,-0.0088,-0.0220,1.0039,0.00,0.00,-0.06,-2.69,1.27,40.80
27.953399,-0.0093,-0.0215,1.0049,0.00,0.00,-0.06,-2.69,1.27,40.80
27.953399,-0.0083,-0.0210,1.0039,0.00,0.00,0.00,-2.69,1.27,40.80
27.978968,-0.0088,-0.0210,1.0029,0.00,0.00,-0.06,-2.69,1.27,40.81
27.978968,-0.0083,-0.0205,1.0039,0.00,0.00,0.00,-2.69,1.27,40.81
28.038775,-0.0073,-0.0215,1.0039,0.00,0.00,0.00,-2.69,1.27,40.81
28.038775,-0.0088,-0.0215,1.0029,0.00,0.00,0.00,-2.69,1.27,40.81
28.071092,-0.0088,-0.0215,1.0039,0.00,0.00,-0.06,-2.69,1.27,40.81
28.071092,-0.0088,-0.0215,1.0034,0.00,0.00,0.00,-2.69,1.27,40.81
28.101107,-0.0088,-0.0215,1.0039,0.00,0.00,-0.06,-2.69,1.27,40.81
28.101107,-0.0093,-0.0215,1.0039,0.00,0.00,-0.06,-2.69,1.27,40.81
28.158803,-0.0093,-0.0220,1.0029,0.00,0.00,-0.06,-2.69,1.27,40.81
28.158803,-0.0088,-0.0220,1.0034,0.00,0.00,-0.06,-2.69,1.27,40.81
28.189141,-0.0088,-0.0215,1.0034,0.00,0.00,-0.06,-2.69,1.27,40.81
28.189141,-0.0083,-0.0215,1.0034,0.06,0.00,0.00,-2.69,1.27,40.81
28.218365,-0.0088,-0.0220,1.0039,0.00,0.00,-0.06,-2.69,1.27,40.81
28.218365,-0.0088,-0.0215,1.0034,0.00,0.00,-0.06,-2.69,1.27,40.81
28.279171,-0.0078,-0.0205,1.0034,0.00,0.00,-0.12,-2.69,1.27,40.81
28.279171,-0.0083,-0.0210,1.0034,0.00,-0.06,-0.06,-2.69,1.27,40.81
28.308361,-0.0088,-0.0210,1.0034,0.00,0.00,-0.12,-2.69,1.27,40.81
28.308361,-0.0088,-0.0210,1.0034,0.00,0.00,0.00,-2.69,1.27,40.81
28.339462,-0.0083,-0.0215,1.0034,0.00,0.00,-0.12,-2.69,1.27,40.81
28.339462,-0.0088,-0.0215,1.0039,0.00,0.00,-0.06,-2.69,1.27,40.81
28.400834,-0.0088,-0.0220,1.0034,0.06,0.00,-0.06,-2.69,1.27,40.81
28.400834,-0.0093,-0.0210,1.0039,0.00,0.00,-0.06,-2.69,1.27,40.81
28.433582,-0.0098,-0.0215,1.0039,0.00,0.00,-0.06,-2.69,1.27,40.81
28.433582,-0.0083,-0.0210,1.0029,0.00,0.00,-0.06,-2.69,1.27,40.81
28.459098,-0.0088,-0.0215,1.0034,-0.12,0.00,-0.06,-2.69,1.27,40.81
28.459098,-0.0093,-0.0215,1.0029,0.00,0.00,-0.12,-2.69,1.27,40.81
28.519167,-0.0078,-0.0215,1.0034,-0.06,0.00,-0.06,-2.69,1.27,40.81
28.519167,-0.0088,-0.0215,1.0034,0.00,0.00,-0.06,-2.69,1.27,40.81
28.548318,-0.0093,-0.0215,1.0029,0.00,0.00,-0.06,-2.69,1.27,40.81
28.548318,-0.0083,-0.0210,1.0029,0.00,0.00,-0.12,-2.69,1.27,40.81
28.579515,-0.0098,-0.0210,1.0034,0.00,0.00,-0.12,-2.69,1.27,40.81
28.579515,-0.0083,-0.0210,1.0034,0.06,0.00,-0.06,-2.69,1.27,40.81
28.674914,-0.0088,-0.0215,1.0034,0.00,0.00,-0.06,-2.69,1.27,40.81
28.674914,-0.0093,-0.0215,1.0044,-0.06,0.00,-0.06,-2.69,1.27,40.81
28.675066,-0.0083,-0.0205,1.0039,0.00,0.00,-0.06,-2.69,1.27,40.81
28.675066,-0.0078,-0.0210,1.0044,0.00,0.00,-0.06,-2.69,1.27,40.82
28.701122,-0.0093,-0.0215,1.0039,0.00,0.00,0.00,-2.69,1.27,40.82
28.701122,-0.0088,-0.0210,1.0039,0.00,0.00,-0.06,-2.69,1.27,40.82
28.768756,-0.0088,-0.0220,1.0029,0.00,0.00,0.00,-2.69,1.27,40.82
28.768756,-0.0088,-0.0215,1.0034,0.00,0.00,-0.06,-2.69,1.27,40.82
28.789026,-0.0093,-0.0220,1.0034,0.00,0.00,-0.06,-2.69,1.27,40.82
28.789026,-0.0083,-0.0210,1.0034,0.00,0.00,-0.06,-2.69,1.27,40.82
28.818389,-0.0088,-0.0215,1.0029,0.00,0.00,-0.06,-2.69,1.27,40.82
28.818389,-0.0088,-0.0215,1.0024,0.00,0.00,-0.06,-2.69,1.27,40.82
28.879213,-0.0088,-0.0220,1.0039,0.00,0.00,-0.06,-2.69,1.27,40.82
28.879213,-0.0088,-0.0220,1.0020,0.00,0.00,-0.06,-2.69,1.27,40.82
28.908944,-0.0098,-0.0210,1.0039,0.00,0.00,-0.06,-2.69,1.28,40.82
28.908944,-0.0088,-0.0215,1.0029,0.00,0.00,-0.12,-2.69,1.28,40.82
28.939920,-0.0088,-0.0215,1.0024,0.00,0.00,-0.06,-2.69,1.28,40.82
28.939920,-0.0083,-0.0215,1.0039,0.00,0.00,-0.12,-2.69,1.28,40.82
28.999042,-0.0083,-0.0210,1.0039,0.00,0.00,-0.06,-2.69,1.28,40.82
28.999042,-0.0088,-0.0215,1.0034,0.00,0.06,-0.12,-2.69,1.28,40.82
29.028669,-0.0083,-0.0215,1.0044,0.00,0.00,-0.06,-2.69,1.28,40.82
29.028669,-0.0083,-0.0215,1.0029,0.00,0.00,-0.06,-2.69,1.28,40.83
29.059080,-0.0093,-0.0215,1.0029,0.00,0.00,-0.06,-2.69,1.28,40.83
29.059080,-0.0088,-0.0205,1.0034,0.00,0.00,-0.06,-2.69,1.28,40.83
29.119274,-0.0083,-0.0210,1.0034,0.00,0.00,-0.06,-2.69,1.28,40.83
29.119274,-0.0083,-0.0210,1.0029,0.00,0.00,-0.06,-2.69,1.28,40.83
29.148389,-0.0078,-0.0210,1.0029,0.00,0.00,-0.06,-2.69,1.28,40.83
29.148389,-0.0088,-0.0215,1.0034,0.00,0.00,-0.06,-2.69,1.28,40.83
29.179156,-0.0083,-0.0205,1.0029,0.00,0.00,-0.06,-2.69,1.28,40.83
29.179156,-0.0088,-0.0215,1.0029,0.00,0.00,-0.06,-2.69,1.27,40.83
29.239608,-0.0088,-0.0210,1.0034,0.00,0.00,-0.06,-2.69,1.27,40.83
29.239608,-0.0083,-0.0215,1.0029,0.00,0.00,-0.06,-2.69,1.27,40.83
29.268346,-0.0093,-0.0210,1.0034,0.06,0.00,-0.12,-2.69,1.27,40.83
29.268346,-0.0083,-0.0210,1.0029,0.00,0.00,-0.06,-2.69,1.27,40.83
29.328327,-0.0078,-0.0210,1.0044,0.00,0.00,0.00,-2.69,1.27,40.83
29.328327,-0.0083,-0.0210,1.0039,0.00,0.00,-0.06,-2.69,1.27,40.83
29.359256,-0.0088,-0.0210,1.0034,0.00,0.00,0.00,-2.69,1.27,40.83
29.359256,-0.0088,-0.0210,1.0039,0.00,0.00,-0.06,-2.69,1.27,40.83
29.388506,-0.0093,-0.0210,1.0039,0.00,0.00,-0.06,-2.69,1.27,40.83
29.388506,-0.0088,-0.0210,1.0024,0.00,0.00,-0.06,-2.69,1.27,40.83
29.458697,-0.0088,-0.0215,1.0034,0.00,0.00,-0.12,-2.69,1.27,40.83
29.458697,-0.0083,-0.0215,1.0034,0.00,0.00,-0.06,-2.69,1.27,40.83
29.496495,-0.0093,-0.0210,1.0039,0.00,0.00,-0.06,-2.69,1.27,40.83
29.496495,-0.0083,-0.0215,1.0039,0.00,0.00,-0.06,-2.69,1.27,40.83
29.509124,-0.0088,-0.0215,1.0039,0.00,0.00,-0.06,-2.69,1.27,40.83
29.509124,-0.0088,-0.0220,1.0034,0.06,0.00,0.00,-2.69,1.28,40.83
29.569136,-0.0083,-0.0215,1.0034,0.00,0.00,-0.06,-2.69,1.28,40.83
29.569136,-0.0083,-0.0229,1.0029,0.00,0.00,-0.06,-2.69,1.28,40.83
29.601082,-0.0088,-0.0220,1.0044,0.00,0.00,-0.12,-2.69,1.27,40.83
29.601082,-0.0093,-0.0220,1.0039,0.00,0.00,0.00,-2.69,1.27,40.83
29.631099,-0.0088,-0.0210,1.0044,0.00,0.00,-0.06,-2.69,1.28,40.83
29.631099,-0.0088,-0.0210,1.0039,0.00,0.00,-0.06,-2.69,1.28,40.83
29.689812,-0.0088,-0.0215,1.0034,0.00,0.00,-0.12,-2.69,1.28,40.83
29.689812,-0.0088,-0.0215,1.0039,0.00,0.00,-0.06,-2.69,1.28,40.83
29.718400,-0.0088,-0.0210,1.0034,0.06,0.00,-0.12,-2.69,1.28,40.83
29.718400,-0.0078,-0.0215,1.0034,0.00,0.00,0.00,-2.69,1.28,40.83
29.748413,-0.0088,-0.0210,1.0034,0.00,0.00,0.00,-2.69,1.28,40.83
29.748413,-0.0083,-0.0205,1.0039,0.00,0.00,-0.06,-2.69,1.28,40.83
29.809119,-0.0088,-0.0220,1.0034,0.00,0.00,-0.12,-2.69,1.28,40.83
29.809119,-0.0078,-0.0210,1.0034,0.00,0.00,-0.12,-2.69,1.28,40.83
29.839389,-0.0083,-0.0205,1.0029,0.00,0.00,-0.06,-2.69,1.28,40.84
29.839389,-0.0078,-0.0220,1.0039,0.00,0.00,0.00,-2.69,1.28,40.84
29.869544,-0.0088,-0.0225,1.0039,0.00,0.00,-0.06,-2.69,1.28,40.84
29.869544,-0.0083,-0.0220,1.0039,0.00,0.00,-0.12,-2.69,1.28,40.84
29.929088,-0.0083,-0.0210,1.0034,0.00,0.00,-0.06,-2.69,1.27,40.84
29.929088,-0.0088,-0.0215,1.0039,0.00,0.00,-0.06,-2.69,1.27,40.84
29.958497,-0.0083,-0.0220,1.0039,0.00,0.00,-0.06,-2.69,1.27,40.84
29.958497,-0.0083,-0.0210,1.0039,0.00,0.00,-0.06,-2.69,1.27,40.84
29.989098,-0.0093,-0.0220,1.0029,0.00,0.00,-0.06,-2.69,1.27,40.84
29.989098,-0.0093,-0.0215,1.0029,0.00,0.00,-0.06,-2.69,1.27,40.84
30.049205,-0.0078,-0.0210,1.0029,0.00,0.00,-0.12,-2.69,1.27,40.84
30.049205,-0.0093,-0.0205,1.0039,0.00,0.00,-0.06,-2.69,1.27,40.84
30.078378,-0.0093,-0.0210,1.0034,0.00,0.00,-0.06,-2.69,1.27,40.84
30.078378,-0.0083,-0.0210,1.0024,0.06,0.00,-0.06,-2.69,1.27,40.84
30.109224,-0.0083,-0.0205,1.0039,0.00,0.00,-0.06,-2.69,1.27,40.84
30.109224,-0.0088,-0.0210,1.0029,0.00,0.00,-0.06,-2.69,1.28,40.84
30.169211,-0.0088,-0.0210,1.0034,0.00,0.00,-0.06,-2.69,1.28,40.84
30.169211,-0.0083,-0.0210,1.0029,0.00,0.00,-0.06,-2.69,1.28,40.84
30.198353,-0.0088,-0.0210,1.0029,0.00,0.00,0.00,-2.69,1.28,40.84
30.198353,-0.0083,-0.0220,1.0039,0.00,0.00,-0.12,-2.69,1.28,40.84
30.229112,-0.0078,-0.0215,1.0039,0.00,-0.06,-0.06,-2.69,1.28,40.84
30.229112,-0.0088,-0.0210,1.0039,0.00,0.00,-0.06,-2.69,1.28,40.84
30.291137,-0.0088,-0.0215,1.0039,0.06,0.00,-0.12,-2.69,1.28,40.84
30.291137,-0.0083,-0.0210,1.0034,0.00,0.00,-0.06,-2.69,1.27,40.84
30.319711,-0.0088,-0.0210,1.0044,0.00,0.00,0.00,-2.69,1.27,40.84
30.319711,-0.0088,-0.0225,1.0039,0.00,0.00,0.00,-2.69,1.27,40.84
30.350449,-0.0083,-0.0205,1.0034,-0.06,0.00,-0.06,-2.69,1.27,40.84
30.350449,-0.0083,-0.0210,1.0039,0.00,0.00,-0.06,-2.69,1.27,40.84
30.408584,-0.0078,-0.0210,1.0034,0.00,0.00,-0.06,-2.69,1.27,40.84
30.408584,-0.0093,-0.0210,1.0039,0.00,-0.06,-0.12,-2.69,1.27,40.84
30.439470,-0.0093,-0.0215,1.0039,0.06,0.00,-0.06,-2.69,1.27,40.84
30.439470,-0.0088,-0.0220,1.0034,0.00,0.00,-0.06,-2.69,1.27,40.84
30.468449,-0.0083,-0.0210,1.0039,0.00,0.00,-0.06,-2.69,1.27,40.84
30.468449,-0.0088,-0.0220,1.0039,0.00,0.00,-0.06,-2.69,1.27,40.84
30.529171,-0.0093,-0.0215,1.0049,0.00,0.00,-0.06,-2.69,1.27,40.84
30.529171,-0.0093,-0.0220,1.0034,0.00,0.00,0.00,-2.69,1.27,40.84
30.562309,-0.0088,-0.0220,1.0044,0.00,0.00,-0.06,-2.69,1.28,40.84
30.562309,-0.0093,-0.0210,1.0044,0.00,0.00,-0.12,-2.69,1.28,40.84
30.588935,-0.0088,-0.0215,1.0034,0.00,0.00,-0.12,-2.69,1.28,40.84
30.588935,-0.0083,-0.0215,1.0034,0.00,0.00,-0.12,-2.69,1.28,40.84
30.649182,-0.0088,-0.0210,1.0044,0.00,0.06,-0.12,-2.69,1.28,40.84
30.649182,-0.0078,-0.0215,1.0034,0.00,0.00,0.00,-2.69,1.28,40.85
30.678533,-0.0088,-0.0215,1.0024,0.00,-0.06,-0.12,-2.69,1.28,40.85
30.678533,-0.0093,-0.0210,1.0034,-0.06,0.00,-0.06,-2.69,1.28,40.85
30.738882,-0.0088,-0.0210,1.0039,0.00,0.00,-0.06,-2.69,1.28,40.85
30.738882,-0.0088,-0.0215,1.0029,0.00,0.00,-0.06,-2.69,1.28,40.85
30.771199,-0.0088,-0.0220,1.0029,0.00,0.00,-0.12,-2.69,1.28,40.85
30.771199,-0.0088,-0.0215,1.0024,0.00,0.00,-0.12,-2.69,1.28,40.85
30.801119,-0.0078,-0.0215,1.0034,0.00,0.00,-0.06,-2.69,1.28,40.85
30.801119,-0.0088,-0.0220,1.0029,0.00,0.00,-0.12,-2.69,1.28,40.85
30.859213,-0.0088,-0.0210,1.0024,0.00,0.06,-0.06,-2.69,1.28,40.85
30.859213,-0.0093,-0.0210,1.0029,0.00,0.00,0.00,-2.69,1.28,40.85
30.888478,-0.0083,-0.0215,1.0029,0.00,0.00,-0.06,-2.69,1.28,40.85
30.888478,-0.0088,-0.0215,1.0029,-0.06,0.00,-0.06,-2.69,1.28,40.85
30.924180,-0.0088,-0.0215,1.0034,0.00,0.00,-0.06,-2.69,1.28,40.85
30.924180,-0.0088,-0.0220,1.0029,0.00,0.00,0.00,-2.69,1.28,40.85
30.979197,-0.0093,-0.0205,1.0029,0.00,0.00,-0.06,-2.69,1.28,40.85
30.979197,-0.0088,-0.0215,1.0024,0.00,0.00,-0.06,-2.69,1.28,40.85
31.008388,-0.0093,-0.0215,1.0029,0.00,0.00,-0.06,-2.69,1.28,40.85
31.008388,-0.0093,-0.0205,1.0039,0.00,0.00,-0.06,-2.69,1.28,40.85
31.039479,-0.0088,-0.0205,1.0029,0.00,0.00,-0.06,-2.69,1.28,40.85
31.039479,-0.0083,-0.0210,1.0024,-0.06,0.00,-0.06,-2.69,1.28,40.85
31.099322,-0.0088,-0.0215,1.0034,0.00,0.00,-0.06,-2.69,1.28,40.85
31.099322,-0.0088,-0.0220,1.0034,0.00,0.00,0.00,-2.69,1.28,40.85
31.128381,-0.0083,-0.0215,1.0029,0.00,0.00,-0.12,-2.69,1.28,40.85
31.128381,-0.0098,-0.0210,1.0034,0.06,0.00,-0.06,-2.69,1.28,40.85
31.159223,-0.0093,-0.0205,1.0034,0.06,0.00,-0.06,-2.69,1.28,40.85
31.159223,-0.0093,-0.0210,1.0039,0.00,0.00,-0.12,-2.69,1.28,40.85
31.219700,-0.0088,-0.0200,1.0039,0.00,0.00,-0.06,-2.69,1.28,40.85
31.219700,-0.0083,-0.0215,1.0034,-0.06,0.00,-0.06,-2.69,1.28,40.85
31.249131,-0.0088,-0.0210,1.0029,0.00,0.00,-0.06,-2.69,1.28,40.85
31.249131,-0.0088,-0.0205,1.0029,0.00,0.00,0.00,-2.69,1.28,40.85
31.278373,-0.0083,-0.0210,1.0029,0.00,0.00,-0.12,-2.69,1.28,40.85
31.278373,-0.0093,-0.0220,1.0034,0.00,0.00,-0.06,-2.69,1.28,40.85
31.339776,-0.0083,-0.0210,1.0024,0.00,0.00,-0.06,-2.69,1.28,40.85
31.339776,-0.0083,-0.0205,1.0029,0.00,0.00,-0.12,-2.69,1.28,40.85
31.371265,-0.0078,-0.0220,1.0039,0.00,0.00,-0.06,-2.69,1.28,40.85
31.371265,-0.0088,-0.0210,1.0029,0.00,0.00,-0.06,-2.69,1.28,40.85
31.401166,-0.0088,-0.0200,1.0020,0.00,0.00,-0.06,-2.69,1.28,40.85
31.401166,-0.0088,-0.0215,1.0034,0.00,0.00,0.00,-2.69,1.28,40.85
31.459265,-0.0088,-0.0215,1.0029,0.00,0.00,-0.12,-2.69,1.28,40.85
31.459265,-0.0088,-0.0220,1.0029,0.00,0.00,-0.06,-2.69,1.28,40.85
31.488521,-0.0088,-0.0210,1.0034,0.00,0.00,0.00,-2.69,1.28,40.85
31.488521,-0.0093,-0.0210,1.0034,0.00,0.00,-0.06,-2.69,1.28,40.86
31.535085,-0.0093,-0.0215,1.0029,0.00,0.00,-0.06,-2.69,1.28,40.86
31.535085,-0.0083,-0.0210,1.0029,0.06,0.00,-0.12,-2.69,1.28,40.86
31.579196,-0.0078,-0.0210,1.0024,0.00,0.00,0.00,-2.69,1.28,40.86
31.579196,-0.0083,-0.0215,1.0015,0.00,0.00,-0.12,-2.69,1.28,40.86
31.608499,-0.0083,-0.0210,1.0029,0.00,0.00,0.00,-2.69,1.28,40.86
31.608499,-0.0083,-0.0215,1.0024,0.00,0.00,0.00,-2.69,1.28,40.86
31.639507,-0.0083,-0.0215,1.0039,0.00,0.00,0.00,-2.69,1.28,40.86
31.639507,-0.0083,-0.0215,1.0039,0.00,0.00,-0.06,-2.69,1.28,40.86
31.700846,-0.0088,-0.0205,1.0034,0.00,0.00,-0.06,-2.69,1.28,40.86
31.700846,-0.0088,-0.0210,1.0029,0.00,0.00,0.00,-2.69,1.28,40.86
31.728328,-0.0083,-0.0210,1.0029,0.00,0.00,-0.06,-2.69,1.28,40.86
31.728328,-0.0083,-0.0215,1.0029,0.00,0.00,-0.12,-2.69,1.28,40.86
31.758440,-0.0088,-0.0220,1.0024,0.00,0.00,-0.06,-2.69,1.28,40.86
31.758440,-0.0088,-0.0215,1.0020,0.00,0.00,-0.06,-2.69,1.28,40.86
31.819304,-0.0088,-0.0215,1.0034,0.00,0.00,0.00,-2.69,1.28,40.86
31.819304,-0.0078,-0.0210,1.0029,0.00,0.00,-0.06,-2.69,1.28,40.86
31.848463,-0.0088,-0.0220,1.0029,0.06,0.00,-0.06,-2.69,1.28,40.86
31.848463,-0.0078,-0.0215,1.0020,0.00,0.00,-0.12,-2.69,1.28,40.86
31.885852,-0.0088,-0.0210,1.0020,0.00,0.00,-0.06,-2.69,1.28,40.86
31.885852,-0.0083,-0.0210,1.0020,0.00,0.00,-0.06,-2.69,1.28,40.86
31.939592,-0.0093,-0.0210,1.0020,0.00,0.00,-0.06,-2.69,1.28,40.86
31.939592,-0.0093,-0.0215,1.0015,0.00,0.00,-0.06,-2.69,1.28,40.86
31.968457,-0.0093,-0.0215,1.0024,0.00,0.00,0.00,-2.69,1.28,40.86
31.968457,-0.0088,-0.0215,1.0029,0.00,0.00,0.00,-2.69,1.28,40.86
31.999284,-0.0088,-0.0215,1.0034,0.06,0.00,-0.06,-2.69,1.28,40.86
31.999284,-0.0093,-0.0210,1.0034,0.00,-0.06,-0.06,-2.69,1.28,40.86
32.059224,-0.0088,-0.0220,1.0024,0.00,0.00,0.00,-2.69,1.28,40.86
32.059224,-0.0093,-0.0220,1.0029,0.00,0.00,-0.06,-2.69,1.28,40.86
32.088785,-0.0098,-0.0210,1.0029,0.00,0.00,-0.06,-2.69,1.28,40.86
32.088785,-0.0093,-0.0215,1.0034,0.00,0.00,-0.12,-2.69,1.28,40.86
32.149248,-0.0088,-0.0220,1.0029,0.00,0.00,-0.06,-2.69,1.28,40.86
32.149248,-0.0078,-0.0210,1.0039,0.00,0.00,-0.06,-2.69,1.28,40.86
32.178437,-0.0088,-0.0210,1.0039,0.00,0.00,-0.12,-2.69,1.28,40.86
32.178437,-0.0078,-0.0215,1.0039,0.00,0.00,-0.06,-2.69,1.28,40.86
32.209268,-0.0078,-0.0210,1.0029,0.00,0.00,-0.06,-2.69,1.28,40.86
32.209268,-0.0088,-0.0220,1.0029,0.00,0.00,-0.06,-2.69,1.28,40.86
32.269198,-0.0083,-0.0220,1.0044,0.00,0.00,-0.06,-2.69,1.28,40.86
32.269198,-0.0083,-0.0220,1.0034,0.00,0.00,-0.12,-2.69,1.28,40.86
32.301947,-0.0093,-0.0215,1.0020,0.00,0.00,-0.06,-2.69,1.28,40.86
32.301947,-0.0088,-0.0215,1.0020,0.00,0.00,-0.06,-2.69,1.28,40.86
32.329277,-0.0088,-0.0210,1.0029,0.00,0.00,-0.06,-2.69,1.28,40.86
32.329277,-0.0093,-0.0205,1.0034,0.00,0.00,-0.06,-2.69,1.28,40.86
32.388563,-0.0083,-0.0205,1.0029,0.00,0.00,-0.06,-2.69,1.28,40.86
32.388563,-0.0083,-0.0215,1.0034,0.00,0.00,-0.06,-2.69,1.28,40.86
32.418854,-0.0088,-0.0220,1.0039,0.00,0.00,-0.06,-2.69,1.28,40.86
32.418854,-0.0093,-0.0215,1.0029,0.00,0.00,-0.06,-2.69,1.28,40.87
32.479405,-0.0088,-0.0220,1.0029,0.00,0.00,-0.06,-2.69,1.28,40.87
32.479405,-0.0093,-0.0215,1.0034,0.00,0.00,-0.06,-2.69,1.28,40.87
32.508569,-0.0088,-0.0210,1.0029,0.00,0.00,-0.06,-2.69,1.28,40.87
32.508569,-0.0088,-0.0220,1.0024,0.00,0.00,0.00,-2.69,1.28,40.87
32.554249,-0.0078,-0.0215,1.0029,0.00,0.00,-0.06,-2.69,1.28,40.87
32.554249,-0.0088,-0.0215,1.0034,0.00,0.00,-0.12,-2.69,1.28,40.87
32.568679,-0.0078,-0.0210,1.0034,0.00,0.00,-0.06,-2.69,1.28,40.87
32.568679,-0.0093,-0.0220,1.0024,0.00,0.00,-0.06,-2.69,1.28,40.87
32.629304,-0.0093,-0.0210,1.0024,0.00,0.00,0.00,-2.69,1.28,40.87
32.629304,-0.0083,-0.0210,1.0029,0.00,0.00,-0.06,-2.69,1.28,40.87
32.658524,-0.0083,-0.0210,1.0034,0.00,0.00,0.00,-2.69,1.28,40.87
32.658524,-0.0088,-0.0215,1.0029,0.00,0.00,-0.06,-2.69,1.28,40.87
32.689239,-0.0083,-0.0205,1.0029,0.00,0.00,-0.06,-2.69,1.28,40.87
32.689239,-0.0083,-0.0210,1.0034,0.00,0.00,-0.06,-2.69,1.28,40.87
32.748561,-0.0083,-0.0210,1.0039,0.00,0.00,-0.12,-2.69,1.28,40.87
32.748561,-0.0083,-0.0215,1.0034,0.00,0.06,-0.06,-2.69,1.28,40.87
32.779225,-0.0078,-0.0210,1.0029,0.00,0.00,-0.06,-2.69,1.28,40.87
32.779225,-0.0088,-0.0210,1.0024,0.00,0.00,0.00,-2.69,1.28,40.87
32.808528,-0.0088,-0.0215,1.0024,0.00,0.00,-0.06,-2.69,1.28,40.87
32.808528,-0.0083,-0.0215,1.0034,0.00,0.00,-0.06,-2.69,1.28,40.87
32.869287,-0.0093,-0.0220,1.0024,0.00,0.00,-0.06,-2.69,1.28,40.87
32.869287,-0.0083,-0.0220,1.0024,0.00,0.00,-0.06,-2.69,1.28,40.87
32.901166,-0.0093,-0.0215,1.0029,0.00,0.00,-0.06,-2.69,1.28,40.87
32.901166,-0.0078,-0.0215,1.0029,0.00,0.00,0.00,-2.69,1.28,40.87
32.931198,-0.0093,-0.0210,1.0029,0.06,0.00,0.00,-2.69,1.28,40.87
32.931198,-0.0088,-0.0215,1.0020,0.00,0.00,-0.06,-2.69,1.28,40.87
32.994798,-0.0088,-0.0215,1.0020,0.00,0.00,-0.06,-2.69,1.28,40.87
32.994798,-0.0088,-0.0215,1.0029,0.00,0.00,-0.06,-2.69,1.28,40.87
33.021544,-0.0088,-0.0210,1.0034,0.00,0.00,-0.06,-2.69,1.28,40.87
33.021544,-0.0083,-0.0215,1.0015,0.00,0.00,-0.06,-2.69,1.28,40.87
33.048492,-0.0093,-0.0210,1.0029,0.00,0.00,-0.06,-2.69,1.28,40.87
33.048492,-0.0088,-0.0205,1.0034,0.00,0.00,-0.12,-2.69,1.28,40.87
33.109321,-0.0093,-0.0215,1.0029,0.00,0.00,-0.06,-2.69,1.28,40.87
33.109321,-0.0088,-0.0215,1.0024,0.00,0.00,0.00,-2.69,1.28,40.87
33.139570,-0.0088,-0.0215,1.0015,0.00,0.00,-0.12,-2.69,1.28,40.87
33.139570,-0.0088,-0.0210,1.0029,0.00,0.00,-0.06,-2.69,1.28,40.87
33.168486,-0.0083,-0.0210,1.0034,0.00,0.00,0.00,-2.69,1.28,40.87
33.168486,-0.0083,-0.0220,1.0024,0.00,0.00,-0.06,-2.69,1.28,40.87
33.229264,-0.0088,-0.0220,1.0044,0.00,0.00,-0.18,-2.69,1.28,40.87
33.229264,-0.0083,-0.0210,1.0029,0.00,0.00,-0.06,-2.69,1.28,40.87
33.258464,-0.0088,-0.0215,1.0020,0.06,0.00,-0.06,-2.69,1.28,40.87
33.258464,-0.0088,-0.0215,1.0034,0.06,0.00,-0.06,-2.69,1.28,40.87
33.293896,-0.0083,-0.0220,1.0024,0.00,0.00,-0.12,-2.69,1.28,40.87
33.293896,-0.0088,-0.0210,1.0034,0.00,0.00,-0.06,-2.69,1.28,40.87
33.349368,-0.0088,-0.0220,1.0029,0.00,0.00,0.00,-2.69,1.28,40.87
33.349368,-0.0093,-0.0215,1.0039,0.00,0.00,0.00,-2.69,1.28,40.87
33.378661,-0.0088,-0.0210,1.0029,0.00,0.00,0.00,-2.69,1.28,40.87
33.378661,-0.0083,-0.0210,1.0039,0.00,0.00,0.00,-2.69,1.28,40.87
33.409331,-0.0093,-0.0220,1.0044,0.00,0.00,-0.06,-2.69,1.28,40.88
33.409331,-0.0088,-0.0220,1.0034,0.00,0.00,-0.12,-2.69,1.28,40.88
33.468608,-0.0098,-0.0210,1.0024,0.06,0.00,-0.06,-2.69,1.28,40.88
33.468608,-0.0088,-0.0210,1.0034,0.00,0.00,-0.06,-2.69,1.28,40.88
33.499334,-0.0093,-0.0220,1.0044,0.00,0.00,-0.06,-2.69,1.28,40.88
33.499334,-0.0088,-0.0215,1.0034,0.00,0.00,-0.06,-2.69,1.28,40.88
33.559253,-0.0083,-0.0220,1.0024,0.00,0.00,-0.06,-2.69,1.28,40.88
33.559253,-0.0088,-0.0225,1.0039,0.00,0.00,-0.06,-2.69,1.28,40.88
33.605351,-0.0088,-0.0215,1.0034,0.00,0.00,-0.06,-2.69,1.28,40.88
33.605351,-0.0083,-0.0215,1.0039,0.06,0.00,-0.06,-2.69,1.28,40.88
33.619235,-0.0088,-0.0215,1.0039,0.00,0.06,-0.12,-2.69,1.28,40.88
33.619235,-0.0088,-0.0210,1.0034,0.06,0.00,0.00,-2.69,1.28,40.88
33.678505,-0.0093,-0.0215,1.0034,0.00,0.00,-0.06,-2.69,1.28,40.88
33.678505,-0.0093,-0.0215,1.0034,0.00,0.00,-0.18,-2.69,1.28,40.88
33.709747,-0.0093,-0.0215,1.0029,0.00,0.00,-0.06,-2.69,1.28,40.88
33.709747,-0.0093,-0.0215,1.0039,0.00,0.00,-0.12,-2.69,1.28,40.88
33.739831,-0.0088,-0.0215,1.0044,-0.06,0.00,-0.06,-2.69,1.28,40.88
33.739831,-0.0083,-0.0220,1.0034,0.00,0.00,-0.06,-2.69,1.28,40.88
33.799260,-0.0088,-0.0215,1.0039,0.00,0.00,0.00,-2.69,1.28,40.88
33.799260,-0.0093,-0.0210,1.0039,0.00,0.00,-0.12,-2.69,1.28,40.88
33.828659,-0.0088,-0.0210,1.0034,0.00,0.00,-0.12,-2.69,1.28,40.88
33.828659,-0.0088,-0.0215,1.0034,0.00,0.00,-0.06,-2.69,1.28,40.88
33.859345,-0.0083,-0.0215,1.0024,0.00,0.00,-0.06,-2.69,1.28,40.88
33.859345,-0.0093,-0.0210,1.0029,0.00,0.00,-0.06,-2.69,1.28,40.88
33.919245,-0.0078,-0.0215,1.0029,0.00,0.00,-0.06,-2.69,1.28,40.88
33.919245,-0.0088,-0.0205,1.0024,0.00,0.00,-0.06,-2.69,1.28,40.88
33.948401,-0.0093,-0.0210,1.0044,0.00,0.00,0.00,-2.69,1.28,40.89
33.948401,-0.0093,-0.0215,1.0029,0.00,0.00,-0.06,-2.69,1.28,40.89
33.978639,-0.0093,-0.0215,1.0034,0.00,0.00,-0.06,-2.69,1.28,40.89
33.978639,-0.0083,-0.0215,1.0034,0.00,0.00,-0.06,-2.69,1.28,40.89
34.069255,-0.0093,-0.0220,1.0029,0.00,0.00,-0.06,-2.69,1.28,40.89
34.069255,-0.0083,-0.0220,1.0020,0.00,0.00,-0.06,-2.69,1.28,40.89
34.071504,-0.0088,-0.0210,1.0034,-0.06,0.00,-0.06,-2.69,1.28,40.89
34.071504,-0.0088,-0.0215,1.0029,0.00,0.00,-0.06,-2.69,1.28,40.89
34.101383,-0.0088,-0.0220,1.0034,0.00,0.00,-0.12,-2.69,1.28,40.89
34.101383,-0.0088,-0.0220,1.0034,0.06,0.00,-0.12,-2.69,1.28,40.89
34.159240,-0.0088,-0.0210,1.0044,0.00,0.00,0.00,-2.69,1.28,40.89
34.159240,-0.0088,-0.0215,1.0039,0.00,0.00,0.00,-2.69,1.28,40.89
34.189239,-0.0088,-0.0210,1.0029,0.00,0.00,-0.06,-2.69,1.28,40.89
34.189239,-0.0083,-0.0205,1.0029,0.00,0.00,0.00,-2.69,1.28,40.89
34.218395,-0.0078,-0.0210,1.0029,0.00,0.00,-0.06,-2.69,1.28,40.89
34.218395,-0.0078,-0.0215,1.0039,0.00,0.00,-0.06,-2.69,1.28,40.89
34.279288,-0.0083,-0.0215,1.0034,0.06,0.00,-0.12,-2.69,1.28,40.89
34.279288,-0.0088,-0.0215,1.0044,0.00,0.00,0.00,-2.69,1.28,40.89
34.308822,-0.0083,-0.0205,1.0044,0.00,0.00,-0.06,-2.69,1.28,40.89
34.308822,-0.0083,-0.0215,1.0034,0.00,0.00,-0.06,-2.69,1.28,40.89
34.339349,-0.0083,-0.0210,1.0034,0.00,0.00,-0.06,-2.69,1.28,40.89
34.339349,-0.0083,-0.0215,1.0039,0.00,0.00,-0.06,-2.69,1.28,40.89
34.399210,-0.0088,-0.0215,1.0039,0.00,0.00,-0.06,-2.69,1.28,40.89
34.399210,-0.0083,-0.0215,1.0034,0.00,0.00,-0.06,-2.69,1.28,40.89
34.428395,-0.0088,-0.0210,1.0039,0.00,0.00,-0.12,-2.69,1.28,40.89
34.428395,-0.0073,-0.0220,1.0024,0.00,0.00,-0.06,-2.69,1.28,40.89
34.459129,-0.0088,-0.0225,1.0024,0.00,0.00,-0.06,-2.69,1.28,40.89
34.459129,-0.0088,-0.0215,1.0024,0.00,0.00,0.00,-2.69,1.28,40.89
34.518580,-0.0078,-0.0205,1.0034,0.00,0.00,-0.06,-2.69,1.28,40.89
34.518580,-0.0088,-0.0210,1.0020,0.00,0.00,-0.12,-2.69,1.28,40.89
34.548687,-0.0078,-0.0215,1.0034,0.00,0.00,-0.06,-2.69,1.28,40.89
34.548687,-0.0093,-0.0215,1.0034,0.00,0.00,-0.12,-2.69,1.28,40.89
34.579187,-0.0083,-0.0225,1.0039,0.00,0.00,0.00,-2.69,1.28,40.89
34.579187,-0.0083,-0.0205,1.0034,0.00,0.00,-0.06,-2.69,1.28,40.89
34.638738,-0.0088,-0.0210,1.0034,0.00,0.00,-0.06,-2.69,1.28,40.89
34.638738,-0.0093,-0.0210,1.0029,0.00,0.00,-0.06,-2.69,1.28,40.89
34.668425,-0.0083,-0.0210,1.0034,0.00,0.00,0.00,-2.69,1.28,40.89
34.668425,-0.0078,-0.0205,1.0044,0.00,0.00,-0.06,-2.69,1.28,40.89
34.698554,-0.0073,-0.0210,1.0029,0.00,0.00,-0.12,-2.69,1.28,40.89
34.698554,-0.0083,-0.0215,1.0039,0.00,0.00,-0.06,-2.69,1.28,40.89
34.776197,-0.0088,-0.0210,1.0034,0.00,0.00,-0.06,-2.69,1.28,40.89
34.776197,-0.0093,-0.0210,1.0034,0.00,0.00,-0.06,-2.69,1.28,40.89
34.813005,-0.0088,-0.0210,1.0024,0.00,0.00,0.00,-2.69,1.28,40.89
34.813005,-0.0088,-0.0215,1.0029,0.06,0.00,-0.06,-2.69,1.28,40.89
34.818451,-0.0093,-0.0215,1.0034,0.00,0.00,-0.06,-2.69,1.28,40.89
34.818451,-0.0088,-0.0220,1.0039,0.00,-0.06,-0.06,-2.69,1.28,40.89
34.878391,-0.0088,-0.0215,1.0029,0.00,0.00,-0.06,-2.69,1.28,40.89
34.878391,-0.0093,-0.0215,1.0034,0.00,0.00,0.00,-2.69,1.28,40.89
34.909494,-0.0088,-0.0210,1.0034,0.00,0.00,0.00,-2.69,1.28,40.89
34.909494,-0.0088,-0.0200,1.0029,0.00,0.00,-0.06,-2.69,1.28,40.89
34.968444,-0.0093,-0.0210,1.0024,0.00,0.00,-0.06,-2.69,1.28,40.89
34.968444,-0.0083,-0.0215,1.0034,0.00,0.00,-0.12,-2.69,1.28,40.89
34.998336,-0.0088,-0.0215,1.0034,0.06,0.00,-0.06,-2.69,1.28,40.89
34.998336,-0.0093,-0.0215,1.0044,0.00,-0.06,-0.06,-2.69,1.28,40.89
35.028402,-0.0083,-0.0210,1.0039,0.00,0.00,-0.06,-2.69,1.28,40.89
35.028402,-0.0083,-0.0210,1.0034,0.00,0.00,-0.06,-2.69,1.28,40.89
35.088684,-0.0088,-0.0220,1.0039,0.00,0.00,-0.06,-2.69,1.28,40.90
35.088684,-0.0078,-0.0215,1.0034,0.00,0.00,-0.06,-2.69,1.28,40.90
35.118411,-0.0093,-0.0215,1.0034,0.06,0.00,-0.06,-2.69,1.28,40.90
35.118411,-0.0078,-0.0210,1.0024,0.00,0.00,-0.06,-2.69,1.28,40.90
35.148327,-0.0093,-0.0210,1.0034,0.00,0.00,-0.06,-2.69,1.28,40.90
35.148327,-0.0088,-0.0215,1.0034,0.00,0.00,-0.06,-2.69,1.28,40.90
35.209307,-0.0088,-0.0210,1.0034,0.06,0.00,-0.06,-2.69,1.28,40.90
35.209307,-0.0088,-0.0210,1.0039,0.00,0.00,0.00,-2.69,1.28,40.90
35.240000,-0.0088,-0.0210,1.0039,-0.06,-0.06,0.00,-2.69,1.28,40.90
35.240000,-0.0078,-0.0205,1.0039,0.00,0.00,0.00,-2.69,1.28,40.90
35.268679,-0.0088,-0.0215,1.0029,0.00,0.00,-0.06,-2.69,1.28,40.90
35.268679,-0.0088,-0.0215,1.0034,0.00,0.00,-0.12,-2.69,1.28,40.90
35.379042,-0.0083,-0.0215,1.0034,0.00,0.00,-0.06,-2.69,1.28,40.90
35.379042,-0.0103,-0.0205,1.0034,0.00,0.00,-0.12,-2.69,1.28,40.90
35.379090,-0.0083,-0.0215,1.0029,0.00,0.00,-0.06,-2.69,1.28,40.90
35.379090,-0.0088,-0.0210,1.0034,0.00,0.00,-0.06,-2.69,1.28,40.90
35.388590,-0.0093,-0.0215,1.0044,0.00,0.00,-0.06,-2.69,1.28,40.90
35.388590,-0.0078,-0.0215,1.0039,0.06,0.00,-0.06,-2.69,1.28,40.90
35.448761,-0.0088,-0.0215,1.0029,0.00,0.00,-0.06,-2.69,1.28,40.90
35.448761,-0.0093,-0.0205,1.0039,0.00,0.00,-0.06,-2.69,1.28,40.90
35.478504,-0.0098,-0.0220,1.0034,0.00,0.00,-0.06,-2.69,1.28,40.90
35.478504,-0.0088,-0.0220,1.0034,0.00,0.00,-0.06,-2.69,1.28,40.90
35.508645,-0.0093,-0.0210,1.0034,0.00,0.00,-0.06,-2.69,1.28,40.90
35.508645,-0.0088,-0.0215,1.0044,0.00,0.00,-0.12,-2.69,1.28,40.90
35.568646,-0.0083,-0.0215,1.0034,0.06,0.00,-0.06,-2.69,1.28,40.90
35.568646,-0.0088,-0.0210,1.0029,0.00,0.00,0.00,-2.69,1.28,40.90
35.628664,-0.0088,-0.0215,1.0034,0.00,0.00,0.00,-2.69,1.28,40.90
35.628664,-0.0083,-0.0220,1.0029,0.00,0.00,-0.06,-2.69,1.28,40.90
35.671163,-0.0088,-0.0210,1.0029,0.00,0.00,-0.06,-2.69,1.28,40.90
35.671163,-0.0083,-0.0215,1.0034,0.00,0.00,-0.06,-2.69,1.28,40.90
35.688408,-0.0093,-0.0210,1.0034,0.00,0.00,-0.06,-2.69,1.28,40.90
35.688408,-0.0093,-0.0205,1.0029,0.00,0.00,-0.12,-2.69,1.28,40.90
35.718619,-0.0083,-0.0210,1.0024,0.00,0.00,-0.06,-2.69,1.28,40.90
35.718619,-0.0093,-0.0210,1.0029,0.00,0.00,-0.06,-2.69,1.28,40.90
35.748574,-0.0088,-0.0215,1.0029,0.00,0.00,-0.06,-2.69,1.28,40.90
35.748574,-0.0093,-0.0215,1.0034,0.00,0.00,0.00,-2.69,1.28,40.90
35.808571,-0.0093,-0.0210,1.0034,0.00,0.00,-0.06,-2.69,1.28,40.90
35.808571,-0.0083,-0.0210,1.0029,0.00,0.00,-0.06,-2.69,1.28,40.90
35.838783,-0.0083,-0.0205,1.0034,0.00,0.00,0.00,-2.69,1.28,40.90
35.838783,-0.0088,-0.0215,1.0039,0.00,0.00,-0.06,-2.69,1.28,40.90
35.868545,-0.0088,-0.0210,1.0015,0.00,0.00,-0.06,-2.69,1.28,40.90
35.868545,-0.0088,-0.0215,1.0024,0.00,0.00,-0.06,-2.69,1.28,40.90
35.928518,-0.0088,-0.0205,1.0044,0.06,0.00,-0.06,-2.69,1.28,40.90
35.928518,-0.0093,-0.0215,1.0039,0.06,0.00,-0.06,-2.69,1.28,40.90
35.958462,-0.0088,-0.0215,1.0034,-0.06,0.00,-0.06,-2.69,1.28,40.90
35.958462,-0.0073,-0.0220,1.0029,-0.06,0.00,-0.06,-2.69,1.28,40.90
35.988469,-0.0083,-0.0215,1.0020,0.00,0.00,-0.06,-2.69,1.28,40.90
35.988469,-0.0088,-0.0210,1.0034,0.06,0.06,-0.06,-2.69,1.28,40.90
36.048608,-0.0088,-0.0200,1.0039,0.06,0.00,0.00,-2.69,1.28,40.90
36.048608,-0.0088,-0.0215,1.0039,0.00,0.00,0.00,-2.69,1.28,40.90
36.078509,-0.0093,-0.0220,1.0044,0.00,0.00,-0.06,-2.69,1.28,40.90
36.078509,-0.0093,-0.0225,1.0044,0.00,0.00,-0.06,-2.69,1.28,40.90
36.108626,-0.0083,-0.0215,1.0039,-0.06,0.00,-0.12,-2.69,1.28,40.90
36.108626,-0.0093,-0.0220,1.0034,-0.06,0.00,-0.12,-2.69,1.28,40.90
36.168489,-0.0088,-0.0225,1.0029,-0.06,0.00,-0.06,-2.69,1.28,40.90
36.168489,-0.0083,-0.0215,1.0034,0.06,0.00,-0.06,-2.69,1.28,40.90
36.198507,-0.0098,-0.0220,1.0029,0.24,0.00,-0.06,-2.69,1.28,40.90
36.198507,-0.0083,-0.0200,1.0044,0.24,0.00,-0.12,-2.69,1.28,40.90
36.228433,-0.0083,-0.0190,1.0039,0.12,0.00,-0.06,-2.69,1.28,40.90
36.228433,-0.0088,-0.0205,1.0034,0.00,0.00,-0.06,-2.69,1.28,40.91
36.288856,-0.0083,-0.0215,1.0034,-0.06,0.00,0.00,-2.69,1.28,40.91
36.288856,-0.0088,-0.0215,1.0034,-0.06,0.00,-0.06,-2.69,1.28,40.91
36.318868,-0.0083,-0.0215,1.0044,-0.18,0.00,-0.06,-2.69,1.28,40.91
36.318868,-0.0083,-0.0210,1.0034,0.00,0.00,0.00,-2.69,1.28,40.91
36.378577,-0.0083,-0.0215,1.0039,0.00,0.00,-0.06,-2.69,1.28,40.91
36.378577,-0.0088,-0.0210,1.0044,0.06,0.00,-0.06,-2.69,1.28,40.91
36.408495,-0.0073,-0.0220,1.0044,0.06,0.00,-0.06,-2.69,1.28,40.91
36.408495,-0.0083,-0.0215,1.0044,0.00,0.00,-0.06,-2.69,1.28,40.91
36.438793,-0.0078,-0.0210,1.0044,-0.06,0.00,-0.06,-2.69,1.28,40.91
36.438793,-0.0088,-0.0210,1.0039,-0.12,0.00,0.00,-2.69,1.28,40.91
36.498459,-0.0088,-0.0220,1.0044,-0.06,0.00,-0.06,-2.69,1.28,40.91
36.498459,-0.0088,-0.0215,1.0029,-0.06,0.00,-0.06,-2.69,1.28,40.91
36.528512,-0.0088,-0.0215,1.0034,0.00,0.00,-0.06,-2.69,1.28,40.91
36.528512,-0.0088,-0.0210,1.0034,0.06,0.00,-0.06,-2.69,1.28,40.91
36.558499,-0.0088,-0.0220,1.0029,0.06,0.00,-0.06,-2.69,1.28,40.91
36.558499,-0.0093,-0.0220,1.0024,0.06,0.06,-0.06,-2.69,1.28,40.91
36.618602,-0.0088,-0.0215,1.0039,0.06,0.00,-0.12,-2.69,1.28,40.91
36.618602,-0.0093,-0.0210,1.0029,0.00,0.00,-0.06,-2.69,1.28,40.91
36.648501,-0.0088,-0.0210,1.0029,-0.06,0.00,-0.06,-2.69,1.28,40.91
36.648501,-0.0098,-0.0220,1.0029,-0.06,0.00,-0.06,-2.69,1.28,40.91
36.690822,-0.0088,-0.0220,1.0034,0.00,0.00,-0.06,-2.69,1.28,40.91
36.690822,-0.0093,-0.0215,1.0029,0.00,0.00,0.00,-2.69,1.29,40.91
36.738899,-0.0088,-0.0210,1.0034,0.00,0.00,-0.06,-2.69,1.29,40.91
36.738899,-0.0088,-0.0215,1.0029,0.00,0.00,-0.12,-2.69,1.29,40.91
36.768561,-0.0088,-0.0220,1.0034,0.00,0.00,-0.06,-2.69,1.29,40.91
36.768561,-0.0088,-0.0225,1.0034,0.00,0.00,-0.06,-2.69,1.29,40.91
36.798583,-0.0083,-0.0205,1.0049,0.00,0.00,-0.06,-2.69,1.29,40.91
36.798583,-0.0073,-0.0220,1.0034,0.00,0.00,-0.06,-2.69,1.29,40.91
36.859403,-0.0078,-0.0215,1.0039,0.00,0.00,-0.06,-2.69,1.29,40.91
36.859403,-0.0088,-0.0200,1.0039,0.00,0.00,-0.06,-2.69,1.29,40.91
36.888490,-0.0088,-0.0210,1.0034,0.06,0.06,-0.12,-2.69,1.29,40.91
36.888490,-0.0088,-0.0205,1.0039,0.06,0.00,-0.06,-2.69,1.29,40.91
36.921271,-0.0083,-0.0215,1.0029,0.06,0.00,-0.06,-2.69,1.28,40.91
36.921271,-0.0078,-0.0205,1.0029,0.00,0.00,-0.12,-2.69,1.28,40.91
36.979236,-0.0093,-0.0215,1.0034,0.00,0.00,-0.06,-2.69,1.28,40.91
36.979236,-0.0088,-0.0210,1.0029,-0.06,0.00,-0.06,-2.69,1.28,40.91
37.008472,-0.0078,-0.0215,1.0034,0.00,0.00,0.00,-2.69,1.28,40.91
37.008472,-0.0088,-0.0220,1.0039,0.00,0.00,-0.06,-2.69,1.28,40.91
37.039695,-0.0083,-0.0215,1.0039,0.00,0.00,-0.06,-2.69,1.28,40.91
37.039695,-0.0083,-0.0215,1.0034,0.00,0.00,-0.06,-2.69,1.28,40.91
37.098604,-0.0088,-0.0220,1.0039,0.06,0.00,-0.06,-2.69,1.28,40.91
37.098604,-0.0088,-0.0215,1.0039,0.00,0.00,-0.06,-2.69,1.28,40.91
37.129610,-0.0088,-0.0210,1.0029,0.00,0.00,-0.06,-2.69,1.28,40.91
37.129610,-0.0093,-0.0210,1.0034,0.00,0.00,0.00,-2.69,1.28,40.91
37.158593,-0.0088,-0.0215,1.0034,0.00,0.00,-0.12,-2.69,1.28,40.91
37.158593,-0.0093,-0.0210,1.0024,0.00,0.00,-0.06,-2.69,1.28,40.91
37.219890,-0.0093,-0.0205,1.0029,0.00,0.00,-0.06,-2.69,1.28,40.91
37.219890,-0.0093,-0.0220,1.0029,0.00,0.00,0.00,-2.69,1.28,40.91
37.248680,-0.0098,-0.0215,1.0034,0.00,0.00,-0.06,-2.69,1.28,40.91
37.248680,-0.0098,-0.0220,1.0039,0.00,0.00,0.00,-2.69,1.29,40.91
37.279278,-0.0088,-0.0210,1.0024,0.00,0.00,-0.06,-2.69,1.29,40.91
37.279278,-0.0093,-0.0210,1.0024,0.00,0.00,0.00,-2.69,1.29,40.91
37.339629,-0.0093,-0.0215,1.0044,0.00,0.00,-0.06,-2.69,1.29,40.91
37.339629,-0.0093,-0.0215,1.0029,0.00,0.00,-0.06,-2.69,1.29,40.91
37.371204,-0.0088,-0.0210,1.0029,0.00,0.00,-0.12,-2.69,1.29,40.91
37.371204,-0.0078,-0.0220,1.0044,0.00,0.00,-0.06,-2.69,1.29,40.91
37.399520,-0.0083,-0.0215,1.0029,0.00,0.00,-0.12,-2.69,1.29,40.91
37.399520,-0.0088,-0.0210,1.0034,0.00,0.00,-0.06,-2.69,1.29,40.91
37.570618,-0.0083,-0.0215,1.0039,0.00,0.00,-0.06,-2.69,1.29,40.91
37.570618,-0.0078,-0.0220,1.0029,0.00,0.00,-0.12,-2.69,1.29,40.91
37.570647,-0.0078,-0.0220,1.0039,0.06,0.00,-0.12,-2.69,1.29,40.91
37.570647,-0.0078,-0.0215,1.0034,0.06,0.00,-0.06,-2.69,1.29,40.91
37.570658,-0.0083,-0.0215,1.0039,0.00,0.00,-0.06,-2.69,1.29,40.91
37.570658,-0.0088,-0.0215,1.0029,0.00,0.00,-0.06,-2.69,1.29,40.91
37.578501,-0.0083,-0.0210,1.0034,0.00,0.00,-0.06,-2.69,1.29,40.91
37.578501,-0.0088,-0.0215,1.0039,0.00,0.00,0.00,-2.69,1.28,40.92
37.609084,-0.0088,-0.0210,1.0049,0.00,0.00,0.00,-2.69,1.28,40.92
37.609084,-0.0093,-0.0210,1.0049,0.00,0.00,-0.06,-2.69,1.28,40.92
37.638742,-0.0088,-0.0205,1.0034,0.00,0.00,-0.06,-2.69,1.28,40.92
37.638742,-0.0093,-0.0215,1.0034,0.00,0.00,-0.06,-2.69,1.28,40.92
37.729298,-0.0088,-0.0215,1.0039,0.00,0.00,0.00,-2.69,1.28,40.92
37.729298,-0.0093,-0.0220,1.0044,-0.06,0.00,0.00,-2.69,1.28,40.92
37.767365,-0.0088,-0.0220,1.0044,-0.06,0.00,0.00,-2.69,1.28,40.92
37.767365,-0.0083,-0.0215,1.0034,0.00,0.00,0.00,-2.69,1.29,40.92
37.789365,-0.0088,-0.0215,1.0034,0.06,0.00,-0.06,-2.69,1.29,40.92
37.789365,-0.0083,-0.0210,1.0024,0.06,0.06,-0.12,-2.69,1.29,40.92
37.819223,-0.0083,-0.0215,1.0020,0.00,0.00,0.00,-2.69,1.28,40.92
37.819223,-0.0083,-0.0210,1.0024,0.00,0.00,0.00,-2.69,1.28,40.92
37.848479,-0.0078,-0.0210,1.0034,0.00,0.00,0.00,-2.69,1.28,40.92
37.848479,-0.0088,-0.0220,1.0034,0.00,0.00,-0.06,-2.69,1.28,40.92
37.909450,-0.0088,-0.0205,1.0034,0.00,0.00,-0.12,-2.69,1.28,40.92
37.909450,-0.0088,-0.0210,1.0029,0.00,0.00,0.00,-2.69,1.28,40.92
37.939858,-0.0083,-0.0210,1.0024,0.00,0.00,-0.06,-2.69,1.28,40.92
37.939858,-0.0078,-0.0220,1.0029,0.00,0.00,-0.06,-2.69,1.28,40.92
37.968510,-0.0083,-0.0215,1.0039,0.00,0.00,-0.06,-2.69,1.28,40.92
37.968510,-0.0083,-0.0210,1.0034,0.00,0.00,0.00,-2.69,1.28,40.92
38.031834,-0.0098,-0.0205,1.0044,0.06,0.00,-0.12,-2.69,1.28,40.92
38.031834,-0.0078,-0.0210,1.0034,0.00,0.00,-0.06,-2.69,1.28,40.92
38.058566,-0.0088,-0.0215,1.0034,0.00,0.00,-0.06,-2.69,1.28,40.92
38.058566,-0.0078,-0.0210,1.0039,0.00,0.00,0.00,-2.69,1.28,40.92
38.089200,-0.0083,-0.0200,1.0029,0.00,0.00,-0.06,-2.69,1.28,40.92
38.089200,-0.0093,-0.0220,1.0039,0.00,0.00,0.00,-2.69,1.28,40.92
38.149475,-0.0088,-0.0215,1.0039,0.00,0.00,0.00,-2.69,1.28,40.92
38.149475,-0.0093,-0.0220,1.0029,0.00,0.00,0.00,-2.69,1.28,40.92
38.209668,-0.0083,-0.0220,1.0034,0.06,0.00,-0.06,-2.69,1.28,40.92
38.209668,-0.0083,-0.0210,1.0034,0.06,0.00,0.00,-2.69,1.28,40.92
38.211949,-0.0088,-0.0205,1.0024,0.00,0.00,-0.12,-2.69,1.28,40.92
38.211949,-0.0083,-0.0215,1.0044,0.00,0.00,-0.18,-2.69,1.28,40.92
38.269490,-0.0088,-0.0205,1.0044,0.00,0.00,-0.06,-2.69,1.28,40.92
38.269490,-0.0098,-0.0215,1.0029,0.00,0.00,-0.06,-2.69,1.28,40.92
38.298612,-0.0093,-0.0215,1.0024,0.00,0.00,-0.12,-2.69,1.28,40.92
38.298612,-0.0093,-0.0210,1.0034,0.00,0.00,-0.06,-2.69,1.28,40.92
38.329446,-0.0078,-0.0215,1.0029,0.00,0.00,-0.06,-2.69,1.28,40.92
38.329446,-0.0088,-0.0220,1.0034,0.06,0.00,-0.06,-2.69,1.28,40.92
38.389470,-0.0093,-0.0200,1.0034,0.06,0.00,0.00,-2.69,1.28,40.92
38.389470,-0.0093,-0.0215,1.0020,0.00,0.00,-0.06,-2.69,1.28,40.92
38.418621,-0.0078,-0.0210,1.0034,0.00,0.00,-0.12,-2.69,1.28,40.92
38.418621,-0.0083,-0.0215,1.0029,0.00,0.00,-0.06,-2.69,1.28,40.92
38.449450,-0.0093,-0.0205,1.0034,0.00,0.00,-0.12,-2.69,1.28,40.92
38.449450,-0.0078,-0.0215,1.0029,0.00,0.00,-0.06,-2.69,1.28,40.92
38.539671,-0.0088,-0.0215,1.0034,0.00,0.00,-0.06,-2.69,1.28,40.92
38.539671,-0.0083,-0.0215,1.0029,0.00,0.00,-0.06,-2.69,1.28,40.92
38.541946,-0.0078,-0.0215,1.0029,0.00,0.00,-0.12,-2.69,1.28,40.92
38.541946,-0.0083,-0.0210,1.0024,0.00,0.00,-0.06,-2.69,1.28,40.92
38.571455,-0.0093,-0.0220,1.0029,0.00,0.00,-0.06,-2.69,1.28,40.92
38.571455,-0.0088,-0.0205,1.0024,0.00,0.00,-0.06,-2.69,1.28,40.92
38.672829,-0.0083,-0.0210,1.0015,0.00,0.00,-0.06,-2.69,1.28,40.92
38.672829,-0.0083,-0.0205,1.0020,0.00,0.00,-0.06,-2.69,1.28,40.92
38.672869,-0.0083,-0.0205,1.0029,0.00,0.00,-0.06,-2.69,1.28,40.92
38.672869,-0.0088,-0.0205,1.0039,0.00,0.00,-0.06,-2.69,1.28,40.92
38.688506,-0.0093,-0.0200,1.0039,0.00,0.00,-0.06,-2.69,1.28,40.92
38.688506,-0.0088,-0.0205,1.0029,0.00,0.00,-0.06,-2.69,1.28,40.92
38.749261,-0.0088,-0.0215,1.0029,0.00,0.00,-0.06,-2.69,1.28,40.92
38.749261,-0.0093,-0.0215,1.0029,0.00,0.00,-0.06,-2.69,1.28,40.92
38.778665,-0.0083,-0.0215,1.0024,0.00,0.00,-0.06,-2.69,1.28,40.92
38.778665,-0.0093,-0.0210,1.0029,0.00,0.00,-0.12,-2.69,1.28,40.92
38.809717,-0.0093,-0.0210,1.0029,0.00,0.00,-0.12,-2.69,1.28,40.92
38.809717,-0.0093,-0.0215,1.0020,0.06,0.00,-0.12,-2.69,1.28,40.92
38.869506,-0.0088,-0.0215,1.0024,0.00,0.00,-0.06,-2.69,1.28,40.92
38.869506,-0.0078,-0.0215,1.0029,0.00,0.00,-0.12,-2.69,1.28,40.92
38.898467,-0.0083,-0.0210,1.0034,0.00,0.00,-0.06,-2.69,1.28,40.92
38.898467,-0.0093,-0.0205,1.0034,-0.06,0.00,-0.06,-2.69,1.28,40.92
38.931291,-0.0093,-0.0215,1.0024,-0.06,0.00,-0.06,-2.69,1.28,40.92
38.931291,-0.0078,-0.0215,1.0029,-0.06,0.00,-0.12,-2.69,1.28,40.92
38.989687,-0.0078,-0.0215,1.0029,0.00,0.00,-0.06,-2.69,1.28,40.92
38.989687,-0.0093,-0.0220,1.0020,0.00,0.00,-0.06,-2.69,1.28,40.92
39.018594,-0.0093,-0.0215,1.0039,0.00,0.00,-0.06,-2.69,1.28,40.92
39.018594,-0.0083,-0.0210,1.0024,0.06,0.00,-0.06,-2.69,1.28,40.93
39.049294,-0.0088,-0.0215,1.0024,0.00,0.00,-0.12,-2.69,1.28,40.93
39.049294,-0.0083,-0.0210,1.0024,0.06,0.00,0.00,-2.69,1.28,40.93
39.109526,-0.0088,-0.0205,1.0020,0.00,0.00,-0.06,-2.69,1.28,40.93
39.109526,-0.0088,-0.0210,1.0024,0.00,-0.06,-0.06,-2.69,1.28,40.93
39.140225,-0.0078,-0.0215,1.0024,-0.06,0.00,0.00,-2.69,1.28,40.93
39.140225,-0.0073,-0.0225,1.0039,-0.06,0.00,-0.06,-2.69,1.28,40.93
39.227829,-0.0083,-0.0215,1.0034,0.06,0.00,-0.06,-2.69,1.28,40.93
39.227829,-0.0088,-0.0215,1.0029,0.12,0.00,-0.06,-2.69,1.28,40.93
39.229544,-0.0083,-0.0220,1.0034,0.12,0.00,-0.06,-2.69,1.28,40.93
39.229544,-0.0088,-0.0215,1.0034,0.06,0.00,-0.06,-2.69,1.28,40.93
39.258567,-0.0078,-0.0210,1.0034,0.12,0.00,0.00,-2.69,1.28,40.93
39.258567,-0.0083,-0.0200,1.0039,0.00,0.00,-0.06,-2.69,1.28,40.93
39.319506,-0.0024,-0.0254,1.0259,0.85,0.43,-0.43,-2.69,1.28,40.93
39.319506,-0.0093,-0.0068,0.9917,0.24,-0.31,0.00,-2.69,1.28,40.93
39.348572,-0.0083,-0.0293,0.9980,-0.24,-0.18,-0.06,-2.69,1.28,40.93
39.348572,-0.0098,-0.0137,1.0024,-0.06,0.18,0.00,-2.69,1.28,40.93
39.379610,-0.0073,-0.0278,1.0015,-0.67,-0.18,0.00,-2.69,1.28,40.93
39.379610,-0.0093,-0.0190,1.0034,1.65,0.12,0.00,-2.69,1.28,40.93
39.439692,-0.0093,-0.0190,1.0015,-1.53,-0.12,-0.18,-2.69,1.28,40.93
39.439692,-0.0083,-0.0210,1.0029,-0.06,0.00,-0.06,-2.69,1.28,40.93
39.468583,-0.0083,-0.0205,1.0059,-1.10,-0.18,-0.12,-2.69,1.28,40.93
39.468583,-0.0063,-0.0269,1.0054,0.73,0.37,0.00,-2.69,1.28,40.93
39.499290,-0.0107,-0.0171,1.0049,0.18,-0.18,-0.12,-2.69,1.28,40.93
39.499290,-0.0049,-0.0298,0.9907,-0.92,0.37,-0.31,-2.69,1.28,40.93
39.559419,-0.0142,-0.0137,0.9907,0.49,-0.92,0.00,-2.69,1.28,40.93
39.559419,-0.0059,-0.0327,0.9922,-1.16,0.67,0.00,-2.69,1.28,40.93
39.588637,0.0010,-0.0352,0.9487,0.00,0.12,-0.31,-2.69,1.28,40.93
39.588637,-0.2188,0.0928,1.0698,-19.17,-24.29,-31.49,-2.85,1.13,40.71
39.618582,0.2637,-0.1465,1.0830,-38.51,6.96,-22.46,-3.63,0.83,40.06
39.618582,-0.0044,-0.0645,0.9937,-10.62,7.14,2.93,-4.05,1.04,39.90
39.679347,-0.0161,-0.0391,0.9712,-20.75,-2.14,2.75,-4.31,1.09,40.02
39.679347,-0.0083,-0.1421,1.0059,-0.67,-4.46,-0.49,-4.59,1.04,40.01
39.708666,0.0044,-0.0537,1.0425,7.08,4.70,0.49,-4.47,1.05,40.01
39.708666,-0.0137,-0.0571,0.9775,-4.09,-1.59,-0.73,-4.47,1.06,40.02
39.741622,0.0015,-0.0986,0.9468,22.03,1.53,0.79,-4.29,1.06,40.02
39.741622,-0.0083,-0.0464,1.0225,38.51,6.77,0.61,-3.65,1.16,40.02
39.799394,-0.0093,-0.0029,1.0093,31.80,2.93,0.67,-2.92,1.25,40.05
39.799394,-0.0156,0.0098,1.0146,16.48,2.44,-0.37,-2.44,1.31,40.05
39.841866,-0.0112,0.0225,0.9961,-2.81,-0.67,-0.18,-2.32,1.32,40.04
39.841866,-0.0122,-0.0239,1.0059,-8.73,-1.22,-0.06,-2.48,1.30,40.04
39.858601,-0.0068,-0.0195,1.0049,-4.58,-0.06,-0.06,-2.60,1.29,40.04
39.858601,-0.0117,-0.0107,1.0044,-8.91,-1.22,-0.18,-2.72,1.27,40.04
39.918754,-0.0088,-0.0137,1.0044,-14.53,-1.46,-0.12,-2.97,1.25,40.03
39.918754,-0.0073,-0.0327,1.0044,-17.21,-2.32,-0.18,-3.30,1.21,40.03
39.949299,-0.0029,-0.0640,0.9990,-8.54,-1.04,-0.18,-3.57,1.17,40.03
39.949299,-0.0044,-0.0581,1.0005,5.07,0.73,-0.06,-3.59,1.17,40.03
39.978609,-0.0083,-0.0381,1.0029,9.34,1.16,0.00,-3.43,1.19,40.03
39.978609,-0.0078,-0.0264,1.0039,8.36,1.10,0.06,-3.24,1.21,40.03
40.039052,-0.0088,-0.0205,1.0049,4.03,0.43,0.00,-3.12,1.23,40.04
40.039052,-0.0068,-0.0317,1.0020,3.42,0.31,0.00,-3.05,1.24,40.04
40.069464,-0.0083,-0.0259,1.0034,4.94,0.67,0.00,-2.97,1.25,40.04
40.069464,-0.0098,-0.0132,1.0034,0.73,0.06,-0.06,-2.90,1.26,40.04
40.098961,-0.0103,-0.0161,1.0039,-4.94,-0.49,-0.06,-2.95,1.25,40.04
40.098961,-0.0083,-0.0244,1.0044,-8.12,-0.98,-0.12,-3.09,1.24,40.04
40.158678,-0.0073,-0.0400,1.0020,-5.80,-0.73,-0.12,-3.24,1.21,40.04
40.158678,-0.0073,-0.0405,1.0024,-0.31,0.00,0.00,-3.30,1.21,40.04
40.188566,-0.0078,-0.0332,1.0039,1.59,0.18,-0.06,-3.27,1.21,40.04
40.188566,-0.0078,-0.0308,1.0034,1.77,0.18,-0.06,-3.24,1.22,40.04
40.218545,-0.0078,-0.0312,1.0029,1.83,0.18,-0.06,-3.20,1.22,40.03
40.218545,-0.0083,-0.0332,1.0020,3.23,0.37,0.00,-3.15,1.23,40.04
40.278745,-0.0093,-0.0254,1.0029,3.78,0.49,-0.06,-3.08,1.24,40.04
40.278745,-0.0098,-0.0200,1.0034,0.79,0.12,-0.12,-3.03,1.25,40.04
40.308731,-0.0093,-0.0229,1.0034,-2.20,-0.18,-0.12,-3.05,1.24,40.04
40.308731,-0.0093,-0.0273,1.0020,-3.30,-0.37,-0.12,-3.11,1.24,40.03
40.339998,-0.0083,-0.0332,1.0015,-2.08,-0.24,-0.06,-3.16,1.23,40.04
40.339998,-0.0083,-0.0322,1.0029,-0.37,0.00,-0.06,-3.19,1.22,40.04
40.398683,-0.0078,-0.0293,1.0024,-0.24,0.00,-0.06,-3.19,1.22,40.04
40.398683,-0.0073,-0.0312,1.0024,0.12,0.00,-0.06,-3.20,1.22,40.04
40.428704,-0.0063,-0.0327,1.0024,0.98,0.00,-0.06,-3.19,1.22,40.04
40.428704,-0.0078,-0.0308,1.0020,2.08,0.24,0.00,-3.15,1.23,40.04
40.458495,-0.0078,-0.0269,1.0029,1.77,0.24,0.00,-3.11,1.24,40.04
40.458495,-0.0083,-0.0249,1.0029,0.00,0.00,-0.06,-3.09,1.24,40.04
40.518730,-0.0083,-0.0278,1.0024,-1.22,-0.12,0.00,-3.10,1.24,40.04
40.518730,-0.0078,-0.0298,1.0029,-1.34,-0.18,-0.12,-3.14,1.23,40.04
40.548716,-0.0073,-0.0303,1.0039,-0.79,-0.12,-0.12,-3.16,1.22,40.04
40.548716,-0.0073,-0.0298,1.0034,-0.37,0.00,0.00,-3.16,1.22,40.04
40.608691,-0.0068,-0.0298,1.0029,-0.37,0.00,0.00,-3.18,1.22,40.04
40.608691,-0.0068,-0.0312,1.0029,0.12,0.06,-0.06,-3.18,1.22,40.04
40.639028,-0.0083,-0.0298,1.0029,0.79,0.12,-0.06,-3.17,1.22,40.04
40.639028,-0.0073,-0.0288,1.0024,1.10,0.12,-0.06,-3.15,1.23,40.04
40.668798,-0.0078,-0.0273,1.0020,0.43,0.06,-0.06,-3.13,1.24,40.04
40.668798,-0.0078,-0.0273,1.0020,-0.49,0.00,0.00,-3.13,1.24,40.04
40.728717,-0.0073,-0.0288,1.0020,-0.79,-0.06,-0.06,-3.13,1.24,40.04
40.728717,-0.0078,-0.0293,1.0024,-0.67,0.00,0.00,-3.13,1.24,40.04
40.758735,-0.0083,-0.0298,1.0024,-0.49,0.00,0.00,-3.13,1.24,40.04
40.758735,-0.0098,-0.0298,1.0029,-0.43,0.00,0.00,-3.13,1.24,40.04
40.788753,-0.0088,-0.0308,1.0034,-0.12,0.00,0.00,-3.13,1.24,40.04
40.788753,-0.0093,-0.0308,1.0034,0.31,0.00,-0.06,-3.13,1.24,40.04
40.848715,-0.0093,-0.0303,1.0039,0.67,0.00,0.00,-3.13,1.24,40.04
40.848715,-0.0093,-0.0288,1.0039,0.43,0.06,-0.06,-3.13,1.24,40.04
40.891589,-0.0093,-0.0288,1.0039,0.00,0.00,-0.06,-3.13,1.24,40.04
40.891589,-0.0098,-0.0293,1.0029,-0.24,0.00,-0.06,-3.13,1.24,40.04
40.908603,-0.0088,-0.0298,1.0034,-0.31,-0.06,0.00,-3.13,1.24,40.04
40.908603,-0.0083,-0.0293,1.0024,-0.18,0.00,-0.06,-3.13,1.24,40.04
40.968737,-0.0083,-0.0312,1.0024,-0.18,0.00,-0.12,-3.13,1.24,40.04
40.968737,-0.0083,-0.0303,1.0020,-0.12,-0.06,-0.06,-3.13,1.24,40.04
40.998743,-0.0083,-0.0308,1.0024,0.18,0.00,-0.06,-3.13,1.24,40.04
40.998743,-0.0093,-0.0303,1.0029,0.37,0.00,-0.06,-3.13,1.24,40.04
41.028774,-0.0088,-0.0293,1.0034,0.37,0.00,-0.06,-3.13,1.24,40.04
41.028774,-0.0083,-0.0288,1.0029,0.06,0.00,-0.06,-3.13,1.24,40.04
41.088776,-0.0083,-0.0298,1.0024,-0.06,0.00,-0.06,-3.13,1.24,40.04
41.088776,-0.0073,-0.0293,1.0020,-0.06,-0.06,-0.06,-3.13,1.24,40.04
41.118689,-0.0068,-0.0298,1.0029,-0.12,0.00,-0.12,-3.13,1.24,40.04
41.118689,-0.0073,-0.0288,1.0034,-0.06,0.00,-0.06,-3.13,1.24,40.04
41.148905,-0.0078,-0.0298,1.0039,-0.06,0.00,-0.12,-3.13,1.24,40.04
41.148905,-0.0073,-0.0303,1.0029,0.06,0.00,-0.12,-3.13,1.24,40.04
41.208637,-0.0078,-0.0303,1.0044,0.12,0.00,-0.06,-3.13,1.24,40.04
41.208637,-0.0073,-0.0298,1.0039,0.18,0.00,-0.06,-3.13,1.24,40.04
41.239184,-0.0073,-0.0288,1.0049,0.06,0.00,-0.06,-3.13,1.24,40.04
41.239184,-0.0073,-0.0288,1.0044,-0.12,0.00,-0.06,-3.13,1.24,40.04
41.270070,-0.0073,-0.0288,1.0044,-0.06,0.00,-0.06,-3.13,1.24,40.04
41.270070,-0.0083,-0.0298,1.0024,-0.06,0.00,-0.06,-3.13,1.24,40.04
41.328537,-0.0078,-0.0288,1.0034,0.00,0.00,-0.06,-3.13,1.24,40.04
41.328537,-0.0073,-0.0288,1.0029,0.00,0.06,-0.06,-3.13,1.24,40.04
41.358741,-0.0083,-0.0293,1.0020,0.06,0.00,-0.06,-3.13,1.24,40.04
41.358741,-0.0078,-0.0288,1.0020,0.06,0.00,0.00,-3.13,1.24,40.04
41.388833,-0.0083,-0.0288,1.0034,0.06,0.00,0.00,-3.13,1.24,40.04
41.388833,-0.0088,-0.0288,1.0024,0.00,0.00,0.00,-3.13,1.24,40.04
41.448683,-0.0088,-0.0293,1.0029,-0.06,0.00,-0.06,-3.13,1.24,40.04
41.448683,-0.0083,-0.0298,1.0015,-0.06,0.00,-0.06,-3.13,1.24,40.04
41.478758,-0.0088,-0.0303,1.0029,0.00,0.00,0.00,-3.13,1.24,40.04
41.478758,-0.0083,-0.0293,1.0029,0.06,0.00,-0.06,-3.13,1.24,40.04
41.508829,-0.0088,-0.0293,1.0029,0.00,0.00,-0.06,-3.13,1.24,40.06
41.508829,-0.0078,-0.0293,1.0029,0.00,0.00,-0.06,-3.13,1.24,40.07
41.568761,-0.0068,-0.0303,1.0029,-0.06,0.00,0.00,-3.14,1.24,40.08
41.568761,-0.0073,-0.0298,1.0039,0.00,-0.06,0.00,-3.14,1.24,40.09
41.599736,-0.0073,-0.0293,1.0024,-0.06,0.00,-0.06,-3.14,1.24,40.10
41.599736,-0.0073,-0.0298,1.0029,-0.12,-0.06,0.00,-3.14,1.24,40.11
41.628773,-0.0073,-0.0303,1.0034,-0.18,-0.06,-0.06,-3.14,1.24,40.12
41.628773,-0.0073,-0.0303,1.0020,0.00,0.00,-0.06,-3.14,1.24,40.13
41.688795,-0.0083,-0.0298,1.0024,0.00,0.00,-0.06,-3.14,1.24,40.14
41.688795,-0.0078,-0.0298,1.0034,0.06,0.00,-0.06,-3.14,1.23,40.16
41.718862,-0.0078,-0.0293,1.0020,0.06,0.00,-0.12,-3.14,1.23,40.17
41.718862,-0.0068,-0.0298,1.0020,0.00,0.00,-0.06,-3.15,1.23,40.18
41.748774,-0.0078,-0.0298,1.0020,0.06,0.00,-0.12,-3.15,1.23,40.19
41.748774,-0.0078,-0.0298,1.0029,0.00,0.00,-0.06,-3.15,1.23,40.20
41.808590,-0.0078,-0.0298,1.0039,-0.06,0.00,-0.06,-3.15,1.23,40.21
41.808590,-0.0068,-0.0303,1.0044,-0.12,0.00,-0.12,-3.15,1.22,40.22
41.839073,-0.0078,-0.0303,1.0024,-0.06,0.00,-0.06,-3.15,1.22,40.23
41.839073,-0.0073,-0.0308,1.0024,0.00,0.00,-0.12,-3.15,1.22,40.24
41.868802,-0.0078,-0.0303,1.0024,0.06,0.00,0.00,-3.15,1.22,40.25
41.868802,-0.0078,-0.0298,1.0024,0.00,0.00,-0.06,-3.15,1.22,40.26
41.928604,-0.0078,-0.0293,1.0024,0.06,0.00,0.00,-3.16,1.22,40.28
41.928604,-0.0083,-0.0303,1.0029,0.00,0.00,-0.06,-3.16,1.22,40.29
41.958845,-0.0088,-0.0298,1.0034,0.00,0.00,-0.06,-3.16,1.22,40.30
41.958845,-0.0078,-0.0298,1.0034,0.00,0.00,0.00,-3.16,1.22,40.31
42.019179,-0.0088,-0.0298,1.0029,-0.06,0.00,-0.06,-3.16,1.22,40.32
42.019179,-0.0078,-0.0303,1.0029,-0.06,0.00,-0.06,-3.16,1.22,40.33
42.048584,-0.0073,-0.0298,1.0024,0.00,0.00,-0.06,-3.16,1.22,40.34
42.048584,-0.0073,-0.0293,1.0024,0.06,0.00,-0.06,-3.16,1.21,40.35
42.078758,-0.0083,-0.0298,1.0029,0.00,0.00,0.00,-3.16,1.21,40.36
42.078758,-0.0073,-0.0303,1.0034,0.06,0.00,-0.06,-3.16,1.21,40.37
42.138993,-0.0068,-0.0298,1.0029,0.00,0.00,-0.12,-3.17,1.21,40.39
42.138993,-0.0068,-0.0303,1.0029,0.00,0.00,-0.06,-3.17,1.21,40.39
42.168778,-0.0078,-0.0293,1.0024,0.00,0.00,-0.06,-3.17,1.21,40.40
42.168778,-0.0073,-0.0298,1.0029,0.00,0.00,-0.06,-3.17,1.21,40.41
42.198493,-0.0078,-0.0308,1.0029,0.00,0.00,-0.06,-3.17,1.21,40.42
42.198493,-0.0078,-0.0303,1.0044,0.00,0.00,-0.12,-3.18,1.21,40.44
42.258777,-0.0073,-0.0303,1.0034,0.12,0.06,-0.06,-3.18,1.21,40.45
42.258777,-0.0083,-0.0298,1.0029,0.12,0.00,-0.12,-3.18,1.21,40.46
42.290110,-0.0078,-0.0293,1.0034,0.06,0.00,0.00,-3.18,1.21,40.47
42.290110,-0.0078,-0.0303,1.0020,0.06,0.00,-0.12,-3.18,1.21,40.48
42.320586,-0.0088,-0.0298,1.0029,0.00,0.00,-0.18,-3.18,1.21,40.49
42.320586,-0.0078,-0.0298,1.0024,-0.06,0.00,-0.06,-3.18,1.20,40.50
42.378843,-0.0083,-0.0293,1.0034,-0.12,0.00,-0.06,-3.18,1.20,40.51
42.378843,-0.0078,-0.0303,1.0034,-0.06,0.00,-0.06,-3.18,1.20,40.52
42.408772,-0.0078,-0.0303,1.0029,0.00,0.00,-0.06,-3.18,1.20,40.53
42.408772,-0.0078,-0.0303,1.0029,0.06,0.00,-0.06,-3.18,1.20,40.54
42.438704,-0.0083,-0.0303,1.0024,0.06,0.00,-0.06,-3.19,1.20,40.55
42.438704,-0.0083,-0.0303,1.0024,0.06,0.00,-0.12,-3.19,1.20,40.56
42.498745,-0.0088,-0.0298,1.0034,0.00,0.00,-0.06,-3.19,1.20,40.57
42.498745,-0.0078,-0.0303,1.0029,0.06,0.00,-0.06,-3.19,1.20,40.58
42.528787,-0.0078,-0.0293,1.0034,0.00,0.00,-0.06,-3.19,1.20,40.59
42.528787,-0.0083,-0.0298,1.0034,0.00,0.00,-0.12,-3.19,1.20,40.60
42.558803,-0.0083,-0.0303,1.0024,0.00,0.00,-0.06,-3.19,1.20,40.61
42.558803,-0.0088,-0.0298,1.0029,0.06,0.00,-0.06,-3.19,1.20,40.62
42.618763,-0.0083,-0.0293,1.0024,0.00,0.00,-0.06,-3.19,1.20,40.63
42.618763,-0.0083,-0.0293,1.0029,0.00,0.00,-0.06,-3.19,1.20,40.64
42.648780,-0.0078,-0.0298,1.0029,0.00,0.00,-0.12,-3.19,1.20,40.65
42.648780,-0.0073,-0.0293,1.0029,-0.06,0.00,-0.06,-3.19,1.20,40.66
42.678781,-0.0073,-0.0303,1.0024,-0.06,0.00,-0.12,-3.19,1.20,40.67
42.678781,-0.0078,-0.0298,1.0024,0.00,0.00,0.00,-3.20,1.19,40.68
42.738797,-0.0078,-0.0303,1.0029,0.00,0.00,-0.06,-3.20,1.19,40.69
42.738797,-0.0083,-0.0303,1.0029,0.12,0.00,-0.06,-3.20,1.19,40.70
42.768703,-0.0083,-0.0298,1.0024,0.12,0.00,0.00,-3.20,1.19,40.71
42.768703,-0.0083,-0.0288,1.0034,0.06,0.00,-0.12,-3.20,1.19,40.72
42.798880,-0.0073,-0.0298,1.0034,-0.06,0.00,0.00,-3.20,1.19,40.73
42.798880,-0.0073,-0.0303,1.0029,-0.18,0.00,-0.06,-3.20,1.19,40.74
42.859574,-0.0073,-0.0298,1.0024,-0.18,0.00,-0.06,-3.20,1.19,40.75
42.859574,-0.0083,-0.0308,1.0024,-0.12,0.00,0.00,-3.20,1.19,40.76
42.889038,-0.0083,-0.0308,1.0029,0.00,0.00,-0.06,-3.20,1.19,40.77
42.889038,-0.0078,-0.0312,1.0029,0.12,0.00,-0.06,-3.20,1.19,40.78
42.933679,-0.0088,-0.0298,1.0015,0.18,0.00,-0.06,-3.20,1.19,40.79
42.933679,-0.0078,-0.0288,1.0034,0.12,0.00,-0.06,-3.20,1.19,40.80
42.979489,-0.0083,-0.0298,1.0029,0.00,0.00,-0.06,-3.21,1.19,40.81
42.979489,-0.0078,-0.0303,1.0020,-0.06,0.00,-0.06,-3.21,1.19,40.82
43.008695,-0.0073,-0.0298,1.0024,-0.12,0.00,-0.06,-3.21,1.19,40.83
43.008695,-0.0083,-0.0303,1.0020,-0.18,0.00,-0.12,-3.21,1.19,40.84
43.039649,-0.0088,-0.0303,1.0024,-0.06,0.00,-0.06,-3.21,1.19,40.85
43.039649,-0.0083,-0.0303,1.0034,0.00,0.00,-0.06,-3.21,1.19,40.86
43.098693,-0.0083,-0.0312,1.0029,0.12,0.00,-0.12,-3.21,1.19,40.86
43.098693,-0.0078,-0.0303,1.0029,0.18,0.00,-0.12,-3.21,1.19,40.87
43.129546,-0.0078,-0.0293,1.0029,0.31,0.00,-0.06,-3.21,1.19,40.89
43.129546,-0.0078,-0.0283,1.0029,0.18,0.00,-0.06,-3.21,1.18,40.90
43.158731,-0.0078,-0.0283,1.0024,0.06,0.00,-0.06,-3.21,1.18,40.90
43.158731,-0.0073,-0.0288,1.0020,-0.06,0.00,-0.06,-3.21,1.18,40.91
43.218857,-0.0088,-0.0288,1.0015,0.00,0.00,-0.06,-3.21,1.18,40.92
43.218857,-0.0083,-0.0298,1.0034,-0.12,0.00,-0.12,-3.21,1.18,40.94
43.248793,-0.0078,-0.0293,1.0034,-0.12,0.00,-0.12,-3.21,1.18,40.94
43.248793,-0.0088,-0.0303,1.0029,0.00,0.00,-0.06,-3.21,1.18,40.95
43.278898,-0.0068,-0.0308,1.0024,0.06,0.00,-0.06,-3.21,1.18,40.96
43.278898,-0.0078,-0.0303,1.0029,0.18,0.00,-0.06,-3.21,1.18,40.97
43.338793,-0.0088,-0.0288,1.0024,0.18,0.00,-0.12,-3.22,1.18,40.98
43.338793,-0.0078,-0.0293,1.0039,0.06,0.00,-0.06,-3.22,1.18,40.99
43.368578,-0.0078,-0.0288,1.0029,0.00,0.00,-0.06,-3.22,1.18,41.00
43.368578,-0.0073,-0.0303,1.0029,-0.06,0.00,-0.06,-3.22,1.18,41.01
43.428584,-0.0078,-0.0288,1.0029,0.00,0.00,-0.06,-3.22,1.18,41.02
43.428584,-0.0083,-0.0298,1.0029,-0.06,0.00,-0.12,-3.22,1.18,41.03
43.459156,-0.0073,-0.0298,1.0020,0.00,0.00,-0.06,-3.22,1.18,41.03
43.459156,-0.0073,-0.0298,1.0024,0.00,0.00,-0.12,-3.22,1.18,41.04
43.489145,-0.0078,-0.0298,1.0029,0.06,0.00,-0.12,-3.22,1.18,41.06
43.489145,-0.0073,-0.0293,1.0029,0.18,0.00,-0.06,-3.22,1.18,41.06
43.548651,-0.0088,-0.0298,1.0034,0.12,0.00,-0.06,-3.22,1.18,41.07
43.548651,-0.0083,-0.0288,1.0024,0.06,0.00,0.00,-3.22,1.18,41.08
43.578928,-0.0078,-0.0298,1.0029,0.00,0.00,-0.06,-3.22,1.18,41.09
43.578928,-0.0078,-0.0288,1.0029,0.00,0.00,-0.06,-3.22,1.18,41.10
43.608627,-0.0083,-0.0293,1.0044,-0.06,0.00,-0.06,-3.22,1.18,41.11
43.608627,-0.0068,-0.0288,1.0029,-0.06,0.00,-0.06,-3.22,1.18,41.12
43.668700,-0.0088,-0.0288,1.0034,-0.06,0.00,-0.06,-3.22,1.17,41.13
43.668700,-0.0083,-0.0298,1.0039,-0.06,0.00,-0.06,-3.22,1.17,41.14
43.699146,-0.0083,-0.0288,1.0020,0.06,0.00,0.00,-3.22,1.17,41.14
43.699146,-0.0088,-0.0303,1.0029,0.06,0.00,-0.12,-3.22,1.17,41.15
43.728846,-0.0088,-0.0293,1.0029,0.06,0.00,-0.06,-3.22,1.17,41.16
43.728846,-0.0078,-0.0293,1.0024,0.00,0.00,-0.06,-3.22,1.17,41.17
43.789034,-0.0078,-0.0303,1.0029,0.00,0.00,-0.06,-3.23,1.17,41.18
43.789034,-0.0083,-0.0298,1.0034,0.00,0.00,-0.12,-3.23,1.17,41.19
43.819125,-0.0063,-0.0293,1.0029,-0.06,0.00,-0.06,-3.23,1.17,41.20
43.819125,-0.0078,-0.0298,1.0029,0.00,0.00,-0.06,-3.23,1.17,41.21
43.848870,-0.0088,-0.0303,1.0039,-0.06,0.00,0.00,-3.23,1.17,41.22
43.848870,-0.0083,-0.0303,1.0029,0.06,0.00,-0.06,-3.23,1.17,41.23
43.908884,-0.0083,-0.0298,1.0029,0.12,0.00,-0.12,-3.23,1.17,41.23
43.908884,-0.0083,-0.0288,1.0034,0.12,0.00,-0.12,-3.23,1.17,41.24
43.951932,-0.0083,-0.0288,1.0029,0.06,0.00,-0.06,-3.23,1.17,41.25
43.951932,-0.0088,-0.0288,1.0034,0.00,0.00,-0.06,-3.23,1.17,41.26
43.969133,-0.0078,-0.0293,1.0034,0.00,0.00,-0.06,-3.23,1.17,41.27
43.969133,-0.0083,-0.0298,1.0029,0.00,0.00,-0.06,-3.23,1.17,41.28
44.028852,-0.0078,-0.0288,1.0029,0.00,0.00,-0.12,-3.24,1.17,41.29
44.028852,-0.0083,-0.0293,1.0034,-0.06,0.00,-0.06,-3.24,1.16,41.30
44.058895,-0.0078,-0.0298,1.0034,0.00,0.00,-0.12,-3.24,1.16,41.30
44.058895,-0.0078,-0.0288,1.0029,0.00,0.00,-0.06,-3.24,1.16,41.31
44.089147,-0.0073,-0.0298,1.0029,0.00,0.00,0.00,-3.24,1.16,41.32
44.089147,-0.0073,-0.0293,1.0034,0.00,0.00,-0.06,-3.24,1.16,41.33
44.148952,-0.0073,-0.0293,1.0034,-0.06,0.00,-0.06,-3.24,1.16,41.34
44.148952,-0.0078,-0.0298,1.0020,-0.06,0.00,-0.06,-3.24,1.16,41.35
44.178825,-0.0083,-0.0298,1.0029,-0.06,0.00,-0.06,-3.24,1.16,41.36
44.178825,-0.0083,-0.0298,1.0034,0.00,0.00,-0.06,-3.24,1.16,41.36
44.208875,-0.0083,-0.0298,1.0029,-0.06,0.00,-0.06,-3.24,1.16,41.37
44.208875,-0.0083,-0.0298,1.0029,0.00,0.00,-0.12,-3.24,1.16,41.38
44.269044,-0.0078,-0.0288,1.0034,0.06,0.00,-0.06,-3.24,1.16,41.39
44.269044,-0.0073,-0.0298,1.0034,0.00,0.00,-0.06,-3.24,1.16,41.40
44.298927,-0.0088,-0.0298,1.0034,0.00,0.00,0.00,-3.24,1.16,41.41
44.298927,-0.0073,-0.0288,1.0029,0.00,0.00,-0.06,-3.24,1.16,41.41
44.328933,-0.0078,-0.0293,1.0029,-0.12,0.00,-0.06,-3.24,1.16,41.42
44.328933,-0.0083,-0.0293,1.0029,-0.06,0.00,-0.06,-3.24,1.16,41.43
44.389135,-0.0088,-0.0298,1.0029,0.00,0.00,-0.06,-3.24,1.16,41.44
44.389135,-0.0083,-0.0303,1.0029,0.00,0.00,-0.06,-3.24,1.16,41.45
44.418782,-0.0078,-0.0288,1.0039,0.00,0.00,-0.12,-3.24,1.16,41.46
44.418782,-0.0078,-0.0298,1.0024,0.00,0.00,0.00,-3.24,1.16,41.47
44.448875,-0.0083,-0.0298,1.0024,0.00,0.00,-0.06,-3.24,1.16,41.47
44.448875,-0.0088,-0.0303,1.0029,0.00,0.00,-0.06,-3.24,1.16,41.48
44.508974,-0.0083,-0.0293,1.0029,0.00,0.00,-0.06,-3.24,1.16,41.49
44.508974,-0.0088,-0.0293,1.0034,0.00,0.00,-0.06,-3.24,1.16,41.50
44.538751,-0.0083,-0.0303,1.0039,0.00,0.00,-0.12,-3.24,1.16,41.51
44.538751,-0.0078,-0.0293,1.0024,0.06,0.00,-0.12,-3.24,1.16,41.52
44.568875,-0.0078,-0.0288,1.0034,0.00,0.00,0.00,-3.24,1.16,41.52
44.568875,-0.0078,-0.0298,1.0034,0.00,0.00,-0.06,-3.24,1.16,41.53
44.628986,-0.0078,-0.0298,1.0034,-0.06,0.00,-0.06,-3.24,1.16,41.54
44.628986,-0.0073,-0.0298,1.0029,0.00,0.00,0.00,-3.24,1.16,41.55
44.659009,-0.0078,-0.0298,1.0034,-0.06,0.00,-0.06,-3.24,1.16,41.56
44.659009,-0.0078,-0.0293,1.0029,0.00,0.00,0.00,-3.24,1.16,41.57
44.688922,-0.0078,-0.0288,1.0034,0.00,0.00,-0.12,-3.25,1.16,41.57
44.688922,-0.0088,-0.0293,1.0029,0.00,0.00,-0.06,-3.25,1.16,41.58
44.748616,-0.0073,-0.0303,1.0029,0.06,0.00,-0.06,-3.25,1.16,41.59
44.748616,-0.0068,-0.0303,1.0029,0.00,0.00,0.00,-3.25,1.16,41.60
44.778563,-0.0068,-0.0298,1.0034,0.00,0.00,0.00,-3.25,1.16,41.61
44.778563,-0.0073,-0.0293,1.0034,0.00,0.00,-0.06,-3.25,1.16,41.61
44.838627,-0.0083,-0.0298,1.0024,-0.06,0.00,-0.06,-3.25,1.15,41.62
44.838627,-0.0078,-0.0303,1.0029,-0.12,0.00,0.00,-3.25,1.15,41.63
44.869057,-0.0078,-0.0303,1.0039,0.00,0.00,-0.06,-3.25,1.15,41.64
44.869057,-0.0073,-0.0298,1.0024,0.00,0.00,-0.06,-3.25,1.15,41.64
44.898935,-0.0078,-0.0303,1.0039,0.00,0.00,-0.06,-3.25,1.15,41.65
44.898935,-0.0083,-0.0293,1.0029,0.00,0.00,-0.06,-3.25,1.15,41.66
44.958936,-0.0078,-0.0288,1.0029,0.00,0.00,0.00,-3.25,1.15,41.67
44.958936,-0.0088,-0.0303,1.0024,0.00,0.00,-0.06,-3.25,1.15,41.68
45.001234,-0.0078,-0.0298,1.0034,-0.06,0.00,-0.06,-3.25,1.15,41.69
45.001234,-0.0068,-0.0308,1.0020,-0.06,0.00,-0.06,-3.25,1.15,41.69
45.018675,-0.0083,-0.0288,1.0024,-0.06,0.00,-0.06,-3.25,1.15,41.70
45.018675,-0.0083,-0.0303,1.0020,-0.06,0.00,0.00,-3.25,1.15,41.71
45.078882,-0.0073,-0.0288,1.0029,0.00,0.00,-0.06,-3.25,1.15,41.72
45.078882,-0.0093,-0.0303,1.0020,0.00,0.00,-0.06,-3.25,1.15,41.73
45.108937,-0.0073,-0.0308,1.0024,0.00,0.06,-0.06,-3.25,1.15,41.73
45.108937,-0.0073,-0.0303,1.0029,0.00,0.00,-0.06,-3.25,1.15,41.74
45.138914,-0.0088,-0.0298,1.0029,0.00,0.00,-0.06,-3.25,1.15,41.75
45.138914,-0.0078,-0.0303,1.0029,0.00,0.00,-0.12,-3.25,1.15,41.75
45.198916,-0.0068,-0.0303,1.0029,-0.06,0.00,0.00,-3.25,1.15,41.76
45.198916,-0.0078,-0.0303,1.0024,-0.06,0.00,0.00,-3.25,1.15,41.77
45.229145,-0.0078,-0.0298,1.0024,-0.06,0.00,-0.06,-3.25,1.15,41.78
45.229145,-0.0083,-0.0303,1.0029,-0.06,0.00,-0.06,-3.25,1.15,41.79
45.258816,-0.0083,-0.0303,1.0024,0.00,0.00,-0.06,-3.25,1.15,41.79
45.258816,-0.0088,-0.0298,1.0029,-0.12,0.00,-0.12,-3.25,1.15,41.80
45.319112,-0.0083,-0.0298,1.0029,0.00,0.00,-0.06,-3.25,1.15,41.81
45.319112,-0.0078,-0.0308,1.0039,-0.06,0.00,-0.06,-3.25,1.15,41.82
45.348742,-0.0068,-0.0308,1.0044,0.00,0.00,0.00,-3.25,1.15,41.82
45.348742,-0.0078,-0.0303,1.0044,0.00,0.00,-0.06,-3.26,1.15,41.83
45.378902,-0.0083,-0.0308,1.0039,0.06,0.00,0.00,-3.26,1.15,41.84
45.378902,-0.0083,-0.0303,1.0024,0.12,0.06,-0.12,-3.26,1.15,41.85
45.438652,-0.0073,-0.0303,1.0029,0.00,0.00,0.00,-3.26,1.15,41.86
45.438652,-0.0083,-0.0293,1.0029,0.00,0.00,-0.06,-3.26,1.15,41.86
45.468595,-0.0078,-0.0293,1.0020,0.00,0.00,0.00,-3.26,1.15,41.87
45.468595,-0.0073,-0.0303,1.0034,-0.06,0.00,-0.06,-3.26,1.15,41.88
45.498590,-0.0083,-0.0293,1.0034,-0.06,0.00,-0.06,-3.26,1.15,41.89
45.498590,-0.0088,-0.0303,1.0029,-0.12,0.00,-0.12,-3.26,1.15,41.89
45.558704,-0.0083,-0.0308,1.0024,0.00,0.00,-0.12,-3.26,1.15,41.90
45.558704,-0.0093,-0.0303,1.0029,0.00,0.00,0.00,-3.26,1.15,41.91
45.588848,-0.0083,-0.0308,1.0024,0.06,0.00,-0.06,-3.26,1.15,41.92
45.588848,-0.0083,-0.0303,1.0029,0.00,0.00,-0.06,-3.26,1.15,41.92
45.620070,-0.0088,-0.0303,1.0029,0.00,0.00,-0.06,-3.26,1.15,41.93
45.620070,-0.0083,-0.0293,1.0034,0.00,0.00,-0.06,-3.26,1.15,41.94
45.680035,-0.0083,-0.0298,1.0034,0.00,0.00,-0.12,-3.26,1.15,41.95
45.680035,-0.0083,-0.0293,1.0039,0.00,0.00,-0.12,-3.26,1.15,41.95
45.709529,-0.0078,-0.0303,1.0020,0.00,0.00,-0.06,-3.26,1.15,41.96
45.709529,-0.0073,-0.0303,1.0024,0.00,0.00,-0.06,-3.26,1.15,41.97
45.739229,-0.0073,-0.0303,1.0024,0.00,0.00,-0.06,-3.26,1.15,41.97
45.739229,-0.0078,-0.0298,1.0020,0.06,0.00,0.00,-3.26,1.15,41.98
45.799858,-0.0078,-0.0298,1.0020,0.00,0.00,-0.12,-3.26,1.15,41.99
45.799858,-0.0078,-0.0298,1.0024,0.00,0.00,-0.06,-3.26,1.15,42.00
45.828601,-0.0078,-0.0303,1.0029,-0.06,0.00,-0.12,-3.26,1.15,42.01
45.828601,-0.0078,-0.0298,1.0034,-0.06,0.00,0.00,-3.26,1.15,42.01
45.858627,-0.0073,-0.0303,1.0024,0.00,0.00,-0.06,-3.26,1.15,42.02
45.858627,-0.0078,-0.0303,1.0029,-0.06,0.00,-0.06,-3.26,1.15,42.03
45.918698,-0.0073,-0.0303,1.0039,0.00,0.00,0.00,-3.26,1.15,42.03
45.918698,-0.0073,-0.0308,1.0039,0.06,0.00,-0.06,-3.26,1.15,42.04
45.948686,-0.0078,-0.0303,1.0024,0.06,0.00,-0.06,-3.26,1.15,42.05
45.948686,-0.0073,-0.0293,1.0039,0.00,0.00,-0.06,-3.26,1.15,42.06
45.978836,-0.0078,-0.0298,1.0034,0.06,0.00,0.00,-3.26,1.15,42.06
45.978836,-0.0083,-0.0298,1.0034,0.00,0.00,-0.06,-3.26,1.15,42.07
46.039304,-0.0073,-0.0298,1.0024,-0.06,0.00,-0.12,-3.26,1.15,42.08
46.039304,-0.0078,-0.0303,1.0029,0.00,0.00,0.00,-3.26,1.15,42.08
46.070111,-0.0078,-0.0303,1.0034,0.06,0.06,-0.06,-3.26,1.15,42.09
46.070111,-0.0088,-0.0293,1.0034,0.00,0.00,-0.06,-3.26,1.15,42.10
46.098755,-0.0083,-0.0298,1.0039,0.06,0.00,-0.06,-3.26,1.15,42.11
46.098755,-0.0083,-0.0293,1.0029,0.00,0.00,-0.12,-3.26,1.15,42.11
46.158900,-0.0078,-0.0298,1.0024,0.06,0.00,-0.06,-3.26,1.15,42.12
46.158900,-0.0083,-0.0303,1.0029,0.00,0.00,-0.12,-3.26,1.15,42.13
46.233852,-0.0078,-0.0298,1.0029,0.00,0.00,-0.12,-3.26,1.15,42.13
46.233852,-0.0078,-0.0303,1.0034,-0.06,0.00,-0.06,-3.26,1.15,42.14
46.250172,-0.0088,-0.0303,1.0034,0.00,0.00,-0.06,-3.26,1.15,42.15
46.250172,-0.0083,-0.0303,1.0029,0.00,0.00,-0.06,-3.26,1.15,42.15
46.280073,-0.0083,-0.0293,1.0034,0.00,0.00,-0.12,-3.27,1.15,42.16
46.280073,-0.0083,-0.0298,1.0039,0.06,0.00,0.00,-3.27,1.15,42.17
46.310411,-0.0078,-0.0303,1.0029,0.06,0.00,0.00,-3.27,1.15,42.18
46.310411,-0.0068,-0.0308,1.0029,0.00,0.00,-0.06,-3.27,1.15,42.18
46.368879,-0.0083,-0.0298,1.0024,0.00,0.00,-0.06,-3.27,1.15,42.19
46.368879,-0.0078,-0.0298,1.0020,-0.06,0.00,-0.06,-3.27,1.15,42.20
46.398837,-0.0083,-0.0308,1.0029,-0.06,0.00,-0.06,-3.27,1.15,42.20
46.398837,-0.0083,-0.0303,1.0024,0.00,0.00,0.00,-3.27,1.15,42.21
46.428912,-0.0083,-0.0308,1.0020,0.00,0.00,-0.12,-3.27,1.15,42.22
46.428912,-0.0073,-0.0308,1.0020,0.00,0.00,-0.06,-3.27,1.15,42.23
46.488816,-0.0073,-0.0303,1.0029,0.06,0.00,-0.06,-3.27,1.15,42.23
46.488816,-0.0088,-0.0303,1.0024,0.06,0.00,-0.06,-3.27,1.15,42.24
46.518954,-0.0073,-0.0303,1.0024,0.00,0.00,0.00,-3.27,1.15,42.25
46.518954,-0.0078,-0.0303,1.0024,0.00,0.00,-0.06,-3.27,1.15,42.25
46.548896,-0.0073,-0.0298,1.0029,-0.06,0.00,-0.06,-3.27,1.15,42.26
46.548896,-0.0083,-0.0308,1.0034,0.00,0.00,-0.06,-3.27,1.15,42.26
46.608926,-0.0083,-0.0298,1.0029,0.00,0.00,-0.06,-3.27,1.15,42.28
46.608926,-0.0088,-0.0298,1.0029,0.00,0.00,-0.06,-3.27,1.15,42.28
46.638751,-0.0078,-0.0308,1.0020,0.06,0.00,-0.06,-3.27,1.15,42.29
46.638751,-0.0083,-0.0303,1.0024,0.06,0.00,-0.06,-3.27,1.15,42.29
46.668583,-0.0083,-0.0303,1.0034,0.06,0.00,-0.12,-3.27,1.15,42.30
46.668583,-0.0088,-0.0293,1.0034,0.06,0.00,-0.12,-3.27,1.15,42.31
46.728854,-0.0088,-0.0298,1.0029,0.00,0.00,-0.12,-3.27,1.15,42.31
46.728854,-0.0088,-0.0298,1.0029,0.00,0.00,-0.06,-3.27,1.15,42.32
46.758606,-0.0083,-0.0298,1.0029,0.00,0.00,0.00,-3.27,1.15,42.32
46.758606,-0.0078,-0.0308,1.0029,0.00,0.00,-0.06,-3.27,1.15,42.34
46.788784,-0.0078,-0.0293,1.0034,0.06,0.00,-0.06,-3.27,1.15,42.34
46.788784,-0.0083,-0.0303,1.0024,0.06,0.00,-0.06,-3.27,1.15,42.35
46.848894,-0.0078,-0.0298,1.0034,0.00,0.00,-0.06,-3.27,1.15,42.35
46.848894,-0.0078,-0.0298,1.0029,0.00,0.00,-0.06,-3.27,1.15,42.36
46.878798,-0.0083,-0.0298,1.0024,0.06,0.00,-0.06,-3.27,1.15,42.37
46.878798,-0.0078,-0.0298,1.0024,0.00,0.00,-0.06,-3.27,1.15,42.37
46.909104,-0.0068,-0.0283,1.0029,0.00,0.00,-0.12,-3.27,1.15,42.38
46.909104,-0.0083,-0.0298,1.0024,0.00,0.00,-0.06,-3.27,1.15,42.39
46.968817,-0.0068,-0.0308,1.0034,0.00,0.00,-0.12,-3.27,1.15,42.40
46.968817,-0.0083,-0.0298,1.0034,0.00,0.00,-0.06,-3.27,1.15,42.40
47.000047,-0.0083,-0.0293,1.0029,0.00,0.00,-0.12,-3.27,1.15,42.41
47.000047,-0.0078,-0.0293,1.0029,0.00,0.00,-0.06,-3.27,1.15,42.41
47.046581,-0.0073,-0.0303,1.0029,-0.06,0.00,0.00,-3.27,1.15,42.42
47.046581,-0.0078,-0.0298,1.0034,0.00,0.00,-0.06,-3.27,1.14,42.43
47.088769,-0.0083,-0.0308,1.0034,0.00,0.00,-0.12,-3.27,1.14,42.43
47.088769,-0.0078,-0.0308,1.0029,0.00,0.00,-0.12,-3.27,1.14,42.44
47.118878,-0.0088,-0.0298,1.0034,0.00,0.00,-0.06,-3.27,1.14,42.45
47.118878,-0.0078,-0.0303,1.0029,0.00,0.00,-0.06,-3.27,1.14,42.45
47.148936,-0.0083,-0.0303,1.0029,0.00,0.00,-0.06,-3.27,1.14,42.46
47.148936,-0.0078,-0.0303,1.0034,0.00,0.00,-0.06,-3.27,1.14,42.47
47.209110,-0.0083,-0.0298,1.0029,0.00,0.00,-0.12,-3.27,1.14,42.47
47.209110,-0.0083,-0.0303,1.0029,0.00,0.00,-0.06,-3.27,1.14,42.48
47.238808,-0.0083,-0.0298,1.0029,0.00,0.00,0.00,-3.27,1.14,42.48
47.238808,-0.0083,-0.0293,1.0029,0.00,0.00,-0.12,-3.27,1.14,42.49
47.268915,-0.0078,-0.0298,1.0034,0.00,0.00,0.00,-3.27,1.15,42.50
47.268915,-0.0078,-0.0298,1.0044,0.00,0.00,-0.18,-3.27,1.15,42.51
47.328962,-0.0078,-0.0308,1.0034,0.00,0.00,-0.06,-3.27,1.15,42.51
47.328962,-0.0073,-0.0293,1.0034,0.00,0.00,0.00,-3.27,1.15,42.52
47.358986,-0.0078,-0.0303,1.0029,0.00,0.00,-0.12,-3.27,1.15,42.52
47.358986,-0.0078,-0.0298,1.0039,0.00,0.00,-0.06,-3.27,1.15,42.53
47.388900,-0.0078,-0.0303,1.0034,0.00,0.00,0.00,-3.27,1.15,42.54
47.388900,-0.0078,-0.0298,1.0039,0.00,0.00,-0.06,-3.27,1.14,42.54
47.448823,-0.0083,-0.0303,1.0029,0.06,0.00,-0.06,-3.27,1.14,42.55
47.448823,-0.0083,-0.0303,1.0034,0.00,0.00,-0.06,-3.27,1.14,42.56
47.478812,-0.0083,-0.0298,1.0039,0.00,0.00,-0.06,-3.27,1.14,42.56
47.478812,-0.0083,-0.0308,1.0044,0.00,0.00,-0.06,-3.27,1.15,42.57
47.509095,-0.0078,-0.0298,1.0029,0.06,0.00,-0.06,-3.27,1.15,42.57
47.509095,-0.0073,-0.0298,1.0034,0.00,0.00,-0.06,-3.27,1.15,42.58
47.568547,-0.0078,-0.0308,1.0029,0.00,0.00,-0.06,-3.27,1.15,42.59
47.568547,-0.0078,-0.0303,1.0034,0.00,0.00,0.00,-3.27,1.15,42.59
47.598890,-0.0078,-0.0298,1.0034,0.00,0.00,-0.06,-3.27,1.14,42.60
47.598890,-0.0073,-0.0298,1.0034,0.00,0.00,-0.12,-3.27,1.14,42.60
47.658967,-0.0078,-0.0303,1.0034,0.00,0.00,-0.12,-3.27,1.14,42.61
47.658967,-0.0078,-0.0298,1.0029,0.00,0.00,-0.06,-3.27,1.14,42.62
47.688831,-0.0078,-0.0303,1.0029,0.00,0.00,-0.06,-3.27,1.14,42.62
47.688831,-0.0083,-0.0293,1.0024,0.00,0.00,-0.12,-3.27,1.14,42.63
47.718833,-0.0083,-0.0303,1.0024,0.00,0.00,-0.12,-3.27,1.14,42.64
47.718833,-0.0083,-0.0298,1.0024,0.00,0.00,-0.06,-3.27,1.14,42.64
47.779252,-0.0073,-0.0298,1.0020,0.00,0.00,0.00,-3.27,1.14,42.65
47.779252,-0.0093,-0.0298,1.0024,0.00,0.00,0.00,-3.27,1.14,42.65
47.809299,-0.0088,-0.0298,1.0034,0.00,0.00,-0.06,-3.27,1.14,42.66
47.809299,-0.0083,-0.0303,1.0024,0.00,0.00,-0.12,-3.27,1.15,42.67
47.838985,-0.0083,-0.0303,1.0024,0.00,0.00,-0.06,-3.27,1.15,42.67
47.838985,-0.0078,-0.0303,1.0024,0.00,0.00,-0.06,-3.27,1.15,42.68
47.898652,-0.0078,-0.0308,1.0034,0.00,0.00,-0.06,-3.27,1.15,42.69
47.898652,-0.0073,-0.0298,1.0034,0.00,0.00,-0.06,-3.27,1.15,42.69
47.928884,-0.0073,-0.0293,1.0029,0.00,0.00,-0.06,-3.27,1.15,42.70
47.928884,-0.0083,-0.0298,1.0034,0.00,0.00,-0.06,-3.27,1.15,42.70
47.959079,-0.0083,-0.0308,1.0034,0.00,0.00,0.00,-3.27,1.15,42.71
47.959079,-0.0078,-0.0308,1.0024,-0.06,0.00,-0.06,-3.27,1.15,42.71
48.019019,-0.0083,-0.0303,1.0029,0.00,0.00,-0.06,-3.27,1.15,42.72
48.019019,-0.0073,-0.0298,1.0034,0.00,0.00,-0.06,-3.27,1.15,42.73
48.058529,-0.0073,-0.0293,1.0029,0.00,0.00,-0.06,-3.27,1.15,42.73
48.058529,-0.0073,-0.0298,1.0024,0.00,0.00,-0.06,-3.27,1.15,42.74
48.078783,-0.0078,-0.0298,1.0015,0.00,0.00,-0.12,-3.27,1.14,42.75
48.078783,-0.0078,-0.0308,1.0029,0.00,0.00,-0.06,-3.27,1.14,42.75
48.138821,-0.0078,-0.0298,1.0020,-0.06,0.00,-0.12,-3.27,1.14,42.76
48.138821,-0.0083,-0.0298,1.0034,0.00,0.00,-0.06,-3.27,1.14,42.76
48.168892,-0.0083,-0.0298,1.0034,0.00,0.00,-0.06,-3.27,1.14,42.77
48.168892,-0.0083,-0.0308,1.0034,0.00,0.00,-0.12,-3.27,1.14,42.78
48.199611,-0.0093,-0.0303,1.0029,0.00,0.00,-0.06,-3.27,1.15,42.78
48.199611,-0.0078,-0.0303,1.0029,0.00,0.00,0.00,-3.27,1.15,42.79
48.258825,-0.0078,-0.0303,1.0024,0.06,0.00,-0.06,-3.28,1.15,42.79
48.258825,-0.0078,-0.0303,1.0020,0.06,0.00,-0.12,-3.28,1.15,42.80
48.288826,-0.0078,-0.0298,1.0024,0.00,0.00,-0.06,-3.28,1.15,42.80
48.288826,-0.0078,-0.0303,1.0034,0.00,0.00,-0.06,-3.28,1.15,42.81
48.318811,-0.0078,-0.0298,1.0029,0.00,0.00,-0.06,-3.28,1.15,42.82
48.318811,-0.0083,-0.0298,1.0029,0.00,-0.06,-0.06,-3.28,1.15,42.82
48.378930,-0.0078,-0.0303,1.0029,0.00,0.00,0.00,-3.28,1.15,42.83
48.378930,-0.0093,-0.0298,1.0024,0.00,0.00,-0.06,-3.28,1.15,42.84
48.409144,-0.0078,-0.0308,1.0034,0.06,0.00,-0.12,-3.28,1.15,42.84
48.409144,-0.0078,-0.0312,1.0024,0.00,0.00,-0.06,-3.28,1.15,42.85
48.439063,-0.0078,-0.0298,1.0024,0.00,0.00,-0.06,-3.28,1.15,42.85
48.439063,-0.0078,-0.0303,1.0034,0.00,0.00,-0.06,-3.28,1.15,42.86
48.498955,-0.0073,-0.0308,1.0034,0.00,0.00,0.00,-3.28,1.15,42.86
48.498955,-0.0078,-0.0303,1.0034,-0.06,0.00,-0.12,-3.28,1.15,42.87
48.528906,-0.0073,-0.0298,1.0024,-0.06,0.00,-0.12,-3.28,1.15,42.87
48.528906,-0.0073,-0.0303,1.0039,0.00,0.00,-0.06,-3.28,1.15,42.88
48.558838,-0.0078,-0.0293,1.0039,0.00,0.00,-0.06,-3.28,1.15,42.89
48.558838,-0.0088,-0.0298,1.0024,0.00,0.00,-0.06,-3.28,1.15,42.89
48.618840,-0.0073,-0.0303,1.0029,0.00,0.00,0.00,-3.28,1.15,42.90
48.618840,-0.0073,-0.0303,1.0024,0.00,0.00,-0.06,-3.28,1.15,42.90
48.648893,-0.0073,-0.0303,1.0024,0.00,0.00,-0.06,-3.28,1.15,42.91
48.648893,-0.0088,-0.0298,1.0024,0.00,0.00,-0.06,-3.28,1.15,42.91
48.678947,-0.0083,-0.0303,1.0024,0.00,0.00,-0.06,-3.28,1.15,42.92
48.678947,-0.0078,-0.0298,1.0024,0.00,0.00,-0.06,-3.28,1.15,42.93
48.738811,-0.0078,-0.0298,1.0029,0.00,0.00,0.00,-3.28,1.15,42.93
48.738811,-0.0078,-0.0298,1.0034,0.00,0.00,-0.06,-3.28,1.15,42.94
48.768835,-0.0083,-0.0293,1.0034,0.00,0.00,0.00,-3.28,1.15,42.95
48.768835,-0.0083,-0.0303,1.0029,0.00,0.00,0.00,-3.28,1.15,42.95
48.798881,-0.0078,-0.0298,1.0034,0.00,0.00,0.00,-3.28,1.15,42.96
48.798881,-0.0078,-0.0303,1.0024,0.00,0.00,-0.06,-3.28,1.15,42.96
48.858888,-0.0078,-0.0303,1.0024,0.00,0.00,0.00,-3.28,1.15,42.97
48.858888,-0.0083,-0.0303,1.0024,0.00,0.00,-0.06,-3.28,1.15,42.97
48.888841,-0.0078,-0.0303,1.0029,0.00,0.00,-0.06,-3.28,1.15,42.98
48.888841,-0.0083,-0.0303,1.0029,0.00,0.00,-0.12,-3.28,1.15,42.98
48.918901,-0.0078,-0.0298,1.0029,0.00,0.00,-0.06,-3.28,1.15,42.99
48.918901,-0.0073,-0.0303,1.0024,0.06,0.00,-0.06,-3.28,1.15,42.99
48.979596,-0.0078,-0.0312,1.0024,0.00,0.00,-0.12,-3.28,1.15,43.00
48.979596,-0.0073,-0.0298,1.0029,0.00,0.00,0.00,-3.28,1.15,43.01
49.011479,-0.0083,-0.0303,1.0024,0.00,0.00,-0.06,-3.28,1.15,43.01
49.011479,-0.0083,-0.0293,1.0015,0.00,0.00,-0.06,-3.28,1.15,43.02
49.068930,-0.0078,-0.0298,1.0024,0.00,0.00,-0.12,-3.28,1.15,43.02
49.068930,-0.0083,-0.0293,1.0024,0.00,0.00,-0.06,-3.28,1.15,43.03
49.111712,-0.0078,-0.0303,1.0029,0.00,0.00,-0.06,-3.28,1.15,43.03
49.111712,-0.0073,-0.0298,1.0015,-0.06,0.00,-0.06,-3.28,1.15,43.04
49.128712,-0.0088,-0.0303,1.0020,0.00,0.00,-0.06,-3.28,1.15,43.04
49.128712,-0.0078,-0.0303,1.0020,0.00,0.00,-0.06,-3.28,1.15,43.05
49.188837,-0.0073,-0.0312,1.0024,0.00,0.00,-0.12,-3.28,1.15,43.06
49.188837,-0.0073,-0.0303,1.0015,0.00,0.00,-0.06,-3.28,1.15,43.06
49.218855,-0.0078,-0.0298,1.0020,0.00,0.00,-0.06,-3.28,1.15,43.07
49.218855,-0.0083,-0.0298,1.0015,0.00,0.00,-0.06,-3.28,1.15,43.07
49.248839,-0.0068,-0.0298,1.0020,0.00,0.00,-0.06,-3.28,1.15,43.08
49.248839,-0.0078,-0.0303,1.0024,0.06,0.00,-0.06,-3.28,1.15,43.08
49.309176,-0.0078,-0.0298,1.0015,0.00,0.00,0.00,-3.28,1.15,43.09
49.309176,-0.0078,-0.0308,1.0024,-0.06,0.00,-0.06,-3.28,1.15,43.09
49.338944,-0.0088,-0.0293,1.0020,0.00,0.00,-0.12,-3.28,1.15,43.10
49.338944,-0.0078,-0.0303,1.0024,0.00,0.00,-0.12,-3.28,1.15,43.10
49.368904,-0.0083,-0.0303,1.0024,0.00,0.00,-0.06,-3.28,1.15,43.11
49.368904,-0.0083,-0.0298,1.0029,0.06,0.00,-0.12,-3.28,1.15,43.12
49.428979,-0.0083,-0.0293,1.0020,0.00,0.00,-0.12,-3.28,1.15,43.12
49.428979,-0.0093,-0.0293,1.0020,0.00,0.00,-0.12,-3.28,1.15,43.13
49.458840,-0.0078,-0.0308,1.0024,0.00,0.00,-0.06,-3.28,1.15,43.13
49.458840,-0.0083,-0.0303,1.0024,0.00,0.00,-0.06,-3.28,1.15,43.14
49.488877,-0.0078,-0.0303,1.0029,0.00,0.00,-0.06,-3.28,1.15,43.14
49.488877,-0.0083,-0.0308,1.0010,0.00,0.00,-0.12,-3.28,1.15,43.15
49.548788,-0.0078,-0.0303,1.0029,-0.06,0.00,-0.06,-3.28,1.15,43.15
49.548788,-0.0078,-0.0298,1.0024,0.00,0.00,-0.06,-3.28,1.15,43.16
49.578845,-0.0073,-0.0298,1.0029,0.00,0.00,-0.12,-3.28,1.15,43.17
49.578845,-0.0073,-0.0312,1.0034,0.06,0.00,-0.12,-3.28,1.15,43.17
49.609116,-0.0073,-0.0303,1.0034,0.00,0.00,-0.06,-3.28,1.15,43.17
49.609116,-0.0068,-0.0303,1.0034,0.00,0.00,-0.06,-3.28,1.15,43.18
49.668841,-0.0088,-0.0303,1.0020,0.00,0.00,-0.12,-3.28,1.15,43.18
49.668841,-0.0083,-0.0298,1.0029,0.00,0.00,-0.06,-3.28,1.15,43.19
49.698796,-0.0078,-0.0298,1.0039,0.00,0.00,-0.18,-3.28,1.15,43.19
49.698796,-0.0078,-0.0303,1.0029,0.00,0.00,-0.12,-3.28,1.15,43.20
49.728883,-0.0083,-0.0298,1.0029,0.00,0.00,-0.06,-3.28,1.15,43.20
49.728883,-0.0078,-0.0303,1.0029,0.00,0.00,-0.06,-3.28,1.15,43.21
49.788827,-0.0073,-0.0308,1.0029,0.00,0.00,-0.06,-3.28,1.15,43.21
49.788827,-0.0078,-0.0303,1.0034,0.00,0.00,-0.06,-3.28,1.15,43.22
49.818814,-0.0078,-0.0298,1.0024,0.00,0.00,-0.06,-3.28,1.15,43.23
49.818814,-0.0078,-0.0293,1.0039,0.00,0.00,-0.06,-3.28,1.15,43.23
49.848852,-0.0083,-0.0303,1.0024,0.00,0.00,-0.06,-3.28,1.15,43.24
49.848852,-0.0083,-0.0308,1.0034,0.00,0.00,-0.06,-3.28,1.15,43.24
49.909102,-0.0078,-0.0303,1.0029,0.00,0.00,-0.06,-3.28,1.15,43.25
49.909102,-0.0078,-0.0303,1.0020,0.00,0.00,0.00,-3.28,1.15,43.25
49.941986,-0.0073,-0.0303,1.0039,0.00,0.00,-0.06,-3.28,1.15,43.26
49.941986,-0.0083,-0.0303,1.0029,0.00,0.00,-0.12,-3.28,1.15,43.26
49.969384,-0.0073,-0.0308,1.0024,0.06,0.00,-0.06,-3.28,1.15,43.26
49.969384,-0.0078,-0.0308,1.0034,0.00,0.00,-0.06,-3.28,1.15,43.27
50.029743,-0.0078,-0.0298,1.0029,0.00,0.00,0.00,-3.28,1.15,43.28
50.029743,-0.0078,-0.0308,1.0034,0.00,0.00,-0.06,-3.28,1.15,43.28
50.059288,-0.0078,-0.0308,1.0029,0.00,0.00,-0.06,-3.28,1.15,43.29
50.059288,-0.0078,-0.0303,1.0024,0.00,0.00,-0.06,-3.28,1.15,43.29
50.088871,-0.0083,-0.0303,1.0029,0.00,0.00,-0.06,-3.28,1.15,43.30
50.088871,-0.0088,-0.0298,1.0029,0.00,0.00,-0.06,-3.28,1.15,43.30
50.148969,-0.0083,-0.0298,1.0034,0.00,0.00,0.00,-3.28,1.15,43.31
50.148969,-0.0078,-0.0293,1.0034,0.00,0.00,-0.06,-3.28,1.15,43.31
50.178887,-0.0083,-0.0293,1.0034,0.00,0.00,0.00,-3.28,1.15,43.32
50.178887,-0.0078,-0.0303,1.0034,0.00,0.00,-0.06,-3.28,1.15,43.32
50.209588,-0.0088,-0.0298,1.0034,0.00,0.00,-0.06,-3.28,1.15,43.32
50.209588,-0.0088,-0.0303,1.0029,0.00,0.00,-0.06,-3.28,1.15,43.33
50.268896,-0.0073,-0.0308,1.0034,0.00,0.00,-0.12,-3.28,1.15,43.34
50.268896,-0.0078,-0.0303,1.0024,0.00,0.00,-0.06,-3.28,1.15,43.34
50.298894,-0.0093,-0.0298,1.0024,0.00,0.00,-0.06,-3.28,1.15,43.35
50.298894,-0.0083,-0.0303,1.0029,0.00,0.00,-0.06,-3.28,1.15,43.35
50.328932,-0.0083,-0.0308,1.0020,0.00,0.00,-0.06,-3.28,1.15,43.36
50.328932,-0.0078,-0.0303,1.0029,0.00,0.00,-0.06,-3.28,1.15,43.36
50.388974,-0.0078,-0.0308,1.0029,0.00,0.00,-0.06,-3.28,1.15,43.37
50.388974,-0.0078,-0.0303,1.0029,0.00,0.00,0.00,-3.28,1.15,43.37
50.418883,-0.0078,-0.0298,1.0029,0.00,0.00,-0.06,-3.28,1.15,43.37
50.418883,-0.0078,-0.0303,1.0029,-0.06,0.00,-0.12,-3.28,1.15,43.38
50.479644,-0.0083,-0.0303,1.0024,0.00,0.00,-0.12,-3.28,1.15,43.39
50.479644,-0.0078,-0.0303,1.0024,0.00,0.00,-0.12,-3.28,1.15,43.39
50.509172,-0.0083,-0.0303,1.0024,0.06,0.00,-0.12,-3.28,1.15,43.40
50.509172,-0.0083,-0.0308,1.0029,0.00,0.00,-0.06,-3.28,1.15,43.40
50.538650,-0.0083,-0.0308,1.0034,0.00,0.00,-0.06,-3.28,1.15,43.41
50.538650,-0.0083,-0.0298,1.0029,0.00,0.00,-0.06,-3.28,1.15,43.41
50.598873,-0.0083,-0.0308,1.0020,0.00,0.00,-0.06,-3.28,1.15,43.42
50.598873,-0.0083,-0.0303,1.0020,0.00,0.06,-0.06,-3.28,1.15,43.42
50.628800,-0.0078,-0.0303,1.0024,-0.06,0.00,-0.06,-3.28,1.15,43.42
50.628800,-0.0078,-0.0308,1.0029,0.00,0.00,-0.06,-3.28,1.15,43.43
50.658843,-0.0068,-0.0303,1.0024,0.00,0.00,-0.12,-3.28,1.15,43.43
50.658843,-0.0083,-0.0308,1.0034,0.00,0.00,-0.06,-3.28,1.15,43.44
50.718875,-0.0068,-0.0303,1.0034,0.06,0.00,-0.06,-3.28,1.15,43.45
50.718875,-0.0078,-0.0298,1.0024,0.06,0.00,0.00,-3.28,1.15,43.45
50.748879,-0.0078,-0.0308,1.0024,0.00,0.00,0.00,-3.28,1.15,43.46
50.748879,-0.0078,-0.0298,1.0029,0.00,0.00,0.00,-3.28,1.15,43.46
50.778900,-0.0088,-0.0303,1.0039,0.06,0.00,-0.12,-3.28,1.15,43.46
50.778900,-0.0078,-0.0303,1.0034,0.00,0.00,-0.06,-3.28,1.15,43.47
50.838839,-0.0073,-0.0312,1.0029,0.00,0.00,-0.06,-3.28,1.15,43.47
50.838839,-0.0078,-0.0303,1.0029,0.00,0.00,-0.06,-3.28,1.15,43.48
50.869439,-0.0073,-0.0303,1.0029,0.00,0.00,-0.12,-3.28,1.15,43.48
50.869439,-0.0073,-0.0308,1.0034,0.00,0.00,-0.06,-3.28,1.15,43.49
50.898983,-0.0088,-0.0303,1.0034,0.00,0.00,-0.06,-3.28,1.15,43.49
50.898983,-0.0088,-0.0303,1.0029,0.00,0.00,-0.06,-3.28,1.15,43.49
50.958952,-0.0083,-0.0308,1.0029,-0.12,0.00,-0.06,-3.28,1.15,43.50
50.958952,-0.0083,-0.0298,1.0034,0.00,0.00,-0.06,-3.28,1.15,43.51
50.988889,-0.0083,-0.0303,1.0024,0.00,0.00,-0.06,-3.28,1.15,43.51
50.988889,-0.0083,-0.0303,1.0029,0.00,0.00,-0.06,-3.28,1.15,43.52
51.021862,-0.0078,-0.0308,1.0034,0.00,0.00,-0.06,-3.28,1.15,43.52
51.021862,-0.0083,-0.0308,1.0034,0.00,0.00,-0.06,-3.28,1.15,43.52
51.078881,-0.0078,-0.0303,1.0034,0.00,0.00,-0.06,-3.28,1.15,43.53
51.078881,-0.0083,-0.0298,1.0029,0.00,0.00,0.00,-3.28,1.15,43.53
51.109179,-0.0073,-0.0303,1.0034,0.00,0.06,-0.06,-3.28,1.15,43.54
51.109179,-0.0073,-0.0298,1.0029,0.00,0.00,0.00,-3.28,1.15,43.54
51.154022,-0.0078,-0.0298,1.0020,0.00,0.00,-0.06,-3.28,1.15,43.55
51.154022,-0.0078,-0.0303,1.0034,0.00,0.00,-0.06,-3.28,1.15,43.56
51.198842,-0.0083,-0.0303,1.0024,0.00,0.00,-0.06,-3.28,1.15,43.56
51.198842,-0.0088,-0.0298,1.0020,0.06,0.00,-0.06,-3.28,1.15,43.56
51.228820,-0.0083,-0.0298,1.0024,0.00,0.00,-0.06,-3.28,1.15,43.57
51.228820,-0.0083,-0.0293,1.0024,0.00,0.00,-0.06,-3.28,1.15,43.57
51.259407,-0.0088,-0.0298,1.0024,0.00,0.00,-0.06,-3.28,1.15,43.58
51.259407,-0.0078,-0.0298,1.0024,0.00,0.00,-0.06,-3.28,1.15,43.58
51.318888,-0.0078,-0.0298,1.0034,-0.06,0.00,-0.12,-3.28,1.15,43.58
51.318888,-0.0088,-0.0298,1.0024,0.00,0.00,0.00,-3.28,1.15,43.59
51.348899,-0.0078,-0.0298,1.0039,0.00,0.00,-0.12,-3.28,1.15,43.59
51.348899,-0.0083,-0.0308,1.0034,0.06,0.00,-0.12,-3.28,1.15,43.60
51.378989,-0.0073,-0.0308,1.0034,0.06,0.06,-0.06,-3.28,1.16,43.60
51.378989,-0.0078,-0.0303,1.0039,0.00,0.00,-0.06,-3.28,1.16,43.61
51.438939,-0.0083,-0.0308,1.0029,0.06,0.00,-0.06,-3.28,1.16,43.61
51.438939,-0.0073,-0.0303,1.0029,0.00,0.00,-0.06,-3.28,1.16,43.62
51.468930,-0.0083,-0.0303,1.0024,0.00,0.00,-0.06,-3.28,1.16,43.62
51.468930,-0.0083,-0.0303,1.0029,0.00,0.00,-0.06,-3.28,1.16,43.63
51.499986,-0.0083,-0.0298,1.0024,0.00,0.00,-0.06,-3.28,1.16,43.63
51.499986,-0.0078,-0.0298,1.0034,0.06,0.00,0.00,-3.28,1.16,43.64
51.558885,-0.0078,-0.0298,1.0024,0.00,0.00,-0.06,-3.28,1.16,43.64
51.558885,-0.0078,-0.0303,1.0029,0.06,0.00,-0.06,-3.28,1.16,43.64
51.588958,-0.0078,-0.0308,1.0029,0.00,0.00,-0.06,-3.28,1.16,43.65
51.588958,-0.0083,-0.0303,1.0024,0.00,0.00,-0.06,-3.28,1.16,43.65
51.620135,-0.0078,-0.0293,1.0034,0.00,0.00,-0.06,-3.28,1.16,43.66
51.620135,-0.0078,-0.0298,1.0034,-0.06,0.00,-0.06,-3.28,1.16,43.66
51.678999,-0.0088,-0.0298,1.0039,-0.06,0.00,-0.06,-3.28,1.16,43.67
51.678999,-0.0083,-0.0303,1.0039,0.00,0.00,-0.12,-3.28,1.16,43.67
51.709252,-0.0083,-0.0308,1.0024,0.00,0.00,-0.06,-3.28,1.16,43.68
51.709252,-0.0073,-0.0298,1.0039,0.00,0.00,-0.12,-3.28,1.16,43.68
51.739307,-0.0083,-0.0308,1.0029,0.00,0.00,-0.06,-3.28,1.16,43.68
51.739307,-0.0083,-0.0308,1.0024,0.00,0.00,-0.06,-3.28,1.16,43.69
51.798810,-0.0088,-0.0308,1.0034,0.00,0.00,-0.06,-3.28,1.16,43.69
51.798810,-0.0083,-0.0303,1.0029,0.00,0.00,-0.12,-3.28,1.16,43.70
51.829691,-0.0083,-0.0298,1.0024,0.00,0.00,0.00,-3.28,1.16,43.70
51.829691,-0.0078,-0.0308,1.0034,0.00,0.00,-0.06,-3.28,1.16,43.70
51.888788,-0.0078,-0.0303,1.0034,0.00,0.00,-0.06,-3.28,1.16,43.71
51.888788,-0.0083,-0.0303,1.0039,0.00,0.00,-0.06,-3.28,1.16,43.71
51.918875,-0.0068,-0.0293,1.0024,0.00,0.00,-0.06,-3.28,1.16,43.72
51.918875,-0.0078,-0.0298,1.0034,0.00,0.00,-0.06,-3.28,1.16,43.73
51.949387,-0.0078,-0.0298,1.0024,0.00,0.00,-0.12,-3.28,1.16,43.73
51.949387,-0.0073,-0.0298,1.0034,0.00,0.00,-0.12,-3.28,1.16,43.73
52.009794,-0.0088,-0.0303,1.0024,0.00,0.00,0.00,-3.28,1.16,43.74
52.009794,-0.0083,-0.0308,1.0015,0.00,0.00,-0.12,-3.28,1.16,43.74
52.038734,-0.0078,-0.0303,1.0024,0.00,0.00,-0.06,-3.28,1.16,43.75
52.038734,-0.0083,-0.0308,1.0020,0.00,0.00,0.00,-3.28,1.16,43.75
52.068713,-0.0083,-0.0298,1.0024,0.00,0.00,-0.06,-3.28,1.16,43.75
52.068713,-0.0093,-0.0308,1.0020,0.00,0.00,-0.06,-3.28,1.16,43.76
52.129588,-0.0073,-0.0303,1.0034,0.00,0.00,-0.06,-3.28,1.16,43.76
52.129588,-0.0083,-0.0308,1.0029,0.00,0.00,0.00,-3.28,1.16,43.76
52.170022,-0.0078,-0.0312,1.0034,0.00,0.00,-0.12,-3.28,1.16,43.77
52.170022,-0.0078,-0.0308,1.0024,0.00,0.00,-0.06,-3.28,1.16,43.78
52.189866,-0.0078,-0.0308,1.0034,0.00,0.00,-0.06,-3.28,1.16,43.78
52.189866,-0.0078,-0.0303,1.0029,0.00,0.00,0.00,-3.28,1.16,43.79
52.248988,-0.0083,-0.0308,1.0034,0.00,0.00,-0.06,-3.28,1.16,43.79
52.248988,-0.0078,-0.0303,1.0024,0.00,0.00,-0.06,-3.28,1.16,43.79
52.279721,-0.0073,-0.0303,1.0029,0.00,0.00,-0.06,-3.28,1.16,43.80
52.279721,-0.0078,-0.0308,1.0029,0.00,0.00,-0.12,-3.28,1.16,43.80
52.309023,-0.0078,-0.0308,1.0029,0.00,0.00,-0.06,-3.28,1.16,43.80
52.309023,-0.0078,-0.0303,1.0029,0.00,0.00,-0.06,-3.28,1.16,43.81
52.368985,-0.0073,-0.0303,1.0034,0.06,0.00,-0.06,-3.28,1.16,43.81
52.368985,-0.0078,-0.0298,1.0020,0.00,0.06,-0.06,-3.28,1.16,43.82
52.398831,-0.0083,-0.0303,1.0024,0.00,0.00,0.00,-3.28,1.16,43.82
52.398831,-0.0083,-0.0303,1.0029,0.00,0.00,0.00,-3.28,1.16,43.82
52.428669,-0.0088,-0.0308,1.0029,0.00,0.00,-0.12,-3.28,1.16,43.83
52.428669,-0.0088,-0.0303,1.0024,0.00,0.00,-0.06,-3.28,1.16,43.84
52.488916,-0.0073,-0.0308,1.0024,0.00,0.00,-0.06,-3.28,1.16,43.84
52.488916,-0.0073,-0.0308,1.0020,0.00,0.00,0.00,-3.28,1.16,43.84
52.518830,-0.0083,-0.0303,1.0024,0.00,0.00,0.00,-3.28,1.16,43.85
52.518830,-0.0073,-0.0303,1.0034,0.00,0.00,-0.06,-3.28,1.16,43.85
52.548919,-0.0078,-0.0303,1.0029,0.00,0.00,-0.06,-3.28,1.16,43.86
52.548919,-0.0083,-0.0308,1.0029,0.00,0.00,-0.06,-3.28,1.16,43.86
52.609164,-0.0078,-0.0298,1.0034,0.00,0.00,-0.06,-3.28,1.16,43.86
52.609164,-0.0083,-0.0303,1.0034,0.00,0.00,-0.12,-3.28,1.16,43.87
52.638887,-0.0078,-0.0303,1.0024,0.00,0.00,-0.06,-3.28,1.16,43.87
52.638887,-0.0083,-0.0298,1.0029,0.00,0.00,-0.06,-3.28,1.16,43.87
52.668880,-0.0078,-0.0303,1.0024,0.00,0.00,0.00,-3.28,1.16,43.88
52.668880,-0.0078,-0.0298,1.0024,0.00,0.00,-0.06,-3.28,1.16,43.88
52.728925,-0.0073,-0.0303,1.0034,0.00,0.00,-0.06,-3.28,1.16,43.89
52.728925,-0.0088,-0.0308,1.0029,0.00,0.00,-0.06,-3.28,1.16,43.89
52.758898,-0.0088,-0.0308,1.0029,0.00,0.00,-0.12,-3.28,1.16,43.90
52.758898,-0.0083,-0.0308,1.0034,0.00,0.00,0.00,-3.28,1.16,43.90
52.788886,-0.0078,-0.0303,1.0029,0.06,0.00,-0.06,-3.28,1.16,43.90
52.788886,-0.0073,-0.0308,1.0020,0.00,0.00,-0.06,-3.28,1.16,43.91
52.849018,-0.0083,-0.0298,1.0039,0.00,0.00,0.00,-3.28,1.16,43.91
52.849018,-0.0078,-0.0308,1.0029,0.00,0.00,0.00,-3.28,1.16,43.92
52.878849,-0.0078,-0.0312,1.0029,0.00,0.00,-0.12,-3.28,1.16,43.92
52.878849,-0.0083,-0.0308,1.0034,0.00,0.00,-0.12,-3.28,1.16,43.92
52.909203,-0.0083,-0.0303,1.0034,0.00,0.00,-0.06,-3.28,1.16,43.93
52.909203,-0.0083,-0.0303,1.0020,0.00,0.06,-0.06,-3.28,1.16,43.93
52.970008,-0.0088,-0.0308,1.0039,0.00,0.00,-0.12,-3.28,1.16,43.93
52.970008,-0.0078,-0.0303,1.0029,0.00,0.00,-0.12,-3.28,1.16,43.94
52.998864,-0.0073,-0.0308,1.0029,0.00,0.00,-0.06,-3.28,1.16,43.95
52.998864,-0.0088,-0.0303,1.0029,0.00,0.00,-0.06,-3.28,1.16,43.95
53.028986,-0.0088,-0.0298,1.0024,0.00,0.00,-0.06,-3.28,1.16,43.95
53.028986,-0.0078,-0.0303,1.0039,0.06,0.00,-0.06,-3.28,1.16,43.96
53.089047,-0.0083,-0.0293,1.0034,0.00,0.00,-0.06,-3.28,1.16,43.96
53.089047,-0.0083,-0.0303,1.0034,0.00,0.00,-0.06,-3.28,1.16,43.96
53.119106,-0.0073,-0.0303,1.0029,0.00,0.00,-0.12,-3.28,1.16,43.97
53.119106,-0.0083,-0.0303,1.0039,0.00,0.00,-0.12,-3.27,1.16,43.97
53.149066,-0.0078,-0.0298,1.0034,0.00,0.00,-0.06,-3.27,1.16,43.98
53.149066,-0.0073,-0.0298,1.0029,0.00,0.00,-0.12,-3.27,1.16,43.98
53.209182,-0.0083,-0.0308,1.0044,0.00,0.00,-0.06,-3.27,1.16,43.98
53.209182,-0.0088,-0.0303,1.0029,0.00,0.00,-0.06,-3.27,1.16,43.99
53.238897,-0.0078,-0.0303,1.0029,0.06,0.00,-0.12,-3.27,1.16,43.99
53.238897,-0.0078,-0.0303,1.0024,0.00,0.00,0.00,-3.27,1.16,43.99
53.298959,-0.0078,-0.0298,1.0029,0.00,0.00,-0.06,-3.27,1.16,44.00
53.298959,-0.0083,-0.0312,1.0029,0.00,0.00,0.00,-3.27,1.16,44.01
53.328956,-0.0073,-0.0308,1.0029,0.00,0.00,-0.06,-3.27,1.16,44.01
53.328956,-0.0083,-0.0303,1.0029,0.00,0.00,-0.06,-3.27,1.16,44.01
53.358940,-0.0078,-0.0303,1.0034,0.00,0.00,-0.06,-3.27,1.16,44.02
53.358940,-0.0073,-0.0303,1.0034,0.00,0.00,-0.12,-3.27,1.16,44.02
53.419028,-0.0078,-0.0308,1.0039,0.00,0.00,-0.06,-3.27,1.16,44.02
53.419028,-0.0078,-0.0308,1.0049,0.00,0.00,-0.06,-3.27,1.16,44.03
53.448910,-0.0073,-0.0303,1.0024,0.00,0.00,-0.06,-3.27,1.16,44.03
53.448910,-0.0083,-0.0303,1.0024,0.00,0.00,-0.12,-3.27,1.16,44.03
53.478944,-0.0088,-0.0303,1.0024,0.00,0.00,-0.06,-3.27,1.16,44.04
53.478944,-0.0088,-0.0298,1.0029,0.00,0.00,0.00,-3.27,1.17,44.04
53.538973,-0.0083,-0.0308,1.0024,0.00,0.00,-0.06,-3.27,1.17,44.04
53.538973,-0.0078,-0.0293,1.0029,0.00,0.00,-0.12,-3.27,1.17,44.05
53.568900,-0.0083,-0.0298,1.0034,0.00,0.00,-0.06,-3.27,1.17,44.06
53.568900,-0.0078,-0.0303,1.0029,0.00,0.00,-0.12,-3.27,1.17,44.06
53.598935,-0.0073,-0.0308,1.0029,0.00,0.00,-0.06,-3.27,1.17,44.06
53.598935,-0.0083,-0.0298,1.0034,0.00,0.00,-0.12,-3.27,1.17,44.07
53.658735,-0.0078,-0.0298,1.0024,0.00,0.00,-0.06,-3.27,1.17,44.07
53.658735,-0.0073,-0.0303,1.0029,0.00,0.00,-0.12,-3.27,1.17,44.07
53.693237,-0.0073,-0.0303,1.0024,0.00,0.00,-0.06,-3.27,1.17,44.08
53.693237,-0.0078,-0.0293,1.0029,0.00,0.00,0.00,-3.27,1.17,44.08
53.718993,-0.0083,-0.0303,1.0024,0.00,0.00,-0.06,-3.27,1.17,44.08
53.718993,-0.0083,-0.0298,1.0024,0.00,0.00,-0.06,-3.27,1.17,44.09
53.778949,-0.0083,-0.0312,1.0015,0.00,0.00,-0.06,-3.27,1.17,44.09
53.778949,-0.0083,-0.0303,1.0034,0.00,0.00,-0.06,-3.27,1.17,44.09
53.809213,-0.0078,-0.0308,1.0015,0.00,0.00,-0.12,-3.27,1.17,44.10
53.809213,-0.0083,-0.0303,1.0020,0.00,0.00,-0.12,-3.27,1.17,44.10
53.838935,-0.0078,-0.0298,1.0024,0.00,0.00,-0.06,-3.27,1.17,44.10
53.838935,-0.0073,-0.0298,1.0029,0.00,0.00,-0.06,-3.27,1.17,44.11
53.898921,-0.0083,-0.0298,1.0024,0.00,0.00,0.00,-3.27,1.17,44.12
53.898921,-0.0083,-0.0303,1.0024,0.06,0.00,-0.06,-3.27,1.17,44.12
53.929328,-0.0078,-0.0308,1.0020,0.00,0.00,-0.06,-3.27,1.17,44.12
53.929328,-0.0083,-0.0308,1.0024,0.00,0.00,-0.06,-3.27,1.17,44.13
53.959070,-0.0083,-0.0298,1.0044,0.00,0.00,-0.06,-3.27,1.17,44.13
53.959070,-0.0078,-0.0303,1.0029,0.00,0.00,-0.06,-3.27,1.17,44.13
54.021650,-0.0083,-0.0308,1.0029,0.00,0.00,-0.06,-3.27,1.17,44.14
54.021650,-0.0083,-0.0298,1.0034,0.00,0.00,-0.06,-3.27,1.17,44.14
54.048954,-0.0083,-0.0308,1.0034,0.00,0.00,-0.12,-3.27,1.17,44.14
54.048954,-0.0073,-0.0308,1.0029,0.00,0.06,-0.06,-3.27,1.17,44.15
54.078910,-0.0088,-0.0298,1.0024,0.00,0.00,-0.06,-3.27,1.17,44.15
54.078910,-0.0083,-0.0298,1.0024,-0.06,0.00,-0.06,-3.27,1.17,44.15
54.138937,-0.0083,-0.0298,1.0029,0.00,0.00,-0.12,-3.27,1.17,44.16
54.138937,-0.0088,-0.0293,1.0034,0.00,0.00,-0.06,-3.27,1.17,44.16
54.169273,-0.0083,-0.0303,1.0024,0.00,0.00,-0.06,-3.27,1.17,44.17
54.169273,-0.0078,-0.0303,1.0020,0.00,0.00,0.00,-3.27,1.17,44.17
54.214077,-0.0078,-0.0303,1.0020,0.06,0.00,0.00,-3.27,1.17,44.17
54.214077,-0.0083,-0.0298,1.0020,0.06,0.00,-0.06,-3.27,1.17,44.18
54.258961,-0.0078,-0.0298,1.0020,0.06,0.00,-0.06,-3.27,1.17,44.18
54.258961,-0.0093,-0.0293,1.0010,0.00,0.00,-0.06,-3.27,1.17,44.18
54.288850,-0.0083,-0.0303,1.0024,0.00,0.00,-0.06,-3.27,1.17,44.19
54.288850,-0.0078,-0.0298,1.0020,0.00,0.00,-0.06,-3.27,1.17,44.19
54.318932,-0.0083,-0.0308,1.0015,0.00,0.00,-0.06,-3.27,1.17,44.19
54.318932,-0.0078,-0.0303,1.0024,-0.06,0.00,0.00,-3.27,1.17,44.20
54.378954,-0.0078,-0.0308,1.0024,0.00,0.00,-0.12,-3.27,1.17,44.20
54.378954,-0.0078,-0.0303,1.0024,0.00,0.00,-0.06,-3.27,1.17,44.20
54.409253,-0.0083,-0.0303,1.0024,0.00,0.00,-0.06,-3.27,1.17,44.21
54.409253,-0.0083,-0.0303,1.0020,0.06,0.00,-0.06,-3.27,1.17,44.21
54.438921,-0.0068,-0.0298,1.0024,0.00,0.00,0.00,-3.27,1.17,44.21
54.438921,-0.0083,-0.0293,1.0020,0.00,0.00,-0.12,-3.27,1.17,44.22
54.498951,-0.0078,-0.0303,1.0020,0.00,0.00,-0.06,-3.27,1.18,44.23
54.498951,-0.0078,-0.0303,1.0024,-0.06,0.00,-0.06,-3.27,1.18,44.23
54.528917,-0.0073,-0.0303,1.0020,-0.12,0.00,-0.06,-3.27,1.18,44.23
54.528917,-0.0068,-0.0308,1.0029,-0.12,0.00,-0.06,-3.27,1.18,44.24
54.558911,-0.0068,-0.0303,1.0029,0.06,0.00,0.00,-3.27,1.18,44.24
54.558911,-0.0078,-0.0303,1.0020,0.18,0.06,0.00,-3.27,1.17,44.24
54.618920,-0.0088,-0.0298,1.0020,0.31,0.00,0.00,-3.27,1.17,44.25
54.618920,-0.0078,-0.0293,1.0039,0.12,0.00,-0.06,-3.27,1.17,44.25
54.648943,-0.0083,-0.0303,1.0029,0.06,0.00,0.00,-3.27,1.18,44.25
54.648943,-0.0078,-0.0303,1.0034,-0.12,0.00,-0.06,-3.27,1.18,44.26
54.709234,-0.0078,-0.0303,1.0044,-0.24,0.00,-0.06,-3.27,1.18,44.26
54.709234,-0.0083,-0.0312,1.0039,-0.37,-0.06,-0.12,-3.27,1.18,44.26
54.738979,-0.0078,-0.0327,1.0034,-0.24,0.00,-0.12,-3.27,1.18,44.26
54.738979,-0.0083,-0.0317,1.0044,0.00,0.00,-0.18,-3.27,1.18,44.27
54.768938,-0.0088,-0.0308,1.0034,0.31,0.06,-0.06,-3.27,1.18,44.27
54.768938,-0.0083,-0.0288,1.0020,0.43,0.00,0.00,-3.27,1.18,44.27
54.828929,-0.0078,-0.0303,1.0020,0.31,0.00,0.00,-3.27,1.18,44.28
54.828929,-0.0073,-0.0298,1.0005,0.12,0.00,-0.06,-3.27,1.18,44.29
54.859011,-0.0083,-0.0288,1.0015,0.12,0.00,-0.06,-3.27,1.18,44.29
54.859011,-0.0088,-0.0298,1.0010,0.00,0.00,0.00,-3.27,1.18,44.29
54.888932,-0.0068,-0.0293,1.0020,-0.24,0.00,-0.06,-3.27,1.18,44.29
54.888932,-0.0068,-0.0293,0.9951,-0.37,0.79,-0.31,-3.27,1.18,44.30
54.948902,-0.0117,-0.0239,0.9897,0.12,-1.10,-0.31,-3.27,1.18,44.30
54.948902,-0.0068,-0.0444,1.0161,0.12,1.16,0.24,-3.27,1.18,44.30
54.978924,-0.0615,-0.0039,0.8940,20.02,13.43,2.56,-3.18,1.24,44.31
54.978924,-0.0186,-0.0024,0.9814,40.59,10.38,0.73,-2.38,1.49,44.34
55.009212,0.0264,-0.1147,1.0947,47.30,13.79,5.00,-1.58,1.77,44.42
55.009212,-0.0068,0.0234,1.0532,60.67,10.93,-1.22,-0.43,1.99,44.45
55.069007,-0.0103,0.0913,0.9717,31.92,4.94,-5.37,0.52,2.18,44.38
55.069007,0.0220,0.0396,1.0103,9.70,6.84,7.45,0.84,2.25,44.39
55.098904,-0.0947,0.0669,0.9854,-3.48,7.39,13.85,0.97,2.47,44.66
55.098904,-0.0996,0.1587,0.8477,-38.09,-67.50,-3.60,0.55,1.83,44.74
55.128852,0.1465,-0.0190,0.8335,-68.05,11.11,-0.31,-0.68,1.30,44.63
55.128852,-0.0659,0.0078,1.0112,-58.96,-5.07,3.30,-1.81,1.38,44.71
55.188934,-0.0044,0.0044,1.0718,-93.20,-11.60,-3.85,-3.38,1.17,44.70
55.188934,0.0000,-0.1294,0.9932,-75.26,-10.25,-1.59,-5.15,0.94,44.65
55.236145,0.0044,-0.0806,1.0020,-58.23,-4.33,-0.55,-6.42,0.81,44.64
55.236145,-0.0073,-0.1543,0.9917,-49.13,-6.71,-0.85,-7.54,0.70,44.64
55.248883,0.0195,-0.2075,0.9531,-7.81,-0.92,-0.61,-8.11,0.61,44.64
55.248883,-0.0010,-0.1338,0.9907,18.43,2.44,0.67,-7.93,0.65,44.64
55.309360,0.0029,-0.1343,0.9849,31.25,2.87,0.24,-7.44,0.70,44.65
55.309360,0.0059,-0.1094,0.9941,53.34,5.98,0.79,-6.57,0.78,44.65
55.339017,-0.0068,-0.0679,1.0137,54.99,6.53,0.79,-5.45,0.92,44.66
55.339017,-0.0044,-0.0674,1.0117,59.94,5.92,0.12,-4.32,1.03,44.66
55.368992,-0.0093,-0.0039,1.0166,56.70,6.77,0.67,-3.11,1.17,44.66
55.368992,-0.0190,0.0283,1.0044,30.58,2.56,0.49,-2.23,1.27,44.68
55.429806,-0.0117,0.0298,0.9937,9.70,0.73,-0.31,-1.85,1.30,44.68
55.429806,-0.0142,0.0332,0.9932,-10.80,-0.92,-0.18,-1.88,1.29,44.68
55.460076,-0.0112,0.0039,1.0034,-22.03,-2.14,-0.49,-2.24,1.26,44.68
55.460076,-0.0098,-0.0015,1.0059,-27.89,-2.87,-0.31,-2.74,1.21,44.67
55.489610,-0.0093,-0.0146,1.0073,-34.67,-3.78,-0.37,-3.37,1.14,44.66
55.489610,-0.0073,-0.0435,1.0078,-36.01,-4.21,-0.24,-4.09,1.06,44.66
55.549737,-0.0029,-0.0767,1.0020,-28.99,-3.36,-0.43,-4.75,0.98,44.66
55.549737,0.0000,-0.0972,0.9941,-13.61,-1.71,-0.55,-5.18,0.93,44.66
55.578893,-0.0005,-0.0928,0.9961,2.81,0.37,-0.06,-5.27,0.92,44.65
55.578893,-0.0034,-0.0737,0.9995,12.45,1.46,0.06,-5.10,0.94,44.65
55.609933,-0.0049,-0.0610,1.0029,16.48,1.95,0.18,-4.80,0.97,44.66
55.609933,-0.0059,-0.0508,1.0034,17.82,2.08,0.24,-4.45,1.02,44.66
55.669676,-0.0063,-0.0439,1.0029,18.86,2.08,0.31,-4.09,1.06,44.67
55.669676,-0.0088,-0.0303,1.0034,18.43,2.14,0.31,-3.70,1.10,44.68
55.698962,-0.0107,-0.0132,1.0034,10.74,1.28,0.06,-3.41,1.14,44.68
55.698962,-0.0107,-0.0093,1.0015,-0.73,-0.12,-0.12,-3.31,1.15,44.68
55.729781,-0.0093,-0.0186,1.0029,-8.06,-0.85,-0.12,-3.41,1.14,44.68
55.729781,-0.0083,-0.0303,1.0039,-11.23,-1.28,-0.18,-3.61,1.12,44.68
55.789962,-0.0063,-0.0405,1.0024,-10.13,-1.10,-0.18,-3.83,1.09,44.68
55.789962,-0.0078,-0.0415,1.0029,-9.22,-0.98,-0.12,-4.02,1.07,44.68
55.818911,-0.0063,-0.0488,1.0024,-7.93,-0.92,-0.18,-4.20,1.05,44.68
55.818911,-0.0049,-0.0576,1.0015,-2.99,-0.37,-0.06,-4.31,1.03,44.68
55.848819,-0.0054,-0.0576,1.0024,2.99,0.31,0.00,-4.31,1.03,44.68
55.848819,-0.0063,-0.0508,1.0015,7.26,0.73,0.06,-4.20,1.05,44.68
55.909316,-0.0059,-0.0391,1.0034,8.12,0.92,0.06,-4.03,1.07,44.68
55.909316,-0.0068,-0.0332,1.0039,5.13,0.55,0.00,-3.90,1.08,44.68
55.938938,-0.0068,-0.0342,1.0034,2.56,0.24,-0.06,-3.82,1.09,44.68
55.938938,-0.0068,-0.0332,1.0029,0.37,0.06,-0.06,-3.80,1.09,44.68
55.968967,-0.0059,-0.0337,1.0029,-1.71,-0.12,-0.06,-3.81,1.09,44.68
55.968967,-0.0083,-0.0337,1.0020,-3.97,-0.43,-0.18,-3.87,1.08,44.68
56.029794,-0.0068,-0.0391,1.0034,-5.62,-0.61,-0.06,-3.97,1.07,44.68
56.029794,-0.0063,-0.0474,1.0024,-4.39,-0.43,-0.06,-4.08,1.06,44.68
56.059145,-0.0049,-0.0493,1.0020,-1.34,-0.12,-0.06,-4.13,1.05,44.68
56.059145,-0.0059,-0.0483,1.0015,1.34,0.12,-0.06,-4.13,1.05,44.68
56.119728,-0.0054,-0.0439,1.0024,2.75,0.31,-0.06,-4.09,1.06,44.68
56.119728,-0.0063,-0.0425,1.0024,2.93,0.31,-0.06,-4.03,1.07,44.68
56.149089,-0.0073,-0.0405,1.0024,2.75,0.31,-0.12,-3.97,1.08,44.68
56.149089,-0.0073,-0.0371,1.0015,2.20,0.24,0.00,-3.92,1.08,44.68
56.179691,-0.0073,-0.0352,1.0024,0.61,0.00,0.00,-3.89,1.08,44.68
56.179691,-0.0073,-0.0356,1.0020,-1.34,-0.12,-0.12,-3.89,1.08,44.68
56.239849,-0.0078,-0.0376,1.0020,-2.50,-0.24,-0.06,-3.93,1.08,44.68
56.239849,-0.0068,-0.0415,1.0024,-2.56,-0.24,-0.12,-3.99,1.07,44.68
56.288209,-0.0073,-0.0435,1.0024,-1.40,-0.06,0.00,-4.03,1.07,44.68
56.288209,-0.0063,-0.0435,1.0024,-0.31,0.00,-0.06,-4.05,1.07,44.68
56.299628,-0.0068,-0.0439,1.0024,0.37,0.00,-0.06,-4.05,1.07,44.68
56.299628,-0.0063,-0.0430,1.0029,1.04,0.06,-0.06,-4.03,1.07,44.68
56.359799,-0.0063,-0.0410,1.0024,1.53,0.06,-0.06,-4.02,1.08,44.68
56.359799,-0.0068,-0.0405,1.0029,1.53,0.12,-0.06,-4.01,1.08,44.69
56.389017,-0.0068,-0.0376,1.0034,0.61,0.06,-0.06,-4.00,1.08,44.69
56.389017,-0.0078,-0.0376,1.0029,-0.37,-0.06,-0.06,-4.00,1.08,44.69
56.419788,-0.0068,-0.0396,1.0029,-1.10,-0.12,-0.06,-4.00,1.09,44.69
56.419788,-0.0068,-0.0410,1.0024,-1.16,-0.12,-0.06,-3.99,1.09,44.69
56.479862,-0.0063,-0.0415,1.0024,-0.85,-0.06,-0.12,-3.99,1.09,44.69
56.479862,-0.0059,-0.0425,1.0024,-0.49,0.00,-0.06,-3.99,1.09,44.69
56.510422,-0.0063,-0.0435,1.0029,0.00,0.00,0.00,-3.99,1.09,44.69
56.510422,-0.0068,-0.0425,1.0024,0.55,0.06,-0.06,-3.99,1.09,44.69
56.539045,-0.0068,-0.0405,1.0020,0.85,0.06,-0.06,-3.98,1.09,44.69
56.539045,-0.0063,-0.0410,1.0024,0.79,0.00,-0.06,-3.98,1.09,44.69
56.599884,-0.0078,-0.0396,1.0020,0.24,0.00,0.00,-3.98,1.09,44.69
56.599884,-0.0063,-0.0391,1.0024,-0.12,0.00,-0.06,-3.98,1.10,44.69
56.629005,-0.0068,-0.0400,1.0034,-0.49,0.00,-0.06,-3.98,1.10,44.69
56.629005,-0.0063,-0.0405,1.0034,-0.55,0.00,0.00,-3.98,1.10,44.69
56.659801,-0.0068,-0.0410,1.0024,-0.55,-0.06,-0.06,-3.98,1.10,44.69
56.659801,-0.0073,-0.0415,1.0024,-0.31,0.00,-0.06,-3.98,1.10,44.69
56.719803,-0.0068,-0.0415,1.0034,0.00,0.00,-0.06,-3.98,1.10,44.69
56.719803,-0.0059,-0.0415,1.0039,0.31,0.00,-0.06,-3.97,1.10,44.69
56.750265,-0.0059,-0.0410,1.0034,0.43,0.00,-0.12,-3.97,1.10,44.69
56.750265,-0.0068,-0.0405,1.0034,0.37,0.00,-0.06,-3.97,1.10,44.69
56.778991,-0.0078,-0.0405,1.0020,0.12,0.00,-0.06,-3.97,1.10,44.69
56.778991,-0.0068,-0.0405,1.0034,-0.06,0.00,-0.06,-3.97,1.10,44.69
56.841753,-0.0073,-0.0405,1.0020,-0.18,0.00,-0.06,-3.97,1.10,44.69
56.841753,-0.0063,-0.0410,1.0020,-0.31,0.00,-0.06,-3.97,1.10,44.69
56.871743,-0.0068,-0.0415,1.0020,-0.24,0.00,-0.12,-3.97,1.10,44.69
56.871743,-0.0059,-0.0415,1.0020,-0.12,0.00,-0.06,-3.97,1.10,44.69
56.901766,-0.0059,-0.0415,1.0034,0.06,0.00,-0.06,-3.97,1.10,44.69
56.901766,-0.0059,-0.0410,1.0024,0.18,0.00,-0.06,-3.97,1.10,44.69
56.959808,-0.0063,-0.0420,1.0034,0.24,0.00,-0.06,-3.97,1.10,44.69
56.959808,-0.0059,-0.0410,1.0029,0.12,0.00,0.00,-3.96,1.10,44.69
56.989143,-0.0078,-0.0405,1.0029,0.00,0.00,-0.06,-3.96,1.10,44.69
56.989143,-0.0073,-0.0410,1.0039,-0.06,0.00,0.00,-3.96,1.10,44.69
57.022040,-0.0063,-0.0415,1.0029,-0.18,0.00,-0.12,-3.96,1.10,44.69
57.022040,-0.0073,-0.0415,1.0034,-0.18,0.00,-0.06,-3.96,1.11,44.69
57.079830,-0.0073,-0.0415,1.0034,-0.12,0.00,-0.06,-3.96,1.11,44.69
57.079830,-0.0073,-0.0415,1.0034,0.00,0.00,-0.06,-3.96,1.11,44.69
57.109329,-0.0068,-0.0410,1.0034,0.06,0.00,0.00,-3.96,1.11,44.69
57.109329,-0.0068,-0.0405,1.0024,0.12,0.06,-0.06,-3.96,1.11,44.69
57.139827,-0.0063,-0.0405,1.0029,0.06,0.00,-0.06,-3.96,1.11,44.69
57.139827,-0.0068,-0.0410,1.0029,0.00,0.00,0.00,-3.96,1.11,44.69
57.200010,-0.0068,-0.0410,1.0034,0.00,0.00,0.00,-3.96,1.11,44.69
57.200010,-0.0073,-0.0400,1.0020,-0.12,0.00,-0.12,-3.96,1.11,44.69
57.229056,-0.0078,-0.0410,1.0024,-0.12,0.00,0.00,-3.95,1.11,44.69
57.229056,-0.0059,-0.0405,1.0034,-0.12,0.00,-0.06,-3.95,1.11,44.69
57.259826,-0.0068,-0.0430,1.0029,-0.06,0.00,-0.12,-3.95,1.11,44.69
57.259826,-0.0063,-0.0420,1.0029,0.00,0.00,-0.06,-3.95,1.11,44.69
57.319742,-0.0068,-0.0410,1.0024,0.12,0.00,0.00,-3.95,1.12,44.67
57.319742,-0.0063,-0.0415,1.0029,0.12,0.00,0.00,-3.93,1.12,44.66
57.348996,-0.0073,-0.0415,1.0034,0.06,0.00,-0.06,-3.93,1.13,44.65
57.348996,-0.0063,-0.0415,1.0039,0.00,0.00,-0.06,-3.93,1.13,44.64
57.379717,-0.0063,-0.0410,1.0024,0.00,0.00,-0.06,-3.93,1.13,44.63
57.379717,-0.0068,-0.0415,1.0034,0.00,0.00,0.00,-3.93,1.13,44.62
57.439999,-0.0063,-0.0410,1.0015,-0.12,0.00,-0.06,-3.93,1.13,44.60
57.439999,-0.0068,-0.0415,1.0020,-0.06,0.00,-0.06,-3.92,1.13,44.59
57.469107,-0.0068,-0.0415,1.0024,0.00,0.00,-0.06,-3.92,1.13,44.58
57.469107,-0.0068,-0.0410,1.0029,0.06,0.00,-0.12,-3.92,1.14,44.57
57.529878,-0.0059,-0.0405,1.0024,0.12,0.00,-0.06,-3.92,1.14,44.56
57.529878,-0.0063,-0.0420,1.0029,0.06,0.00,-0.12,-3.92,1.14,44.54
57.559060,-0.0068,-0.0410,1.0029,0.00,0.00,-0.06,-3.92,1.14,44.53
57.559060,-0.0059,-0.0410,1.0029,-0.06,0.00,-0.06,-3.91,1.14,44.52
57.589860,-0.0054,-0.0410,1.0034,-0.06,0.00,-0.06,-3.91,1.14,44.51
57.589860,-0.0063,-0.0405,1.0024,-0.12,0.00,-0.06,-3.91,1.15,44.50
57.649798,-0.0063,-0.0415,1.0029,-0.06,0.00,-0.06,-3.91,1.15,44.49
57.649798,-0.0063,-0.0415,1.0029,0.00,0.00,-0.06,-3.91,1.15,44.48
57.679064,-0.0063,-0.0420,1.0039,0.00,0.06,-0.12,-3.91,1.15,44.47
57.679064,-0.0073,-0.0420,1.0034,0.00,0.00,0.00,-3.91,1.15,44.46
57.710250,-0.0068,-0.0420,1.0024,0.00,0.00,-0.06,-3.90,1.15,44.45
57.710250,-0.0073,-0.0410,1.0020,0.00,0.00,-0.06,-3.90,1.15,44.43
57.769846,-0.0063,-0.0410,1.0029,0.00,0.00,-0.06,-3.90,1.15,44.42
57.769846,-0.0073,-0.0405,1.0024,0.00,0.00,-0.06,-3.90,1.16,44.41
57.799056,-0.0068,-0.0410,1.0029,-0.06,0.00,-0.06,-3.89,1.16,44.40
57.799056,-0.0068,-0.0420,1.0029,-0.06,0.00,-0.12,-3.89,1.16,44.39
57.829144,-0.0073,-0.0410,1.0029,0.00,0.00,-0.06,-3.89,1.16,44.38
57.829144,-0.0068,-0.0425,1.0024,0.00,0.00,-0.06,-3.89,1.16,44.37
57.889925,-0.0068,-0.0415,1.0024,0.00,0.00,-0.06,-3.89,1.16,44.36
57.889925,-0.0068,-0.0415,1.0034,0.00,0.00,-0.06,-3.89,1.17,44.35
57.919120,-0.0059,-0.0410,1.0034,0.00,0.00,-0.06,-3.89,1.17,44.34
57.919120,-0.0059,-0.0415,1.0029,-0.06,0.00,0.00,-3.88,1.17,44.32
57.949886,-0.0068,-0.0410,1.0024,-0.12,-0.06,-0.06,-3.88,1.17,44.31
57.949886,-0.0059,-0.0415,1.0029,-0.06,0.00,-0.12,-3.88,1.18,44.30
58.010236,-0.0059,-0.0420,1.0020,-0.06,0.00,-0.06,-3.88,1.18,44.29
58.010236,-0.0068,-0.0415,1.0020,0.00,0.00,-0.12,-3.88,1.18,44.28
58.039442,-0.0063,-0.0415,1.0015,0.06,0.00,-0.06,-3.88,1.18,44.27
58.039442,-0.0059,-0.0410,1.0029,0.06,0.00,-0.12,-3.88,1.18,44.26
58.099877,-0.0068,-0.0415,1.0024,0.00,0.00,-0.06,-3.88,1.18,44.25
58.099877,-0.0063,-0.0405,1.0029,0.00,0.00,-0.06,-3.87,1.18,44.24
58.129157,-0.0063,-0.0420,1.0034,-0.06,0.00,0.00,-3.87,1.18,44.23
58.129157,-0.0068,-0.0415,1.0039,-0.06,0.00,-0.06,-3.87,1.18,44.22
58.159829,-0.0068,-0.0415,1.0034,-0.06,0.00,-0.12,-3.87,1.19,44.21
58.159829,-0.0068,-0.0415,1.0034,0.00,0.06,-0.06,-3.87,1.19,44.20
58.189126,-0.0068,-0.0430,1.0034,0.00,0.00,-0.06,-3.87,1.19,44.19
58.189126,-0.0068,-0.0415,1.0034,0.06,0.00,-0.06,-3.87,1.19,44.18
58.249878,-0.0068,-0.0410,1.0034,0.12,0.00,-0.06,-3.87,1.19,44.17
58.249878,-0.0024,-0.0410,1.0200,1.40,0.18,0.24,-3.87,1.19,44.15
58.279091,-0.0054,-0.0347,0.9961,-0.12,-0.92,-0.37,-3.86,1.19,44.14
58.279091,-0.0142,-0.0425,0.9995,0.37,0.06,-0.12,-3.86,1.19,44.14
58.326918,-0.0044,-0.0386,1.0020,-0.18,0.37,-0.06,-3.86,1.19,44.13
58.326918,-0.0054,-0.0425,1.0029,0.55,-0.18,-0.12,-3.86,1.20,44.12
58.369858,-0.0093,-0.0381,1.0024,0.06,0.00,-0.06,-3.86,1.20,44.10
58.369858,-0.0068,-0.0405,1.0005,-0.67,0.00,-0.06,-3.86,1.20,44.09
58.399036,-0.0063,-0.0415,1.0020,-0.37,-0.12,-0.06,-3.86,1.20,44.08
58.399036,-0.0049,-0.0425,1.0020,-0.67,0.00,-0.12,-3.86,1.20,44.07
58.429864,-0.0073,-0.0425,1.0103,0.73,0.18,0.06,-3.85,1.20,44.07
58.429864,-0.0020,-0.0381,1.0059,-0.24,0.00,-0.06,-3.85,1.20,44.06
58.489977,-0.0054,-0.0410,1.0034,0.06,-0.18,-0.12,-3.85,1.20,44.04
58.489977,-0.0078,-0.0430,1.0029,0.00,0.06,-0.12,-3.85,1.20,44.03
58.519146,-0.0073,-0.0479,0.9941,0.31,0.37,-0.18,-3.85,1.21,44.02
58.519146,-0.0098,-0.0415,1.0210,2.50,-0.31,0.31,-3.85,1.21,44.02
58.549862,-0.0054,-0.0430,1.0098,-1.10,0.12,0.06,-3.85,1.21,44.02
58.549862,-0.0059,-0.0396,1.0034,0.06,-0.18,-0.12,-3.85,1.21,44.02
58.610184,-0.0088,-0.0425,1.0049,-1.65,-0.12,-0.06,-3.85,1.21,44.02
58.610184,-0.0273,0.0015,0.9795,-0.49,3.72,-0.79,-3.86,1.22,44.02
58.639172,0.0112,-0.0093,0.9214,-2.26,-0.98,0.06,-3.78,1.20,44.03
58.639172,-0.0244,-0.0474,0.9751,1.10,-0.24,0.67,-3.83,1.21,44.03
58.669991,-0.0039,-0.0269,1.0581,0.61,1.59,-0.06,-3.80,1.22,44.02
58.669991,0.0059,-0.0498,0.9888,-1.59,-1.04,-1.10,-3.83,1.20,44.03
58.729899,-0.0107,-0.0396,0.9927,4.52,0.79,0.37,-3.78,1.22,44.03
58.729899,-0.0059,-0.0317,0.9985,-2.81,-0.67,0.00,-3.77,1.21,44.03
58.759086,-0.0063,-0.0513,1.0044,0.79,0.18,0.06,-3.80,1.21,44.03
58.759086,-0.0088,-0.0298,1.0044,-1.59,-0.12,0.06,-3.80,1.21,44.03
58.789868,-0.0039,-0.0527,1.0010,0.06,0.00,0.12,-3.83,1.21,44.03
58.789868,-0.0093,-0.0327,1.0010,1.16,0.18,0.00,-3.80,1.21,44.03
58.849906,-0.0073,-0.0435,1.0034,-1.53,-0.24,-0.06,-3.81,1.21,44.03
58.849906,-0.0068,-0.0405,1.0020,0.73,0.18,0.00,-3.82,1.21,44.03
58.879867,-0.0073,-0.0415,1.0039,-0.61,-0.24,-0.06,-3.82,1.21,44.03
58.879867,-0.0054,-0.0444,1.0020,1.71,0.24,0.00,-3.81,1.21,44.03
58.939930,-0.0073,-0.0347,1.0020,0.12,0.00,-0.06,-3.78,1.21,44.03
58.939930,-0.0068,-0.0430,1.0029,-0.18,0.00,-0.06,-3.79,1.21,44.03
58.969136,-0.0068,-0.0386,1.0020,-0.31,0.00,-0.06,-3.79,1.21,44.03
58.969136,-0.0063,-0.0439,1.0029,-0.31,-0.06,-0.12,-3.79,1.21,44.03
58.999957,-0.0059,-0.0386,1.0029,0.24,0.06,-0.06,-3.79,1.21,44.03
58.999957,-0.0063,-0.0405,1.0029,-0.92,-0.12,-0.12,-3.79,1.21,44.03
59.059893,-0.0068,-0.0425,1.0029,-0.18,0.00,-0.12,-3.79,1.21,44.03
59.059893,-0.0068,-0.0415,1.0020,-0.18,0.00,-0.06,-3.78,1.21,44.03
59.091925,-0.0063,-0.0435,1.0029,0.55,0.06,-0.12,-3.78,1.21,44.03
59.091925,-0.0068,-0.0386,1.0034,0.37,0.00,-0.06,-3.78,1.21,44.03
59.121859,-0.0068,-0.0405,1.0024,0.12,0.00,-0.06,-3.78,1.21,44.03
59.121859,-0.0059,-0.0400,1.0029,0.31,0.06,-0.06,-3.78,1.21,44.03
59.179915,-0.0063,-0.0400,1.0020,0.12,0.00,-0.12,-3.78,1.21,44.03
59.179915,-0.0068,-0.0410,0.9937,0.49,0.43,-0.85,-3.78,1.21,44.03
59.209399,0.0029,-0.0962,0.9912,23.56,1.77,0.92,-3.60,1.22,44.03
59.209399,-0.0410,0.0659,0.7344,22.40,5.62,-1.59,-3.03,1.30,44.00
59.239915,-0.0171,0.0005,1.0977,-37.66,-0.92,5.55,-3.18,1.39,44.09
59.239915,0.0063,-0.1860,1.0103,21.85,-0.12,-0.37,-3.44,1.34,44.10
59.299541,-0.0146,0.0688,0.9893,15.14,0.55,-1.10,-2.85,1.36,44.09
59.299541,-0.0083,-0.0483,0.9937,-1.10,-1.16,-1.04,-2.85,1.35,44.07
59.345389,0.0000,-0.0371,1.0117,14.65,2.75,-0.18,-2.68,1.37,44.06
59.345389,-0.0166,-0.0044,1.0063,12.45,1.16,-0.37,-2.38,1.42,44.06
59.359020,-0.0146,-0.0044,0.9849,10.07,0.55,-0.43,-2.17,1.43,44.04
59.359020,-0.0146,0.0186,0.9902,1.04,-0.73,0.55,-2.04,1.43,44.05
59.419942,-0.0088,-0.0063,0.9990,-0.85,-10.68,0.73,-2.07,1.31,44.07
59.419942,0.0044,-0.0083,1.0308,-10.56,-5.80,-1.28,-2.18,1.13,44.04
59.449183,0.0054,-0.0464,0.9937,11.05,-0.12,0.67,-2.19,1.07,44.04
59.449183,-0.0210,0.0059,1.0068,3.23,-0.61,-0.18,-1.99,1.08,44.06
59.480054,0.0000,-0.0078,0.9897,11.90,1.95,-0.43,-1.83,1.08,44.06
59.480054,-0.0015,-0.0303,1.0171,23.68,0.79,1.77,-1.52,1.08,44.08
59.539920,-0.0005,0.0361,0.9897,15.20,0.61,2.20,-1.08,1.08,44.12
59.539920,-0.0176,-0.0088,1.0103,18.98,-1.22,4.76,-0.77,1.08,44.19
59.569219,-0.0688,-0.0029,0.9976,19.10,-3.05,28.14,-0.40,1.05,44.47
59.569219,-0.0117,0.1025,1.0127,13.73,-6.84,37.23,-0.08,0.91,45.20
59.599996,0.0547,0.0127,0.9834,7.45,-3.36,17.03,0.11,0.79,45.74
59.599996,0.0117,0.0210,0.9937,8.24,1.28,10.99,0.26,0.77,45.98
59.659929,-0.0327,0.0376,1.0083,9.83,0.24,33.20,0.45,0.78,46.40
59.659929,-0.0288,0.0278,1.0200,10.38,-2.08,61.22,0.65,0.74,47.38
59.689171,-0.0083,0.0195,1.0127,12.94,-3.23,73.73,0.88,0.63,48.76
59.689171,0.0127,0.0332,1.0098,12.63,-3.36,70.01,1.14,0.49,50.22
59.719943,0.0332,0.0537,0.9863,10.50,-2.75,54.57,1.37,0.37,51.47
59.719943,0.0254,0.0239,0.9985,8.54,-0.06,44.31,1.55,0.30,52.43
59.779908,0.0176,0.0034,1.0010,6.23,-0.31,47.79,1.69,0.25,53.35
59.779908,0.0532,-0.0107,0.9941,3.85,-0.85,38.94,1.79,0.18,54.25
59.810617,0.0615,-0.0005,0.9785,1.22,0.31,14.47,1.83,0.14,54.77
59.810617,0.0210,0.1084,1.0010,-0.12,1.95,1.46,1.83,0.16,54.89
59.839688,-0.0044,0.1406,1.0054,1.22,0.92,3.85,1.85,0.19,54.94
59.839688,-0.0005,0.1147,1.0078,1.83,-0.12,3.54,1.88,0.19,55.03
59.899923,0.0049,0.0669,1.0059,3.05,-0.55,1.59,1.93,0.19,55.07
59.899923,0.0176,0.0029,1.0000,3.30,-0.73,-0.49,1.99,0.17,55.09
59.929126,0.0146,0.0029,1.0029,1.83,-0.06,-0.67,2.04,0.16,55.07
59.929126,0.0117,0.0269,1.0000,1.53,-0.06,0.67,2.07,0.16,55.08
59.959873,0.0181,0.0425,0.9976,1.16,1.16,-0.55,2.10,0.18,55.08
59.959873,0.0107,0.0693,1.0000,1.10,0.98,0.18,2.13,0.20,55.08
60.022328,0.0127,0.0923,1.0049,2.44,0.31,0.37,2.16,0.21,55.10
60.022328,0.0137,0.0728,1.0020,1.77,-0.06,-2.87,2.20,0.21,55.08
60.049212,0.0059,0.0532,1.0000,1.10,-0.31,-5.37,2.23,0.22,54.99
60.049212,0.0098,0.0381,1.0015,0.85,0.00,-5.98,2.25,0.23,54.87
60.079917,0.0142,0.0254,0.9995,1.40,0.67,-8.12,2.28,0.24,54.73
60.079917,0.0054,0.0620,1.0000,2.14,0.85,-7.45,2.31,0.27,54.57
60.139919,-0.0010,0.0874,1.0000,2.99,-0.12,-3.85,2.38,0.28,54.46
60.139919,0.0107,0.1113,1.0044,3.11,-0.12,-3.54,2.43,0.28,54.40
60.168884,0.0068,0.1108,1.0005,2.99,-0.31,-5.55,2.50,0.28,54.31
60.168884,0.0098,0.1084,1.0015,2.32,0.00,-6.47,2.56,0.29,54.18
60.199226,0.0044,0.1230,1.0029,1.46,-0.24,-3.78,2.59,0.29,54.09
60.199226,0.0078,0.1255,1.0000,0.92,-0.49,-0.43,2.61,0.28,54.05
60.259137,0.0132,0.1470,1.0034,0.92,0.06,2.56,2.64,0.28,54.07
60.259137,0.0190,0.1196,0.9932,-0.49,0.06,3.05,2.65,0.27,54.14
60.289306,0.0088,0.0908,0.9971,-3.78,0.49,1.34,2.60,0.28,54.17
60.289306,0.0117,0.0894,1.0039,-4.58,0.31,4.09,2.51,0.28,54.23
60.349133,0.0415,0.0405,1.0098,1.10,1.16,6.47,2.46,0.29,54.35
60.349133,-0.0029,0.0688,1.0186,-0.67,2.08,-0.06,2.46,0.34,54.40
60.395647,0.0156,0.0679,1.0107,0.18,2.01,1.53,2.43,0.37,54.42
60.395647,0.0186,0.0586,1.0054,2.01,4.70,0.37,2.46,0.44,54.45
60.409314,0.0029,0.0610,1.0020,3.30,4.64,-2.01,2.52,0.54,54.44
60.409314,-0.0054,0.0688,1.0010,3.60,3.05,-1.40,2.59,0.62,54.40
60.469247,-0.0010,0.0693,1.0024,4.39,1.40,-0.31,2.67,0.66,54.39
60.469247,0.0063,0.0854,0.9814,2.44,1.71,-0.12,2.75,0.69,54.40
60.499290,0.0024,0.0806,0.9971,-0.37,2.08,-0.49,2.76,0.74,54.40
60.499290,0.0000,0.0718,1.0010,-0.49,0.92,-0.24,2.75,0.76,54.39
60.529150,0.0010,0.0776,0.9990,0.00,0.49,-0.12,2.75,0.78,54.39
60.529150,0.0039,0.0796,0.9985,-0.73,1.10,-0.24,2.74,0.79,54.39
60.589489,-0.0063,0.0635,1.0190,1.65,0.85,0.79,2.73,0.81,54.39
60.589489,0.0034,0.0903,0.9888,1.22,1.16,1.22,2.79,0.83,54.43
60.619135,0.0039,0.0825,0.9956,-3.05,1.89,0.12,2.76,0.86,54.44
60.619135,0.0024,0.0879,0.9946,-8.00,3.42,1.40,2.65,0.91,54.45
60.649181,0.0000,0.0815,1.0005,-12.88,4.33,3.23,2.43,0.99,54.51
60.649181,-0.0049,0.0396,1.0171,-8.18,-1.40,-3.36,2.20,1.02,54.53
60.709451,-0.0049,0.0835,0.9985,-9.77,1.16,-2.20,2.04,1.03,54.45
60.709451,0.0000,0.0532,1.0034,-10.56,1.34,0.06,1.82,1.05,54.45
60.739146,-0.0063,0.0439,1.0049,-5.74,0.67,-0.55,1.65,1.07,54.45
60.739146,-0.0049,0.0405,1.0044,2.69,0.00,-0.12,1.63,1.08,54.44
60.769275,-0.0029,0.0601,1.0024,5.25,-0.37,0.00,1.72,1.07,54.44
60.769275,-0.0020,0.0698,1.0000,1.53,0.00,0.00,1.80,1.07,54.44
60.829260,-0.0020,0.0605,1.0010,-1.40,0.31,-0.18,1.79,1.07,54.44
60.829260,-0.0039,0.0576,1.0020,-0.43,0.18,-0.12,1.77,1.08,54.44
60.859204,-0.0024,0.0605,1.0010,-0.12,0.06,-0.12,1.77,1.08,54.44
60.859204,-0.0029,0.0635,1.0010,-2.01,0.18,-0.06,1.75,1.08,54.44
60.889179,-0.0044,0.0557,1.0029,-3.05,0.37,-0.18,1.69,1.09,54.44
60.889179,-0.0044,0.0488,1.0034,0.12,0.06,-0.12,1.66,1.09,54.44
60.949179,-0.0034,0.0552,1.0020,2.32,0.00,-0.06,1.69,1.09,54.43
60.949179,-0.0034,0.0620,1.0020,1.95,-0.06,-0.06,1.74,1.09,54.44
60.979241,-0.0024,0.0620,1.0010,-0.49,0.12,-0.12,1.75,1.09,54.43
60.979241,-0.0039,0.0586,1.0015,-0.85,0.12,-0.12,1.74,1.10,54.43
61.009487,-0.0039,0.0576,1.0020,-0.67,0.12,-0.12,1.72,1.10,54.43
61.009487,-0.0034,0.0596,1.0010,-0.61,0.06,-0.12,1.71,1.10,54.43
61.069171,-0.0034,0.0576,1.0024,-1.04,0.18,-0.06,1.69,1.10,54.43
61.069171,-0.0044,0.0547,1.0024,-0.06,0.00,-0.12,1.68,1.10,54.43
61.099268,-0.0049,0.0562,1.0029,1.04,0.00,0.00,1.69,1.10,54.43
61.099268,-0.0034,0.0596,1.0015,0.98,0.00,-0.06,1.71,1.10,54.43
61.129333,-0.0034,0.0601,1.0010,-0.24,0.12,-0.12,1.72,1.10,54.43
61.129333,-0.0039,0.0571,1.0020,-0.79,0.12,0.00,1.71,1.11,54.43
61.189165,-0.0039,0.0571,1.0029,-0.55,0.06,0.00,1.69,1.11,54.43
61.189165,-0.0039,0.0571,1.0020,-0.24,0.06,-0.06,1.69,1.11,54.43
61.219221,-0.0039,0.0576,1.0029,-0.18,0.00,-0.06,1.68,1.12,54.43
61.219221,-0.0034,0.0566,1.0029,0.18,0.00,-0.06,1.68,1.12,54.43
61.249189,-0.0034,0.0571,1.0020,0.55,0.00,0.00,1.69,1.12,54.43
61.249189,-0.0044,0.0586,1.0010,0.37,-0.06,0.00,1.70,1.12,54.43
61.309455,-0.0034,0.0591,1.0020,-0.37,0.06,-0.06,1.70,1.12,54.43
61.309455,-0.0039,0.0576,1.0010,-0.61,0.06,-0.12,1.69,1.12,54.43
61.339265,-0.0029,0.0566,1.0020,-0.37,0.00,-0.06,1.68,1.12,54.43
61.339265,-0.0044,0.0562,1.0020,-0.06,0.00,-0.06,1.68,1.12,54.43
61.369235,-0.0039,0.0576,1.0020,0.06,0.00,-0.06,1.68,1.12,54.43
61.369235,-0.0039,0.0576,1.0024,0.18,0.00,-0.06,1.68,1.12,54.43
61.429132,-0.0039,0.0576,1.0020,0.18,0.06,-0.06,1.69,1.12,54.43
61.429132,-0.0039,0.0586,1.0015,0.00,0.00,-0.06,1.69,1.12,54.43
61.459241,-0.0039,0.0581,1.0024,-0.24,0.06,-0.12,1.69,1.12,54.43
61.459241,-0.0044,0.0571,1.0029,-0.43,0.06,-0.12,1.68,1.12,54.43
61.489253,-0.0044,0.0562,1.0039,-0.18,0.06,0.00,1.67,1.13,54.43
61.489253,-0.0049,0.0562,1.0024,0.00,0.06,0.00,1.67,1.13,54.43
61.549245,-0.0049,0.0566,1.0029,0.12,0.00,-0.12,1.67,1.13,54.43
61.549245,-0.0049,0.0562,1.0029,0.12,0.06,-0.06,1.68,1.13,54.43
61.579249,-0.0049,0.0571,1.0029,0.12,0.00,-0.06,1.68,1.13,54.43
61.579249,-0.0039,0.0576,1.0010,0.00,0.06,-0.06,1.68,1.13,54.43
61.609456,-0.0034,0.0576,1.0020,-0.24,0.06,-0.06,1.68,1.13,54.43
61.609456,-0.0044,0.0562,1.0020,-0.12,0.00,-0.06,1.67,1.13,54.43
61.669205,-0.0044,0.0576,1.0020,0.00,0.00,-0.06,1.67,1.13,54.43
61.669205,-0.0049,0.0576,1.0020,0.12,0.06,0.00,1.67,1.13,54.43
61.699190,-0.0044,0.0586,1.0020,0.12,0.00,-0.06,1.68,1.13,54.43
61.699190,-0.0049,0.0586,1.0015,0.00,0.00,-0.06,1.70,1.12,54.43
61.759218,-0.0049,0.0576,1.0015,-0.06,0.00,-0.06,1.71,1.11,54.43
61.759218,-0.0049,0.0566,1.0015,-0.12,0.00,-0.06,1.71,1.10,54.43
61.789241,-0.0044,0.0576,1.0024,-0.18,0.00,-0.06,1.72,1.10,54.43
61.789241,-0.0044,0.0566,1.0024,-0.12,0.00,-0.06,1.72,1.10,54.43
61.819187,-0.0039,0.0571,1.0015,0.00,0.00,0.00,1.72,1.10,54.43
61.819187,-0.0049,0.0562,1.0024,0.06,0.00,0.00,1.72,1.10,54.43
61.879276,-0.0039,0.0576,1.0024,0.06,0.00,-0.06,1.72,1.10,54.43
61.879276,-0.0044,0.0581,1.0020,0.00,0.00,-0.06,1.73,1.10,54.43
61.909472,-0.0039,0.0581,1.0024,-0.06,0.00,-0.06,1.73,1.10,54.42
61.909472,-0.0044,0.0576,1.0015,-0.12,0.00,-0.18,1.73,1.09,54.42
61.969191,-0.0039,0.0566,1.0015,-0.12,0.00,-0.06,1.73,1.09,54.42
61.969191,-0.0039,0.0566,1.0020,0.00,0.00,-0.06,1.73,1.09,54.42
61.999190,-0.0044,0.0566,1.0015,0.06,0.00,-0.12,1.74,1.09,54.41
61.999190,-0.0049,0.0566,1.0020,0.12,0.00,-0.06,1.74,1.09,54.40
62.029238,-0.0044,0.0566,1.0024,0.00,0.00,-0.06,1.75,1.09,54.39
62.029238,-0.0039,0.0571,1.0020,0.00,0.00,-0.06,1.75,1.09,54.38
62.059176,-0.0044,0.0571,1.0015,-0.06,0.00,-0.12,1.75,1.09,54.37
62.059176,-0.0039,0.0571,1.0029,0.00,0.00,-0.06,1.75,1.09,54.35
62.119212,-0.0049,0.0571,1.0039,0.00,0.00,0.00,1.75,1.09,54.34
62.119212,-0.0044,0.0571,1.0034,0.06,0.00,-0.06,1.75,1.09,54.33
62.149270,-0.0049,0.0576,1.0020,0.06,0.00,-0.06,1.75,1.09,54.32
62.149270,-0.0039,0.0576,1.0029,0.06,0.00,-0.06,1.76,1.09,54.31
62.179209,-0.0054,0.0581,1.0034,0.00,0.00,-0.12,1.76,1.09,54.29
62.179209,-0.0049,0.0576,1.0029,0.00,0.00,-0.12,1.76,1.10,54.28
62.244605,-0.0044,0.0562,1.0024,-0.06,0.00,-0.06,1.76,1.10,54.27
62.244605,-0.0044,0.0557,1.0024,0.00,0.00,-0.06,1.76,1.10,54.26
62.270976,-0.0034,0.0552,1.0029,0.06,0.00,-0.06,1.76,1.10,54.25
62.270976,-0.0039,0.0566,1.0029,0.06,0.00,-0.06,1.76,1.10,54.24
62.300358,-0.0034,0.0571,1.0020,0.06,0.00,0.00,1.76,1.10,54.23
62.300358,-0.0034,0.0581,1.0005,0.12,0.00,-0.06,1.76,1.10,54.22
62.359255,-0.0039,0.0581,1.0015,0.00,0.00,-0.06,1.77,1.10,54.21
62.359255,-0.0029,0.0586,1.0020,0.00,0.00,-0.12,1.77,1.10,54.20
62.389222,-0.0044,0.0576,1.0020,0.00,0.06,0.00,1.77,1.10,54.18
62.389222,-0.0049,0.0581,1.0024,0.00,0.00,-0.06,1.77,1.10,54.17
62.441092,-0.0044,0.0571,1.0015,0.00,0.00,-0.12,1.77,1.10,54.16
62.441092,-0.0059,0.0571,1.0024,-0.06,0.00,-0.12,1.77,1.10,54.15
62.479156,-0.0039,0.0566,1.0024,0.00,0.06,-0.06,1.77,1.10,54.14
62.479156,-0.0044,0.0562,1.0029,0.00,0.00,0.00,1.77,1.10,54.13
62.509202,-0.0049,0.0566,1.0039,0.00,0.06,-0.06,1.78,1.10,54.12
62.509202,-0.0049,0.0562,1.0015,-0.06,0.06,-0.06,1.78,1.10,54.11
62.539205,-0.0049,0.0562,1.0024,0.00,0.00,-0.12,1.78,1.10,54.10
62.539205,-0.0049,0.0581,1.0020,0.06,0.00,-0.06,1.78,1.10,54.09
62.599298,-0.0049,0.0571,1.0020,0.06,0.00,-0.06,1.78,1.10,54.07
62.599298,-0.0049,0.0581,1.0020,0.00,0.00,-0.06,1.79,1.10,54.06
62.629480,-0.0049,0.0576,1.0020,0.00,0.00,-0.06,1.79,1.11,54.05
62.629480,-0.0039,0.0571,1.0020,0.00,0.00,-0.06,1.79,1.11,54.04
62.659213,-0.0054,0.0571,1.0020,0.00,0.00,-0.06,1.79,1.11,54.04
62.659213,-0.0059,0.0576,1.0020,0.00,0.00,-0.06,1.79,1.11,54.03
62.719231,-0.0054,0.0576,1.0015,0.00,0.00,-0.06,1.79,1.11,54.01
62.719231,-0.0054,0.0581,1.0020,0.00,0.00,-0.06,1.79,1.11,54.00
62.749198,-0.0049,0.0581,1.0024,0.06,0.00,-0.06,1.79,1.11,53.99
62.749198,-0.0054,0.0576,1.0024,0.00,0.00,-0.12,1.79,1.11,53.98
62.779285,-0.0039,0.0581,1.0029,-0.06,0.00,-0.06,1.80,1.12,53.97
62.779285,-0.0039,0.0571,1.0029,0.00,0.00,0.00,1.80,1.12,53.96
62.839220,-0.0044,0.0566,1.0024,0.00,0.00,-0.06,1.80,1.12,53.95
62.839220,-0.0034,0.0571,1.0024,0.00,0.00,-0.06,1.80,1.12,53.94
62.869219,-0.0039,0.0576,1.0029,0.00,0.00,-0.06,1.80,1.12,53.93
62.869219,-0.0039,0.0562,1.0020,0.00,0.00,-0.06,1.80,1.12,53.92
62.899283,-0.0039,0.0571,1.0029,0.00,0.00,-0.12,1.80,1.12,53.91
62.899283,-0.0039,0.0571,1.0015,0.00,0.00,0.00,1.80,1.12,53.90
62.959285,-0.0044,0.0566,1.0020,0.00,0.06,-0.06,1.80,1.12,53.89
62.959285,-0.0044,0.0562,1.0010,0.00,0.00,-0.06,1.80,1.12,53.88
62.989242,-0.0049,0.0566,1.0010,0.06,0.00,-0.06,1.81,1.12,53.87
62.989242,-0.0039,0.0576,1.0010,0.00,0.00,-0.06,1.81,1.12,53.86
63.021392,-0.0044,0.0581,1.0024,0.00,0.00,-0.06,1.81,1.12,53.85
63.021392,-0.0049,0.0571,1.0020,0.00,0.06,0.00,1.81,1.12,53.84
63.079287,-0.0049,0.0566,1.0020,0.00,0.00,-0.06,1.81,1.12,53.83
63.079287,-0.0049,0.0566,1.0015,0.00,0.00,-0.06,1.81,1.12,53.82
63.109208,-0.0049,0.0571,1.0020,0.00,0.00,0.00,1.81,1.12,53.81
63.109208,-0.0049,0.0571,1.0024,0.00,0.00,-0.06,1.81,1.12,53.80
63.170355,-0.0039,0.0571,1.0024,0.00,0.00,0.00,1.81,1.12,53.79
63.170355,-0.0049,0.0562,1.0024,0.00,0.00,-0.06,1.81,1.12,53.78
63.201039,-0.0049,0.0576,1.0024,0.00,0.06,-0.06,1.81,1.12,53.77
63.201039,-0.0049,0.0566,1.0020,0.00,0.00,-0.06,1.81,1.12,53.76
63.229541,-0.0044,0.0576,1.0024,0.00,0.00,0.00,1.82,1.12,53.75
63.229541,-0.0039,0.0576,1.0024,0.00,0.00,-0.06,1.82,1.12,53.75
63.289816,-0.0049,0.0571,1.0020,0.00,0.00,-0.12,1.82,1.12,53.73
63.289816,-0.0039,0.0576,1.0029,0.00,0.00,-0.06,1.82,1.12,53.72
63.319247,-0.0044,0.0576,1.0024,0.00,0.00,-0.12,1.82,1.12,53.71
63.319247,-0.0049,0.0576,1.0015,0.00,0.00,-0.06,1.82,1.12,53.71
63.351890,-0.0039,0.0566,1.0024,0.00,0.00,-0.06,1.82,1.12,53.70
63.351890,-0.0039,0.0566,1.0024,0.00,0.00,-0.12,1.82,1.12,53.68
63.410018,-0.0039,0.0571,1.0034,0.00,0.00,-0.12,1.82,1.12,53.67
63.410018,-0.0039,0.0566,1.0024,0.00,0.06,-0.12,1.82,1.12,53.67
63.456481,-0.0044,0.0566,1.0029,0.00,0.00,-0.12,1.82,1.12,53.66
63.456481,-0.0044,0.0566,1.0024,0.00,0.00,-0.12,1.82,1.13,53.65
63.469920,-0.0039,0.0566,1.0029,0.06,0.00,-0.06,1.82,1.13,53.64
63.469920,-0.0039,0.0566,1.0024,0.06,0.00,-0.06,1.83,1.13,53.63
63.530192,-0.0034,0.0571,1.0020,0.00,0.06,-0.12,1.83,1.13,53.62
63.530192,-0.0044,0.0576,1.0029,0.00,0.06,-0.06,1.83,1.13,53.61
63.559251,-0.0054,0.0576,1.0015,0.00,0.00,0.00,1.83,1.13,53.60
63.559251,-0.0049,0.0566,1.0010,0.00,0.00,-0.12,1.83,1.13,53.59
63.590019,-0.0054,0.0566,1.0005,0.00,0.00,-0.06,1.83,1.13,53.59
63.590019,-0.0049,0.0576,1.0015,0.00,0.00,-0.06,1.83,1.13,53.57
63.650025,-0.0068,0.0576,1.0015,-0.06,0.00,-0.06,1.83,1.13,53.56
63.650025,-0.0059,0.0566,1.0020,0.00,0.00,-0.06,1.83,1.13,53.56
63.679249,-0.0068,0.0562,1.0015,-0.06,0.00,-0.06,1.83,1.13,53.55
63.679249,-0.0059,0.0562,1.0029,-0.06,0.00,-0.06,1.83,1.13,53.54
63.709998,-0.0068,0.0571,1.0024,0.00,0.00,-0.12,1.83,1.13,53.53
63.709998,-0.0059,0.0566,1.0024,0.00,0.00,-0.06,1.83,1.13,53.52
63.770090,-0.0049,0.0566,1.0020,0.06,0.00,-0.06,1.83,1.13,53.51
63.770090,-0.0049,0.0566,1.0024,0.06,0.00,-0.06,1.83,1.13,53.50
63.799238,-0.0039,0.0566,1.0024,0.00,0.00,-0.06,1.83,1.13,53.49
63.799238,-0.0034,0.0571,1.0015,0.00,0.00,-0.06,1.83,1.13,53.49
63.831517,-0.0029,0.0576,1.0020,0.00,0.00,0.00,1.84,1.13,53.48
63.831517,-0.0034,0.0576,1.0024,0.00,0.00,-0.12,1.84,1.13,53.46
63.890049,-0.0034,0.0566,1.0015,0.00,0.00,0.00,1.84,1.13,53.46
63.890049,-0.0029,0.0566,1.0020,0.00,0.00,-0.06,1.84,1.13,53.45
63.919347,-0.0029,0.0576,1.0024,0.00,0.00,-0.06,1.84,1.13,53.44
63.919347,-0.0024,0.0571,1.0024,0.06,0.00,-0.06,1.84,1.13,53.43
63.950074,-0.0034,0.0576,1.0024,0.00,0.00,-0.12,1.84,1.13,53.42
63.950074,-0.0034,0.0581,1.0029,0.00,0.06,0.00,1.84,1.13,53.42
64.010034,-0.0044,0.0571,1.0020,0.00,0.06,0.00,1.85,1.13,53.40
64.010034,-0.0039,0.0576,1.0024,0.00,0.00,-0.06,1.85,1.13,53.40
64.039265,-0.0054,0.0566,1.0020,0.00,0.00,-0.06,1.85,1.13,53.39
64.039265,-0.0054,0.0576,1.0020,-0.06,0.06,-0.06,1.85,1.13,53.38
64.070078,-0.0054,0.0566,1.0024,0.00,0.00,-0.06,1.85,1.13,53.37
64.070078,-0.0059,0.0566,1.0015,0.00,0.00,-0.06,1.85,1.13,53.36
64.130302,-0.0063,0.0566,1.0024,0.00,0.06,-0.06,1.85,1.13,53.36
64.130302,-0.0054,0.0562,1.0020,-0.06,0.06,-0.12,1.85,1.13,53.34
64.159357,-0.0054,0.0571,1.0010,0.00,0.00,-0.06,1.85,1.13,53.34
64.159357,-0.0049,0.0562,1.0010,0.00,0.06,-0.06,1.85,1.13,53.33
64.190028,-0.0049,0.0566,1.0015,0.00,0.00,0.00,1.85,1.13,53.32
64.190028,-0.0059,0.0571,1.0020,0.00,0.00,-0.06,1.85,1.13,53.31
64.250033,-0.0059,0.0571,1.0010,0.00,0.00,-0.06,1.85,1.14,53.31
64.250033,-0.0049,0.0566,1.0015,0.00,0.00,-0.06,1.85,1.14,53.29
64.279246,-0.0049,0.0576,1.0015,0.00,0.00,0.00,1.85,1.14,53.29
64.279246,-0.0049,0.0571,1.0020,0.00,0.00,-0.06,1.85,1.14,53.28
64.310051,-0.0044,0.0576,1.0020,-0.06,0.00,-0.12,1.85,1.14,53.27
64.310051,-0.0049,0.0571,1.0029,0.00,0.00,-0.06,1.85,1.14,53.26
64.370057,-0.0039,0.0566,1.0029,0.00,0.00,-0.06,1.85,1.14,53.25
64.370057,-0.0044,0.0566,1.0024,0.00,0.00,-0.06,1.85,1.14,53.25
64.399277,-0.0039,0.0571,1.0024,0.00,0.00,-0.06,1.85,1.14,53.24
64.399277,-0.0044,0.0566,1.0015,0.00,0.00,-0.12,1.86,1.14,53.23
64.430358,-0.0034,0.0581,1.0024,0.00,0.00,-0.06,1.86,1.14,53.22
64.430358,-0.0039,0.0576,1.0020,0.00,0.00,-0.06,1.86,1.14,53.21
64.489971,-0.0044,0.0576,1.0015,0.00,0.00,-0.12,1.86,1.14,53.21
64.489971,-0.0039,0.0566,1.0010,0.00,0.00,-0.12,1.86,1.14,53.20
64.519249,-0.0039,0.0576,1.0010,0.00,0.00,-0.06,1.86,1.14,53.19
64.519249,-0.0049,0.0576,1.0024,0.00,0.00,-0.06,1.86,1.14,53.18
64.580034,-0.0044,0.0571,1.0024,0.00,0.00,0.00,1.86,1.14,53.17
64.580034,-0.0054,0.0576,1.0024,0.00,0.00,-0.06,1.86,1.14,53.16
64.609244,-0.0059,0.0571,1.0020,0.00,0.00,-0.06,1.86,1.14,53.16
64.609244,-0.0063,0.0566,1.0029,0.00,0.00,-0.06,1.86,1.14,53.15
64.640018,-0.0049,0.0566,1.0015,-0.06,0.06,-0.06,1.86,1.14,53.14
64.640018,-0.0059,0.0581,1.0020,0.00,0.00,0.00,1.86,1.14,53.13
64.700030,-0.0059,0.0562,1.0024,0.00,0.00,-0.06,1.86,1.14,53.12
64.700030,-0.0054,0.0557,1.0020,0.00,0.00,-0.06,1.86,1.14,53.12
64.730508,-0.0054,0.0571,1.0024,0.00,0.00,-0.06,1.86,1.14,53.11
64.730508,-0.0054,0.0571,1.0010,0.00,0.00,-0.06,1.86,1.14,53.10
64.759835,-0.0044,0.0571,1.0024,0.06,0.00,-0.06,1.86,1.14,53.09
64.759835,-0.0049,0.0566,1.0005,0.00,0.00,-0.06,1.86,1.14,53.09
64.820066,-0.0049,0.0576,1.0005,0.00,0.00,-0.06,1.86,1.14,53.07
64.820066,-0.0059,0.0566,1.0015,0.00,0.00,-0.06,1.86,1.14,53.07
64.849337,-0.0054,0.0576,1.0020,0.00,0.00,-0.06,1.86,1.14,53.06
64.849337,-0.0054,0.0581,1.0020,0.00,0.00,-0.12,1.86,1.14,53.05
64.880053,-0.0044,0.0566,1.0020,0.00,0.00,-0.12,1.86,1.14,53.05
64.880053,-0.0034,0.0571,1.0029,0.06,0.00,-0.06,1.87,1.14,53.04
64.940101,-0.0049,0.0571,1.0024,0.06,0.00,-0.06,1.87,1.14,53.03
64.940101,-0.0034,0.0571,1.0039,0.00,0.00,-0.12,1.87,1.14,53.03
64.969240,-0.0039,0.0571,1.0034,0.00,0.00,-0.06,1.87,1.14,53.01
64.969240,-0.0039,0.0566,1.0029,0.00,0.00,-0.06,1.87,1.14,53.01
64.999994,-0.0044,0.0566,1.0024,0.00,0.00,0.00,1.87,1.14,53.00
64.999994,-0.0044,0.0566,1.0029,0.00,0.00,0.00,1.87,1.14,52.99
65.060100,-0.0049,0.0566,1.0029,0.00,0.00,-0.06,1.87,1.14,52.99
65.060100,-0.0044,0.0571,1.0024,0.00,0.00,-0.06,1.87,1.14,52.98
65.089243,-0.0059,0.0571,1.0020,0.00,0.00,-0.06,1.87,1.14,52.97
65.089243,-0.0059,0.0571,1.0020,0.00,0.00,0.00,1.87,1.14,52.97
65.120038,-0.0054,0.0571,1.0020,0.00,0.00,0.00,1.87,1.14,52.95
65.120038,-0.0054,0.0571,1.0020,0.00,0.00,-0.06,1.87,1.14,52.95
65.180088,-0.0049,0.0566,1.0010,0.00,0.00,-0.06,1.87,1.14,52.94
65.180088,-0.0059,0.0566,1.0024,0.00,0.00,-0.06,1.87,1.14,52.93
65.209279,-0.0063,0.0576,1.0029,0.00,0.00,-0.12,1.87,1.14,52.93
65.209279,-0.0059,0.0571,1.0024,0.00,0.00,-0.06,1.87,1.14,52.92
65.240068,-0.0049,0.0576,1.0034,0.00,0.00,0.00,1.87,1.15,52.91
65.240068,-0.0054,0.0571,1.0034,0.06,0.00,-0.06,1.87,1.15,52.90
65.300159,-0.0049,0.0566,1.0029,0.00,0.00,-0.06,1.87,1.15,52.89
65.300159,-0.0049,0.0566,1.0020,0.00,0.00,-0.06,1.87,1.15,52.89
65.330479,-0.0039,0.0571,1.0020,0.00,0.00,-0.06,1.87,1.15,52.88
65.330479,-0.0044,0.0571,1.0024,0.00,0.00,-0.06,1.87,1.15,52.87
65.359268,-0.0039,0.0571,1.0024,0.00,0.00,-0.06,1.87,1.15,52.87
65.359268,-0.0049,0.0571,1.0024,0.00,0.00,-0.06,1.87,1.15,52.86
65.420024,-0.0059,0.0566,1.0024,0.00,0.00,-0.12,1.87,1.15,52.85
65.420024,-0.0049,0.0571,1.0024,0.00,0.00,-0.06,1.87,1.15,52.84
65.449292,-0.0039,0.0576,1.0024,0.00,0.00,-0.12,1.87,1.15,52.84
65.449292,-0.0039,0.0571,1.0024,0.00,0.00,-0.06,1.87,1.15,52.83
65.498757,-0.0044,0.0557,1.0029,0.00,0.00,0.00,1.87,1.15,52.82
65.498757,-0.0039,0.0566,1.0024,0.00,0.00,-0.12,1.87,1.15,52.82
65.539353,-0.0049,0.0566,1.0020,0.00,0.00,-0.06,1.87,1.15,52.81
65.539353,-0.0054,0.0571,1.0029,0.00,0.00,-0.12,1.87,1.15,52.80
65.570042,-0.0054,0.0571,1.0029,0.00,0.06,0.00,1.87,1.15,52.79
65.570042,-0.0049,0.0571,1.0029,0.00,0.00,-0.06,1.87,1.15,52.79
65.599322,-0.0049,0.0571,1.0020,0.00,0.00,-0.06,1.87,1.15,52.78
65.599322,-0.0059,0.0571,1.0015,0.00,0.00,0.00,1.88,1.15,52.77
65.660094,-0.0054,0.0562,1.0010,0.00,0.00,0.00,1.88,1.15,52.77
65.660094,-0.0054,0.0566,1.0020,0.00,0.00,-0.12,1.88,1.15,52.76
65.689270,-0.0054,0.0562,1.0024,0.00,0.00,-0.06,1.88,1.15,52.75
65.689270,-0.0054,0.0576,1.0024,0.06,0.00,-0.12,1.88,1.15,52.75
65.720104,-0.0054,0.0571,1.0024,0.00,0.00,-0.12,1.88,1.15,52.74
65.720104,-0.0054,0.0566,1.0020,0.00,0.00,-0.06,1.88,1.15,52.73
65.780156,-0.0049,0.0571,1.0024,0.00,0.00,0.00,1.88,1.15,52.72
65.780156,-0.0063,0.0566,1.0015,0.00,0.00,-0.06,1.88,1.15,52.72
65.809364,-0.0054,0.0562,1.0020,0.00,0.00,-0.06,1.88,1.15,52.71
65.809364,-0.0054,0.0571,1.0020,0.00,0.00,-0.06,1.88,1.15,52.70
65.839386,-0.0049,0.0562,1.0029,0.00,0.00,-0.06,1.88,1.15,52.70
65.839386,-0.0044,0.0571,1.0010,0.00,0.00,-0.06,1.88,1.15,52.69
65.900096,-0.0049,0.0571,1.0010,0.00,0.00,-0.12,1.88,1.15,52.68
65.900096,-0.0049,0.0557,1.0005,0.00,0.00,-0.06,1.88,1.15,52.68
65.930328,-0.0049,0.0571,1.0010,0.00,0.00,-0.06,1.88,1.15,52.67
65.930328,-0.0044,0.0566,1.0015,0.00,0.00,0.00,1.88,1.15,52.66
65.990080,-0.0049,0.0562,1.0015,0.00,0.00,-0.06,1.88,1.15,52.66
65.990080,-0.0044,0.0557,1.0034,0.00,0.00,-0.06,1.88,1.15,52.65
66.021445,-0.0049,0.0566,1.0029,0.00,0.00,-0.06,1.88,1.15,52.64
66.021445,-0.0044,0.0562,1.0029,0.00,0.00,-0.12,1.88,1.15,52.64
66.050106,-0.0049,0.0566,1.0029,0.00,0.00,-0.06,1.88,1.15,52.63
66.050106,-0.0049,0.0566,1.0020,0.00,0.00,-0.06,1.88,1.15,52.62
66.110096,-0.0044,0.0566,1.0024,0.00,0.00,-0.12,1.88,1.15,52.61
66.110096,-0.0049,0.0571,1.0010,0.00,0.00,0.00,1.88,1.15,52.61
66.139330,-0.0059,0.0566,1.0015,0.00,0.00,-0.06,1.88,1.15,52.60
66.139330,-0.0049,0.0571,1.0024,0.06,0.06,-0.06,1.88,1.15,52.60
66.170124,-0.0054,0.0571,1.0020,0.00,0.00,-0.12,1.88,1.15,52.59
66.170124,-0.0049,0.0571,1.0020,0.00,0.00,-0.06,1.88,1.15,52.58
66.230475,-0.0044,0.0576,1.0024,0.00,0.00,0.00,1.88,1.15,52.58
66.230475,-0.0049,0.0571,1.0020,0.00,0.00,-0.06,1.88,1.15,52.57
66.259303,-0.0063,0.0576,1.0020,0.00,0.00,-0.06,1.88,1.15,52.56
66.259303,-0.0054,0.0571,1.0024,0.00,0.00,-0.12,1.88,1.15,52.56
66.290087,-0.0054,0.0571,1.0029,0.00,0.00,-0.12,1.88,1.15,52.55
66.290087,-0.0054,0.0566,1.0020,0.00,0.00,-0.06,1.88,1.15,52.54
66.350088,-0.0044,0.0576,1.0024,0.00,0.00,-0.06,1.88,1.15,52.54
66.350088,-0.0049,0.0566,1.0024,0.00,0.00,-0.12,1.88,1.15,52.53
66.379346,-0.0049,0.0566,1.0010,0.00,0.00,-0.12,1.88,1.15,52.53
66.379346,-0.0044,0.0576,1.0024,0.00,0.00,-0.12,1.88,1.15,52.52
66.410086,-0.0054,0.0562,1.0024,0.00,0.00,0.00,1.88,1.15,52.51
66.410086,-0.0049,0.0566,1.0015,0.00,0.00,-0.18,1.88,1.15,52.50
66.470122,-0.0054,0.0571,1.0024,0.00,0.00,-0.06,1.88,1.15,52.50
66.470122,-0.0044,0.0576,1.0029,0.00,0.00,-0.06,1.88,1.15,52.49
66.519438,-0.0049,0.0571,1.0015,0.06,0.00,-0.06,1.88,1.15,52.49
66.519438,-0.0049,0.0571,1.0015,0.00,0.00,-0.06,1.88,1.15,52.48
66.530322,-0.0054,0.0571,1.0024,0.00,0.00,-0.06,1.88,1.15,52.47
66.530322,-0.0054,0.0571,1.0024,0.00,0.00,-0.06,1.88,1.15,52.47
66.590473,-0.0049,0.0571,1.0024,0.00,0.00,-0.06,1.88,1.15,52.46
66.590473,-0.0054,0.0571,1.0010,0.00,0.00,-0.06,1.88,1.15,52.45
66.619319,-0.0044,0.0571,1.0020,0.00,0.00,0.00,1.88,1.15,52.45
66.619319,-0.0054,0.0566,1.0020,-0.06,0.00,-0.12,1.88,1.15,52.44
66.650117,-0.0059,0.0576,1.0020,0.00,0.00,-0.12,1.88,1.15,52.44
66.650117,-0.0049,0.0571,1.0020,0.00,0.00,-0.06,1.88,1.15,52.43
66.710111,-0.0054,0.0576,1.0015,0.00,0.00,-0.06,1.88,1.15,52.42
66.710111,-0.0063,0.0566,1.0005,0.00,0.00,-0.12,1.88,1.15,52.42
66.739319,-0.0054,0.0566,1.0005,0.00,0.00,-0.06,1.88,1.15,52.41
66.739319,-0.0049,0.0571,1.0015,0.00,0.00,-0.06,1.88,1.15,52.40
66.770095,-0.0049,0.0576,1.0015,0.00,0.00,-0.06,1.88,1.15,52.40
66.770095,-0.0049,0.0562,1.0024,0.00,0.00,0.00,1.88,1.15,52.39
66.830384,-0.0054,0.0566,1.0015,0.00,0.00,-0.06,1.88,1.15,52.39
66.830384,-0.0054,0.0571,1.0020,0.00,0.00,-0.06,1.88,1.15,52.38
66.859315,-0.0059,0.0566,1.0020,0.00,0.00,-0.12,1.88,1.15,52.37
66.859315,-0.0049,0.0566,1.0015,0.00,0.00,-0.06,1.88,1.15,52.37
66.890127,-0.0044,0.0576,1.0015,0.00,0.00,-0.06,1.88,1.15,52.36
66.890127,-0.0044,0.0566,1.0015,0.00,0.00,-0.06,1.88,1.15,52.36
66.950118,-0.0054,0.0562,1.0020,0.00,0.00,-0.06,1.88,1.15,52.35
66.950118,-0.0049,0.0571,1.0015,0.00,0.00,-0.06,1.88,1.15,52.34
66.979675,-0.0049,0.0562,1.0015,0.00,0.00,-0.12,1.88,1.15,52.34
66.979675,-0.0049,0.0566,1.0015,0.00,0.00,0.00,1.88,1.15,52.33
67.010498,-0.0059,0.0576,1.0015,0.00,0.00,0.00,1.88,1.15,52.32
67.010498,-0.0044,0.0566,1.0005,0.00,0.00,0.00,1.88,1.15,52.32
67.070114,-0.0044,0.0562,1.0029,0.00,0.00,-0.06,1.88,1.15,52.31
67.070114,-0.0049,0.0566,1.0024,0.00,0.00,-0.06,1.88,1.15,52.31
67.099315,-0.0059,0.0566,1.0020,-0.06,0.00,-0.12,1.88,1.15,52.30
67.099315,-0.0054,0.0562,1.0020,0.00,0.00,-0.06,1.88,1.15,52.29
67.130769,-0.0059,0.0566,1.0020,0.06,0.00,-0.06,1.88,1.15,52.29
67.130769,-0.0054,0.0571,1.0015,0.00,-0.06,0.00,1.89,1.15,52.28
67.190075,-0.0049,0.0586,1.0024,0.00,0.00,-0.06,1.89,1.15,52.28
67.190075,-0.0044,0.0562,1.0010,0.00,0.00,-0.06,1.89,1.15,52.27
67.219273,-0.0054,0.0581,1.0015,0.00,0.00,0.00,1.89,1.15,52.27
67.219273,-0.0054,0.0571,1.0020,0.00,0.00,0.00,1.89,1.15,52.26
67.250102,-0.0049,0.0566,1.0020,0.00,0.00,-0.06,1.89,1.15,52.26
67.250102,-0.0054,0.0571,1.0015,0.00,0.00,-0.06,1.89,1.15,52.25
67.311497,-0.0054,0.0566,1.0024,0.00,0.00,-0.06,1.89,1.15,52.24
67.311497,-0.0054,0.0566,1.0020,0.00,0.00,-0.06,1.89,1.15,52.23
67.342014,-0.0059,0.0566,1.0029,0.00,0.00,-0.06,1.89,1.15,52.23
67.342014,-0.0044,0.0571,1.0024,0.00,0.00,-0.06,1.89,1.15,52.22
67.400248,-0.0049,0.0571,1.0024,0.00,0.00,0.00,1.89,1.15,52.22
67.400248,-0.0054,0.0566,1.0015,0.00,0.00,-0.06,1.89,1.15,52.21
67.430332,-0.0059,0.0576,1.0010,0.00,0.00,-0.12,1.89,1.15,52.21
67.430332,-0.0059,0.0571,1.0010,0.00,0.00,-0.06,1.89,1.16,52.20
67.459384,-0.0059,0.0571,1.0015,0.00,0.00,-0.06,1.89,1.16,52.20
67.459384,-0.0044,0.0571,1.0024,0.00,0.00,-0.12,1.89,1.16,52.19
67.520132,-0.0059,0.0566,1.0020,0.00,0.06,-0.06,1.89,1.16,52.19
67.520132,-0.0049,0.0566,1.0024,0.00,0.00,-0.06,1.89,1.16,52.18
67.567597,-0.0049,0.0571,1.0024,0.00,0.00,-0.06,1.89,1.16,52.17
67.567597,-0.0049,0.0571,1.0029,0.00,0.00,-0.06,1.89,1.16,52.17
67.579882,-0.0054,0.0566,1.0020,0.00,0.00,-0.06,1.89,1.16,52.16
67.579882,-0.0054,0.0566,1.0015,0.00,0.06,-0.06,1.89,1.16,52.16
67.640069,-0.0044,0.0576,1.0010,0.00,0.00,-0.06,1.89,1.16,52.15
67.640069,-0.0049,0.0571,1.0015,0.00,0.00,-0.12,1.89,1.16,52.15
67.669293,-0.0049,0.0571,1.0015,0.00,0.00,-0.12,1.89,1.16,52.14
67.669293,-0.0054,0.0566,1.0015,0.00,0.00,-0.06,1.89,1.16,52.14
67.700225,-0.0054,0.0562,1.0024,0.00,0.00,-0.06,1.89,1.16,52.13
67.700225,-0.0044,0.0576,1.0020,0.00,0.00,-0.06,1.89,1.16,52.12
67.760179,-0.0049,0.0571,1.0020,0.00,0.00,0.00,1.89,1.16,52.12
67.760179,-0.0049,0.0566,1.0029,0.06,0.00,-0.06,1.89,1.16,52.11
67.789301,-0.0049,0.0571,1.0029,0.00,0.00,-0.06,1.89,1.16,52.11
67.789301,-0.0049,0.0576,1.0010,0.00,0.00,0.00,1.89,1.16,52.10
67.820132,-0.0054,0.0581,1.0020,0.00,0.00,-0.06,1.89,1.16,52.10
67.820132,-0.0059,0.0571,1.0015,0.00,0.00,-0.12,1.89,1.16,52.09
67.880140,-0.0049,0.0566,1.0020,0.00,0.00,-0.06,1.89,1.16,52.09
67.880140,-0.0054,0.0571,1.0010,0.00,0.00,-0.06,1.89,1.16,52.08
67.909369,-0.0054,0.0571,1.0015,0.00,0.00,-0.12,1.89,1.16,52.08
67.909369,-0.0054,0.0571,1.0015,0.00,0.00,-0.12,1.89,1.16,52.07
67.940069,-0.0054,0.0571,1.0020,0.00,0.00,-0.06,1.89,1.16,52.06
67.940069,-0.0054,0.0571,1.0020,0.00,0.00,0.00,1.89,1.16,52.06
68.000205,-0.0049,0.0566,1.0029,0.00,0.06,-0.06,1.89,1.16,52.05
68.000205,-0.0039,0.0576,1.0020,0.00,0.00,-0.12,1.89,1.16,52.05
68.029750,-0.0054,0.0571,1.0024,0.00,0.00,-0.06,1.89,1.16,52.04
68.029750,-0.0049,0.0576,1.0024,0.00,0.00,-0.12,1.89,1.16,52.04
68.060294,-0.0049,0.0571,1.0024,0.06,0.00,-0.06,1.89,1.16,52.03
68.060294,-0.0044,0.0562,1.0010,0.00,0.00,-0.06,1.89,1.16,52.03
68.120153,-0.0054,0.0566,1.0020,0.00,0.00,-0.06,1.89,1.16,52.02
68.120153,-0.0054,0.0566,1.0020,0.00,0.00,0.00,1.89,1.16,52.01
68.149316,-0.0044,0.0566,1.0024,0.00,0.00,-0.12,1.89,1.16,52.01
68.149316,-0.0054,0.0571,1.0024,0.00,0.00,-0.06,1.89,1.16,52.00
68.180145,-0.0054,0.0571,1.0015,0.00,0.00,-0.06,1.89,1.16,52.00
68.180145,-0.0049,0.0566,1.0015,0.00,0.00,-0.06,1.89,1.16,51.99
68.240227,-0.0049,0.0581,1.0015,0.00,0.00,-0.12,1.89,1.16,51.99
68.240227,-0.0049,0.0566,1.0020,0.00,0.00,-0.06,1.89,1.16,51.98
68.270509,-0.0054,0.0571,1.0005,0.00,0.00,-0.06,1.89,1.16,51.98
68.270509,-0.0059,0.0566,1.0024,0.00,0.00,-0.12,1.89,1.16,51.97
68.299458,-0.0044,0.0562,1.0020,0.00,0.00,-0.12,1.89,1.16,51.97
68.299458,-0.0054,0.0571,1.0024,0.00,0.00,-0.06,1.89,1.16,51.96
68.360180,-0.0049,0.0566,1.0024,0.00,0.00,-0.06,1.89,1.16,51.95
68.360180,-0.0054,0.0576,1.0020,0.00,0.00,-0.12,1.89,1.16,51.95
68.389379,-0.0049,0.0571,1.0020,0.00,0.00,-0.06,1.89,1.16,51.94
68.389379,-0.0044,0.0571,1.0010,0.00,0.00,-0.06,1.89,1.16,51.94
68.420153,-0.0054,0.0571,1.0024,0.00,0.00,-0.06,1.89,1.16,51.93
68.420153,-0.0054,0.0576,1.0024,0.00,0.00,-0.06,1.89,1.16,51.93
68.480003,-0.0049,0.0566,1.0024,0.00,0.00,-0.06,1.89,1.16,51.93
68.480003,-0.0049,0.0576,1.0020,0.00,0.00,-0.06,1.89,1.16,51.92
68.509390,-0.0059,0.0576,1.0010,0.00,0.00,-0.06,1.89,1.16,51.92
68.509390,-0.0054,0.0581,1.0005,0.00,0.00,-0.06,1.89,1.16,51.91
68.540120,-0.0059,0.0566,1.0020,0.00,0.00,0.00,1.89,1.16,51.90
68.540120,-0.0054,0.0576,1.0020,0.00,0.00,-0.06,1.89,1.16,51.90
68.600168,-0.0049,0.0571,1.0020,0.00,0.00,0.00,1.89,1.16,51.89
68.600168,-0.0049,0.0566,1.0020,0.00,0.06,0.00,1.89,1.16,51.89
68.629670,-0.0044,0.0566,1.0015,0.00,0.00,0.00,1.89,1.16,51.88
68.629670,-0.0054,0.0571,1.0024,0.00,0.00,-0.12,1.89,1.16,51.88
68.659278,-0.0059,0.0562,1.0020,0.06,0.00,-0.06,1.89,1.16,51.87
68.659278,-0.0054,0.0566,1.0020,0.06,0.00,-0.06,1.89,1.16,51.87
68.719466,-0.0054,0.0576,1.0020,0.00,0.00,-0.06,1.89,1.16,51.86
68.719466,-0.0049,0.0576,1.0015,0.00,0.06,0.00,1.89,1.16,51.86
68.749403,-0.0054,0.0562,1.0010,0.00,0.00,0.00,1.89,1.16,51.86
68.749403,-0.0049,0.0576,1.0010,0.00,0.00,-0.06,1.89,1.16,51.85
68.809535,-0.0049,0.0571,1.0010,0.00,0.00,-0.12,1.89,1.16,51.84
68.809535,-0.0054,0.0576,1.0020,0.00,0.00,-0.06,1.89,1.16,51.84
68.839404,-0.0044,0.0566,1.0024,0.00,0.00,0.00,1.89,1.16,51.83
68.839404,-0.0044,0.0566,1.0010,0.06,0.00,-0.06,1.89,1.16,51.83
68.869226,-0.0049,0.0566,1.0010,0.00,0.00,0.00,1.89,1.16,51.82
68.869226,-0.0059,0.0566,1.0015,0.06,0.00,-0.06,1.89,1.16,51.82
68.930824,-0.0049,0.0566,1.0015,0.00,0.00,-0.06,1.89,1.16,51.81
68.930824,-0.0054,0.0576,1.0015,0.00,0.00,0.00,1.89,1.16,51.81
68.959415,-0.0054,0.0571,1.0015,0.00,0.00,0.00,1.89,1.16,51.81
68.959415,-0.0054,0.0571,1.0015,-0.06,0.00,0.00,1.89,1.16,51.80
68.989354,-0.0059,0.0566,1.0015,0.00,0.00,-0.06,1.89,1.16,51.80
68.989354,-0.0054,0.0566,1.0015,0.00,0.00,-0.12,1.89,1.16,51.79
69.049476,-0.0054,0.0576,1.0010,0.00,0.00,-0.06,1.89,1.16,51.78
69.049476,-0.0054,0.0576,1.0010,0.00,0.00,0.00,1.89,1.16,51.78
69.079434,-0.0049,0.0571,1.0015,0.00,0.06,0.00,1.89,1.16,51.77
69.079434,-0.0054,0.0566,1.0015,0.00,0.06,-0.06,1.89,1.16,51.77
69.109364,-0.0054,0.0562,1.0024,0.00,0.00,-0.12,1.89,1.16,51.76
69.109364,-0.0049,0.0571,1.0015,0.00,0.00,0.00,1.89,1.16,51.76
69.169391,-0.0054,0.0571,1.0015,0.00,0.00,0.00,1.89,1.16,51.76
69.169391,-0.0054,0.0566,1.0024,0.00,0.00,0.00,1.89,1.16,51.75
69.199383,-0.0049,0.0566,1.0020,0.00,0.00,-0.06,1.89,1.16,51.75
69.199383,-0.0054,0.0576,1.0024,0.00,0.00,-0.06,1.89,1.16,51.74
69.229703,-0.0054,0.0566,1.0024,0.00,0.00,0.00,1.89,1.16,51.73
69.229703,-0.0049,0.0571,1.0015,0.00,0.00,-0.06,1.89,1.16,51.73
69.289480,-0.0054,0.0571,1.0029,0.00,0.00,-0.06,1.89,1.16,51.73
69.289480,-0.0054,0.0576,1.0020,0.00,0.00,-0.12,1.89,1.16,51.72
69.319521,-0.0059,0.0571,1.0010,0.00,0.00,0.00,1.89,1.16,51.72
69.319521,-0.0059,0.0571,1.0020,0.00,0.00,-0.06,1.89,1.16,51.71
69.349396,-0.0054,0.0571,1.0024,0.00,0.00,0.00,1.89,1.16,51.71
69.349396,-0.0059,0.0566,1.0029,0.00,0.00,-0.06,1.89,1.16,51.70
69.409430,-0.0054,0.0566,1.0024,0.00,0.00,-0.06,1.89,1.16,51.70
69.409430,-0.0044,0.0571,1.0020,0.00,0.00,-0.06,1.89,1.16,51.70
69.439364,-0.0049,0.0571,1.0015,0.00,0.00,0.00,1.89,1.16,51.69
69.439364,-0.0049,0.0571,1.0024,0.06,0.00,-0.06,1.89,1.16,51.69
69.469385,-0.0054,0.0576,1.0024,0.00,0.00,-0.06,1.89,1.16,51.68
69.469385,-0.0059,0.0576,1.0024,0.00,0.00,-0.12,1.89,1.16,51.67
69.529450,-0.0054,0.0571,1.0010,0.00,0.00,-0.06,1.89,1.16,51.67
69.529450,-0.0059,0.0566,1.0024,0.00,0.00,-0.06,1.89,1.16,51.66
69.559742,-0.0054,0.0571,1.0024,0.00,0.00,-0.06,1.89,1.16,51.66
69.559742,-0.0049,0.0566,1.0015,0.00,0.00,0.00,1.89,1.16,51.66
69.608308,-0.0049,0.0571,1.0024,0.00,0.00,-0.12,1.89,1.16,51.65
69.608308,-0.0054,0.0576,1.0010,0.00,0.00,-0.06,1.89,1.16,51.65
69.649385,-0.0044,0.0571,1.0020,0.00,0.00,-0.06,1.89,1.16,51.64
69.649385,-0.0049,0.0576,1.0010,0.00,0.00,-0.12,1.89,1.16,51.64
69.679394,-0.0049,0.0576,1.0015,0.00,0.00,-0.06,1.89,1.16,51.64
69.679394,-0.0054,0.0571,1.0024,0.00,0.00,0.00,1.90,1.16,51.63
69.709357,-0.0054,0.0566,1.0029,0.00,0.00,-0.06,1.90,1.16,51.62
69.709357,-0.0049,0.0571,1.0015,0.00,0.00,-0.06,1.90,1.16,51.62
69.769433,-0.0044,0.0571,1.0029,0.00,0.00,-0.06,1.90,1.16,51.61
69.769433,-0.0054,0.0576,1.0034,0.00,0.00,-0.06,1.90,1.16,51.61
69.799369,-0.0054,0.0576,1.0020,0.00,0.00,-0.06,1.90,1.16,51.61
69.799369,-0.0049,0.0566,1.0029,0.00,0.00,0.00,1.90,1.16,51.60
69.830864,-0.0054,0.0571,1.0029,0.00,0.00,-0.12,1.90,1.16,51.60
69.830864,-0.0054,0.0566,1.0024,0.00,0.00,-0.12,1.90,1.16,51.59
69.889446,-0.0054,0.0576,1.0024,0.00,0.00,-0.06,1.90,1.16,51.59
69.889446,-0.0054,0.0576,1.0029,0.00,0.00,-0.06,1.90,1.16,51.59
69.919359,-0.0054,0.0576,1.0029,0.00,0.00,0.00,1.90,1.16,51.58
69.919359,-0.0049,0.0571,1.0015,0.00,0.00,-0.06,1.90,1.16,51.58
69.949398,-0.0054,0.0571,1.0020,0.00,0.00,-0.06,1.90,1.16,51.57
69.949398,-0.0054,0.0571,1.0020,0.00,0.00,-0.06,1.90,1.16,51.56
70.009398,-0.0049,0.0566,1.0024,0.00,0.00,0.00,1.90,1.16,51.56
70.009398,-0.0049,0.0562,1.0020,0.00,0.00,0.00,1.90,1.16,51.56
70.039419,-0.0049,0.0566,1.0010,0.00,0.00,-0.06,1.90,1.16,51.55
70.039419,-0.0054,0.0571,1.0029,0.00,0.00,-0.06,1.89,1.16,51.55
70.069329,-0.0054,0.0581,1.0020,0.00,0.00,-0.06,1.89,1.16,51.54
70.069329,-0.0049,0.0571,1.0020,0.00,0.00,-0.06,1.89,1.16,51.54
70.129683,-0.0054,0.0571,1.0015,0.00,0.00,-0.06,1.89,1.16,51.54
70.129683,-0.0054,0.0576,1.0015,0.00,0.00,0.00,1.90,1.16,51.53
70.159380,-0.0054,0.0571,1.0015,0.00,0.00,-0.06,1.90,1.16,51.53
70.159380,-0.0059,0.0571,1.0020,0.00,0.00,-0.06,1.90,1.16,51.52
70.219490,-0.0054,0.0566,1.0024,0.00,0.00,-0.06,1.90,1.16,51.52
70.219490,-0.0054,0.0566,1.0020,0.00,0.00,-0.12,1.89,1.16,51.51
70.249367,-0.0049,0.0576,1.0020,0.00,0.00,-0.12,1.89,1.16,51.51
70.249367,-0.0054,0.0571,1.0020,0.00,0.00,-0.06,1.89,1.16,51.50
70.279334,-0.0054,0.0571,1.0029,0.00,0.00,-0.06,1.89,1.16,51.50
70.279334,-0.0054,0.0571,1.0020,0.00,0.00,-0.06,1.89,1.16,51.50
70.339392,-0.0059,0.0576,1.0024,0.00,0.00,0.00,1.89,1.16,51.49
70.339392,-0.0054,0.0571,1.0015,0.00,0.00,-0.06,1.89,1.16,51.49
70.369375,-0.0059,0.0571,1.0024,0.00,0.00,-0.12,1.89,1.16,51.48
70.369375,-0.0044,0.0562,1.0010,0.00,0.00,-0.06,1.89,1.16,51.48
70.399286,-0.0054,0.0566,1.0020,0.00,0.00,0.00,1.89,1.16,51.48
70.399286,-0.0054,0.0576,1.0024,0.00,0.00,-0.12,1.89,1.16,51.47
70.459384,-0.0054,0.0576,1.0034,0.00,0.00,-0.12,1.89,1.16,51.47
70.459384,-0.0054,0.0576,1.0024,0.00,0.00,-0.06,1.89,1.16,51.46
70.489422,-0.0054,0.0566,1.0015,0.00,0.00,-0.06,1.89,1.16,51.46
70.489422,-0.0059,0.0571,1.0015,0.00,0.00,-0.06,1.89,1.16,51.45
70.519505,-0.0044,0.0566,1.0034,0.00,0.00,-0.06,1.89,1.16,51.45
70.519505,-0.0059,0.0571,1.0020,0.00,0.00,-0.06,1.89,1.16,51.44
70.579475,-0.0054,0.0576,1.0020,0.00,0.00,-0.06,1.89,1.16,51.44
70.579475,-0.0054,0.0571,1.0029,0.00,0.00,-0.12,1.89,1.16,51.44
70.628562,-0.0054,0.0576,1.0024,0.00,0.00,-0.06,1.89,1.16,51.43
70.628562,-0.0054,0.0566,1.0020,0.00,0.00,-0.06,1.89,1.16,51.43
70.639257,-0.0059,0.0571,1.0015,0.00,0.00,-0.06,1.89,1.16,51.43
70.639257,-0.0063,0.0566,1.0020,0.00,0.06,-0.06,1.89,1.16,51.42
70.699372,-0.0049,0.0566,1.0005,0.00,0.00,0.00,1.89,1.16,51.42
70.699372,-0.0054,0.0571,1.0015,0.00,0.00,-0.06,1.89,1.16,51.41
70.729673,-0.0049,0.0576,1.0024,0.00,0.00,0.00,1.89,1.16,51.41
70.729673,-0.0049,0.0571,1.0024,0.00,0.00,-0.06,1.89,1.16,51.41
70.759405,-0.0054,0.0566,1.0020,0.00,0.00,0.00,1.89,1.16,51.40
70.759405,-0.0054,0.0562,1.0020,0.00,0.00,-0.12,1.89,1.16,51.39
70.819733,-0.0059,0.0566,1.0015,0.00,0.00,-0.06,1.89,1.16,51.39
70.819733,-0.0059,0.0566,1.0024,0.06,0.00,-0.12,1.89,1.16,51.39
70.849738,-0.0059,0.0586,1.0024,0.00,0.00,-0.06,1.89,1.16,51.38
70.849738,-0.0054,0.0571,1.0020,0.00,0.00,-0.06,1.89,1.16,51.38
70.879410,-0.0049,0.0571,1.0020,0.00,0.00,-0.06,1.89,1.16,51.38
70.879410,-0.0054,0.0562,1.0005,0.00,0.00,-0.06,1.89,1.16,51.37
70.939383,-0.0063,0.0566,1.0015,0.00,0.00,0.00,1.89,1.16,51.37
70.939383,-0.0049,0.0571,1.0024,0.00,0.00,-0.06,1.89,1.16,51.36
70.969343,-0.0049,0.0576,1.0020,0.00,0.00,0.00,1.89,1.16,51.36
70.969343,-0.0059,0.0571,1.0020,0.00,0.00,-0.06,1.89,1.16,51.36
70.999442,-0.0059,0.0571,1.0020,0.00,0.00,-0.12,1.89,1.16,51.35
70.999442,-0.0054,0.0571,1.0024,0.00,0.00,-0.06,1.89,1.16,51.34
71.059387,-0.0059,0.0566,1.0020,0.00,0.00,-0.12,1.89,1.16,51.34
71.059387,-0.0054,0.0571,1.0010,0.00,0.00,-0.06,1.89,1.16,51.34
71.089335,-0.0049,0.0562,1.0020,0.00,0.00,0.00,1.89,1.16,51.33
71.089335,-0.0054,0.0562,1.0015,0.00,0.00,0.00,1.89,1.16,51.33
71.119360,-0.0049,0.0576,1.0015,0.00,0.00,-0.06,1.89,1.16,51.33
71.119360,-0.0049,0.0566,1.0020,0.00,0.00,-0.06,1.89,1.16,51.32
71.179416,-0.0049,0.0576,1.0020,0.00,0.00,0.00,1.89,1.16,51.32
71.179416,-0.0049,0.0591,1.0024,0.00,0.00,-0.12,1.89,1.16,51.32
71.209373,-0.0049,0.0576,1.0020,0.00,0.00,0.00,1.89,1.16,51.31
71.209373,-0.0054,0.0562,1.0020,0.00,0.00,0.00,1.89,1.16,51.31
71.239430,-0.0049,0.0571,1.0024,0.00,0.00,-0.06,1.89,1.16,51.30
71.239430,-0.0054,0.0581,1.0024,0.00,0.00,-0.12,1.89,1.16,51.30
71.299398,-0.0049,0.0581,1.0024,0.00,0.00,0.00,1.89,1.16,51.30
71.299398,-0.0044,0.0571,1.0034,0.00,0.00,0.00,1.89,1.16,51.29
71.329620,-0.0059,0.0571,1.0024,0.00,0.00,0.00,1.89,1.16,51.29
71.329620,-0.0054,0.0571,1.0020,0.00,0.00,-0.06,1.89,1.16,51.28
71.359348,-0.0059,0.0571,1.0024,0.00,0.06,-0.06,1.89,1.16,51.28
71.359348,-0.0054,0.0571,1.0020,0.00,0.00,-0.06,1.89,1.16,51.27
71.419388,-0.0054,0.0566,1.0010,0.00,0.00,-0.12,1.89,1.16,51.27
71.419388,-0.0054,0.0576,1.0015,0.00,0.00,0.00,1.89,1.16,51.27
71.449346,-0.0054,0.0571,1.0020,0.00,0.00,-0.06,1.89,1.16,51.26
71.449346,-0.0054,0.0581,1.0015,0.00,0.00,-0.06,1.89,1.16,51.26
71.479401,-0.0049,0.0576,1.0010,0.00,0.00,-0.06,1.89,1.16,51.26
71.479401,-0.0044,0.0566,1.0020,0.00,0.00,-0.06,1.89,1.16,51.25
71.539474,-0.0049,0.0571,1.0015,0.00,0.00,-0.06,1.89,1.16,51.25
71.539474,-0.0049,0.0581,1.0020,0.00,0.00,-0.06,1.89,1.16,51.25
71.569353,-0.0054,0.0562,1.0015,0.06,0.00,-0.06,1.89,1.16,51.24
71.569353,-0.0049,0.0576,1.0020,-0.06,0.00,-0.06,1.89,1.16,51.23
71.630728,-0.0044,0.0571,1.0024,-0.06,0.06,-0.06,1.89,1.16,51.23
71.630728,-0.0059,0.0566,1.0024,0.00,0.00,-0.06,1.89,1.16,51.23
71.667309,-0.0049,0.0571,1.0020,0.00,0.00,-0.06,1.89,1.16,51.22
71.667309,-0.0054,0.0586,1.0020,0.00,0.00,-0.06,1.89,1.16,51.22
71.689274,-0.0044,0.0566,1.0020,0.00,0.00,-0.06,1.89,1.16,51.22
71.689274,-0.0049,0.0576,1.0024,-0.06,0.00,-0.06,1.89,1.16,51.21
71.749435,-0.0054,0.0581,1.0024,0.00,0.00,-0.06,1.89,1.16,51.21
71.749435,-0.0059,0.0566,1.0024,-0.06,0.00,-0.06,1.89,1.16,51.21
71.779979,-0.0068,0.0576,1.0024,0.00,0.00,-0.06,1.89,1.16,51.20
71.779979,-0.0049,0.0566,1.0024,0.00,0.06,-0.06,1.89,1.16,51.20
71.809929,-0.0054,0.0571,1.0015,0.00,0.00,-0.12,1.89,1.16,51.20
71.809929,-0.0049,0.0571,1.0029,-0.06,0.00,-0.06,1.89,1.16,51.19
71.870195,-0.0054,0.0571,1.0029,0.00,0.00,-0.06,1.89,1.16,51.19
71.870195,-0.0044,0.0566,1.0020,0.00,0.00,0.00,1.89,1.16,51.19
71.899368,-0.0059,0.0566,1.0020,0.00,0.00,-0.06,1.89,1.16,51.18
71.899368,-0.0049,0.0566,1.0020,0.00,0.00,-0.12,1.89,1.16,51.18
71.930429,-0.0054,0.0581,1.0020,0.00,0.00,-0.06,1.89,1.15,51.17
71.930429,-0.0054,0.0571,1.0024,0.00,0.00,-0.12,1.89,1.15,51.17
71.990502,-0.0049,0.0566,1.0020,0.00,0.00,-0.06,1.89,1.15,51.17
71.990502,-0.0044,0.0571,1.0015,0.00,0.00,-0.06,1.89,1.15,51.16
72.021425,-0.0054,0.0576,1.0015,0.00,0.00,-0.06,1.89,1.15,51.16
72.021425,-0.0054,0.0576,1.0029,0.00,0.00,-0.12,1.89,1.15,51.16
72.050190,-0.0054,0.0576,1.0020,0.00,0.00,-0.06,1.89,1.15,51.15
72.050190,-0.0059,0.0571,1.0024,0.00,0.00,-0.06,1.89,1.15,51.15
72.110546,-0.0054,0.0566,1.0024,-0.06,0.00,-0.06,1.89,1.15,51.15
72.110546,-0.0039,0.0562,1.0020,0.00,0.00,-0.18,1.89,1.15,51.14
72.139372,-0.0054,0.0562,1.0020,0.00,0.00,-0.06,1.89,1.15,51.14
72.139372,-0.0063,0.0576,1.0015,0.00,0.00,-0.06,1.89,1.15,51.14
72.170151,-0.0054,0.0576,1.0020,0.06,0.00,-0.12,1.89,1.15,51.13
72.170151,-0.0049,0.0576,1.0020,0.12,0.00,-0.06,1.89,1.15,51.12
72.232517,-0.0063,0.0576,1.0020,0.06,0.00,-0.06,1.89,1.15,51.12
72.232517,-0.0059,0.0566,1.0020,0.00,0.00,-0.12,1.89,1.15,51.12
72.262082,-0.0054,0.0576,1.0024,0.00,0.00,-0.06,1.89,1.15,51.11
72.262082,-0.0054,0.0571,1.0029,0.00,0.00,-0.06,1.89,1.15,51.11
72.290134,-0.0054,0.0566,1.0024,0.00,0.00,-0.06,1.89,1.15,51.11
72.290134,-0.0049,0.0571,1.0024,0.00,0.00,-0.12,1.89,1.15,51.10
72.350167,-0.0063,0.0566,1.0015,0.06,0.00,-0.12,1.89,1.15,51.10
72.350167,-0.0054,0.0566,1.0015,0.00,0.00,-0.12,1.89,1.15,51.10
72.379330,-0.0049,0.0576,1.0015,0.06,0.00,-0.06,1.89,1.15,51.09
72.379330,-0.0054,0.0576,1.0010,0.06,0.00,-0.06,1.89,1.15,51.09
72.410111,-0.0044,0.0576,1.0015,0.00,0.00,-0.12,1.89,1.15,51.09
72.410111,-0.0049,0.0581,1.0020,0.06,0.00,-0.06,1.89,1.15,51.08
72.470150,-0.0049,0.0576,1.0020,0.00,0.00,-0.06,1.89,1.15,51.08
72.470150,-0.0049,0.0576,1.0020,-0.06,0.00,-0.06,1.89,1.15,51.08
72.499403,-0.0039,0.0571,1.0015,-0.06,0.00,-0.12,1.89,1.15,51.08
72.499403,-0.0005,0.0537,0.9941,0.43,0.61,-0.12,1.89,1.15,51.07
72.530492,-0.0063,0.0586,1.0044,-0.06,0.18,-0.06,1.89,1.15,51.06
72.530492,-0.0020,0.0576,0.9990,0.31,-0.18,-0.18,1.89,1.15,51.06
72.590163,-0.0127,0.0581,1.0049,-0.37,0.18,-0.12,1.89,1.15,51.06
72.590163,-0.0049,0.0581,1.0034,0.00,0.67,-0.18,1.89,1.15,51.05
72.619418,-0.0020,0.0566,1.0010,0.24,-0.18,-0.06,1.89,1.15,51.05
72.619418,-0.0020,0.0581,1.0020,-0.49,-0.43,0.00,1.89,1.15,51.05
72.650169,-0.0117,0.0601,0.9971,-0.67,-0.24,-0.06,1.89,1.15,51.04
72.650169,-0.0034,0.0498,0.9976,-0.18,0.18,-0.12,1.89,1.15,51.04
72.710109,-0.0049,0.0562,0.9868,0.67,0.55,-0.12,1.89,1.15,51.04
72.710109,-0.0122,0.0615,0.9878,-0.06,-0.43,-0.06,1.89,1.15,51.04
72.739418,-0.0137,0.0640,1.0005,-0.31,-0.61,0.06,1.89,1.15,51.03
72.739418,-0.0068,0.0547,0.9971,-0.49,0.12,0.00,1.89,1.15,51.03
72.770100,-0.0039,0.0576,1.0000,0.00,0.18,-0.06,1.89,1.15,51.03
72.770100,-0.0049,0.0557,1.0010,0.18,0.00,-0.12,1.89,1.15,51.02
72.829747,-0.0049,0.0571,1.0020,-0.37,-0.06,-0.06,1.89,1.15,51.02
72.829747,-0.0059,0.0566,1.0024,-0.24,-0.06,-0.06,1.89,1.15,51.02
72.859396,-0.0049,0.0562,1.0029,0.12,0.00,-0.06,1.89,1.15,51.01
72.859396,-0.0044,0.0576,1.0020,0.31,0.00,-0.12,1.89,1.15,51.01
72.889388,-0.0049,0.0581,1.0010,0.00,0.00,0.00,1.89,1.15,51.00
72.889388,-0.0044,0.0576,1.0024,-0.24,0.00,-0.06,1.89,1.15,51.00
72.949408,-0.0054,0.0566,1.0015,0.00,0.00,-0.06,1.89,1.15,51.00
72.949408,-0.0044,0.0586,1.0029,0.00,0.00,-0.06,1.89,1.15,50.99
72.979353,-0.0054,0.0566,1.0015,-0.12,0.00,-0.06,1.89,1.15,50.99
72.979353,-0.0039,0.0562,1.0015,0.00,0.00,-0.06,1.89,1.15,50.99
73.040218,-0.0049,0.0562,1.0029,0.18,0.00,-0.12,1.89,1.15,50.98
73.040218,-0.0044,0.0586,1.0024,0.12,0.00,-0.06,1.89,1.15,50.98
73.069333,-0.0039,0.0576,1.0024,-0.06,0.00,-0.06,1.89,1.15,50.98
73.069333,-0.0049,0.0571,1.0020,-0.12,0.00,-0.06,1.89,1.15,50.97
73.100499,-0.0049,0.0576,1.0015,0.00,0.00,-0.06,1.89,1.15,50.97
73.100499,-0.0039,0.0571,1.0010,0.06,0.00,-0.06,1.89,1.15,50.97
73.160264,-0.0039,0.0581,1.0010,0.00,0.06,-0.12,1.89,1.15,50.97
73.160264,-0.0049,0.0571,1.0015,0.00,0.00,-0.06,1.89,1.15,50.96
73.189346,-0.0059,0.0566,1.0020,0.06,0.00,-0.06,1.89,1.15,50.95
73.189346,-0.0054,0.0571,1.0015,0.00,0.00,-0.06,1.89,1.15,50.95
73.220380,-0.0054,0.0566,1.0020,-0.12,0.00,-0.06,1.89,1.15,50.95
73.220380,-0.0063,0.0562,1.0015,-0.06,0.06,0.00,1.89,1.15,50.95
73.280224,-0.0063,0.0562,1.0020,0.00,0.00,-0.06,1.89,1.15,50.94
73.280224,-0.0054,0.0566,1.0015,0.00,0.00,-0.06,1.89,1.15,50.94
73.309312,-0.0059,0.0571,1.0010,0.00,0.00,0.00,1.89,1.15,50.94
73.309312,-0.0059,0.0571,1.0015,0.06,0.00,-0.06,1.89,1.15,50.93
73.340563,-0.0063,0.0581,1.0015,0.06,0.00,-0.06,1.89,1.15,50.93
73.340563,-0.0054,0.0576,1.0020,0.00,0.00,-0.06,1.89,1.15,50.93
73.400075,-0.0054,0.0576,1.0024,-0.06,0.00,0.00,1.89,1.15,50.92
73.400075,-0.0059,0.0581,1.0020,0.00,0.00,0.00,1.89,1.15,50.92
73.429582,-0.0049,0.0571,1.0015,0.00,0.00,0.00,1.89,1.15,50.92
73.429582,-0.0049,0.0576,1.0024,0.00,0.00,-0.06,1.89,1.15,50.92
73.460053,-0.0049,0.0581,1.0024,0.00,0.00,-0.06,1.89,1.15,50.91
73.460053,-0.0049,0.0571,1.0024,0.00,0.00,-0.12,1.89,1.15,50.91
73.520216,-0.0044,0.0576,1.0020,0.00,0.00,0.00,1.89,1.15,50.91
73.520216,-0.0063,0.0571,1.0020,0.00,0.00,0.00,1.89,1.15,50.90
73.549327,-0.0049,0.0562,1.0024,0.00,0.00,-0.06,1.89,1.15,50.90
73.549327,-0.0049,0.0571,1.0015,0.00,0.00,-0.06,1.89,1.15,50.89
73.580262,-0.0044,0.0571,1.0024,0.00,0.00,-0.06,1.89,1.15,50.89
73.580262,-0.0039,0.0576,1.0024,0.00,0.00,0.00,1.89,1.15,50.89
73.640344,-0.0049,0.0571,1.0015,0.06,0.00,-0.06,1.89,1.15,50.88
73.640344,-0.0044,0.0571,1.0010,0.00,0.00,0.00,1.89,1.15,50.88
73.669507,-0.0054,0.0576,1.0020,0.00,0.00,-0.06,1.89,1.15,50.88
73.669507,-0.0059,0.0571,1.0015,0.00,0.00,-0.06,1.89,1.15,50.88
73.747907,-0.0054,0.0576,1.0015,0.00,0.00,-0.06,1.89,1.15,50.87
73.747907,-0.0049,0.0566,1.0020,0.00,0.00,-0.06,1.89,1.15,50.87
73.760729,-0.0054,0.0571,1.0029,0.06,0.00,-0.06,1.89,1.15,50.87
73.760729,-0.0059,0.0576,1.0024,0.00,0.00,-0.06,1.89,1.15,50.86
73.789306,-0.0054,0.0576,1.0015,0.00,0.00,0.00,1.89,1.15,50.86
73.789306,-0.0054,0.0581,1.0020,0.00,0.00,0.00,1.89,1.15,50.86
73.819314,-0.0054,0.0576,1.0010,0.00,0.00,-0.06,1.89,1.15,50.86
73.819314,-0.0054,0.0571,1.0020,0.00,0.00,-0.06,1.89,1.15,50.85
73.879520,-0.0054,0.0566,1.0015,0.00,0.00,0.00,1.89,1.15,50.85
73.879520,-0.0059,0.0566,1.0024,0.00,0.00,0.00,1.89,1.15,50.84
73.909384,-0.0049,0.0571,1.0015,0.00,0.00,-0.06,1.89,1.15,50.84
73.909384,-0.0049,0.0581,1.0020,0.00,0.00,-0.06,1.89,1.15,50.84
73.939509,-0.0054,0.0576,1.0020,0.00,0.00,-0.06,1.89,1.15,50.83
73.939509,-0.0049,0.0566,1.0020,0.00,0.00,-0.06,1.89,1.15,50.83
73.999825,-0.0049,0.0571,1.0015,0.00,0.00,-0.06,1.89,1.15,50.83
73.999825,-0.0054,0.0571,1.0015,0.00,0.00,-0.06,1.89,1.15,50.83
74.030035,-0.0044,0.0571,1.0020,0.00,0.00,-0.06,1.89,1.15,50.82
74.030035,-0.0049,0.0571,1.0024,0.00,0.00,-0.12,1.89,1.15,50.82
74.059783,-0.0049,0.0566,1.0015,0.00,0.00,-0.06,1.89,1.15,50.82
74.059783,-0.0049,0.0576,1.0020,0.00,0.00,-0.06,1.89,1.15,50.81
74.119381,-0.0044,0.0571,1.0020,0.00,0.00,-0.12,1.89,1.15,50.81
74.119381,-0.0054,0.0571,1.0020,0.00,0.00,-0.06,1.89,1.15,50.81
74.149484,-0.0054,0.0566,1.0024,0.00,0.00,0.00,1.89,1.15,50.81
74.149484,-0.0044,0.0571,1.0015,0.00,0.00,-0.06,1.89,1.15,50.80
74.179603,-0.0054,0.0576,1.0024,0.00,0.00,-0.06,1.89,1.15,50.80
74.179603,-0.0049,0.0576,1.0015,0.00,0.00,0.00,1.89,1.15,50.80
74.239463,-0.0049,0.0576,1.0024,0.00,0.00,0.00,1.89,1.15,50.79
74.239463,-0.0063,0.0576,1.0020,0.00,0.00,0.00,1.89,1.15,50.79
74.269538,-0.0054,0.0576,1.0024,0.00,0.00,-0.06,1.89,1.15,50.78
74.269538,-0.0063,0.0566,1.0010,0.00,0.00,-0.06,1.89,1.15,50.78
74.299404,-0.0054,0.0576,1.0015,0.00,0.00,-0.06,1.89,1.15,50.78
74.299404,-0.0049,0.0562,1.0015,0.00,0.00,-0.06,1.89,1.15,50.78
74.360348,-0.0054,0.0566,1.0020,-0.06,0.00,-0.06,1.89,1.15,50.77
74.360348,-0.0054,0.0571,1.0020,-0.06,0.00,0.00,1.89,1.15,50.77
74.392170,-0.0054,0.0562,1.0005,0.00,0.00,-0.06,1.89,1.15,50.77
74.392170,-0.0054,0.0571,1.0010,0.00,0.00,-0.06,1.89,1.15,50.77
74.449428,-0.0054,0.0566,1.0020,0.00,0.06,-0.06,1.89,1.15,50.76
74.449428,-0.0049,0.0571,1.0024,0.00,0.00,-0.06,1.89,1.15,50.76
74.678796,-0.0049,0.0581,1.0015,0.00,0.00,0.00,1.89,1.15,50.76
74.678796,-0.0044,0.0571,1.0010,0.00,0.00,-0.06,1.89,1.15,50.75
74.678825,-0.0049,0.0581,1.0020,0.00,-0.06,-0.06,1.89,1.15,50.75
74.678825,-0.0054,0.0562,1.0024,0.00,0.00,-0.06,1.89,1.15,50.75
78.713444,-0.0054,0.0581,1.0010,0.00,0.00,0.00,1.87,1.14,50.23
78.713444,-0.0044,0.0571,1.0015,0.00,0.00,-0.06,1.87,1.14,50.23
78.713495,-0.0054,0.0571,1.0010,0.00,0.00,-0.12,1.87,1.14,50.23
78.713495,-0.0063,0.0566,1.0015,0.00,0.00,0.00,1.87,1.14,50.23
78.739276,-0.0054,0.0576,1.0015,0.00,0.00,-0.12,1.87,1.14,50.22
78.739276,-0.0059,0.0576,1.0010,0.06,0.00,-0.06,1.87,1.14,50.22
78.799332,-0.0063,0.0571,1.0005,0.00,0.00,-0.06,1.87,1.14,50.22
78.799332,-0.0054,0.0566,1.0010,0.00,0.00,-0.06,1.87,1.14,50.22
78.829676,-0.0054,0.0566,1.0020,0.00,0.00,-0.06,1.87,1.14,50.22
78.829676,-0.0054,0.0576,1.0020,0.00,0.00,-0.06,1.87,1.14,50.22
78.859281,-0.0054,0.0576,1.0010,0.00,0.00,-0.06,1.87,1.14,50.21
78.859281,-0.0054,0.0571,1.0005,0.00,0.00,-0.06,1.87,1.14,50.21
78.919454,-0.0054,0.0566,1.0010,0.00,0.00,-0.06,1.87,1.14,50.21
78.919454,-0.0059,0.0571,1.0015,0.00,0.00,-0.06,1.87,1.14,50.21
78.991272,-0.0049,0.0571,1.0020,0.06,0.00,-0.06,1.87,1.14,50.21
78.991272,-0.0054,0.0576,1.0010,0.00,0.00,-0.06,1.87,1.14,50.20
78.991333,-0.0049,0.0576,1.0015,0.00,0.00,-0.06,1.87,1.14,50.20
78.991333,-0.0054,0.0581,1.0020,0.00,0.00,-0.06,1.87,1.14,50.20
79.039357,-0.0054,0.0566,1.0024,0.00,0.00,-0.06,1.87,1.14,50.20
79.039357,-0.0049,0.0566,1.0015,0.00,0.00,-0.06,1.87,1.14,50.20
79.070987,-0.0063,0.0571,1.0020,0.00,0.00,0.00,1.87,1.14,50.19
79.070987,-0.0059,0.0576,1.0024,0.00,0.00,-0.12,1.87,1.14,50.19
79.099354,-0.0059,0.0581,1.0024,0.00,0.00,-0.06,1.87,1.14,50.19
79.099354,-0.0054,0.0581,1.0020,0.00,0.00,-0.06,1.87,1.14,50.19
79.159548,-0.0059,0.0571,1.0020,0.00,0.00,-0.06,1.87,1.14,50.19
79.159548,-0.0059,0.0566,1.0020,0.00,0.00,-0.06,1.87,1.14,50.19
79.190739,-0.0054,0.0576,1.0000,0.00,0.00,-0.06,1.87,1.14,50.18
79.190739,-0.0054,0.0576,1.0015,0.00,0.00,-0.12,1.87,1.14,50.18
79.222149,-0.0059,0.0571,1.0020,0.00,0.00,-0.06,1.87,1.14,50.18
79.222149,-0.0049,0.0571,1.0020,0.00,0.00,-0.06,1.87,1.14,50.17
79.280331,-0.0063,0.0576,1.0015,0.00,0.00,-0.06,1.87,1.14,50.17
79.280331,-0.0059,0.0576,1.0010,0.00,0.00,-0.06,1.87,1.14,50.17
79.310286,-0.0063,0.0571,1.0015,0.00,0.00,-0.06,1.87,1.14,50.17
79.310286,-0.0054,0.0566,1.0020,0.00,0.00,0.00,1.87,1.14,50.17
79.339611,-0.0049,0.0576,1.0020,0.00,0.00,-0.06,1.87,1.14,50.16
79.339611,-0.0054,0.0566,1.0015,0.00,0.00,-0.06,1.87,1.14,50.16
79.400229,-0.0059,0.0571,1.0024,0.00,0.00,-0.06,1.87,1.14,50.16
79.400229,-0.0054,0.0566,1.0020,0.00,0.00,-0.06,1.87,1.14,50.16
79.429756,-0.0059,0.0571,1.0024,0.00,0.00,-0.06,1.87,1.14,50.16
79.429756,-0.0049,0.0581,1.0020,0.00,0.00,-0.06,1.87,1.14,50.16
79.460289,-0.0049,0.0571,1.0029,0.00,0.00,0.00,1.87,1.14,50.15
79.460289,-0.0049,0.0581,1.0029,0.00,0.00,0.00,1.87,1.14,50.15
79.520316,-0.0063,0.0581,1.0015,0.00,0.00,-0.06,1.87,1.14,50.15
79.520316,-0.0054,0.0576,1.0020,0.00,0.00,-0.06,1.87,1.14,50.15
79.550530,-0.0049,0.0571,1.0020,0.00,0.00,0.00,1.87,1.14,50.15
79.550530,-0.0054,0.0576,1.0024,0.00,0.00,-0.06,1.87,1.14,50.14
79.579605,-0.0049,0.0581,1.0020,0.00,0.00,-0.06,1.87,1.14,50.14
79.579605,-0.0063,0.0576,1.0020,0.00,0.00,-0.06,1.87,1.14,50.14
79.640126,-0.0054,0.0571,1.0020,0.00,0.00,-0.06,1.87,1.14,50.14
79.640126,-0.0054,0.0576,1.0024,0.00,0.00,-0.18,1.87,1.14,50.14
79.670409,-0.0059,0.0571,1.0015,0.00,0.00,-0.06,1.87,1.14,50.14
79.670409,-0.0054,0.0571,1.0010,0.00,0.00,-0.06,1.87,1.14,50.13
79.699469,-0.0059,0.0576,1.0015,0.00,0.00,-0.06,1.87,1.14,50.13
79.699469,-0.0054,0.0566,1.0020,0.00,0.00,0.00,1.87,1.14,50.13
79.760076,-0.0054,0.0571,1.0020,0.00,0.00,-0.06,1.87,1.14,50.13
79.760076,-0.0054,0.0576,1.0015,0.00,0.00,0.00,1.87,1.14,50.13
79.810118,-0.0059,0.0566,1.0020,0.00,0.00,0.00,1.87,1.14,50.13
79.810118,-0.0054,0.0576,1.0029,0.00,0.00,-0.06,1.87,1.14,50.12
79.820476,-0.0054,0.0576,1.0020,0.00,0.00,0.00,1.87,1.14,50.12
79.820476,-0.0054,0.0571,1.0015,0.00,0.00,-0.06,1.87,1.14,50.12
79.880511,-0.0049,0.0576,1.0020,0.00,0.00,0.00,1.87,1.14,50.11
79.880511,-0.0059,0.0571,1.0024,0.00,0.00,-0.06,1.87,1.14,50.11
79.909386,-0.0054,0.0576,1.0024,-0.06,0.00,-0.06,1.87,1.14,50.11
79.909386,-0.0059,0.0576,1.0029,0.00,0.00,-0.06,1.87,1.14,50.11
79.940368,-0.0059,0.0571,1.0024,0.00,0.00,0.00,1.87,1.14,50.11
79.940368,-0.0059,0.0562,1.0015,0.00,0.00,-0.12,1.87,1.14,50.10
80.000526,-0.0049,0.0566,1.0015,0.00,0.00,-0.12,1.87,1.14,50.10
80.000526,-0.0049,0.0576,1.0015,-0.06,0.00,-0.06,1.87,1.14,50.10
80.029413,-0.0054,0.0576,1.0024,0.00,0.00,0.00,1.87,1.14,50.10
80.029413,-0.0054,0.0566,1.0024,0.00,0.00,-0.06,1.87,1.14,50.10
80.090263,-0.0054,0.0576,1.0024,0.00,0.00,-0.06,1.87,1.14,50.10
80.090263,-0.0054,0.0581,1.0024,0.00,0.00,-0.06,1.87,1.14,50.09
80.120483,-0.0054,0.0576,1.0015,0.00,0.00,-0.12,1.87,1.14,50.09
80.120483,-0.0054,0.0571,1.0024,0.00,0.00,-0.06,1.87,1.14,50.09
80.149503,-0.0054,0.0581,1.0015,0.00,0.00,-0.06,1.87,1.14,50.09
80.149503,-0.0049,0.0571,1.0010,0.00,0.00,0.00,1.87,1.14,50.09
80.212546,-0.0054,0.0576,1.0010,0.00,0.00,-0.06,1.87,1.14,50.09
80.212546,-0.0049,0.0576,1.0015,0.00,0.00,-0.06,1.87,1.14,50.08
80.242597,-0.0054,0.0581,1.0020,0.00,0.00,-0.06,1.87,1.14,50.08
80.242597,-0.0063,0.0571,1.0010,0.00,0.00,-0.06,1.87,1.14,50.08
80.272371,-0.0059,0.0571,1.0024,0.00,0.00,-0.12,1.87,1.14,50.08
80.272371,-0.0059,0.0576,1.0024,0.00,0.00,0.00,1.87,1.14,50.08
80.330195,-0.0054,0.0571,1.0024,0.00,0.00,0.00,1.87,1.14,50.08
80.330195,-0.0059,0.0581,1.0020,0.00,0.00,-0.12,1.87,1.14,50.07
80.360583,-0.0049,0.0576,1.0020,0.00,0.00,0.00,1.87,1.14,50.07
80.360583,-0.0054,0.0566,1.0020,0.00,0.00,-0.06,1.87,1.14,50.07
80.389619,-0.0054,0.0566,1.0024,0.00,0.00,-0.06,1.87,1.14,50.06
80.389619,-0.0059,0.0576,1.0020,0.00,0.00,-0.06,1.87,1.14,50.06
80.450256,-0.0049,0.0566,1.0015,0.00,-0.06,-0.06,1.87,1.14,50.06
80.450256,-0.0054,0.0566,1.0015,0.00,0.00,-0.06,1.87,1.14,50.06
80.480741,-0.0049,0.0571,1.0024,0.00,0.00,-0.06,1.87,1.14,50.06
80.480741,-0.0054,0.0576,1.0029,0.00,0.00,-0.06,1.87,1.14,50.06
80.509582,-0.0049,0.0576,1.0020,0.00,0.00,-0.06,1.87,1.14,50.05
80.509582,-0.0044,0.0576,1.0020,0.00,0.06,0.00,1.87,1.14,50.05
80.601453,-0.0059,0.0576,1.0020,0.00,0.00,0.00,1.87,1.14,50.05
80.601453,-0.0054,0.0571,1.0020,0.00,0.00,-0.06,1.87,1.14,50.05
80.602472,-0.0054,0.0571,1.0015,0.00,0.00,-0.06,1.87,1.14,50.05
80.602472,-0.0059,0.0566,1.0024,0.00,0.00,0.00,1.87,1.14,50.05
80.632381,-0.0063,0.0571,1.0029,0.00,0.00,-0.06,1.87,1.14,50.04
80.632381,-0.0054,0.0566,1.0024,0.00,0.00,-0.06,1.87,1.14,50.04
80.690214,-0.0054,0.0566,1.0010,0.00,0.00,0.00,1.87,1.14,50.04
80.690214,-0.0054,0.0571,1.0024,0.00,0.00,-0.06,1.87,1.14,50.04
80.720801,-0.0059,0.0571,1.0024,0.00,0.00,-0.06,1.87,1.14,50.04
80.720801,-0.0054,0.0566,1.0015,0.00,0.00,0.00,1.87,1.14,50.04
80.749885,-0.0054,0.0571,1.0029,0.00,0.00,-0.06,1.87,1.14,50.03
80.749885,-0.0059,0.0571,1.0015,0.00,0.00,-0.06,1.87,1.14,50.03
80.810295,-0.0054,0.0571,1.0020,0.00,0.00,-0.12,1.87,1.14,50.03
80.810295,-0.0059,0.0576,1.0015,0.00,0.00,-0.06,1.87,1.14,50.03
80.859067,-0.0049,0.0571,1.0024,0.00,0.00,-0.06,1.87,1.14,50.03
80.859067,-0.0059,0.0571,1.0015,0.00,0.00,-0.06,1.87,1.14,50.03
80.869381,-0.0059,0.0576,1.0024,0.00,0.00,-0.12,1.87,1.14,50.02
80.869381,-0.0054,0.0571,1.0010,0.00,0.00,-0.06,1.87,1.14,50.02
80.930249,-0.0054,0.0571,1.0020,0.00,0.00,-0.06,1.87,1.14,50.02
80.930249,-0.0054,0.0576,1.0015,0.00,0.00,-0.12,1.87,1.14,50.02
80.960767,-0.0054,0.0576,1.0010,0.00,0.00,-0.06,1.87,1.14,50.02
80.960767,-0.0054,0.0566,1.0015,0.00,0.00,-0.06,1.87,1.14,50.02
80.992128,-0.0059,0.0566,1.0015,0.00,0.00,-0.12,1.87,1.14,50.02
80.992128,-0.0059,0.0566,1.0015,0.00,0.00,-0.06,1.87,1.14,50.01
81.050641,-0.0054,0.0576,1.0005,0.00,0.00,-0.06,1.87,1.14,50.01
81.050641,-0.0063,0.0571,1.0010,0.00,0.00,-0.06,1.87,1.14,50.01
81.080401,-0.0054,0.0571,1.0020,0.00,0.00,-0.06,1.87,1.14,50.00
81.080401,-0.0059,0.0576,1.0015,0.00,0.00,0.00,1.87,1.14,50.00
81.109293,-0.0063,0.0576,1.0020,0.06,0.00,-0.06,1.87,1.14,50.00
81.109293,-0.0054,0.0566,1.0024,0.00,0.00,-0.12,1.87,1.14,50.00
81.170271,-0.0063,0.0581,1.0024,0.00,0.00,-0.12,1.87,1.14,50.00
81.170271,-0.0049,0.0581,1.0010,0.00,0.00,-0.12,1.87,1.14,50.00
81.200743,-0.0054,0.0566,1.0020,0.00,0.06,-0.06,1.87,1.14,49.99
81.200743,-0.0059,0.0571,1.0020,0.00,0.00,-0.12,1.87,1.14,49.99
81.229924,-0.0059,0.0571,1.0015,0.00,0.00,-0.06,1.87,1.14,49.99
81.229924,-0.0063,0.0566,1.0024,0.00,0.00,0.00,1.87,1.14,49.99
81.290171,-0.0054,0.0581,1.0015,0.00,0.00,-0.06,1.87,1.14,49.99
81.290171,-0.0054,0.0576,1.0024,0.00,0.00,-0.06,1.87,1.14,49.99
81.319622,-0.0059,0.0576,1.0020,0.00,0.00,0.00,1.87,1.14,49.98
81.319622,-0.0044,0.0576,1.0010,0.00,0.00,0.00,1.87,1.14,49.98
81.350186,-0.0054,0.0576,1.0015,-0.06,0.00,-0.06,1.87,1.14,49.98
81.350186,-0.0063,0.0576,1.0015,0.00,0.00,-0.06,1.87,1.14,49.98
81.410334,-0.0059,0.0566,1.0020,0.00,0.00,-0.12,1.87,1.14,49.98
81.410334,-0.0059,0.0576,1.0020,0.00,0.00,-0.12,1.87,1.14,49.98
81.440545,-0.0059,0.0571,1.0010,0.00,0.00,-0.06,1.87,1.14,49.98
81.440545,-0.0054,0.0566,1.0015,0.00,0.00,-0.06,1.87,1.14,49.97
81.500461,-0.0054,0.0571,1.0015,0.00,0.00,-0.06,1.87,1.14,49.97
81.500461,-0.0049,0.0566,1.0015,0.00,0.00,0.00,1.87,1.14,49.97
81.529555,-0.0063,0.0571,1.0015,0.00,0.00,-0.06,1.87,1.14,49.97
81.529555,-0.0049,0.0571,1.0015,0.00,0.00,-0.06,1.87,1.14,49.97
81.560465,-0.0059,0.0576,1.0029,0.00,0.00,0.00,1.87,1.14,49.97
81.560465,-0.0059,0.0571,1.0015,0.00,0.00,0.00,1.87,1.14,49.96
81.620691,-0.0044,0.0576,1.0015,0.00,0.00,-0.06,1.87,1.14,49.96
81.620691,-0.0054,0.0562,1.0029,0.00,0.00,-0.12,1.87,1.14,49.96
81.649390,-0.0054,0.0571,1.0020,0.00,0.00,-0.06,1.87,1.14,49.96
81.649390,-0.0054,0.0566,1.0029,0.00,0.00,-0.06,1.87,1.14,49.95
81.680503,-0.0054,0.0571,1.0020,0.00,0.00,-0.06,1.87,1.14,49.95
81.680503,-0.0054,0.0571,1.0020,0.00,0.00,-0.06,1.87,1.14,49.95
81.740939,-0.0059,0.0566,1.0010,0.00,0.00,-0.12,1.87,1.14,49.95
81.740939,-0.0054,0.0576,1.0015,0.00,0.00,-0.06,1.87,1.14,49.95
81.769774,-0.0059,0.0576,1.0010,0.00,0.00,-0.06,1.87,1.14,49.95
81.769774,-0.0054,0.0566,1.0020,0.00,0.00,-0.06,1.87,1.14,49.94
81.800873,-0.0063,0.0566,1.0020,0.00,0.00,-0.06,1.87,1.14,49.94
81.800873,-0.0054,0.0576,1.0024,0.00,0.00,-0.06,1.87,1.14,49.94
81.859828,-0.0054,0.0571,1.0010,0.00,0.00,-0.06,1.87,1.14,49.94
81.859828,-0.0049,0.0566,1.0015,0.06,0.00,-0.12,1.87,1.14,49.94
81.908415,-0.0059,0.0571,1.0010,0.00,0.00,0.00,1.87,1.14,49.94
81.908415,-0.0054,0.0581,1.0015,0.00,0.00,-0.06,1.87,1.14,49.94
81.919973,-0.0054,0.0571,1.0020,0.00,0.00,-0.06,1.87,1.14,49.93
81.919973,-0.0054,0.0586,1.0020,-0.06,0.00,-0.12,1.87,1.14,49.93
81.980750,-0.0054,0.0571,1.0029,0.00,0.00,0.00,1.87,1.14,49.93
81.980750,-0.0059,0.0576,1.0010,0.00,0.00,-0.06,1.87,1.14,49.93
82.009783,-0.0059,0.0571,1.0015,0.00,0.00,-0.06,1.87,1.14,49.93
82.009783,-0.0054,0.0566,1.0020,0.00,0.00,0.00,1.87,1.14,49.93
82.040468,-0.0054,0.0566,1.0020,0.00,0.06,-0.06,1.87,1.14,49.93
82.040468,-0.0054,0.0576,1.0015,0.00,0.00,-0.06,1.87,1.14,49.92
82.100457,-0.0059,0.0571,1.0015,0.00,0.00,-0.06,1.87,1.14,49.92
82.100457,-0.0054,0.0571,1.0015,0.00,0.00,-0.06,1.87,1.14,49.92
82.129440,-0.0054,0.0576,1.0010,0.00,0.00,0.00,1.87,1.14,49.92
82.129440,-0.0054,0.0576,1.0020,0.00,0.00,-0.06,1.87,1.14,49.92
82.163142,-0.0054,0.0571,1.0015,0.00,0.00,-0.06,1.87,1.14,49.92
82.163142,-0.0059,0.0571,1.0029,0.06,0.00,0.00,1.87,1.14,49.92
82.222902,-0.0054,0.0581,1.0020,0.00,0.00,-0.06,1.87,1.14,49.91
82.222902,-0.0054,0.0576,1.0024,0.00,0.00,0.00,1.87,1.14,49.91
82.252070,-0.0054,0.0562,1.0015,0.06,0.00,-0.06,1.87,1.14,49.91
82.252070,-0.0059,0.0571,1.0024,0.00,0.00,-0.06,1.87,1.14,49.91
82.282915,-0.0063,0.0581,1.0020,0.00,0.00,0.00,1.87,1.14,49.91
82.282915,-0.0049,0.0576,1.0010,0.00,0.00,-0.06,1.87,1.14,49.91
82.340567,-0.0054,0.0576,1.0015,0.00,0.00,-0.06,1.87,1.14,49.90
82.340567,-0.0063,0.0571,1.0015,0.00,0.00,-0.06,1.87,1.14,49.90
82.372538,-0.0054,0.0576,1.0015,0.00,0.00,-0.06,1.87,1.14,49.90
82.372538,-0.0068,0.0566,1.0010,0.00,0.00,-0.06,1.87,1.14,49.90
82.402435,-0.0059,0.0562,1.0020,0.00,0.00,0.00,1.87,1.14,49.89
82.402435,-0.0059,0.0571,1.0020,0.00,0.00,-0.06,1.87,1.14,49.89
82.460502,-0.0059,0.0571,1.0020,0.06,0.00,-0.06,1.87,1.14,49.89
82.460502,-0.0063,0.0571,1.0020,0.06,0.00,-0.12,1.87,1.14,49.89
82.489476,-0.0059,0.0571,1.0015,0.06,0.00,-0.06,1.87,1.14,49.89
82.489476,-0.0063,0.0571,1.0024,0.06,0.00,-0.12,1.87,1.14,49.89
82.520619,-0.0059,0.0581,1.0029,0.00,0.06,-0.12,1.87,1.14,49.89
82.520619,-0.0054,0.0566,1.0015,0.00,0.00,-0.12,1.87,1.14,49.88
82.581664,-0.0049,0.0576,1.0015,0.00,0.00,-0.06,1.87,1.14,49.88
82.581664,-0.0054,0.0576,1.0020,0.00,0.00,-0.06,1.87,1.14,49.88
82.609984,-0.0049,0.0581,1.0010,0.00,0.00,-0.06,1.87,1.14,49.88
82.609984,-0.0059,0.0581,1.0020,0.00,0.00,-0.06,1.87,1.14,49.88
82.640612,-0.0049,0.0581,1.0020,0.00,0.00,-0.06,1.87,1.14,49.88
82.640612,-0.0054,0.0581,1.0015,0.06,0.00,-0.06,1.87,1.14,49.88
82.700503,-0.0054,0.0586,1.0010,0.00,0.00,-0.12,1.87,1.14,49.87
82.700503,-0.0049,0.0581,1.0020,0.00,0.00,-0.06,1.87,1.14,49.87
82.730196,-0.0054,0.0571,1.0020,0.00,0.00,0.00,1.87,1.14,49.87
82.730196,-0.0059,0.0576,1.0015,0.00,0.06,-0.06,1.87,1.14,49.87
82.760921,-0.0054,0.0581,1.0024,0.00,0.00,-0.12,1.87,1.14,49.87
82.760921,-0.0054,0.0581,1.0024,0.00,0.00,-0.06,1.87,1.14,49.87
82.820536,-0.0054,0.0571,1.0024,0.00,0.00,-0.06,1.87,1.14,49.87
82.820536,-0.0059,0.0576,1.0015,0.00,0.00,-0.06,1.87,1.14,49.86
82.849399,-0.0059,0.0571,1.0029,0.00,0.00,-0.06,1.87,1.14,49.86
82.849399,-0.0054,0.0571,1.0015,0.00,0.00,-0.06,1.87,1.14,49.86
82.927166,-0.0049,0.0576,1.0010,0.00,0.00,0.00,1.87,1.14,49.86
82.927166,-0.0054,0.0576,1.0010,0.00,0.00,-0.06,1.87,1.14,49.86
82.978196,-0.0059,0.0581,1.0010,0.00,0.00,-0.06,1.87,1.14,49.86
82.978196,-0.0063,0.0581,1.0020,0.00,0.00,-0.12,1.87,1.14,49.86
82.978222,-0.0054,0.0576,1.0005,0.00,0.00,-0.06,1.87,1.14,49.86
82.978222,-0.0059,0.0576,1.0015,0.00,0.00,0.00,1.87,1.14,49.85
83.032498,-0.0054,0.0571,1.0010,0.00,0.00,-0.06,1.87,1.14,49.85
83.032498,-0.0054,0.0581,1.0020,0.00,0.00,-0.12,1.87,1.14,49.85
83.062018,-0.0063,0.0576,1.0015,0.00,0.00,-0.06,1.87,1.14,49.84
83.062018,-0.0059,0.0581,1.0010,0.00,0.00,-0.06,1.87,1.14,49.84
83.090664,-0.0059,0.0581,1.0010,0.00,0.00,-0.06,1.87,1.14,49.84
83.090664,-0.0059,0.0571,1.0010,0.00,0.00,-0.06,1.87,1.14,49.84
83.150617,-0.0054,0.0576,1.0020,0.00,0.00,-0.06,1.87,1.14,49.84
83.150617,-0.0059,0.0566,1.0005,0.00,0.00,0.00,1.87,1.14,49.84
83.179398,-0.0054,0.0571,1.0015,-0.06,0.00,-0.06,1.87,1.14,49.84
83.179398,-0.0054,0.0571,1.0015,0.00,0.00,-0.06,1.87,1.14,49.84
83.211383,-0.0059,0.0566,1.0015,0.00,0.00,-0.12,1.87,1.14,49.83
83.211383,-0.0054,0.0576,1.0005,0.00,0.00,-0.06,1.87,1.14,49.83
83.270545,-0.0054,0.0581,1.0010,0.00,0.00,0.00,1.87,1.14,49.83
83.270545,-0.0059,0.0576,1.0010,0.00,0.00,-0.12,1.87,1.14,49.83
83.299340,-0.0059,0.0576,1.0015,0.00,-0.06,-0.06,1.87,1.14,49.83
83.299340,-0.0054,0.0562,1.0010,0.00,0.00,-0.06,1.87,1.14,49.83
83.360195,-0.0059,0.0581,1.0015,0.00,0.00,-0.06,1.87,1.14,49.83
83.360195,-0.0059,0.0576,1.0024,0.00,0.00,-0.12,1.87,1.14,49.82
83.390061,-0.0059,0.0576,1.0020,0.00,0.00,-0.06,1.87,1.14,49.82
83.390061,-0.0059,0.0576,1.0020,0.00,0.00,0.00,1.87,1.14,49.82
83.422148,-0.0059,0.0576,1.0029,0.00,0.00,-0.06,1.87,1.14,49.82
83.422148,-0.0049,0.0571,1.0020,0.00,0.00,-0.12,1.87,1.14,49.82
83.450753,-0.0063,0.0576,1.0020,0.00,0.00,-0.06,1.87,1.14,49.82
83.450753,-0.0044,0.0576,1.0020,0.06,0.00,-0.06,1.87,1.14,49.82
83.510458,-0.0059,0.0581,1.0029,0.00,0.00,-0.12,1.87,1.14,49.82
83.510458,-0.0059,0.0581,1.0029,0.00,0.00,-0.06,1.87,1.14,49.81
83.539363,-0.0059,0.0571,1.0015,0.00,0.00,-0.12,1.87,1.14,49.81
83.539363,-0.0059,0.0581,1.0020,0.00,0.00,-0.06,1.87,1.14,49.81
83.570394,-0.0054,0.0562,1.0015,0.00,0.00,-0.06,1.87,1.14,49.81
83.570394,-0.0063,0.0566,1.0024,0.06,0.00,-0.12,1.87,1.14,49.81
83.660401,-0.0054,0.0566,1.0020,0.06,0.06,-0.12,1.87,1.14,49.81
83.660401,-0.0049,0.0576,1.0015,0.12,0.00,-0.06,1.87,1.14,49.81
83.662586,-0.0063,0.0576,1.0024,0.06,0.00,-0.12,1.87,1.14,49.80
83.662586,-0.0054,0.0591,1.0024,0.06,0.00,-0.06,1.87,1.14,49.80
83.692408,-0.0122,0.0527,0.9863,-0.18,0.55,-0.24,1.87,1.14,49.80
83.692408,-0.0073,0.0615,0.9990,-0.49,-0.24,0.00,1.87,1.14,49.80
83.750570,-0.0093,0.0557,0.9980,0.31,0.12,0.00,1.87,1.14,49.80
83.750570,-0.0073,0.0557,0.9966,-0.37,0.18,-0.06,1.87,1.14,49.80
83.779297,-0.0024,0.0581,1.0015,0.18,0.06,-0.12,1.87,1.14,49.80
83.779297,-0.0078,0.0562,1.0020,0.12,0.00,-0.06,1.87,1.14,49.80
83.810538,-0.0054,0.0586,1.0000,-0.12,0.00,0.00,1.87,1.14,49.79
83.810538,-0.0063,0.0557,1.0010,0.00,0.00,-0.12,1.87,1.14,49.79
83.872462,-0.0068,0.0571,0.9980,0.06,0.06,-0.12,1.87,1.14,49.79
83.872462,-0.0063,0.0596,1.0034,0.18,0.00,0.00,1.87,1.14,49.79
83.902202,-0.0049,0.0581,1.0024,-0.06,0.00,0.00,1.87,1.14,49.78
83.902202,-0.0049,0.0566,0.9995,-0.43,0.00,-0.06,1.87,1.14,49.78
83.932849,-0.0024,0.0562,1.0015,0.00,-0.06,-0.12,1.87,1.14,49.78
83.932849,0.0000,0.1050,1.2510,8.91,-2.99,1.34,1.91,1.16,49.80
83.990185,0.0161,0.0244,1.0591,-2.38,2.50,1.10,1.87,1.14,49.83
83.990185,0.0103,0.0806,1.0278,-0.61,-1.65,-0.61,1.88,1.13,49.82
84.019377,-0.0005,0.0200,0.9731,0.00,1.34,-0.24,1.85,1.15,49.82
84.019377,-0.0107,0.0684,0.9385,-2.93,-2.62,-0.31,1.88,1.13,49.82
84.050404,-0.0234,0.0576,0.9888,0.67,0.31,0.00,1.88,1.15,49.81
84.050404,-0.0107,0.0586,1.0142,-1.77,-0.37,0.06,1.87,1.15,49.82
84.110727,-0.0132,0.0645,0.9971,1.71,1.28,0.12,1.87,1.14,49.81
84.110727,0.0000,0.0527,0.9941,0.37,0.31,-0.31,1.88,1.14,49.81
84.139566,0.0000,0.0605,1.0010,-0.67,-0.31,-0.18,1.88,1.14,49.82
84.139566,-0.0093,0.0562,1.0024,-0.24,-0.37,-0.12,1.87,1.14,49.82
84.171020,-0.0093,0.0557,1.0034,-0.06,0.00,-0.12,1.87,1.14,49.82
84.171020,-0.0073,0.0596,1.0010,0.31,0.00,0.00,1.87,1.14,49.81
84.232614,-0.0063,0.0571,1.0020,-0.06,0.12,-0.12,1.87,1.14,49.81
84.232614,-0.0054,0.0566,1.0010,-0.12,0.12,0.00,1.87,1.14,49.81
84.262648,-0.0078,0.0571,1.0020,0.43,-0.06,-0.06,1.87,1.14,49.82
84.262648,-0.0063,0.0586,1.0024,0.12,0.00,0.00,1.88,1.14,49.82
84.320274,-0.0059,0.0586,1.0005,-0.24,0.00,-0.06,1.88,1.14,49.82
84.320274,-0.0063,0.0571,1.0015,-0.12,0.00,-0.06,1.87,1.14,49.82
84.350732,-0.0054,0.0566,1.0015,0.12,0.00,-0.06,1.87,1.14,49.82
84.350732,-0.0044,0.0586,1.0015,0.12,0.00,-0.12,1.88,1.14,49.82
84.379549,-0.0063,0.0576,1.0020,-0.06,0.00,-0.06,1.88,1.14,49.82
84.379549,-0.0063,0.0571,1.0020,0.00,0.00,-0.06,1.87,1.14,49.82
84.440304,-0.0059,0.0566,1.0010,0.18,0.00,0.00,1.88,1.14,49.82
84.440304,-0.0059,0.0576,1.0015,0.06,0.00,-0.12,1.88,1.14,49.82
84.470562,-0.0054,0.0581,1.0015,-0.18,0.00,-0.06,1.88,1.14,49.82
84.470562,-0.0059,0.0581,1.0015,-0.12,0.00,-0.12,1.87,1.14,49.82
84.499431,-0.0059,0.0581,1.0015,0.06,0.00,-0.06,1.88,1.14,49.82
84.499431,-0.0049,0.0581,1.0000,0.00,0.00,-0.06,1.88,1.14,49.82
84.560421,-0.0054,0.0581,1.0005,-0.06,0.00,-0.06,1.88,1.14,49.82
84.560421,-0.0059,0.0586,1.0015,0.06,0.00,-0.18,1.88,1.14,49.81
84.590555,-0.0049,0.0586,1.0015,0.06,0.00,0.00,1.88,1.14,49.81
84.590555,-0.0063,0.0586,1.0015,-0.06,0.00,-0.06,1.88,1.14,49.81
84.619571,-0.0054,0.0571,1.0024,0.00,0.00,-0.06,1.87,1.14,49.81
84.619571,-0.0059,0.0571,1.0020,0.00,0.00,-0.06,1.87,1.14,49.81
84.680309,-0.0063,0.0586,1.0020,0.00,0.00,0.00,1.88,1.14,49.81
84.680309,-0.0063,0.0576,1.0015,0.00,0.00,-0.12,1.88,1.14,49.82
84.711155,-0.0073,0.0571,1.0020,0.00,0.00,-0.06,1.87,1.14,49.81
84.711155,-0.0068,0.0581,1.0024,0.06,0.00,-0.06,1.88,1.14,49.81
84.739976,-0.0059,0.0576,1.0020,0.00,0.00,-0.12,1.88,1.14,49.81
84.739976,-0.0059,0.0581,1.0020,-0.06,0.00,-0.06,1.87,1.14,49.81
84.800314,-0.0063,0.0576,1.0015,0.00,0.00,-0.12,1.87,1.14,49.81
84.800314,-0.0059,0.0576,1.0020,0.06,0.00,-0.06,1.87,1.14,49.81
84.830828,-0.0068,0.0581,1.0015,0.00,0.00,-0.06,1.88,1.14,49.81
84.830828,-0.0063,0.0576,1.0015,0.00,0.00,-0.06,1.88,1.14,49.81
84.859554,-0.0063,0.0576,1.0005,0.00,0.00,-0.12,1.88,1.14,49.81
84.859554,-0.0059,0.0581,1.0005,0.00,0.00,-0.06,1.88,1.14,49.81
84.950477,-0.0063,0.0576,1.0015,0.00,0.00,-0.06,1.88,1.14,49.81
84.950477,-0.0063,0.0581,1.0020,0.00,0.00,-0.06,1.88,1.14,49.81
85.002543,-0.0059,0.0571,1.0020,0.06,0.00,-0.06,1.88,1.14,49.81
85.002543,-0.0059,0.0581,1.0015,0.00,0.00,-0.06,1.88,1.14,49.81
85.002569,-0.0063,0.0601,1.0020,0.24,0.00,-0.12,1.88,1.14,49.81
85.002569,-0.0063,0.0522,1.0029,-0.06,0.06,-0.06,1.88,1.14,49.81
85.040177,-0.0039,0.0601,1.0005,-0.31,0.00,-0.06,1.88,1.14,49.81
85.040177,-0.0054,0.0571,1.0024,0.24,-0.06,-0.06,1.88,1.14,49.81
85.070604,-0.0059,0.0571,1.0034,-0.12,0.00,-0.06,1.88,1.14,49.81
85.070604,-0.0059,0.0601,1.0024,-0.06,0.00,-0.06,1.88,1.14,49.81
85.099518,-0.0059,0.0571,1.0020,0.12,0.00,-0.12,1.88,1.14,49.81
85.099518,-0.0059,0.0576,1.0010,0.00,0.00,0.00,1.87,1.14,49.80
85.160276,-0.0054,0.0586,1.0010,0.06,0.00,-0.06,1.87,1.14,49.80
85.160276,-0.0049,0.0576,1.0020,0.00,0.00,-0.06,1.87,1.14,49.79
85.190602,-0.0063,0.0571,1.0015,-0.06,0.00,0.00,1.88,1.14,49.78
85.190602,-0.0068,0.0581,1.0010,0.00,0.00,-0.06,1.88,1.14,49.78
85.219624,-0.0063,0.0576,1.0020,0.00,0.00,-0.06,1.88,1.14,49.77
85.219624,-0.0063,0.0576,1.0010,0.00,0.06,-0.06,1.88,1.14,49.77
85.280341,-0.0068,0.0566,1.0010,0.06,0.00,-0.06,1.88,1.14,49.76
85.280341,-0.0068,0.0581,1.0020,0.00,0.00,-0.06,1.88,1.14,49.76
85.312631,-0.0073,0.0581,1.0015,0.00,0.00,-0.06,1.88,1.14,49.75
85.312631,-0.0068,0.0571,1.0024,-0.06,0.00,-0.06,1.88,1.14,49.75
85.342218,-0.0059,0.0571,1.0024,-0.06,0.00,0.00,1.88,1.15,49.74
85.342218,-0.0054,0.0576,1.0024,0.06,0.00,-0.06,1.88,1.15,49.74
85.400272,-0.0063,0.0576,1.0015,0.06,0.00,-0.12,1.88,1.15,49.73
85.400272,-0.0068,0.0576,1.0020,0.00,0.00,0.00,1.88,1.15,49.72
85.431031,-0.0068,0.0581,1.0010,0.00,0.00,0.00,1.88,1.15,49.72
85.431031,-0.0063,0.0581,1.0010,0.00,0.00,-0.06,1.88,1.15,49.71
85.459847,-0.0063,0.0586,1.0005,0.00,0.00,0.00,1.88,1.15,49.71
85.459847,-0.0059,0.0581,1.0024,0.00,0.00,0.00,1.88,1.15,49.71
85.520261,-0.0059,0.0586,1.0020,0.00,0.06,-0.06,1.88,1.15,49.70
85.520261,-0.0063,0.0576,1.0020,0.00,0.00,0.00,1.88,1.15,49.70
85.549986,-0.0059,0.0581,1.0010,-0.06,0.00,-0.06,1.88,1.15,49.69
85.549986,-0.0049,0.0581,1.0020,0.00,0.00,-0.06,1.89,1.15,49.69
85.580343,-0.0063,0.0576,1.0010,0.00,0.00,-0.06,1.89,1.15,49.68
85.580343,-0.0068,0.0571,1.0024,0.00,0.00,-0.12,1.89,1.15,49.67
85.640399,-0.0049,0.0571,1.0020,0.00,0.00,0.00,1.89,1.15,49.67
85.640399,-0.0054,0.0576,1.0024,0.00,0.00,-0.06,1.89,1.15,49.66
85.669636,-0.0054,0.0576,1.0024,0.00,0.00,0.00,1.89,1.15,49.66
85.669636,-0.0054,0.0581,1.0024,0.00,0.00,-0.06,1.89,1.16,49.65
85.729958,-0.0059,0.0581,1.0024,-0.06,0.00,-0.06,1.89,1.16,49.65
85.729958,-0.0059,0.0586,1.0010,0.00,0.00,-0.12,1.89,1.16,49.64
85.759489,-0.0054,0.0571,1.0020,0.00,0.06,-0.06,1.89,1.16,49.64
85.759489,-0.0073,0.0571,1.0010,0.00,0.00,-0.06,1.89,1.16,49.63
85.789853,-0.0063,0.0581,1.0015,-0.06,0.00,-0.06,1.90,1.16,49.63
85.789853,-0.0068,0.0576,1.0010,0.00,0.00,-0.06,1.90,1.16,49.63
85.850908,-0.0059,0.0581,1.0010,0.00,0.00,-0.06,1.90,1.16,49.62
85.850908,-0.0073,0.0576,1.0005,-0.06,0.00,-0.06,1.90,1.16,49.61
85.879571,-0.0063,0.0576,1.0020,0.00,0.00,-0.06,1.90,1.16,49.61
85.879571,-0.0063,0.0571,1.0024,-0.06,0.00,0.00,1.90,1.16,49.60
85.909808,-0.0059,0.0576,1.0029,0.00,0.00,-0.06,1.90,1.16,49.60
85.909808,-0.0059,0.0576,1.0029,0.00,0.00,-0.06,1.90,1.16,49.59
85.969896,-0.0068,0.0576,1.0015,0.00,0.00,-0.12,1.90,1.16,49.59
85.969896,-0.0063,0.0571,1.0010,0.00,0.00,-0.12,1.90,1.16,49.58
86.020498,-0.0063,0.0576,1.0010,0.00,0.00,0.00,1.90,1.16,49.58
86.020498,-0.0063,0.0571,1.0010,0.00,0.00,0.00,1.90,1.16,49.57
86.029695,-0.0059,0.0576,1.0005,0.00,0.00,-0.06,1.90,1.16,49.57
86.029695,-0.0044,0.0537,0.9917,0.12,0.31,-0.18,1.90,1.16,49.56
86.089769,-0.0059,0.0596,0.9990,0.18,0.00,-0.12,1.90,1.16,49.56
86.089769,-0.0088,0.0581,1.0024,0.73,0.00,-0.06,1.90,1.17,49.55
86.119481,-0.0068,0.0566,0.9980,0.00,0.24,-0.18,1.90,1.17,49.55
86.119481,-0.0059,0.0596,1.0010,0.37,0.43,-0.12,1.90,1.17,49.54
86.149810,-0.0059,0.0571,1.0015,0.49,0.24,-0.12,1.90,1.17,49.54
86.149810,-0.0059,0.0601,1.0020,0.18,0.18,-0.12,1.90,1.17,49.53
86.241175,-0.0068,0.0596,1.0020,0.12,0.24,-0.12,1.90,1.17,49.53
86.241175,-0.0073,0.0581,1.0024,0.12,0.24,-0.06,1.90,1.17,49.52
86.241345,-0.0068,0.0586,1.0010,0.31,0.31,-0.06,1.90,1.17,49.52
86.241345,-0.0073,0.0596,1.0024,0.37,0.18,-0.06,1.90,1.17,49.52
86.269717,-0.0073,0.0586,1.0015,0.06,0.24,-0.12,1.91,1.17,49.51
86.269717,-0.0068,0.0591,1.0024,0.06,0.24,-0.12,1.91,1.18,49.50
86.329636,-0.0068,0.0581,1.0024,0.12,0.18,-0.06,1.91,1.18,49.50
86.329636,-0.0059,0.0591,1.0015,0.06,0.18,-0.06,1.91,1.18,49.49
86.359867,-0.0078,0.0596,1.0024,0.00,0.18,-0.12,1.91,1.18,49.49
86.359867,-0.0078,0.0586,1.0010,0.06,0.24,-0.06,1.91,1.18,49.49
86.389497,-0.0073,0.0591,1.0020,0.12,0.18,-0.12,1.91,1.18,49.48
86.389497,-0.0073,0.0591,1.0005,0.06,0.12,-0.06,1.91,1.18,49.48
86.449567,-0.0083,0.0581,1.0010,0.00,0.24,0.00,1.91,1.18,49.47
86.449567,-0.0088,0.0586,1.0024,0.00,0.18,-0.12,1.91,1.18,49.47
86.479863,-0.0083,0.0591,1.0005,0.00,0.18,-0.06,1.91,1.18,49.46
86.479863,-0.0088,0.0591,1.0010,0.00,0.12,0.00,1.91,1.18,49.45
86.509498,-0.0083,0.0601,1.0029,0.06,0.06,-0.06,1.91,1.18,49.45
86.509498,-0.0083,0.0591,1.0024,0.06,0.06,-0.06,1.91,1.18,49.45
86.569503,-0.0083,0.0591,1.0024,0.00,0.06,0.00,1.91,1.19,49.44
86.569503,-0.0088,0.0581,1.0029,0.00,0.00,-0.06,1.92,1.19,49.44
86.600157,-0.0098,0.0596,1.0024,0.00,0.00,-0.06,1.92,1.19,49.43
86.600157,-0.0088,0.0591,1.0029,0.00,0.00,0.00,1.92,1.19,49.43
86.629635,-0.0088,0.0596,1.0015,0.00,0.00,-0.12,1.92,1.19,49.43
86.629635,-0.0078,0.0591,1.0020,-0.06,0.00,-0.06,1.92,1.19,49.42
86.689629,-0.0083,0.0586,1.0020,0.00,0.00,-0.06,1.92,1.19,49.42
86.689629,-0.0083,0.0591,1.0015,0.06,0.00,-0.12,1.92,1.19,49.41
86.719842,-0.0088,0.0591,1.0024,0.00,0.00,-0.06,1.92,1.19,49.41
86.719842,-0.0078,0.0596,1.0005,0.00,0.00,0.00,1.92,1.19,49.40
86.749552,-0.0083,0.0591,1.0010,0.00,0.00,0.00,1.92,1.20,49.40
86.749552,-0.0073,0.0591,1.0015,0.00,0.00,-0.06,1.92,1.20,49.39
86.809524,-0.0073,0.0596,1.0020,0.00,0.06,-0.06,1.92,1.20,49.39
86.809524,-0.0083,0.0596,1.0024,0.00,0.00,-0.12,1.92,1.20,49.38
86.839820,-0.0078,0.0591,1.0015,0.00,0.00,0.00,1.92,1.20,49.38
86.839820,-0.0078,0.0591,1.0020,0.00,0.00,-0.06,1.92,1.20,49.38
86.869565,-0.0083,0.0605,1.0015,0.00,0.00,-0.06,1.92,1.20,49.37
86.869565,-0.0088,0.0591,1.0010,0.00,0.06,-0.06,1.93,1.20,49.37
86.929534,-0.0083,0.0586,1.0029,0.00,0.00,0.00,1.93,1.20,49.36
86.929534,-0.0078,0.0586,1.0020,0.06,0.00,-0.12,1.93,1.20,49.36
86.959802,-0.0088,0.0581,1.0015,0.00,0.00,-0.12,1.93,1.20,49.36
86.959802,-0.0083,0.0591,1.0020,0.00,0.00,-0.06,1.93,1.20,49.35
86.990528,-0.0083,0.0586,1.0024,0.06,0.00,0.00,1.93,1.20,49.35
86.990528,-0.0083,0.0586,1.0010,0.06,0.00,-0.06,1.93,1.21,49.34
87.049417,-0.0088,0.0596,1.0015,0.00,0.00,-0.06,1.93,1.21,49.33
87.049417,-0.0078,0.0591,1.0020,0.00,0.06,-0.06,1.93,1.21,49.33
87.079691,-0.0083,0.0591,1.0020,0.00,0.00,0.00,1.93,1.21,49.33
87.079691,-0.0078,0.0596,1.0010,0.00,0.00,-0.06,1.93,1.21,49.32
87.139900,-0.0078,0.0586,1.0020,0.00,0.00,0.00,1.93,1.21,49.32
87.139900,-0.0088,0.0596,1.0024,0.00,0.00,-0.06,1.93,1.21,49.31
87.169607,-0.0083,0.0601,1.0020,0.06,0.00,-0.06,1.93,1.21,49.31
87.169607,-0.0083,0.0591,1.0020,0.06,0.00,-0.06,1.93,1.21,49.31
87.199874,-0.0083,0.0586,1.0000,0.00,0.00,-0.12,1.93,1.21,49.30
87.199874,-0.0088,0.0596,1.0024,0.00,0.00,-0.06,1.93,1.21,49.30
87.259810,-0.0088,0.0596,1.0029,0.00,0.00,-0.06,1.93,1.21,49.29
87.259810,-0.0088,0.0596,1.0020,0.00,0.00,-0.06,1.93,1.22,49.29
87.289969,-0.0078,0.0586,1.0020,0.00,0.00,0.00,1.94,1.22,49.28
87.289969,-0.0083,0.0591,1.0024,0.00,0.00,-0.06,1.94,1.22,49.28
87.321078,-0.0073,0.0596,1.0015,0.00,0.00,-0.12,1.94,1.22,49.27
87.321078,-0.0093,0.0591,1.0020,0.06,0.00,-0.12,1.94,1.22,49.27
87.379815,-0.0083,0.0596,1.0015,0.06,0.00,0.00,1.94,1.22,49.27
87.379815,-0.0078,0.0596,1.0010,0.06,0.00,-0.12,1.94,1.22,49.26
87.409519,-0.0083,0.0596,1.0015,0.00,0.00,-0.06,1.94,1.22,49.26
87.409519,-0.0078,0.0596,1.0015,0.00,0.06,0.00,1.94,1.22,49.26
87.439798,-0.0073,0.0601,1.0015,0.00,0.06,-0.06,1.94,1.22,49.25
87.439798,-0.0078,0.0596,1.0020,0.00,0.00,0.00,1.94,1.22,49.25
87.499866,-0.0083,0.0596,1.0015,0.00,0.00,0.00,1.94,1.22,49.24
87.499866,-0.0083,0.0586,1.0020,0.00,0.00,0.00,1.94,1.22,49.24
87.529609,-0.0083,0.0596,1.0015,0.00,0.06,-0.06,1.94,1.22,49.24
87.529609,-0.0083,0.0596,1.0015,0.00,0.00,0.00,1.94,1.22,49.23
87.559845,-0.0078,0.0596,1.0015,0.00,0.00,0.00,1.94,1.23,49.22
87.559845,-0.0078,0.0591,1.0020,0.00,0.06,-0.12,1.94,1.23,49.22
87.619801,-0.0088,0.0591,1.0015,0.00,0.06,-0.18,1.94,1.23,49.22
87.619801,-0.0083,0.0591,1.0015,0.00,0.00,-0.06,1.94,1.23,49.21
87.649522,-0.0083,0.0586,1.0010,0.00,0.00,0.00,1.94,1.23,49.21
87.649522,-0.0078,0.0591,1.0005,0.00,0.00,0.00,1.94,1.23,49.20
87.679853,-0.0068,0.0586,1.0020,0.00,0.00,-0.12,1.94,1.23,49.20
87.679853,-0.0073,0.0596,1.0010,0.00,0.00,0.00,1.95,1.23,49.20
87.739892,-0.0078,0.0596,1.0020,0.00,0.00,0.00,1.95,1.24,49.19
87.739892,-0.0083,0.0591,1.0010,0.00,0.00,0.00,1.95,1.24,49.19
87.769571,-0.0088,0.0596,1.0005,0.00,0.00,-0.06,1.95,1.24,49.19
87.769571,-0.0083,0.0596,1.0010,0.00,0.00,-0.06,1.95,1.24,49.18
87.799824,-0.0083,0.0591,1.0010,0.00,0.00,-0.06,1.95,1.24,49.17
87.799824,-0.0078,0.0596,1.0015,0.00,0.06,-0.06,1.95,1.24,49.17
87.860319,-0.0083,0.0596,1.0015,0.00,0.00,-0.06,1.95,1.24,49.17
87.860319,-0.0083,0.0596,1.0024,0.00,0.00,0.00,1.95,1.24,49.16
87.889547,-0.0078,0.0596,1.0029,-0.06,0.00,-0.12,1.95,1.24,49.16
87.889547,-0.0083,0.0596,1.0024,0.00,0.00,-0.06,1.95,1.24,49.16
87.920333,-0.0088,0.0591,1.0015,0.00,0.00,-0.06,1.96,1.24,49.15
87.920333,-0.0083,0.0601,1.0024,0.00,0.00,-0.12,1.96,1.24,49.15
87.979827,-0.0088,0.0591,1.0015,0.00,0.00,0.00,1.96,1.24,49.14
87.979827,-0.0078,0.0596,1.0020,0.00,0.00,0.00,1.96,1.24,49.14
88.009599,-0.0073,0.0596,1.0029,0.00,0.00,-0.12,1.96,1.24,49.14
88.009599,-0.0078,0.0591,1.0020,0.00,0.00,-0.06,1.96,1.24,49.13
88.062683,-0.0078,0.0586,1.0024,0.00,0.00,0.00,1.96,1.24,49.13
88.062683,-0.0088,0.0581,1.0015,0.00,0.00,-0.06,1.96,1.24,49.13
88.099714,-0.0083,0.0591,1.0010,0.00,0.00,0.00,1.96,1.24,49.12
88.099714,-0.0083,0.0591,1.0010,0.00,0.00,-0.06,1.96,1.25,49.11
88.129487,-0.0083,0.0586,1.0005,0.00,0.00,-0.06,1.96,1.25,49.11
88.129487,-0.0088,0.0596,1.0024,0.00,0.00,0.00,1.96,1.25,49.11
88.159846,-0.0083,0.0601,1.0020,0.00,0.00,-0.06,1.96,1.25,49.10
88.159846,-0.0083,0.0596,1.0010,0.00,0.00,-0.12,1.96,1.25,49.10
88.219818,-0.0088,0.0596,1.0000,0.00,0.00,-0.06,1.96,1.25,49.10
88.219818,-0.0088,0.0596,1.0005,0.00,0.00,-0.06,1.96,1.25,49.09
88.249589,-0.0083,0.0605,1.0010,0.00,0.00,0.00,1.96,1.25,49.09
88.249589,-0.0088,0.0591,1.0024,0.00,0.00,-0.06,1.96,1.25,49.09
88.279836,-0.0088,0.0596,1.0010,0.00,0.00,-0.06,1.96,1.25,49.08
88.279836,-0.0088,0.0591,1.0015,0.00,0.00,0.00,1.96,1.25,49.08
88.369714,-0.0083,0.0596,1.0000,0.00,0.00,-0.06,1.96,1.25,49.07
88.369714,-0.0078,0.0591,1.0010,0.00,0.00,-0.06,1.96,1.25,49.07
88.372023,-0.0083,0.0586,1.0010,0.00,0.00,-0.12,1.96,1.25,49.06
88.372023,-0.0078,0.0591,1.0005,0.00,0.00,-0.12,1.96,1.25,49.06
88.399969,-0.0088,0.0586,1.0020,0.00,0.00,-0.12,1.97,1.25,49.06
88.399969,-0.0088,0.0591,1.0005,0.00,0.06,-0.12,1.97,1.25,49.05
88.459824,-0.0078,0.0591,1.0010,0.00,0.00,-0.12,1.97,1.25,49.05
88.459824,-0.0078,0.0591,1.0005,0.00,0.00,-0.06,1.97,1.26,49.04
88.489542,-0.0083,0.0591,1.0020,0.00,0.00,-0.06,1.97,1.26,49.04
88.489542,-0.0088,0.0596,1.0020,0.00,0.00,-0.06,1.97,1.26,49.04
88.549545,-0.0078,0.0596,1.0010,0.00,0.00,-0.12,1.97,1.26,49.03
88.549545,-0.0078,0.0586,1.0020,0.00,0.00,-0.12,1.97,1.26,49.03
88.581086,-0.0078,0.0596,1.0020,0.00,0.00,-0.06,1.97,1.26,49.03
88.581086,-0.0083,0.0596,1.0020,0.00,0.00,-0.06,1.97,1.26,49.02
88.609620,-0.0078,0.0591,1.0020,0.00,0.00,-0.06,1.97,1.26,49.02
88.609620,-0.0083,0.0601,1.0020,0.00,0.00,-0.12,1.97,1.26,49.02
88.670108,-0.0083,0.0596,1.0029,0.00,0.00,0.00,1.97,1.26,49.01
88.670108,-0.0078,0.0591,1.0010,0.00,0.00,0.00,1.97,1.26,49.01
88.699907,-0.0093,0.0601,1.0020,0.00,0.06,-0.06,1.97,1.26,49.00
88.699907,-0.0078,0.0596,1.0020,0.00,0.00,-0.06,1.97,1.26,49.00
88.729549,-0.0088,0.0586,1.0015,0.00,0.00,-0.12,1.97,1.26,49.00
88.729549,-0.0088,0.0586,1.0024,0.00,0.00,0.00,1.97,1.26,48.99
88.790094,-0.0083,0.0596,1.0020,0.00,0.00,-0.06,1.97,1.26,48.99
88.790094,-0.0083,0.0596,1.0024,0.00,0.00,-0.06,1.97,1.26,48.99
88.820828,-0.0093,0.0596,1.0024,0.00,0.00,-0.06,1.97,1.26,48.98
88.820828,-0.0083,0.0601,1.0015,0.00,0.00,-0.06,1.97,1.26,48.98
88.849512,-0.0088,0.0601,1.0010,0.00,0.00,-0.06,1.97,1.26,48.97
88.849512,-0.0088,0.0596,1.0020,0.00,0.00,-0.06,1.97,1.26,48.97
88.910337,-0.0083,0.0601,1.0020,0.00,0.00,-0.06,1.97,1.26,48.97
88.910337,-0.0088,0.0586,1.0010,0.06,0.00,-0.12,1.97,1.27,48.96
88.939821,-0.0088,0.0591,1.0020,0.00,0.00,0.00,1.97,1.27,48.96
88.939821,-0.0078,0.0591,1.0015,0.00,0.00,-0.06,1.97,1.27,48.96
88.970330,-0.0093,0.0591,1.0010,0.00,0.00,0.00,1.97,1.27,48.95
88.970330,-0.0078,0.0601,1.0029,0.00,0.00,-0.12,1.97,1.27,48.95
89.030346,-0.0083,0.0596,1.0020,0.00,0.00,-0.06,1.98,1.27,48.94
89.030346,-0.0083,0.0596,1.0020,0.00,0.00,-0.06,1.98,1.27,48.94
89.080230,-0.0088,0.0601,1.0024,0.00,0.00,-0.06,1.98,1.27,48.94
89.080230,-0.0083,0.0596,1.0015,0.00,0.00,-0.06,1.98,1.27,48.93
89.089692,-0.0083,0.0601,1.0024,0.00,0.00,-0.06,1.98,1.27,48.93
89.089692,-0.0078,0.0596,1.0010,0.00,0.00,-0.06,1.98,1.27,48.93
89.150385,-0.0088,0.0586,1.0020,0.00,0.00,0.00,1.98,1.27,48.92
89.150385,-0.0083,0.0586,1.0020,0.00,0.00,-0.06,1.98,1.27,48.92
89.179855,-0.0078,0.0591,1.0015,0.00,0.00,0.00,1.98,1.27,48.92
89.179855,-0.0088,0.0601,1.0020,0.00,0.00,-0.06,1.98,1.27,48.91
89.210334,-0.0083,0.0605,1.0015,0.00,0.00,-0.06,1.98,1.27,48.91
89.210334,-0.0078,0.0596,1.0015,0.00,0.00,-0.12,1.98,1.27,48.91
89.270338,-0.0083,0.0591,1.0015,0.00,0.00,-0.12,1.98,1.27,48.90
89.270338,-0.0078,0.0591,1.0020,0.00,0.00,-0.06,1.98,1.27,48.90
89.300714,-0.0083,0.0596,1.0020,0.00,0.00,-0.06,1.98,1.27,48.89
89.300714,-0.0088,0.0605,1.0020,0.00,0.00,-0.06,1.98,1.27,48.89
89.332218,-0.0088,0.0591,1.0020,0.00,0.00,-0.06,1.98,1.27,48.89
89.332218,-0.0088,0.0596,1.0029,0.00,0.00,-0.06,1.98,1.27,48.88
89.392267,-0.0083,0.0596,1.0015,0.00,0.00,-0.06,1.98,1.27,48.88
89.392267,-0.0078,0.0596,1.0015,0.00,0.00,0.00,1.98,1.27,48.88
89.423037,-0.0093,0.0591,1.0015,0.00,0.00,-0.06,1.98,1.27,48.87
89.423037,-0.0093,0.0596,1.0015,0.00,0.00,-0.06,1.98,1.28,48.87
89.452315,-0.0088,0.0596,1.0015,0.00,0.00,-0.06,1.98,1.28,48.87
89.452315,-0.0078,0.0596,1.0029,0.06,0.00,-0.06,1.98,1.28,48.86
89.510308,-0.0078,0.0601,1.0029,0.00,0.00,-0.12,1.98,1.28,48.86
89.510308,-0.0068,0.0601,1.0000,0.00,0.00,-0.06,1.98,1.28,48.86
89.540655,-0.0078,0.0591,1.0024,0.00,0.00,0.00,1.98,1.28,48.85
89.540655,-0.0078,0.0591,1.0015,0.00,0.00,-0.06,1.98,1.28,48.85
89.570378,-0.0083,0.0596,1.0020,0.00,0.00,-0.12,1.98,1.28,48.85
89.570378,-0.0093,0.0601,1.0010,0.00,0.00,0.00,1.98,1.28,48.84
89.630329,-0.0083,0.0591,1.0020,0.00,0.00,-0.06,1.98,1.28,48.84
89.630329,-0.0083,0.0591,1.0020,0.00,0.00,-0.06,1.98,1.28,48.83
89.660629,-0.0083,0.0591,1.0015,0.00,0.00,-0.12,1.98,1.28,48.83
89.660629,-0.0073,0.0591,1.0010,0.00,0.00,-0.06,1.98,1.28,48.83
89.689573,-0.0088,0.0596,1.0010,0.00,0.00,-0.06,1.98,1.28,48.82
89.689573,-0.0083,0.0591,1.0015,0.00,0.00,-0.06,1.99,1.28,48.82
89.750319,-0.0083,0.0591,1.0005,0.00,0.00,-0.06,1.99,1.29,48.82
89.750319,-0.0088,0.0591,1.0010,0.00,0.00,-0.12,1.99,1.29,48.81
89.780587,-0.0088,0.0591,1.0010,0.00,0.00,-0.06,1.99,1.29,48.81
89.780587,-0.0083,0.0591,1.0024,0.00,0.06,-0.12,1.99,1.29,48.81
89.809553,-0.0083,0.0586,1.0015,0.00,0.06,0.00,1.99,1.29,48.81
89.809553,-0.0083,0.0596,1.0024,0.00,0.00,0.00,1.99,1.29,48.80
89.869611,-0.0088,0.0581,1.0024,0.00,0.00,0.00,1.99,1.29,48.80
89.869611,-0.0088,0.0586,1.0015,0.00,0.00,-0.06,1.99,1.29,48.80
89.900603,-0.0083,0.0601,1.0024,0.00,0.00,-0.06,1.99,1.29,48.79
89.900603,-0.0073,0.0596,1.0020,0.00,0.00,-0.12,1.99,1.29,48.78
89.960591,-0.0088,0.0591,1.0010,0.00,0.00,-0.06,1.99,1.29,48.78
89.960591,-0.0093,0.0591,1.0015,0.00,0.00,-0.12,1.99,1.29,48.78
89.991753,-0.0088,0.0596,1.0020,0.00,0.00,-0.06,1.99,1.29,48.78
89.991753,-0.0088,0.0596,1.0020,0.00,0.00,0.00,1.99,1.29,48.77
90.020778,-0.0088,0.0601,1.0020,0.00,0.00,-0.12,1.99,1.29,48.77
90.020778,-0.0073,0.0596,1.0015,0.00,0.00,0.00,1.99,1.29,48.77
90.080609,-0.0078,0.0596,1.0020,0.00,0.00,-0.12,1.99,1.29,48.76
90.080609,-0.0073,0.0596,1.0029,0.00,0.00,0.00,1.99,1.29,48.76
90.131853,-0.0083,0.0596,1.0020,0.00,0.00,-0.06,1.99,1.29,48.76
90.131853,-0.0083,0.0601,1.0029,0.00,0.00,-0.06,1.99,1.29,48.75
90.140496,-0.0088,0.0601,1.0024,0.00,0.00,-0.12,1.99,1.29,48.75
90.140496,-0.0088,0.0596,1.0015,0.00,0.00,-0.06,1.99,1.29,48.75
90.200569,-0.0083,0.0601,1.0015,0.00,0.00,0.00,1.99,1.29,48.75
90.200569,-0.0088,0.0605,1.0024,0.00,0.00,-0.06,1.99,1.29,48.74
90.229525,-0.0083,0.0591,1.0015,0.00,0.00,-0.06,1.99,1.29,48.74
90.229525,-0.0078,0.0596,1.0020,0.00,0.00,-0.06,1.99,1.29,48.74
90.260742,-0.0088,0.0591,1.0020,0.00,0.00,-0.12,1.99,1.29,48.73
90.260742,-0.0088,0.0596,1.0000,0.00,0.00,-0.12,1.99,1.29,48.73
90.320759,-0.0088,0.0596,1.0020,0.00,0.00,-0.06,1.99,1.29,48.72
90.320759,-0.0083,0.0596,1.0010,0.00,0.00,-0.06,1.99,1.29,48.72
90.349535,-0.0078,0.0591,1.0020,0.00,0.00,-0.06,1.99,1.29,48.72
90.349535,-0.0088,0.0591,1.0015,0.00,0.00,0.00,1.99,1.29,48.71
90.380621,-0.0083,0.0586,1.0015,0.00,0.00,0.00,1.99,1.29,48.71
90.380621,-0.0083,0.0591,1.0010,0.00,0.00,-0.06,1.99,1.29,48.71
90.440651,-0.0083,0.0591,1.0020,0.00,0.00,-0.06,1.99,1.29,48.70
90.440651,-0.0083,0.0596,1.0005,0.00,0.06,0.00,1.99,1.29,48.70
90.469558,-0.0078,0.0596,1.0015,0.00,0.00,-0.06,1.99,1.30,48.70
90.469558,-0.0078,0.0591,1.0020,0.00,0.00,-0.06,1.99,1.30,48.70
90.500749,-0.0088,0.0586,1.0010,0.00,0.00,-0.06,1.99,1.30,48.69
90.500749,-0.0083,0.0601,1.0015,0.00,0.00,-0.06,1.99,1.30,48.69
90.560625,-0.0078,0.0596,1.0015,0.00,0.00,-0.06,1.99,1.30,48.69
90.560625,-0.0083,0.0601,1.0010,0.00,0.06,-0.06,1.99,1.30,48.68
90.592263,-0.0078,0.0591,1.0010,0.00,0.00,-0.06,1.99,1.30,48.68
90.592263,-0.0083,0.0591,1.0024,0.06,0.00,-0.06,1.99,1.30,48.67
90.622635,-0.0083,0.0596,1.0015,0.00,0.00,-0.06,1.99,1.30,48.67
90.622635,-0.0078,0.0586,1.0010,0.00,0.00,-0.06,1.99,1.30,48.67
90.681370,-0.0078,0.0596,1.0010,0.00,0.00,-0.06,1.99,1.30,48.66
90.681370,-0.0083,0.0596,1.0015,0.00,0.00,-0.12,1.99,1.30,48.66
90.710307,-0.0083,0.0601,1.0024,0.00,0.00,-0.06,1.99,1.30,48.66
90.710307,-0.0078,0.0596,1.0020,0.00,0.00,0.00,1.99,1.30,48.66
90.740631,-0.0083,0.0596,1.0020,0.00,0.00,0.00,1.99,1.30,48.65
90.740631,-0.0083,0.0591,1.0029,0.00,0.00,0.00,1.99,1.30,48.65
90.800614,-0.0088,0.0591,1.0024,-0.06,0.00,-0.06,1.99,1.30,48.65
90.800614,-0.0083,0.0605,1.0005,0.00,0.00,-0.06,1.99,1.30,48.64
90.829566,-0.0078,0.0596,1.0015,0.00,0.00,-0.06,1.99,1.30,48.64
90.829566,-0.0078,0.0601,1.0020,0.00,0.00,-0.12,1.99,1.30,48.64
90.860874,-0.0078,0.0591,1.0020,0.00,0.00,-0.12,1.99,1.30,48.64
90.860874,-0.0083,0.0601,1.0015,0.00,0.00,-0.06,2.00,1.30,48.63
90.920615,-0.0083,0.0591,1.0015,0.00,0.00,-0.06,2.00,1.30,48.63
90.920615,-0.0088,0.0596,1.0010,0.00,0.00,0.00,2.00,1.30,48.63
90.949516,-0.0083,0.0591,1.0024,0.00,0.00,-0.12,2.00,1.30,48.62
90.949516,-0.0083,0.0586,1.0015,0.00,0.00,-0.06,2.00,1.30,48.62
90.981139,-0.0078,0.0596,1.0010,0.00,0.00,0.00,2.00,1.30,48.61
90.981139,-0.0083,0.0586,1.0024,0.00,0.00,-0.06,2.00,1.30,48.61
91.040734,-0.0083,0.0596,1.0015,0.00,0.00,-0.06,2.00,1.30,48.61
91.040734,-0.0078,0.0591,1.0015,0.00,0.00,0.00,2.00,1.30,48.61
91.069534,-0.0078,0.0591,1.0024,0.00,0.00,-0.12,2.00,1.30,48.60
91.069534,-0.0083,0.0596,1.0020,0.00,0.00,-0.06,2.00,1.30,48.60
91.100563,-0.0078,0.0591,1.0024,0.00,0.00,-0.06,2.00,1.30,48.60
91.100563,-0.0083,0.0591,1.0024,0.00,0.00,-0.06,2.00,1.30,48.59
91.160518,-0.0088,0.0596,1.0015,0.06,0.00,-0.06,2.00,1.30,48.59
91.160518,-0.0088,0.0591,1.0015,0.00,0.00,-0.06,2.00,1.30,48.59
91.189454,-0.0078,0.0596,1.0020,0.00,0.00,-0.06,2.00,1.30,48.59
91.189454,-0.0088,0.0601,1.0029,0.00,0.00,-0.06,2.00,1.30,48.58
91.220567,-0.0078,0.0591,1.0010,0.00,0.00,0.00,2.00,1.30,48.58
91.220567,-0.0078,0.0596,1.0010,0.00,0.00,-0.06,2.00,1.30,48.58
91.280599,-0.0078,0.0596,1.0015,0.00,0.00,-0.06,2.00,1.30,48.58
91.280599,-0.0088,0.0591,1.0015,0.00,0.00,-0.06,2.00,1.30,48.57
91.309902,-0.0078,0.0596,1.0015,0.00,0.00,-0.06,2.00,1.30,48.57
91.309902,-0.0073,0.0596,1.0005,0.00,0.00,0.00,2.00,1.30,48.57
91.370328,-0.0078,0.0601,1.0010,0.00,0.00,-0.06,2.00,1.30,48.56
91.370328,-0.0068,0.0596,1.0010,0.00,0.00,0.00,2.00,1.30,48.56
91.399801,-0.0083,0.0601,1.0005,-0.06,0.00,-0.06,2.00,1.30,48.55
91.399801,-0.0093,0.0605,1.0020,0.00,0.00,-0.06,2.00,1.30,48.55
91.430302,-0.0083,0.0601,1.0015,0.00,0.00,-0.06,2.00,1.30,48.55
91.430302,-0.0083,0.0601,1.0015,0.00,0.00,-0.06,2.00,1.30,48.55
91.490410,-0.0073,0.0601,1.0015,0.00,0.00,-0.12,2.00,1.30,48.54
91.490410,-0.0083,0.0596,1.0015,0.00,0.00,-0.06,2.00,1.30,48.54
91.520565,-0.0088,0.0601,1.0015,0.00,0.06,-0.06,2.00,1.30,48.54
91.520565,-0.0083,0.0591,1.0020,-0.06,0.00,0.00,2.00,1.30,48.54
91.549459,-0.0073,0.0581,1.0015,0.00,0.00,-0.12,2.00,1.30,48.53
91.549459,-0.0078,0.0596,1.0024,0.00,0.00,-0.06,2.00,1.30,48.53
91.610333,-0.0083,0.0596,1.0015,0.06,0.00,-0.06,2.00,1.30,48.53
91.610333,-0.0088,0.0601,1.0024,0.00,0.00,-0.12,2.00,1.30,48.52
91.641035,-0.0078,0.0601,1.0024,0.00,0.00,0.00,2.00,1.30,48.52
91.641035,-0.0083,0.0591,1.0010,0.00,0.00,-0.06,2.00,1.30,48.52
91.669963,-0.0088,0.0591,1.0010,0.00,0.00,-0.06,2.00,1.30,48.52
91.669963,-0.0078,0.0596,1.0015,0.00,0.00,-0.06,2.01,1.30,48.51
91.730386,-0.0078,0.0596,1.0010,-0.06,0.00,0.00,2.01,1.30,48.51
91.730386,-0.0083,0.0601,1.0010,0.00,0.00,-0.06,2.01,1.30,48.50
91.760679,-0.0078,0.0591,1.0020,0.00,0.00,-0.12,2.01,1.30,48.50
91.760679,-0.0088,0.0591,1.0034,0.00,-0.06,-0.06,2.01,1.30,48.50
91.789600,-0.0078,0.0586,1.0024,-0.12,-0.06,-0.12,2.01,1.30,48.50
91.789600,-0.0083,0.0601,1.0029,-0.12,-0.12,-0.06,2.01,1.30,48.49
91.850361,-0.0088,0.0601,1.0015,-0.18,-0.18,-0.06,2.01,1.30,48.49
91.850361,-0.0083,0.0591,1.0020,-0.31,-0.31,-0.06,2.01,1.30,48.49
91.880576,-0.0078,0.0596,1.0015,-0.37,-0.37,-0.12,2.01,1.30,48.48
91.880576,-0.0078,0.0596,1.0029,-0.37,-0.49,-0.06,2.01,1.30,48.48
91.909503,-0.0088,0.0581,1.0034,-0.55,-0.61,-0.06,2.01,1.30,48.48
91.909503,-0.0059,0.0581,1.0015,-0.61,-0.49,-0.06,2.01,1.30,48.48
91.970763,-0.0059,0.0591,1.0000,-0.49,-0.73,-0.06,2.01,1.30,48.47
91.970763,-0.0054,0.0571,1.0000,-0.24,-0.31,-0.06,2.01,1.30,48.47
91.999905,-0.0054,0.0576,0.9980,-0.18,-0.24,-0.06,2.01,1.30,48.47
91.999905,-0.0078,0.0576,1.0005,-0.06,-0.12,-0.06,2.01,1.30,48.47
92.030346,-0.0068,0.0576,1.0020,0.00,0.00,-0.06,2.00,1.30,48.46
92.030346,-0.0063,0.0586,1.0015,0.00,0.00,-0.06,2.00,1.30,48.46
92.090347,-0.0063,0.0581,1.0015,0.00,0.00,-0.06,2.00,1.30,48.46
92.090347,-0.0068,0.0576,1.0024,0.00,0.00,-0.12,2.00,1.30,48.46
92.120687,-0.0063,0.0586,1.0020,-0.06,0.00,-0.12,2.00,1.30,48.45
92.120687,-0.0073,0.0576,1.0024,-0.06,0.00,-0.06,2.00,1.30,48.45
92.173793,-0.0059,0.0586,1.0020,-0.06,0.00,-0.06,2.00,1.30,48.44
92.173793,-0.0068,0.0571,1.0024,0.00,0.00,-0.06,2.00,1.30,48.44
92.210226,-0.0068,0.0586,1.0024,0.00,0.00,0.00,2.00,1.30,48.44
92.210226,-0.0059,0.0571,1.0020,0.06,0.00,-0.12,2.00,1.30,48.43
92.240546,-0.0073,0.0576,1.0024,0.00,0.00,-0.06,2.00,1.30,48.43
92.240546,-0.0073,0.0581,1.0010,-0.06,0.00,-0.06,2.00,1.30,48.43
92.272153,-0.0063,0.0581,1.0020,0.00,0.00,-0.12,2.00,1.30,48.43
92.272153,-0.0063,0.0581,1.0015,0.00,0.00,-0.06,2.00,1.30,48.42
92.330292,-0.0068,0.0591,1.0010,0.00,0.00,-0.06,2.00,1.30,48.42
92.330292,-0.0063,0.0581,1.0020,0.00,0.00,-0.06,2.00,1.30,48.42
92.360673,-0.0068,0.0576,1.0015,0.00,0.00,-0.06,1.99,1.30,48.42
92.360673,-0.0059,0.0586,1.0010,0.00,0.00,-0.12,1.99,1.30,48.41
92.392293,-0.0063,0.0586,1.0024,0.00,0.00,-0.12,1.99,1.30,48.41
92.392293,-0.0073,0.0596,1.0015,0.00,0.00,-0.06,1.99,1.30,48.41
92.450354,-0.0068,0.0591,1.0005,0.00,0.00,0.00,1.99,1.30,48.41
92.450354,-0.0063,0.0581,1.0015,-0.06,0.00,-0.12,1.99,1.30,48.40
92.479853,-0.0068,0.0571,1.0024,-0.06,0.00,-0.06,1.99,1.30,48.40
92.479853,-0.0059,0.0566,1.0020,-0.18,0.00,0.00,1.99,1.30,48.39
92.510324,-0.0059,0.0566,1.0029,0.00,0.00,-0.06,1.99,1.29,48.39
92.510324,-0.0063,0.0571,1.0024,0.00,0.00,0.00,1.99,1.29,48.39
92.570638,-0.0068,0.0576,1.0015,0.00,0.00,-0.06,1.99,1.29,48.38
92.570638,-0.0068,0.0581,1.0020,0.06,0.00,-0.06,1.99,1.29,48.38
92.601032,-0.0063,0.0586,1.0015,0.06,0.00,-0.12,1.99,1.29,48.38
92.601032,-0.0078,0.0591,1.0015,0.06,0.00,-0.06,1.99,1.29,48.38
92.629800,-0.0068,0.0586,1.0000,0.06,0.00,-0.06,1.99,1.29,48.37
92.629800,-0.0063,0.0581,1.0020,0.00,0.06,-0.06,1.99,1.29,48.37
92.690341,-0.0068,0.0586,1.0005,0.00,0.00,-0.06,1.99,1.29,48.37
92.690341,-0.0068,0.0581,1.0015,0.00,-0.06,0.00,1.99,1.29,48.37
92.719829,-0.0068,0.0576,1.0015,0.00,0.00,-0.06,1.99,1.29,48.36
92.719829,-0.0068,0.0576,1.0015,0.00,0.00,-0.06,1.99,1.29,48.36
92.780685,-0.0068,0.0581,1.0020,0.00,0.00,-0.06,1.99,1.29,48.36
92.780685,-0.0068,0.0581,1.0020,0.00,0.00,-0.06,1.99,1.29,48.36
92.809573,-0.0068,0.0576,1.0015,0.00,0.00,-0.12,1.99,1.29,48.35
92.809573,-0.0068,0.0581,1.0015,0.00,0.00,-0.06,1.99,1.29,48.35
92.840717,-0.0063,0.0586,1.0024,0.00,0.00,-0.06,1.99,1.29,48.35
92.840717,-0.0073,0.0596,1.0015,0.00,0.00,-0.06,1.99,1.29,48.35
92.900622,-0.0054,0.0586,1.0015,0.00,0.00,-0.06,1.99,1.29,48.34
92.900622,-0.0059,0.0591,1.0024,0.00,0.00,-0.06,1.99,1.29,48.34
92.929502,-0.0063,0.0581,1.0020,0.00,0.00,-0.06,1.99,1.29,48.33
92.929502,-0.0059,0.0576,1.0024,0.00,0.00,0.00,1.99,1.29,48.33
92.969108,-0.0059,0.0576,1.0015,0.00,0.06,-0.12,1.99,1.29,48.33
92.969108,-0.0063,0.0566,1.0024,0.00,0.06,-0.12,1.99,1.29,48.33
93.021190,-0.0063,0.0581,1.0015,0.06,0.00,-0.12,1.99,1.29,48.32
93.021190,-0.0059,0.0586,1.0015,0.00,0.00,-0.06,1.99,1.29,48.32
93.051118,-0.0063,0.0581,1.0015,0.00,0.00,0.00,1.99,1.29,48.32
93.051118,-0.0063,0.0581,1.0000,0.00,0.00,0.00,1.99,1.29,48.32
93.079848,-0.0063,0.0571,1.0010,0.00,0.00,-0.12,1.99,1.29,48.31
93.079848,-0.0054,0.0576,1.0015,0.00,0.00,0.00,1.99,1.28,48.31
93.140416,-0.0063,0.0581,1.0010,0.00,0.00,-0.12,1.98,1.28,48.31
93.140416,-0.0068,0.0586,1.0020,0.00,0.00,-0.06,1.98,1.28,48.31
93.192660,-0.0068,0.0586,1.0000,0.06,0.00,0.00,1.98,1.28,48.30
93.192660,-0.0068,0.0591,1.0010,0.00,0.06,-0.06,1.98,1.28,48.30
93.200175,-0.0063,0.0586,1.0015,0.00,0.00,-0.12,1.98,1.28,48.30
93.200175,-0.0073,0.0586,1.0005,0.00,0.00,0.00,1.98,1.28,48.30
93.260362,-0.0063,0.0581,1.0015,0.00,0.00,-0.06,1.98,1.28,48.29
93.260362,-0.0063,0.0591,1.0010,0.00,0.00,-0.06,1.98,1.28,48.29
93.289523,-0.0078,0.0591,1.0010,0.00,0.00,-0.06,1.98,1.28,48.28
93.289523,-0.0063,0.0576,1.0005,0.00,0.00,-0.12,1.98,1.28,48.28
93.320266,-0.0059,0.0586,1.0020,0.00,0.00,-0.06,1.98,1.28,48.28
93.320266,-0.0068,0.0581,1.0015,0.00,0.00,0.00,1.98,1.28,48.28
93.380617,-0.0068,0.0586,1.0015,0.00,0.00,-0.18,1.98,1.28,48.27
93.380617,-0.0063,0.0581,1.0020,0.00,0.00,-0.06,1.98,1.28,48.27
93.409539,-0.0059,0.0581,1.0005,0.00,0.00,-0.06,1.98,1.28,48.27
93.409539,-0.0059,0.0586,1.0015,0.00,0.00,-0.06,1.98,1.28,48.27
93.440352,-0.0059,0.0586,1.0020,0.00,0.00,-0.06,1.98,1.28,48.26
93.440352,-0.0059,0.0576,1.0010,0.00,0.00,-0.06,1.98,1.27,48.26
93.500454,-0.0054,0.0581,1.0020,0.00,0.00,-0.12,1.98,1.27,48.26
93.500454,-0.0054,0.0576,1.0015,0.00,0.00,-0.12,1.98,1.27,48.26
93.529591,-0.0054,0.0576,1.0005,0.00,0.06,-0.06,1.98,1.27,48.25
93.529591,-0.0059,0.0591,1.0005,0.00,0.00,-0.12,1.98,1.27,48.25
93.560350,-0.0059,0.0586,1.0010,0.00,0.06,0.00,1.98,1.27,48.25
93.560350,-0.0054,0.0581,1.0005,0.00,0.00,-0.06,1.98,1.27,48.25
93.620391,-0.0068,0.0581,0.9995,0.00,0.00,-0.06,1.98,1.27,48.24
93.620391,-0.0068,0.0581,1.0010,0.00,0.00,-0.06,1.98,1.27,48.24
93.650641,-0.0063,0.0581,1.0015,0.00,0.00,-0.06,1.98,1.27,48.24
93.650641,-0.0059,0.0581,1.0010,0.00,0.00,-0.06,1.98,1.27,48.24
93.679821,-0.0068,0.0571,1.0005,0.06,0.00,0.00,1.98,1.27,48.23
93.679821,-0.0068,0.0566,1.0015,0.00,0.00,-0.06,1.98,1.27,48.23
93.740361,-0.0063,0.0581,1.0005,0.00,0.06,-0.06,1.98,1.27,48.22
93.740361,-0.0068,0.0576,1.0015,0.00,0.00,0.00,1.98,1.27,48.22
93.769537,-0.0073,0.0581,1.0020,0.00,0.00,-0.06,1.98,1.27,48.22
93.769537,-0.0068,0.0571,1.0020,0.00,0.00,-0.06,1.98,1.27,48.22
93.800388,-0.0063,0.0576,1.0015,0.00,0.00,-0.12,1.98,1.27,48.22
93.800388,-0.0068,0.0581,1.0005,0.06,0.00,-0.06,1.98,1.27,48.21
93.860905,-0.0068,0.0586,1.0005,0.00,0.00,-0.12,1.98,1.27,48.21
93.860905,-0.0068,0.0586,1.0010,0.00,0.00,-0.06,1.98,1.27,48.21
93.890689,-0.0068,0.0581,1.0010,0.00,0.00,-0.06,1.98,1.27,48.21
93.890689,-0.0068,0.0586,1.0015,0.00,0.00,-0.06,1.98,1.27,48.20
93.919597,-0.0059,0.0581,0.9995,0.00,0.00,-0.06,1.98,1.27,48.20
93.919597,-0.0063,0.0576,1.0010,0.00,0.00,-0.06,1.98,1.27,48.20
93.980653,-0.0054,0.0581,1.0015,0.06,0.00,-0.06,1.98,1.27,48.20
93.980653,-0.0063,0.0586,1.0024,0.06,0.00,-0.06,1.98,1.27,48.19
94.009648,-0.0059,0.0581,1.0020,0.00,0.00,-0.06,1.98,1.27,48.19
94.009648,-0.0054,0.0586,1.0015,0.00,0.00,-0.06,1.98,1.27,48.19
94.040338,-0.0059,0.0581,1.0020,0.00,0.00,-0.06,1.98,1.27,48.19
94.040338,-0.0059,0.0591,1.0020,0.00,0.00,0.00,1.98,1.26,48.18
94.100398,-0.0063,0.0586,1.0010,0.00,0.00,0.00,1.98,1.26,48.18
94.100398,-0.0063,0.0571,1.0020,0.00,0.00,0.00,1.98,1.26,48.18
94.129485,-0.0063,0.0586,1.0024,0.00,0.00,0.00,1.97,1.26,48.18
94.129485,-0.0059,0.0576,1.0015,-0.06,0.00,-0.12,1.97,1.26,48.18
94.190398,-0.0063,0.0586,1.0015,0.00,0.00,0.00,1.97,1.26,48.17
94.190398,-0.0063,0.0581,1.0010,0.00,0.00,0.00,1.97,1.26,48.17
94.245097,-0.0073,0.0581,1.0015,0.00,0.00,-0.06,1.97,1.26,48.16
94.245097,-0.0063,0.0586,1.0015,0.00,0.00,-0.06,1.97,1.26,48.16
94.250678,-0.0068,0.0586,1.0020,0.00,0.00,0.00,1.97,1.26,48.16
94.250678,-0.0063,0.0581,1.0020,0.00,0.00,0.00,1.97,1.26,48.16
94.310379,-0.0068,0.0571,1.0020,0.00,0.00,0.00,1.97,1.26,48.15
94.310379,-0.0073,0.0581,1.0015,0.00,0.06,-0.06,1.97,1.26,48.15
94.339518,-0.0063,0.0586,1.0010,0.00,0.00,-0.06,1.97,1.26,48.15
94.339518,-0.0068,0.0576,1.0015,0.00,0.00,-0.06,1.97,1.26,48.15
94.370427,-0.0059,0.0581,1.0010,0.00,0.06,-0.06,1.97,1.26,48.15
94.370427,-0.0068,0.0586,1.0015,0.00,0.00,-0.06,1.97,1.26,48.14
94.430385,-0.0059,0.0581,1.0015,0.00,0.00,-0.12,1.97,1.26,48.14
94.430385,-0.0059,0.0576,1.0015,0.00,0.00,0.00,1.97,1.26,48.14
94.459648,-0.0059,0.0581,1.0020,0.00,0.00,-0.06,1.97,1.26,48.14
94.459648,-0.0059,0.0576,1.0015,0.00,0.00,-0.06,1.97,1.26,48.13
94.490370,-0.0063,0.0576,1.0015,0.00,0.00,-0.06,1.97,1.26,48.13
94.490370,-0.0068,0.0581,1.0010,0.00,0.00,0.00,1.97,1.26,48.13
94.550656,-0.0063,0.0586,1.0024,0.00,0.00,-0.06,1.97,1.26,48.13
94.550656,-0.0078,0.0581,1.0010,0.00,0.00,-0.12,1.97,1.26,48.12
94.579837,-0.0068,0.0581,1.0024,0.00,0.00,-0.06,1.97,1.26,48.12
94.579837,-0.0068,0.0586,1.0034,0.00,0.00,-0.06,1.97,1.26,48.12
94.612446,-0.0063,0.0581,1.0020,0.00,0.00,-0.06,1.97,1.26,48.11
94.612446,-0.0063,0.0586,1.0010,0.00,0.00,-0.06,1.97,1.26,48.11
94.670357,-0.0054,0.0586,1.0005,0.00,0.00,-0.06,1.97,1.26,48.11
94.670357,-0.0063,0.0576,1.0020,0.00,0.00,0.00,1.97,1.26,48.11
94.699616,-0.0059,0.0586,1.0015,0.00,0.00,-0.12,1.97,1.26,48.10
94.699616,-0.0059,0.0581,1.0029,0.00,0.00,-0.06,1.97,1.26,48.10
94.730841,-0.0073,0.0581,1.0015,0.00,0.00,-0.12,1.97,1.26,48.10
94.730841,-0.0063,0.0581,1.0020,0.00,0.00,-0.06,1.97,1.26,48.10
94.790387,-0.0063,0.0581,1.0005,0.00,0.00,-0.06,1.97,1.26,48.10
94.790387,-0.0073,0.0581,1.0020,0.00,0.06,-0.06,1.97,1.26,48.09
94.819512,-0.0063,0.0581,1.0010,0.00,0.00,-0.06,1.97,1.26,48.09
94.819512,-0.0073,0.0576,1.0029,0.00,0.00,-0.06,1.97,1.26,48.09
94.850632,-0.0063,0.0586,1.0020,0.00,0.00,-0.06,1.97,1.26,48.09
94.850632,-0.0068,0.0581,1.0024,0.00,0.00,-0.06,1.97,1.25,48.08
94.910406,-0.0063,0.0576,1.0015,0.00,0.00,-0.06,1.97,1.25,48.08
94.910406,-0.0063,0.0586,1.0029,0.00,0.00,0.00,1.97,1.25,48.08
94.942300,-0.0059,0.0581,1.0029,0.00,0.00,-0.06,1.97,1.25,48.08
94.942300,-0.0059,0.0586,1.0024,0.00,0.00,0.00,1.97,1.25,48.08
94.970487,-0.0063,0.0576,1.0020,0.00,0.00,-0.06,1.97,1.25,48.07
94.970487,-0.0068,0.0581,1.0024,0.00,0.00,-0.06,1.97,1.25,48.07
95.030436,-0.0068,0.0591,1.0024,0.00,0.00,-0.06,1.97,1.25,48.07
95.030436,-0.0059,0.0581,1.0029,0.00,0.00,0.00,1.97,1.25,48.07
95.059569,-0.0063,0.0581,1.0029,0.00,0.00,0.00,1.97,1.25,48.07
95.059569,-0.0063,0.0586,1.0024,0.00,0.00,-0.12,1.97,1.25,48.06
95.090359,-0.0063,0.0581,1.0024,0.00,0.00,-0.12,1.97,1.25,48.06
95.090359,-0.0059,0.0586,1.0020,0.00,0.00,-0.12,1.97,1.25,48.05
95.150827,-0.0059,0.0576,1.0010,0.00,0.00,-0.06,1.97,1.25,48.05
95.150827,-0.0059,0.0586,1.0015,0.00,0.00,-0.06,1.97,1.25,48.05
95.179893,-0.0059,0.0586,1.0010,0.06,0.00,0.00,1.97,1.25,48.05
95.179893,-0.0063,0.0581,1.0020,0.00,0.00,-0.06,1.97,1.25,48.05
95.210503,-0.0059,0.0581,1.0015,0.00,0.00,-0.12,1.97,1.25,48.04
95.210503,-0.0063,0.0576,1.0015,0.00,0.00,-0.06,1.97,1.25,48.04
95.270318,-0.0063,0.0581,1.0020,0.00,0.00,-0.12,1.97,1.25,48.04
95.270318,-0.0059,0.0581,1.0020,0.00,0.00,-0.06,1.96,1.25,48.04
95.299553,-0.0063,0.0591,1.0024,0.00,0.00,-0.06,1.96,1.25,48.03
95.299553,-0.0063,0.0581,1.0020,0.00,0.00,-0.06,1.96,1.25,48.03
95.330485,-0.0063,0.0576,1.0029,0.00,0.00,-0.06,1.96,1.25,48.03
95.330485,-0.0063,0.0576,1.0029,0.00,0.00,-0.06,1.96,1.25,48.03
95.390505,-0.0068,0.0581,1.0020,0.00,0.00,-0.06,1.96,1.25,48.03
95.390505,-0.0068,0.0576,1.0015,0.00,0.00,-0.06,1.96,1.25,48.02
95.419644,-0.0068,0.0586,1.0015,0.00,0.00,-0.06,1.96,1.25,48.02
95.419644,-0.0073,0.0576,1.0020,0.00,0.00,-0.06,1.96,1.25,48.02
95.450840,-0.0073,0.0586,1.0000,0.00,0.00,-0.06,1.96,1.25,48.02
95.450840,-0.0068,0.0581,1.0015,0.00,0.00,-0.06,1.96,1.25,48.02
95.510433,-0.0059,0.0581,1.0015,0.00,0.00,0.00,1.96,1.25,48.01
95.510433,-0.0059,0.0571,1.0020,0.00,0.00,-0.06,1.96,1.25,48.01
95.539591,-0.0059,0.0581,1.0024,0.00,0.00,-0.06,1.96,1.25,48.00
95.539591,-0.0068,0.0586,1.0015,0.00,0.00,0.00,1.96,1.25,48.00
95.600431,-0.0063,0.0581,1.0005,0.00,0.00,-0.06,1.96,1.25,48.00
95.600431,-0.0054,0.0581,1.0015,0.00,0.00,-0.06,1.96,1.25,48.00
95.629697,-0.0063,0.0571,1.0020,0.00,0.00,-0.06,1.96,1.25,48.00
95.629697,-0.0059,0.0576,1.0020,0.00,0.00,0.00,1.96,1.25,47.99
95.660493,-0.0063,0.0581,1.0010,0.00,0.00,0.00,1.96,1.25,47.99
95.660493,-0.0068,0.0566,1.0024,0.00,0.00,0.00,1.96,1.25,47.99
95.720456,-0.0059,0.0586,1.0015,0.00,0.00,-0.06,1.96,1.25,47.99
95.720456,-0.0059,0.0581,1.0015,0.00,0.00,-0.06,1.96,1.25,47.99
95.750662,-0.0059,0.0586,1.0010,0.00,0.06,-0.06,1.96,1.25,47.98
95.750662,-0.0059,0.0581,1.0015,0.00,0.00,0.00,1.96,1.24,47.98
95.779948,-0.0054,0.0581,1.0020,0.00,0.00,-0.06,1.96,1.24,47.98
95.779948,-0.0063,0.0576,1.0015,0.00,0.00,0.00,1.96,1.24,47.98
95.839621,-0.0063,0.0576,1.0015,0.00,0.00,-0.06,1.96,1.24,47.98
95.839621,-0.0063,0.0581,1.0020,0.00,0.00,0.00,1.96,1.24,47.97
95.870410,-0.0068,0.0586,1.0015,0.00,0.00,-0.12,1.96,1.24,47.97
95.870410,-0.0063,0.0576,1.0015,0.00,0.00,-0.06,1.96,1.24,47.97
95.899612,-0.0063,0.0576,1.0020,0.00,0.00,-0.06,1.96,1.24,47.97
95.899612,-0.0063,0.0581,1.0020,0.00,0.00,-0.06,1.96,1.24,47.97
95.960411,-0.0073,0.0581,1.0015,0.00,0.00,-0.06,1.96,1.24,47.96
95.960411,-0.0063,0.0581,1.0015,0.00,0.06,-0.06,1.96,1.24,47.96
95.991474,-0.0068,0.0586,1.0015,0.00,0.00,-0.06,1.96,1.24,47.96
95.991474,-0.0068,0.0581,1.0015,0.00,0.00,0.00,1.96,1.24,47.96
96.020437,-0.0068,0.0586,1.0020,0.00,0.00,0.00,1.96,1.24,47.96
96.020437,-0.0063,0.0586,1.0015,0.00,0.00,-0.06,1.96,1.24,47.95
96.080862,-0.0063,0.0581,1.0015,0.00,0.00,-0.06,1.96,1.24,47.95
96.080862,-0.0063,0.0576,1.0015,0.00,0.00,0.00,1.96,1.24,47.94
96.109601,-0.0063,0.0591,1.0015,0.00,0.00,0.00,1.96,1.24,47.94
96.109601,-0.0063,0.0581,1.0020,0.00,0.00,-0.06,1.96,1.24,47.94
96.140402,-0.0059,0.0581,1.0024,0.00,0.00,-0.12,1.96,1.24,47.94
96.140402,-0.0059,0.0576,1.0010,0.00,0.00,-0.12,1.96,1.24,47.94
96.200682,-0.0063,0.0581,1.0024,0.00,0.00,-0.06,1.96,1.24,47.93
96.200682,-0.0068,0.0581,1.0024,0.00,0.00,-0.06,1.96,1.24,47.93
96.232396,-0.0063,0.0586,1.0024,-0.06,0.00,-0.06,1.96,1.24,47.93
96.232396,-0.0059,0.0576,1.0020,0.00,0.00,0.00,1.96,1.24,47.93
96.286577,-0.0059,0.0576,1.0015,0.00,0.00,-0.06,1.96,1.24,47.93
96.286577,-0.0068,0.0581,1.0024,0.00,0.00,-0.06,1.96,1.24,47.92
96.320333,-0.0063,0.0586,1.0020,0.00,0.00,-0.06,1.96,1.24,47.92
96.320333,-0.0063,0.0581,1.0020,0.00,0.00,0.00,1.96,1.24,47.92
96.350701,-0.0068,0.0586,1.0010,0.00,0.06,-0.06,1.96,1.24,47.92
96.350701,-0.0063,0.0581,1.0020,0.00,0.00,-0.06,1.96,1.24,47.92
96.380014,-0.0063,0.0591,1.0010,0.00,0.00,-0.06,1.96,1.24,47.91
96.380014,-0.0059,0.0586,1.0015,0.00,0.00,-0.12,1.96,1.24,47.91
96.440562,-0.0063,0.0581,1.0015,0.00,0.06,-0.06,1.96,1.24,47.91
96.440562,-0.0063,0.0571,1.0024,0.00,0.00,-0.06,1.96,1.24,47.91
96.470193,-0.0068,0.0576,1.0024,0.00,0.00,-0.06,1.95,1.24,47.91
96.470193,-0.0063,0.0581,1.0029,0.00,-0.06,0.00,1.95,1.24,47.90
96.500434,-0.0063,0.0581,1.0020,0.00,0.00,-0.06,1.95,1.24,47.90
96.500434,-0.0063,0.0581,1.0020,0.00,0.00,-0.06,1.95,1.24,47.90
96.560445,-0.0059,0.0586,1.0024,0.00,0.00,0.00,1.95,1.24,47.89
96.560445,-0.0059,0.0581,1.0010,0.00,0.00,-0.12,1.95,1.24,47.89
96.589625,-0.0068,0.0576,1.0010,0.00,0.00,-0.06,1.95,1.24,47.89
96.589625,-0.0068,0.0566,1.0020,0.00,0.00,-0.06,1.95,1.24,47.89
96.620420,-0.0068,0.0581,1.0020,-0.06,0.00,-0.06,1.95,1.24,47.89
96.620420,-0.0068,0.0581,1.0020,0.00,0.00,-0.06,1.95,1.24,47.88
96.680696,-0.0068,0.0581,1.0029,0.06,0.00,-0.12,1.95,1.24,47.88
96.680696,-0.0063,0.0571,1.0015,0.00,0.00,-0.06,1.95,1.24,47.88
96.709583,-0.0059,0.0586,1.0020,0.00,0.00,-0.12,1.95,1.24,47.88
96.709583,-0.0063,0.0581,1.0020,0.00,0.00,0.00,1.95,1.24,47.88
96.740441,-0.0063,0.0586,1.0015,0.00,0.00,0.00,1.95,1.24,47.87
96.740441,-0.0063,0.0581,1.0010,0.00,0.00,-0.06,1.95,1.24,47.87
96.800511,-0.0059,0.0586,1.0015,0.00,0.00,0.00,1.95,1.24,47.87
96.800511,-0.0068,0.0576,1.0005,0.00,0.00,-0.12,1.95,1.24,47.87
96.829670,-0.0063,0.0591,1.0005,0.00,0.00,-0.06,1.95,1.24,47.87
96.829670,-0.0068,0.0586,1.0015,0.00,0.00,-0.12,1.95,1.24,47.87
96.860432,-0.0063,0.0576,1.0015,0.00,0.00,0.00,1.95,1.24,47.86
96.860432,-0.0068,0.0591,1.0024,0.00,0.00,-0.06,1.95,1.24,47.86
96.920466,-0.0063,0.0581,1.0015,0.00,0.00,-0.12,1.95,1.23,47.86
96.920466,-0.0068,0.0576,1.0029,0.00,0.00,0.00,1.95,1.23,47.86
96.950840,-0.0063,0.0581,1.0015,0.00,0.00,-0.06,1.95,1.23,47.86
96.950840,-0.0054,0.0581,1.0020,0.00,0.00,0.00,1.95,1.23,47.85
97.010693,-0.0059,0.0586,1.0020,0.00,0.06,-0.12,1.95,1.23,47.85
97.010693,-0.0063,0.0581,1.0015,0.00,0.00,-0.06,1.95,1.23,47.85
97.039684,-0.0068,0.0581,1.0015,0.00,0.00,-0.06,1.95,1.23,47.85
97.039684,-0.0059,0.0576,1.0010,0.00,0.06,-0.12,1.95,1.23,47.85
97.070421,-0.0068,0.0581,1.0020,0.06,0.00,-0.06,1.95,1.23,47.84
97.070421,-0.0073,0.0581,1.0015,0.00,0.00,-0.06,1.95,1.23,47.84
97.130453,-0.0063,0.0581,1.0015,0.00,0.06,-0.06,1.95,1.23,47.84
97.130453,-0.0068,0.0576,1.0024,0.00,0.00,0.00,1.95,1.23,47.83
97.159623,-0.0078,0.0586,1.0020,0.00,0.06,-0.06,1.95,1.23,47.83
97.159623,-0.0068,0.0586,1.0020,0.00,0.00,-0.06,1.95,1.23,47.83
97.190469,-0.0068,0.0581,1.0015,0.00,0.00,0.00,1.95,1.23,47.83
97.190469,-0.0063,0.0591,1.0015,-0.06,0.00,0.00,1.95,1.23,47.83
97.250705,-0.0073,0.0586,1.0005,0.00,0.00,0.00,1.95,1.23,47.83
97.250705,-0.0068,0.0581,1.0024,0.00,0.00,-0.12,1.95,1.23,47.82
97.304653,-0.0068,0.0586,1.0015,0.00,0.00,0.00,1.95,1.23,47.82
97.304653,-0.0068,0.0576,1.0015,0.00,0.00,-0.12,1.95,1.23,47.82
97.312264,-0.0054,0.0571,1.0024,0.00,0.00,-0.06,1.95,1.23,47.82
97.312264,-0.0063,0.0576,1.0020,0.00,0.00,0.00,1.94,1.23,47.82
97.370366,-0.0063,0.0591,1.0005,0.00,0.00,-0.06,1.94,1.23,47.81
97.370366,-0.0054,0.0581,1.0010,-0.06,0.00,0.00,1.94,1.23,47.81
97.402374,-0.0059,0.0576,1.0015,0.00,0.06,0.00,1.94,1.23,47.81
97.402374,-0.0054,0.0581,1.0015,0.00,0.00,0.00,1.94,1.23,47.81
97.430588,-0.0063,0.0576,1.0010,0.00,0.00,-0.06,1.94,1.23,47.81
97.430588,-0.0054,0.0576,1.0010,0.00,0.00,-0.06,1.94,1.23,47.81
97.490484,-0.0073,0.0581,1.0020,0.00,0.00,0.00,1.94,1.23,47.80
97.490484,-0.0068,0.0581,1.0024,0.06,0.00,0.00,1.94,1.23,47.80
97.519619,-0.0059,0.0586,1.0010,0.00,0.00,-0.06,1.94,1.23,47.80
97.519619,-0.0063,0.0591,1.0020,0.00,0.00,-0.06,1.94,1.23,47.80
97.550693,-0.0063,0.0581,1.0020,0.00,0.00,-0.12,1.94,1.23,47.80
97.550693,-0.0073,0.0596,1.0010,0.00,0.00,-0.06,1.94,1.23,47.79
97.611930,-0.0068,0.0581,1.0015,0.00,0.00,0.00,1.94,1.23,47.79
97.611930,-0.0078,0.0586,1.0024,0.00,0.00,-0.12,1.94,1.23,47.79
97.640216,-0.0068,0.0586,1.0015,0.00,0.00,-0.06,1.94,1.23,47.79
97.640216,-0.0063,0.0586,1.0024,0.00,0.00,-0.06,1.94,1.23,47.79
97.670461,-0.0059,0.0571,1.0015,0.00,0.00,-0.06,1.94,1.23,47.79
97.670461,-0.0063,0.0581,1.0024,0.00,0.00,-0.06,1.94,1.23,47.78
97.730855,-0.0059,0.0586,1.0029,0.00,0.00,-0.06,1.94,1.22,47.78
97.730855,-0.0059,0.0581,1.0024,0.00,0.00,-0.12,1.94,1.22,47.78
97.759584,-0.0059,0.0576,1.0015,0.00,0.00,0.00,1.94,1.22,47.77
97.759584,-0.0054,0.0581,1.0010,0.00,0.00,0.00,1.94,1.22,47.77
97.790287,-0.0059,0.0571,1.0015,0.00,0.00,-0.06,1.94,1.22,47.77
97.790287,-0.0063,0.0586,1.0015,0.00,0.00,-0.06,1.94,1.22,47.77
97.850622,-0.0059,0.0576,1.0010,0.00,0.00,0.00,1.94,1.22,47.77
97.850622,-0.0063,0.0581,1.0015,0.00,0.06,0.00,1.94,1.22,47.76
97.882798,-0.0059,0.0581,1.0020,0.00,0.06,-0.12,1.94,1.22,47.76
97.882798,-0.0063,0.0586,1.0010,0.00,0.00,-0.06,1.94,1.22,47.76
97.912311,-0.0068,0.0576,1.0010,0.00,0.00,-0.06,1.94,1.22,47.76
97.912311,-0.0068,0.0581,1.0020,0.00,0.00,-0.06,1.94,1.22,47.76
97.970504,-0.0068,0.0581,1.0015,0.00,0.00,-0.12,1.94,1.22,47.76
97.970504,-0.0068,0.0586,1.0024,0.00,0.00,-0.06,1.94,1.22,47.75
97.999762,-0.0063,0.0581,1.0020,0.00,0.00,-0.06,1.94,1.22,47.75
97.999762,-0.0059,0.0591,1.0015,0.00,0.00,-0.12,1.94,1.22,47.75
98.030504,-0.0063,0.0586,1.0024,0.00,0.00,-0.06,1.94,1.22,47.75
98.030504,-0.0063,0.0586,1.0020,0.00,0.00,-0.06,1.94,1.22,47.75
98.090373,-0.0068,0.0586,1.0020,0.00,0.00,-0.06,1.94,1.22,47.75
98.090373,-0.0063,0.0586,1.0029,0.00,0.00,-0.06,1.94,1.22,47.74
98.119596,-0.0068,0.0586,1.0024,-0.06,0.00,-0.06,1.94,1.22,47.74
98.119596,-0.0063,0.0586,1.0024,0.00,0.00,-0.06,1.94,1.22,47.74
98.150640,-0.0068,0.0581,1.0020,0.00,0.00,-0.06,1.94,1.22,47.74
98.150640,-0.0063,0.0576,1.0029,0.06,0.00,-0.06,1.94,1.22,47.74
98.210613,-0.0063,0.0581,1.0020,0.00,0.00,-0.06,1.94,1.22,47.74
98.210613,-0.0063,0.0581,1.0015,0.00,0.00,-0.12,1.94,1.22,47.73
98.239623,-0.0068,0.0571,1.0010,0.00,0.00,-0.12,1.94,1.22,47.73
98.239623,-0.0068,0.0576,1.0010,-0.06,0.00,-0.06,1.94,1.22,47.72
98.270351,-0.0059,0.0576,1.0005,0.00,0.00,0.00,1.94,1.22,47.72
98.270351,-0.0068,0.0571,1.0010,0.00,0.00,-0.12,1.94,1.22,47.72
98.330296,-0.0059,0.0571,1.0015,0.00,0.00,-0.12,1.94,1.22,47.72
98.330296,-0.0059,0.0571,1.0010,0.00,0.00,-0.06,1.94,1.22,47.72
98.359639,-0.0068,0.0581,1.0005,0.06,0.00,0.00,1.94,1.22,47.72
98.359639,-0.0068,0.0576,1.0020,0.06,0.00,-0.06,1.94,1.22,47.71
98.420100,-0.0054,0.0591,1.0015,0.00,0.00,0.00,1.94,1.22,47.71
98.420100,-0.0049,0.0586,1.0010,0.00,0.00,-0.12,1.94,1.22,47.71
98.450159,-0.0054,0.0586,1.0024,0.00,0.00,-0.06,1.94,1.22,47.71
98.450159,-0.0073,0.0586,1.0015,0.00,0.06,-0.06,1.94,1.22,47.71
98.480008,-0.0059,0.0591,1.0024,0.00,0.00,-0.06,1.94,1.22,47.71
98.480008,-0.0068,0.0586,1.0020,0.00,0.00,0.00,1.94,1.22,47.70
98.539734,-0.0073,0.0586,1.0020,0.00,0.00,0.00,1.94,1.22,47.70
98.539734,-0.0059,0.0571,1.0024,0.00,0.00,-0.06,1.94,1.22,47.70
98.569649,-0.0059,0.0571,1.0029,0.00,0.00,-0.06,1.94,1.22,47.70
98.569649,-0.0063,0.0586,1.0015,0.00,0.00,-0.06,1.94,1.22,47.70
98.599804,-0.0063,0.0576,1.0010,0.00,0.00,-0.12,1.94,1.22,47.70
98.599804,-0.0063,0.0576,1.0010,0.00,0.00,-0.06,1.94,1.22,47.69
98.659667,-0.0063,0.0571,1.0015,0.00,0.00,0.00,1.94,1.22,47.69
98.659667,-0.0063,0.0576,1.0010,0.00,0.00,-0.06,1.94,1.22,47.69
98.689632,-0.0059,0.0581,1.0015,0.00,0.00,0.00,1.94,1.22,47.69
98.689632,-0.0059,0.0581,1.0020,0.00,0.00,-0.06,1.94,1.22,47.69
98.719723,-0.0059,0.0576,1.0020,0.00,0.00,-0.12,1.94,1.22,47.69
98.719723,-0.0059,0.0581,1.0020,0.06,0.00,-0.06,1.94,1.22,47.68
98.780032,-0.0059,0.0581,1.0020,0.06,0.00,0.00,1.94,1.22,47.68
98.780032,-0.0068,0.0576,1.0024,0.00,0.00,0.00,1.94,1.22,47.68
98.809750,-0.0063,0.0591,1.0015,0.00,0.00,0.00,1.94,1.22,47.68
98.809750,-0.0063,0.0596,1.0015,0.00,0.00,-0.06,1.94,1.22,47.68
98.839641,-0.0068,0.0576,1.0020,0.00,0.00,0.00,1.94,1.22,47.68
98.839641,-0.0073,0.0586,1.0020,0.00,0.00,-0.06,1.94,1.22,47.67
98.899777,-0.0073,0.0586,1.0029,0.00,0.06,-0.12,1.94,1.22,47.67
98.899777,-0.0068,0.0581,1.0024,0.00,0.00,-0.12,1.94,1.22,47.67
98.929669,-0.0063,0.0571,1.0015,0.00,0.06,-0.12,1.94,1.22,47.67
98.929669,-0.0068,0.0581,1.0020,0.00,0.00,-0.12,1.94,1.22,47.66
98.959737,-0.0063,0.0576,1.0029,0.00,0.00,0.00,1.94,1.22,47.66
98.959737,-0.0063,0.0571,1.0020,0.00,0.00,-0.06,1.94,1.22,47.66
99.019911,-0.0059,0.0571,1.0010,0.00,0.00,-0.06,1.94,1.22,47.66
99.019911,-0.0059,0.0581,1.0005,0.00,0.00,-0.06,1.94,1.22,47.66
99.049951,-0.0063,0.0581,1.0010,0.00,0.00,-0.06,1.93,1.22,47.66
99.049951,-0.0059,0.0576,1.0010,0.00,0.00,-0.06,1.93,1.22,47.65
99.079960,-0.0059,0.0586,1.0000,0.00,0.00,-0.06,1.93,1.22,47.65
99.079960,-0.0073,0.0586,0.9995,0.06,0.00,-0.06,1.93,1.22,47.65
99.139875,-0.0059,0.0591,1.0000,0.00,0.00,-0.06,1.93,1.22,47.65
99.139875,-0.0068,0.0581,1.0010,0.00,0.00,-0.06,1.93,1.21,47.65
99.169818,-0.0068,0.0581,1.0010,0.00,0.00,-0.06,1.93,1.21,47.65
99.169818,-0.0073,0.0576,1.0015,0.00,0.00,-0.06,1.93,1.21,47.64
99.199796,-0.0063,0.0586,1.0020,0.00,0.00,-0.06,1.93,1.21,47.64
99.199796,-0.0073,0.0586,1.0029,0.00,0.00,-0.06,1.93,1.21,47.64
99.259806,-0.0073,0.0586,1.0024,0.00,0.00,-0.06,1.93,1.21,47.64
99.259806,-0.0083,0.0586,1.0010,0.00,0.00,0.00,1.93,1.21,47.64
99.289672,-0.0073,0.0586,1.0010,0.00,0.00,0.00,1.93,1.22,47.64
99.289672,-0.0063,0.0591,1.0005,0.00,0.00,-0.12,1.93,1.22,47.63
99.342762,-0.0068,0.0591,1.0015,-0.06,0.00,0.00,1.93,1.22,47.63
99.342762,-0.0063,0.0586,1.0005,0.00,0.00,-0.06,1.93,1.22,47.63
99.379954,-0.0068,0.0576,1.0005,0.00,0.00,-0.12,1.93,1.22,47.63
99.379954,-0.0068,0.0586,1.0005,0.00,0.00,0.00,1.93,1.22,47.63
99.410793,-0.0059,0.0581,1.0010,0.00,0.00,0.00,1.93,1.22,47.63
99.410793,-0.0059,0.0586,1.0024,0.00,0.06,-0.06,1.93,1.22,47.63
99.439682,-0.0063,0.0576,1.0015,0.00,0.00,-0.06,1.93,1.22,47.62
99.439682,-0.0068,0.0576,1.0034,0.00,0.00,-0.06,1.93,1.22,47.62
99.499771,-0.0063,0.0586,1.0020,0.00,0.00,-0.12,1.93,1.22,47.62
99.499771,-0.0054,0.0586,1.0015,0.00,0.06,-0.12,1.93,1.21,47.61
99.529755,-0.0054,0.0586,1.0020,0.00,0.00,-0.06,1.93,1.21,47.61
99.529755,-0.0063,0.0571,1.0020,0.06,0.00,-0.06,1.93,1.21,47.61
99.559629,-0.0059,0.0581,1.0015,0.00,0.00,-0.06,1.93,1.21,47.61
99.559629,-0.0054,0.0586,1.0010,0.00,0.00,0.00,1.93,1.21,47.61
99.619621,-0.0054,0.0581,1.0015,0.00,0.00,0.00,1.93,1.21,47.61
99.619621,-0.0059,0.0586,1.0015,0.00,0.06,-0.06,1.93,1.21,47.60
99.649930,-0.0068,0.0586,1.0015,0.00,0.06,-0.06,1.93,1.21,47.60
99.649930,-0.0068,0.0591,1.0010,0.00,0.06,-0.06,1.93,1.21,47.60
99.709622,-0.0068,0.0591,1.0000,0.00,0.06,-0.06,1.93,1.21,47.60
99.709622,-0.0078,0.0586,1.0005,0.00,0.00,0.00,1.93,1.21,47.60
99.739765,-0.0078,0.0586,1.0020,0.00,0.00,0.00,1.93,1.21,47.60
99.739765,-0.0078,0.0591,1.0024,0.00,0.06,-0.06,1.93,1.21,47.60
99.769655,-0.0083,0.0586,1.0015,0.00,0.00,-0.06,1.93,1.21,47.59
99.769655,-0.0068,0.0571,1.0015,0.00,0.00,-0.06,1.93,1.21,47.59
99.829625,-0.0083,0.0571,1.0024,0.00,0.00,-0.06,1.93,1.21,47.59
99.829625,-0.0073,0.0566,1.0010,0.00,0.00,0.00,1.93,1.21,47.59
99.859674,-0.0059,0.0566,1.0015,0.00,0.00,-0.06,1.93,1.21,47.59
99.859674,-0.0063,0.0576,1.0020,0.00,0.00,-0.06,1.93,1.21,47.59
99.889816,-0.0054,0.0581,1.0015,0.00,0.00,-0.06,1.93,1.21,47.59
99.889816,-0.0059,0.0576,1.0015,0.00,0.00,0.00,1.93,1.21,47.58
99.950017,-0.0054,0.0581,1.0005,0.00,0.00,-0.06,1.93,1.21,47.58
99.950017,-0.0054,0.0586,1.0005,0.00,0.00,-0.12,1.93,1.21,47.58
99.980000,-0.0054,0.0581,1.0005,0.00,0.00,0.00,1.93,1.21,47.58
99.980000,-0.0049,0.0581,0.9995,0.00,0.00,-0.12,1.93,1.21,47.58
100.009859,-0.0059,0.0586,0.9995,0.00,0.00,-0.06,1.93,1.21,47.58
100.009859,-0.0063,0.0586,1.0010,0.00,0.00,-0.06,1.93,1.21,47.57
100.070185,-0.0063,0.0591,1.0020,0.00,0.00,0.00,1.93,1.21,47.57
100.070185,-0.0063,0.0586,1.0024,0.00,0.00,-0.06,1.93,1.21,47.57
100.099643,-0.0063,0.0586,1.0015,0.00,0.00,-0.06,1.93,1.21,47.57
100.099643,-0.0063,0.0581,1.0015,0.00,0.00,-0.06,1.93,1.21,47.57
100.129637,-0.0073,0.0586,1.0024,0.00,0.00,-0.12,1.93,1.21,47.57
100.129637,-0.0073,0.0581,1.0029,0.00,0.00,-0.06,1.93,1.21,47.57
100.189687,-0.0059,0.0576,1.0015,0.00,0.00,-0.06,1.93,1.21,47.56
100.189687,-0.0073,0.0576,1.0010,0.00,0.00,0.00,1.93,1.21,47.56
100.219938,-0.0078,0.0576,1.0000,0.06,-0.06,-0.06,1.93,1.21,47.56
100.219938,-0.0063,0.0576,1.0005,0.00,0.00,-0.06,1.93,1.21,47.55
100.250860,-0.0063,0.0571,1.0000,0.00,0.00,-0.06,1.93,1.21,47.55
100.250860,-0.0059,0.0571,1.0000,0.00,0.00,-0.12,1.93,1.21,47.55
100.309682,-0.0059,0.0576,0.9995,0.00,0.00,-0.12,1.93,1.21,47.55
100.309682,-0.0063,0.0581,1.0005,0.00,0.00,-0.12,1.93,1.21,47.55
100.369697,-0.0063,0.0581,1.0000,0.00,0.00,-0.06,1.93,1.21,47.55
100.369697,-0.0068,0.0576,1.0005,0.00,0.00,-0.06,1.93,1.21,47.55
100.369723,-0.0068,0.0586,1.0000,0.00,0.00,0.00,1.93,1.21,47.54
100.369723,-0.0059,0.0581,1.0015,0.00,0.00,-0.12,1.93,1.21,47.54
100.429618,-0.0054,0.0591,1.0010,0.00,0.00,-0.06,1.93,1.21,47.54
100.429618,-0.0063,0.0586,1.0020,0.00,0.00,0.00,1.93,1.21,47.54
100.459663,-0.0063,0.0581,1.0010,0.00,0.00,-0.06,1.93,1.21,47.54
100.459663,-0.0063,0.0581,1.0010,0.00,0.00,0.00,1.93,1.21,47.54
100.489688,-0.0063,0.0571,1.0024,0.00,0.00,-0.06,1.93,1.21,47.54
100.489688,-0.0068,0.0581,1.0020,0.00,0.00,-0.06,1.93,1.21,47.53
100.549955,-0.0059,0.0576,1.0010,0.00,0.00,-0.06,1.93,1.21,47.53
100.549955,-0.0063,0.0586,1.0015,0.00,0.00,-0.12,1.93,1.21,47.53
100.579939,-0.0063,0.0591,1.0024,0.00,0.00,0.00,1.93,1.21,47.53
100.579939,-0.0063,0.0576,1.0010,0.00,0.00,-0.12,1.93,1.21,47.53
100.609654,-0.0068,0.0591,1.0010,0.00,0.00,-0.06,1.93,1.21,47.53
100.609654,-0.0063,0.0586,1.0005,0.00,0.00,-0.12,1.93,1.21,47.53
100.669660,-0.0054,0.0586,1.0010,0.00,0.00,-0.06,1.93,1.21,47.52
100.669660,-0.0068,0.0591,1.0005,0.00,0.00,-0.12,1.93,1.21,47.52
100.699640,-0.0063,0.0581,1.0005,0.00,0.00,-0.12,1.93,1.21,47.52
100.699640,-0.0063,0.0581,1.0024,0.00,0.00,-0.06,1.93,1.21,47.52
100.729861,-0.0063,0.0581,1.0010,0.00,0.00,-0.06,1.93,1.21,47.52
100.729861,-0.0059,0.0581,1.0024,0.00,0.00,-0.06,1.93,1.21,47.52
100.789702,-0.0068,0.0576,1.0020,0.00,0.00,-0.12,1.93,1.21,47.52
100.789702,-0.0068,0.0576,1.0024,0.00,0.00,-0.12,1.93,1.21,47.51
100.819674,-0.0068,0.0581,1.0020,0.00,0.00,-0.06,1.93,1.21,47.51
100.819674,-0.0063,0.0576,1.0015,0.00,0.00,0.00,1.93,1.21,47.51
100.850041,-0.0059,0.0581,1.0015,0.00,0.00,0.00,1.93,1.21,47.50
100.850041,-0.0068,0.0581,1.0015,0.00,0.00,-0.12,1.93,1.21,47.50
100.910929,-0.0068,0.0581,1.0020,0.00,0.00,0.00,1.93,1.21,47.50
100.910929,-0.0068,0.0586,1.0015,0.00,0.00,-0.06,1.93,1.21,47.50
100.940729,-0.0054,0.0586,1.0010,0.00,0.00,0.00,1.93,1.21,47.50
100.940729,-0.0063,0.0581,1.0005,0.00,0.00,0.00,1.93,1.21,47.50
100.969769,-0.0063,0.0586,1.0010,0.00,0.00,0.00,1.93,1.21,47.50
100.969769,-0.0054,0.0586,1.0005,0.00,0.00,-0.06,1.93,1.21,47.49
101.029883,-0.0059,0.0586,1.0010,0.00,0.00,-0.06,1.93,1.21,47.49
101.029883,-0.0068,0.0576,1.0015,0.00,0.00,-0.06,1.93,1.21,47.49
101.059820,-0.0068,0.0576,1.0015,0.00,0.00,-0.12,1.93,1.21,47.49
101.059820,-0.0059,0.0586,1.0020,0.00,0.06,-0.06,1.93,1.21,47.49
101.089761,-0.0059,0.0581,1.0010,0.00,0.00,0.00,1.93,1.21,47.49
101.089761,-0.0073,0.0586,1.0024,0.00,0.00,-0.06,1.93,1.21,47.49
101.150182,-0.0063,0.0576,1.0024,0.00,0.00,-0.06,1.93,1.21,47.48
101.150182,-0.0059,0.0576,1.0015,0.00,0.00,-0.12,1.93,1.21,47.48
101.179760,-0.0063,0.0581,1.0015,0.00,0.00,-0.12,1.93,1.21,47.48
101.179760,-0.0068,0.0571,1.0020,0.00,0.00,-0.06,1.93,1.21,47.48
101.240555,-0.0063,0.0576,1.0020,0.00,0.00,-0.06,1.93,1.21,47.48
101.240555,-0.0073,0.0571,1.0015,0.06,0.00,-0.12,1.93,1.21,47.48
101.269802,-0.0068,0.0591,1.0015,0.00,0.00,-0.06,1.93,1.21,47.48
101.269802,-0.0063,0.0586,1.0015,0.00,0.00,-0.06,1.93,1.21,47.48
101.299894,-0.0059,0.0581,1.0005,0.00,0.00,-0.06,1.93,1.21,47.47
101.299894,-0.0073,0.0586,1.0010,0.00,0.00,0.00,1.93,1.21,47.47
101.360303,-0.0068,0.0581,1.0015,0.06,0.00,-0.06,1.93,1.21,47.47
101.360303,-0.0063,0.0586,1.0015,0.00,0.00,-0.06,1.93,1.21,47.47
101.408504,-0.0063,0.0581,1.0029,0.00,0.00,-0.06,1.93,1.21,47.47
101.408504,-0.0068,0.0581,1.0015,0.00,0.00,-0.12,1.93,1.21,47.47
101.420811,-0.0068,0.0586,1.0005,0.00,0.00,0.00,1.93,1.21,47.47
101.420811,-0.0068,0.0576,1.0024,0.00,0.06,-0.06,1.93,1.21,47.46
101.480856,-0.0068,0.0586,1.0020,0.00,0.00,-0.06,1.93,1.21,47.46
101.480856,-0.0073,0.0581,1.0024,0.00,0.00,-0.12,1.93,1.21,47.46
101.509726,-0.0059,0.0586,1.0020,0.00,0.00,-0.12,1.93,1.21,47.46
101.509726,-0.0073,0.0591,1.0015,0.00,0.00,-0.06,1.93,1.21,47.46
101.540829,-0.0059,0.0586,1.0015,0.00,0.00,-0.06,1.93,1.21,47.46
101.540829,-0.0059,0.0581,1.0010,0.00,0.00,-0.06,1.93,1.21,47.46
101.600453,-0.0054,0.0571,1.0015,0.00,0.06,-0.06,1.93,1.21,47.46
101.600453,-0.0059,0.0586,1.0005,0.00,0.00,-0.06,1.93,1.21,47.45
101.629674,-0.0068,0.0586,1.0015,0.00,0.00,0.00,1.93,1.21,47.45
101.629674,-0.0073,0.0571,1.0010,0.00,0.00,-0.06,1.93,1.21,47.45
101.660505,-0.0063,0.0581,1.0010,0.00,0.00,-0.06,1.93,1.21,47.44
101.660505,-0.0063,0.0581,1.0015,0.00,0.06,-0.12,1.93,1.21,47.44
101.720523,-0.0063,0.0576,1.0020,0.00,0.00,-0.12,1.93,1.21,47.44
101.720523,-0.0068,0.0591,1.0020,0.00,0.00,-0.06,1.93,1.21,47.44
101.750787,-0.0073,0.0586,1.0024,0.00,0.00,-0.06,1.93,1.21,47.44
101.750787,-0.0068,0.0586,1.0029,0.00,0.06,-0.06,1.93,1.21,47.44
101.810463,-0.0068,0.0586,1.0015,0.00,0.00,-0.12,1.93,1.21,47.44
101.810463,-0.0063,0.0576,1.0010,0.00,0.00,-0.06,1.93,1.21,47.44
101.839667,-0.0063,0.0571,1.0005,0.00,0.00,-0.12,1.93,1.21,47.43
101.839667,-0.0068,0.0576,1.0024,0.00,0.00,0.00,1.93,1.21,47.43
101.870477,-0.0063,0.0586,1.0010,0.00,0.00,-0.06,1.92,1.21,47.43
101.870477,-0.0063,0.0581,1.0015,0.00,0.00,0.00,1.92,1.21,47.43
101.899835,-0.0068,0.0581,1.0015,0.00,0.00,0.00,1.92,1.21,47.43
101.899835,-0.0063,0.0571,1.0034,0.00,0.00,-0.06,1.92,1.21,47.43
101.960552,-0.0063,0.0576,1.0010,0.00,0.00,0.00,1.92,1.21,47.43
101.960552,-0.0063,0.0571,1.0015,0.00,0.00,-0.12,1.92,1.20,47.43
101.990835,-0.0068,0.0576,1.0010,0.00,0.00,0.00,1.92,1.20,47.42
101.990835,-0.0068,0.0576,1.0010,0.00,0.00,-0.06,1.92,1.20,47.42
102.020650,-0.0063,0.0581,1.0020,0.00,0.00,-0.06,1.92,1.20,47.42
102.020650,-0.0068,0.0586,1.0010,0.00,0.00,-0.12,1.92,1.20,47.42
102.080835,-0.0059,0.0576,1.0015,0.00,0.00,-0.06,1.92,1.20,47.42
102.080835,-0.0063,0.0571,1.0020,0.00,0.00,0.00,1.92,1.20,47.42
102.109705,-0.0068,0.0586,1.0010,0.00,0.00,-0.06,1.92,1.20,47.42
102.109705,-0.0063,0.0581,1.0015,0.06,0.00,-0.06,1.92,1.20,47.41
102.140500,-0.0063,0.0586,1.0015,0.00,0.00,-0.06,1.92,1.20,47.41
102.140500,-0.0068,0.0586,1.0010,0.00,0.00,0.00,1.92,1.20,47.41
102.202344,-0.0063,0.0586,1.0020,0.00,0.00,-0.06,1.92,1.20,47.41
102.202344,-0.0063,0.0576,1.0010,0.00,0.00,-0.12,1.92,1.20,47.41
102.232533,-0.0059,0.0586,1.0020,0.00,0.00,-0.06,1.92,1.20,47.41
102.232533,-0.0063,0.0591,1.0020,0.00,0.00,0.00,1.92,1.20,47.41
102.260611,-0.0063,0.0586,1.0010,0.00,0.00,-0.06,1.92,1.20,47.41
102.260611,-0.0063,0.0576,1.0015,0.00,0.00,-0.06,1.92,1.20,47.40
102.320679,-0.0054,0.0581,1.0010,0.00,0.00,-0.06,1.92,1.20,47.40
102.320679,-0.0059,0.0581,1.0010,0.00,0.00,-0.06,1.92,1.20,47.40
102.350897,-0.0063,0.0581,1.0024,0.00,0.00,-0.06,1.92,1.20,47.40
102.350897,-0.0068,0.0576,1.0010,0.00,0.00,-0.06,1.92,1.20,47.40
102.380404,-0.0073,0.0576,1.0010,0.00,0.00,0.00,1.92,1.20,47.40
102.380404,-0.0063,0.0576,1.0015,0.00,0.00,-0.06,1.92,1.20,47.40
102.440519,-0.0063,0.0576,1.0020,0.00,0.00,-0.06,1.92,1.20,47.40
102.440519,-0.0068,0.0581,1.0015,0.00,0.00,-0.06,1.92,1.20,47.39
102.469697,-0.0073,0.0576,1.0010,0.00,0.00,-0.06,1.92,1.20,47.39
102.469697,-0.0059,0.0576,1.0020,0.06,0.00,-0.06,1.92,1.20,47.39
102.500518,-0.0063,0.0581,1.0015,0.00,0.00,0.00,1.92,1.20,47.39
102.500518,-0.0068,0.0576,1.0020,0.00,0.00,-0.12,1.92,1.20,47.38
102.560538,-0.0059,0.0581,1.0010,0.00,0.00,-0.12,1.92,1.20,47.38
102.560538,-0.0063,0.0581,1.0015,0.00,0.00,-0.06,1.92,1.20,47.38
102.589714,-0.0059,0.0581,1.0015,0.00,0.00,0.00,1.92,1.20,47.38
102.589714,-0.0068,0.0576,1.0015,0.00,0.00,-0.06,1.92,1.20,47.38
102.650734,-0.0059,0.0581,1.0010,0.00,0.00,-0.06,1.92,1.20,47.38
102.650734,-0.0068,0.0586,1.0020,0.00,0.00,-0.06,1.92,1.20,47.38
102.679982,-0.0068,0.0581,1.0020,0.00,0.00,-0.06,1.92,1.20,47.38
102.679982,-0.0068,0.0576,1.0020,0.00,0.00,-0.06,1.92,1.20,47.37
102.710450,-0.0063,0.0581,1.0020,0.00,0.00,-0.06,1.92,1.20,47.37
102.710450,-0.0068,0.0586,1.0020,0.00,0.00,-0.12,1.92,1.20,47.37
102.770601,-0.0068,0.0586,1.0015,0.00,0.00,-0.06,1.92,1.20,47.37
102.770601,-0.0063,0.0581,1.0015,0.00,0.00,-0.06,1.92,1.20,47.37
102.799744,-0.0063,0.0586,1.0020,0.00,0.00,-0.06,1.92,1.20,47.37
102.799744,-0.0063,0.0581,1.0015,0.00,0.00,0.00,1.92,1.20,47.37
102.830852,-0.0073,0.0576,1.0015,0.00,0.00,-0.06,1.92,1.20,47.37
102.830852,-0.0068,0.0586,1.0015,0.00,0.00,0.00,1.92,1.20,47.36
102.890562,-0.0068,0.0576,1.0020,0.00,0.00,-0.06,1.92,1.20,47.36
102.890562,-0.0063,0.0581,1.0020,0.00,0.00,-0.12,1.92,1.20,47.36
102.919799,-0.0078,0.0581,1.0024,0.00,0.00,-0.12,1.92,1.20,47.36
102.919799,-0.0063,0.0586,1.0015,0.00,0.00,-0.12,1.92,1.20,47.36
102.950732,-0.0063,0.0576,1.0010,0.00,0.00,-0.06,1.92,1.20,47.36
102.950732,-0.0059,0.0581,1.0010,0.00,0.00,0.00,1.92,1.20,47.36
103.012304,-0.0063,0.0581,1.0010,0.00,0.00,0.00,1.92,1.20,47.36
103.012304,-0.0063,0.0581,1.0005,0.00,0.00,-0.06,1.92,1.20,47.35
103.040571,-0.0063,0.0581,1.0005,0.00,0.00,0.00,1.92,1.20,47.35
103.040571,-0.0063,0.0576,1.0015,0.00,0.00,-0.06,1.92,1.20,47.35
103.069807,-0.0063,0.0581,1.0015,0.00,0.00,-0.12,1.92,1.20,47.35
103.069807,-0.0068,0.0581,1.0010,0.00,0.00,0.00,1.92,1.20,47.35
103.150812,-0.0063,0.0576,1.0020,0.00,0.00,-0.06,1.92,1.20,47.35
103.150812,-0.0063,0.0581,1.0010,0.00,0.00,-0.06,1.92,1.20,47.35
103.161076,-0.0068,0.0586,1.0015,0.00,0.00,0.00,1.92,1.20,47.35
103.161076,-0.0054,0.0581,1.0010,0.00,0.00,-0.06,1.92,1.20,47.35
103.191952,-0.0063,0.0581,1.0020,0.00,0.00,-0.06,1.92,1.20,47.34
103.191952,-0.0068,0.0581,1.0010,0.00,0.00,-0.06,1.92,1.20,47.34
103.252802,-0.0068,0.0576,1.0024,0.00,0.00,0.00,1.92,1.20,47.34
103.252802,-0.0068,0.0571,1.0020,0.00,0.00,-0.06,1.92,1.20,47.34
103.282445,-0.0063,0.0576,1.0015,0.00,0.00,-0.06,1.92,1.20,47.33
103.282445,-0.0068,0.0576,1.0015,0.00,0.00,-0.06,1.92,1.20,47.33
103.310469,-0.0068,0.0576,1.0034,0.00,0.00,-0.06,1.92,1.20,47.33
103.310469,-0.0063,0.0581,1.0029,0.00,0.00,-0.06,1.92,1.20,47.33
103.370618,-0.0059,0.0586,1.0015,-0.06,0.00,-0.06,1.92,1.20,47.33
103.370618,-0.0068,0.0591,1.0020,0.00,0.00,-0.06,1.92,1.20,47.33
103.399743,-0.0059,0.0576,1.0020,0.00,0.00,-0.12,1.92,1.20,47.33
103.399743,-0.0059,0.0576,1.0015,0.00,0.00,-0.06,1.92,1.20,47.33
103.454283,-0.0063,0.0576,1.0015,0.00,0.00,-0.12,1.92,1.20,47.32
103.454283,-0.0068,0.0576,1.0005,0.00,0.00,-0.06,1.92,1.20,47.32
103.490510,-0.0063,0.0581,1.0020,0.00,0.00,-0.12,1.92,1.20,47.32
103.490510,-0.0068,0.0581,1.0020,0.00,0.00,-0.12,1.92,1.20,47.32
103.519761,-0.0063,0.0586,1.0020,0.00,0.00,-0.06,1.92,1.20,47.32
103.519761,-0.0059,0.0586,1.0015,0.00,0.00,-0.06,1.92,1.20,47.32
103.550762,-0.0059,0.0581,1.0020,0.00,0.00,-0.06,1.92,1.20,47.32
103.550762,-0.0059,0.0586,1.0015,0.00,0.00,0.00,1.92,1.20,47.32
103.610618,-0.0068,0.0581,1.0015,0.06,0.00,-0.06,1.92,1.20,47.32
103.610618,-0.0068,0.0586,1.0015,0.06,0.00,0.00,1.92,1.20,47.31
103.639818,-0.0063,0.0581,1.0015,0.00,0.00,-0.12,1.92,1.20,47.31
103.639818,-0.0059,0.0581,1.0015,0.00,-0.06,0.00,1.92,1.20,47.31
103.670583,-0.0068,0.0581,1.0029,0.00,0.00,-0.06,1.92,1.20,47.31
103.670583,-0.0059,0.0586,1.0015,0.00,0.00,-0.06,1.92,1.20,47.31
103.730621,-0.0068,0.0581,1.0005,0.00,0.00,-0.06,1.92,1.20,47.31
103.730621,-0.0054,0.0581,1.0010,0.00,0.00,-0.06,1.92,1.20,47.31
103.759780,-0.0063,0.0581,1.0020,0.06,0.00,-0.12,1.92,1.20,47.31
103.759780,-0.0063,0.0581,1.0010,0.00,0.00,0.00,1.92,1.20,47.31
103.790557,-0.0059,0.0581,1.0010,0.00,0.00,0.00,1.92,1.20,47.30
103.790557,-0.0054,0.0571,1.0024,0.00,0.06,-0.06,1.92,1.20,47.30
103.850800,-0.0063,0.0576,1.0010,0.00,0.00,-0.06,1.92,1.20,47.30
103.850800,-0.0054,0.0576,1.0015,0.00,0.00,-0.06,1.92,1.20,47.30
103.879800,-0.0063,0.0581,1.0015,0.00,0.00,-0.06,1.92,1.20,47.30
103.879800,-0.0059,0.0586,1.0020,0.00,0.00,-0.12,1.92,1.20,47.30
103.910546,-0.0059,0.0571,1.0020,0.00,0.00,0.00,1.92,1.20,47.30
103.910546,-0.0068,0.0576,1.0015,0.00,0.00,-0.12,1.92,1.20,47.30
103.970548,-0.0063,0.0581,1.0020,0.00,0.00,-0.06,1.92,1.20,47.29
103.970548,-0.0063,0.0586,1.0015,0.00,0.00,0.00,1.92,1.20,47.29
103.999888,-0.0059,0.0581,1.0010,0.00,0.00,-0.06,1.92,1.20,47.29
103.999888,-0.0073,0.0586,1.0020,0.00,0.00,-0.06,1.92,1.20,47.29
104.060534,-0.0068,0.0581,1.0015,0.00,0.00,-0.12,1.92,1.20,47.29
104.060534,-0.0063,0.0576,1.0015,0.00,0.00,-0.06,1.92,1.20,47.29
104.089762,-0.0063,0.0586,1.0010,-0.06,0.00,-0.06,1.92,1.20,47.29
104.089762,-0.0068,0.0576,1.0010,0.00,0.00,-0.06,1.92,1.20,47.29
104.120527,-0.0073,0.0581,1.0010,0.00,0.00,-0.12,1.92,1.20,47.29
104.120527,-0.0059,0.0576,1.0020,0.00,0.00,-0.12,1.92,1.20,47.28
104.182663,-0.0063,0.0581,1.0024,0.00,0.00,-0.12,1.92,1.20,47.28
104.182663,-0.0063,0.0571,1.0015,0.00,0.00,-0.06,1.91,1.20,47.28
104.212454,-0.0063,0.0581,1.0020,0.00,0.00,0.00,1.91,1.20,47.28
104.212454,-0.0059,0.0576,1.0005,0.00,0.00,-0.06,1.91,1.20,47.28
104.240744,-0.0073,0.0591,1.0020,0.00,0.00,-0.06,1.91,1.20,47.27
104.240744,-0.0068,0.0586,1.0020,0.00,0.00,-0.06,1.91,1.20,47.27
104.299720,-0.0063,0.0586,1.0024,0.00,0.00,0.00,1.91,1.20,47.27
104.299720,-0.0068,0.0586,1.0010,0.00,0.00,-0.06,1.91,1.20,47.27
104.330522,-0.0063,0.0586,1.0020,0.00,0.00,-0.12,1.91,1.20,47.27
104.330522,-0.0059,0.0581,1.0029,0.00,0.00,-0.12,1.92,1.20,47.27
104.359743,-0.0073,0.0586,1.0020,0.00,0.00,-0.06,1.92,1.20,47.27
104.359743,-0.0068,0.0586,1.0015,0.06,0.00,-0.12,1.92,1.20,47.27
104.420612,-0.0059,0.0581,1.0015,0.00,0.00,-0.12,1.92,1.20,47.27
104.420612,-0.0063,0.0586,1.0024,0.00,0.00,0.00,1.92,1.20,47.26
104.475025,-0.0068,0.0576,1.0010,0.00,0.00,-0.06,1.91,1.20,47.26
104.475025,-0.0063,0.0581,1.0020,-0.06,0.00,-0.06,1.91,1.20,47.26
104.480456,-0.0059,0.0586,1.0010,0.00,0.00,0.00,1.91,1.20,47.26
104.480456,-0.0059,0.0581,1.0010,0.00,0.00,-0.06,1.91,1.20,47.26
104.540484,-0.0063,0.0576,1.0015,0.00,0.00,-0.06,1.91,1.20,47.26
104.540484,-0.0068,0.0576,1.0005,0.00,0.06,-0.12,1.91,1.20,47.26
104.569711,-0.0068,0.0581,1.0010,0.00,0.00,0.00,1.91,1.20,47.26
104.569711,-0.0063,0.0576,1.0005,0.00,0.00,-0.06,1.91,1.20,47.26
104.600539,-0.0059,0.0571,1.0010,0.00,0.00,-0.12,1.91,1.20,47.25
104.600539,-0.0073,0.0581,1.0020,0.00,0.00,-0.12,1.91,1.20,47.25
104.660657,-0.0068,0.0576,1.0015,0.00,-0.06,-0.06,1.91,1.20,47.25
104.660657,-0.0068,0.0576,1.0010,0.00,0.00,-0.06,1.91,1.20,47.25
104.689825,-0.0059,0.0576,1.0005,0.00,0.00,-0.12,1.91,1.20,47.25
104.689825,-0.0059,0.0586,1.0010,0.00,0.00,-0.06,1.91,1.20,47.25
104.720531,-0.0068,0.0576,1.0005,0.00,0.00,-0.06,1.91,1.20,47.25
104.720531,-0.0073,0.0591,1.0010,0.00,0.00,-0.06,1.91,1.20,47.25
104.780605,-0.0059,0.0591,1.0015,0.00,0.00,-0.12,1.91,1.20,47.25
104.780605,-0.0068,0.0586,1.0020,0.00,0.00,-0.06,1.91,1.20,47.25
104.809797,-0.0068,0.0581,1.0024,0.00,0.00,0.00,1.91,1.20,47.24
104.809797,-0.0068,0.0581,1.0010,0.00,0.00,-0.06,1.91,1.20,47.24
104.840522,-0.0063,0.0581,1.0005,0.00,0.00,0.00,1.91,1.20,47.24
104.840522,-0.0078,0.0581,1.0015,0.00,0.06,-0.06,1.91,1.20,47.24
104.900550,-0.0059,0.0576,1.0010,0.00,0.00,0.00,1.91,1.20,47.24
104.900550,-0.0059,0.0586,1.0000,0.00,0.00,-0.06,1.91,1.20,47.24
104.929865,-0.0059,0.0581,1.0010,0.00,0.00,-0.06,1.91,1.20,47.24
104.929865,-0.0063,0.0581,1.0010,0.00,0.00,0.00,1.91,1.20,47.24
104.960517,-0.0068,0.0576,1.0005,0.00,0.00,-0.06,1.91,1.20,47.24
104.960517,-0.0059,0.0586,1.0010,0.00,0.00,-0.06,1.91,1.20,47.23
105.020731,-0.0059,0.0581,1.0010,0.00,0.00,-0.06,1.91,1.19,47.23
105.020731,-0.0068,0.0576,1.0015,0.00,0.00,-0.12,1.91,1.19,47.23
105.052874,-0.0059,0.0586,1.0015,0.00,0.00,0.00,1.91,1.19,47.23
105.052874,-0.0059,0.0581,1.0010,0.00,0.00,0.00,1.91,1.19,47.23
105.082632,-0.0063,0.0581,1.0010,0.00,0.00,-0.06,1.91,1.19,47.22
105.082632,-0.0059,0.0586,1.0024,0.00,0.00,-0.06,1.91,1.19,47.22
105.140586,-0.0063,0.0581,1.0015,0.06,0.00,-0.06,1.91,1.19,47.22
105.140586,-0.0068,0.0581,1.0015,0.00,0.00,-0.06,1.91,1.19,47.22
105.169838,-0.0063,0.0581,1.0010,0.00,0.00,-0.12,1.91,1.19,47.22
105.169838,-0.0063,0.0581,1.0005,0.00,0.00,-0.06,1.91,1.19,47.22
105.200554,-0.0054,0.0581,1.0010,0.00,0.00,-0.12,1.91,1.19,47.22
105.200554,-0.0068,0.0586,1.0015,0.00,0.00,0.00,1.91,1.19,47.22
105.260610,-0.0068,0.0576,1.0015,0.00,0.00,-0.06,1.91,1.19,47.22
105.260610,-0.0054,0.0581,1.0005,0.00,0.00,0.00,1.91,1.19,47.21
105.289775,-0.0068,0.0586,1.0005,0.00,0.00,-0.06,1.91,1.19,47.21
105.289775,-0.0063,0.0581,1.0024,0.00,0.00,-0.06,1.91,1.19,47.21
105.320543,-0.0073,0.0586,1.0015,0.00,0.00,-0.12,1.91,1.19,47.21
105.320543,-0.0054,0.0581,1.0010,0.00,0.00,-0.06,1.91,1.19,47.21
105.380962,-0.0059,0.0581,1.0010,0.00,0.00,-0.06,1.91,1.19,47.21
105.380962,-0.0063,0.0586,1.0020,0.00,0.00,-0.06,1.91,1.19,47.21
105.410170,-0.0059,0.0586,1.0024,0.00,0.00,-0.06,1.91,1.19,47.21
105.410170,-0.0068,0.0576,1.0015,0.00,0.00,-0.06,1.91,1.19,47.21
105.470635,-0.0068,0.0581,1.0020,0.00,0.00,-0.06,1.91,1.19,47.21
105.470635,-0.0059,0.0581,1.0015,0.00,0.06,-0.06,1.91,1.19,47.20
105.524569,-0.0063,0.0576,1.0005,0.00,0.00,-0.12,1.91,1.19,47.20
105.524569,-0.0068,0.0586,1.0010,0.00,0.00,-0.06,1.91,1.19,47.20
105.530596,-0.0068,0.0576,1.0005,0.00,0.00,-0.12,1.91,1.19,47.20
105.530596,-0.0063,0.0581,1.0005,0.00,0.00,-0.12,1.91,1.19,47.20
105.590617,-0.0073,0.0576,1.0005,0.00,0.00,-0.12,1.91,1.19,47.20
105.590617,-0.0063,0.0576,1.0005,0.00,0.00,-0.06,1.91,1.19,47.20
105.619792,-0.0063,0.0576,1.0010,0.00,0.00,-0.12,1.91,1.19,47.20
105.619792,-0.0059,0.0571,1.0015,0.00,0.00,-0.06,1.91,1.19,47.20
105.650832,-0.0059,0.0581,1.0015,0.00,0.00,0.00,1.91,1.19,47.20
105.650832,-0.0059,0.0581,1.0010,0.00,0.00,0.00,1.91,1.19,47.19
105.710524,-0.0063,0.0576,1.0010,0.00,0.00,0.00,1.91,1.19,47.19
105.710524,-0.0068,0.0581,1.0010,0.00,0.00,-0.06,1.91,1.19,47.19
105.739901,-0.0063,0.0586,1.0015,0.00,0.00,-0.06,1.91,1.19,47.19
105.739901,-0.0068,0.0581,1.0024,0.00,0.00,0.00,1.91,1.19,47.19
105.770505,-0.0063,0.0586,1.0015,0.00,0.00,-0.12,1.91,1.19,47.19
105.770505,-0.0073,0.0581,1.0015,0.00,0.00,0.00,1.91,1.19,47.19
105.830543,-0.0063,0.0586,1.0015,0.00,0.00,0.00,1.91,1.19,47.19
105.830543,-0.0063,0.0586,1.0015,0.00,0.00,-0.06,1.91,1.19,47.19
105.860235,-0.0068,0.0586,1.0015,0.00,0.00,0.00,1.91,1.19,47.19
105.860235,-0.0068,0.0586,1.0010,0.00,0.00,0.00,1.91,1.19,47.18
105.890575,-0.0068,0.0586,1.0000,0.00,0.00,-0.06,1.91,1.19,47.18
105.890575,-0.0063,0.0591,1.0010,0.00,0.00,-0.06,1.91,1.19,47.18
105.950937,-0.0063,0.0591,1.0010,0.00,0.00,0.00,1.91,1.19,47.18
105.950937,-0.0063,0.0571,1.0010,0.00,0.00,0.00,1.91,1.19,47.18
105.979796,-0.0063,0.0581,1.0000,0.00,0.00,-0.06,1.91,1.19,47.18
105.979796,-0.0063,0.0581,1.0015,0.00,0.00,-0.06,1.91,1.19,47.18
106.010816,-0.0073,0.0581,1.0020,0.00,0.00,0.00,1.91,1.19,47.18
106.010816,-0.0063,0.0586,1.0015,0.00,0.00,-0.06,1.91,1.19,47.18
106.070652,-0.0068,0.0581,1.0010,0.00,0.00,-0.06,1.91,1.19,47.18
106.070652,-0.0068,0.0581,1.0010,0.00,0.00,0.00,1.91,1.19,47.18
106.099771,-0.0068,0.0586,1.0015,0.00,0.00,-0.06,1.91,1.19,47.17
106.099771,-0.0063,0.0586,1.0020,0.00,0.00,-0.06,1.91,1.19,47.17
106.130465,-0.0059,0.0576,1.0010,0.00,0.00,0.00,1.91,1.19,47.17
106.130465,-0.0068,0.0576,1.0015,0.00,0.00,0.00,1.91,1.19,47.17
106.190669,-0.0059,0.0581,1.0015,0.00,0.00,-0.06,1.91,1.19,47.17
106.190669,-0.0068,0.0586,1.0020,0.00,0.00,-0.06,1.91,1.19,47.16
106.219823,-0.0063,0.0581,1.0015,0.00,0.06,-0.12,1.91,1.19,47.16
106.219823,-0.0073,0.0581,1.0010,0.00,0.00,-0.06,1.91,1.19,47.16
106.251210,-0.0063,0.0586,1.0010,0.00,0.00,-0.12,1.91,1.19,47.16
106.251210,-0.0063,0.0586,1.0010,0.00,0.00,0.00,1.91,1.19,47.16
106.310568,-0.0073,0.0581,1.0005,0.00,0.00,-0.06,1.91,1.19,47.16
106.310568,-0.0059,0.0581,1.0015,0.00,0.00,-0.12,1.91,1.19,47.16
106.339786,-0.0063,0.0581,1.0010,0.00,0.00,-0.12,1.91,1.19,47.16
106.339786,-0.0068,0.0586,1.0010,0.00,0.00,-0.06,1.91,1.19,47.16
106.370655,-0.0063,0.0581,1.0015,0.00,0.00,0.00,1.91,1.19,47.16
106.370655,-0.0059,0.0576,1.0015,-0.06,0.00,-0.06,1.91,1.19,47.15
106.430692,-0.0073,0.0581,1.0020,0.00,0.00,-0.06,1.91,1.19,47.15
106.430692,-0.0063,0.0576,1.0010,0.00,0.00,0.00,1.91,1.19,47.15
106.459852,-0.0063,0.0581,1.0024,0.00,0.00,-0.12,1.91,1.19,47.15
106.459852,-0.0059,0.0576,1.0010,0.00,0.00,-0.06,1.91,1.19,47.15
106.490649,-0.0068,0.0586,1.0015,0.00,0.00,-0.06,1.91,1.19,47.15
106.490649,-0.0063,0.0581,1.0020,0.00,0.00,-0.06,1.91,1.19,47.15
106.550765,-0.0068,0.0586,1.0020,0.00,0.00,-0.06,1.91,1.19,47.15
106.550765,-0.0054,0.0581,1.0020,0.00,0.00,-0.06,1.91,1.19,47.15
106.579762,-0.0063,0.0581,1.0005,0.00,0.00,-0.12,1.91,1.19,47.15
106.579762,-0.0059,0.0586,1.0020,0.00,0.00,-0.06,1.91,1.19,47.15
106.610510,-0.0059,0.0576,1.0015,-0.06,0.00,-0.12,1.91,1.19,47.14
106.610510,-0.0063,0.0586,1.0020,0.00,0.00,-0.06,1.91,1.19,47.14
106.670991,-0.0063,0.0576,1.0020,0.00,0.00,-0.06,1.91,1.19,47.14
106.670991,-0.0068,0.0571,1.0010,0.06,0.00,-0.06,1.91,1.19,47.14
106.699747,-0.0073,0.0581,1.0005,0.00,0.00,-0.12,1.91,1.19,47.14
106.699747,-0.0059,0.0571,1.0010,0.00,0.00,-0.06,1.91,1.19,47.14
106.730646,-0.0068,0.0581,1.0005,0.00,0.00,0.00,1.91,1.19,47.14
106.730646,-0.0073,0.0586,1.0010,0.00,0.00,-0.06,1.91,1.19,47.14
106.790620,-0.0073,0.0591,1.0015,0.00,0.00,0.00,1.91,1.19,47.14
106.790620,-0.0068,0.0586,1.0020,0.00,0.00,-0.06,1.91,1.19,47.14
106.819972,-0.0059,0.0586,1.0020,0.00,0.00,-0.12,1.91,1.19,47.14
106.819972,-0.0059,0.0586,1.0020,0.00,0.00,-0.06,1.91,1.19,47.13
106.880934,-0.0063,0.0576,1.0015,0.00,0.00,0.00,1.91,1.19,47.13
106.880934,-0.0059,0.0586,1.0024,0.00,0.00,-0.06,1.91,1.19,47.13
106.940846,-0.0063,0.0576,1.0020,0.00,0.00,-0.06,1.91,1.19,47.13
106.940846,-0.0059,0.0581,1.0020,0.00,0.00,0.00,1.91,1.19,47.13
106.942896,-0.0063,0.0581,1.0015,0.06,0.00,0.00,1.91,1.19,47.13
106.942896,-0.0063,0.0581,1.0015,0.00,0.00,0.00,1.91,1.19,47.13
107.000787,-0.0068,0.0581,1.0020,0.00,0.00,-0.06,1.91,1.19,47.13
107.000787,-0.0059,0.0581,1.0010,0.00,0.00,-0.06,1.91,1.19,47.13
107.029855,-0.0068,0.0576,1.0020,0.00,0.00,-0.12,1.91,1.19,47.13
107.029855,-0.0063,0.0586,1.0020,0.00,0.00,-0.06,1.91,1.19,47.13
107.060665,-0.0068,0.0576,1.0015,0.00,0.00,-0.06,1.91,1.19,47.12
107.060665,-0.0068,0.0576,1.0015,0.06,0.00,-0.06,1.91,1.19,47.12
107.120615,-0.0068,0.0576,1.0010,0.00,0.00,-0.06,1.91,1.19,47.12
107.120615,-0.0063,0.0586,1.0020,0.00,0.00,-0.06,1.91,1.19,47.12
107.150089,-0.0063,0.0581,1.0015,0.00,0.00,0.00,1.91,1.19,47.12
107.150089,-0.0063,0.0581,1.0015,0.00,0.00,-0.06,1.91,1.19,47.11
107.180596,-0.0063,0.0576,1.0020,0.00,0.00,0.00,1.91,1.19,47.11
107.180596,-0.0068,0.0581,1.0010,0.00,0.00,-0.06,1.91,1.19,47.11
107.241201,-0.0068,0.0581,1.0015,0.00,0.00,-0.06,1.91,1.19,47.11
107.241201,-0.0068,0.0581,1.0010,0.00,0.00,0.00,1.91,1.19,47.11
107.269856,-0.0059,0.0576,1.0015,0.00,0.00,-0.06,1.91,1.19,47.11
107.269856,-0.0063,0.0576,1.0015,-0.06,0.00,0.00,1.91,1.19,47.11
107.301581,-0.0063,0.0581,1.0024,0.00,0.00,-0.06,1.91,1.19,47.11
107.301581,-0.0068,0.0581,1.0024,0.00,0.00,-0.12,1.91,1.19,47.11
107.359870,-0.0059,0.0581,1.0024,0.00,0.06,-0.06,1.91,1.19,47.11
107.359870,-0.0059,0.0586,1.0015,0.00,0.00,-0.06,1.91,1.19,47.11
107.390606,-0.0059,0.0571,1.0005,0.00,0.00,-0.06,1.91,1.19,47.11
107.390606,-0.0063,0.0581,1.0015,0.00,0.00,-0.12,1.91,1.19,47.10
107.419924,-0.0063,0.0586,1.0005,0.00,0.00,-0.06,1.91,1.19,47.10
107.419924,-0.0063,0.0566,1.0010,0.00,0.00,0.00,1.91,1.19,47.10
107.480710,-0.0059,0.0581,1.0015,0.00,0.00,0.00,1.91,1.19,47.10
107.480710,-0.0063,0.0576,1.0020,0.00,0.00,-0.06,1.91,1.19,47.10
107.510082,-0.0054,0.0581,1.0010,0.00,0.00,-0.06,1.91,1.19,47.10
107.510082,-0.0068,0.0586,1.0015,0.00,0.00,-0.12,1.91,1.19,47.10
107.566320,-0.0073,0.0581,1.0020,0.00,0.00,-0.12,1.91,1.19,47.10
107.566320,-0.0063,0.0581,1.0020,0.00,0.00,-0.06,1.91,1.19,47.10
107.600611,-0.0068,0.0581,1.0015,0.00,0.00,-0.06,1.91,1.19,47.10
107.600611,-0.0068,0.0581,1.0020,-0.06,0.00,0.00,1.91,1.19,47.10
107.631115,-0.0068,0.0571,1.0015,0.00,0.00,0.00,1.91,1.19,47.09
107.631115,-0.0063,0.0581,1.0024,0.00,0.00,-0.12,1.91,1.19,47.09
107.659861,-0.0068,0.0581,1.0015,0.06,0.00,-0.06,1.91,1.19,47.09
107.659861,-0.0063,0.0581,1.0024,0.00,0.00,0.00,1.91,1.19,47.09
107.720430,-0.0063,0.0586,1.0015,0.00,0.06,0.00,1.91,1.19,47.09
107.720430,-0.0073,0.0596,1.0015,-0.06,0.00,-0.06,1.91,1.19,47.09
107.751053,-0.0063,0.0581,1.0010,0.00,0.00,-0.06,1.91,1.19,47.09
107.751053,-0.0059,0.0591,1.0015,0.00,0.00,-0.12,1.91,1.19,47.09
107.779890,-0.0059,0.0586,1.0015,0.00,0.00,-0.06,1.91,1.19,47.09
107.779890,-0.0068,0.0586,1.0015,0.00,0.00,-0.06,1.91,1.19,47.09
107.840535,-0.0059,0.0586,1.0015,0.00,0.00,-0.06,1.91,1.19,47.09
107.840535,-0.0068,0.0576,1.0000,0.00,0.00,-0.06,1.91,1.19,47.09
107.871119,-0.0059,0.0576,1.0020,0.00,0.00,-0.12,1.91,1.19,47.08
107.871119,-0.0063,0.0586,1.0015,0.00,0.00,-0.06,1.91,1.19,47.08
107.900811,-0.0063,0.0586,1.0015,0.00,0.00,0.00,1.91,1.19,47.08
107.900811,-0.0059,0.0586,1.0024,0.00,0.00,-0.06,1.91,1.19,47.08
107.960465,-0.0068,0.0591,1.0010,0.00,0.00,0.00,1.91,1.19,47.08
107.960465,-0.0073,0.0586,1.0015,0.00,0.00,0.00,1.91,1.19,47.08
107.989936,-0.0059,0.0586,1.0015,0.00,0.00,0.00,1.91,1.19,47.08
107.989936,-0.0054,0.0581,1.0020,0.00,0.00,0.00,1.91,1.19,47.08
108.020742,-0.0063,0.0586,1.0015,0.00,0.00,-0.06,1.91,1.19,47.08
108.020742,-0.0063,0.0581,1.0010,0.00,0.00,0.00,1.91,1.19,47.08
108.080766,-0.0068,0.0581,1.0010,0.00,0.00,-0.06,1.91,1.19,47.08
108.080766,-0.0073,0.0576,1.0024,0.00,0.00,-0.06,1.91,1.19,47.08
108.109838,-0.0063,0.0586,1.0024,0.00,0.00,-0.12,1.91,1.19,47.07
108.109838,-0.0068,0.0581,1.0015,0.00,0.00,-0.06,1.91,1.19,47.07
108.140508,-0.0059,0.0576,1.0020,0.00,0.00,-0.06,1.91,1.19,47.07
108.140508,-0.0063,0.0576,1.0024,0.00,0.00,-0.12,1.91,1.19,47.07
108.200714,-0.0068,0.0581,1.0015,0.00,0.00,-0.06,1.91,1.19,47.07
108.200714,-0.0068,0.0576,1.0015,0.00,0.00,-0.06,1.91,1.19,47.07
108.229900,-0.0068,0.0576,1.0015,0.00,0.00,-0.12,1.91,1.19,47.07
108.229900,-0.0063,0.0581,1.0015,0.00,0.00,0.00,1.91,1.19,47.07
108.290796,-0.0073,0.0581,1.0015,0.00,0.00,-0.06,1.91,1.19,47.07
108.290796,-0.0063,0.0586,1.0010,0.00,0.00,-0.06,1.91,1.19,47.07
108.320073,-0.0068,0.0586,1.0015,0.00,0.00,-0.12,1.91,1.19,47.07
108.320073,-0.0068,0.0581,1.0015,0.00,0.00,-0.12,1.91,1.19,47.07
108.350696,-0.0068,0.0586,1.0015,0.00,0.00,-0.12,1.91,1.19,47.06
108.350696,-0.0068,0.0576,1.0020,0.00,0.00,-0.12,1.91,1.19,47.06
108.410664,-0.0063,0.0576,1.0020,0.00,0.00,0.00,1.91,1.19,47.06
108.410664,-0.0063,0.0576,1.0020,0.00,0.00,-0.06,1.91,1.19,47.06
108.439991,-0.0059,0.0586,1.0015,0.00,0.00,-0.06,1.91,1.19,47.06
108.439991,-0.0068,0.0586,1.0015,0.00,0.00,-0.06,1.91,1.19,47.06
108.470913,-0.0063,0.0586,1.0010,0.00,0.00,0.00,1.91,1.19,47.05
108.470913,-0.0063,0.0586,1.0024,0.00,0.00,0.00,1.91,1.19,47.05
108.530754,-0.0068,0.0581,1.0010,0.00,0.00,0.00,1.91,1.19,47.05
108.530754,-0.0059,0.0586,1.0029,0.00,0.00,-0.06,1.91,1.19,47.05
108.592570,-0.0059,0.0581,1.0005,0.00,0.00,0.00,1.91,1.19,47.05
108.592570,-0.0054,0.0581,1.0015,0.00,0.00,-0.06,1.91,1.19,47.05
108.592596,-0.0063,0.0586,1.0010,0.00,0.00,-0.12,1.91,1.19,47.05
108.592596,-0.0059,0.0586,1.0015,0.00,0.00,-0.06,1.91,1.19,47.05
108.651015,-0.0059,0.0586,1.0024,0.00,0.00,-0.06,1.91,1.19,47.05
108.651015,-0.0068,0.0586,1.0024,-0.06,0.00,-0.12,1.91,1.19,47.05
108.679838,-0.0059,0.0586,1.0010,0.00,0.00,-0.06,1.91,1.19,47.05
108.679838,-0.0059,0.0591,1.0015,0.00,0.00,-0.06,1.91,1.19,47.05
108.710652,-0.0068,0.0586,1.0015,0.00,0.00,-0.06,1.91,1.19,47.05
108.710652,-0.0063,0.0581,1.0024,0.00,0.00,-0.06,1.91,1.19,47.04
108.770749,-0.0068,0.0576,1.0024,0.00,0.00,-0.06,1.91,1.19,47.04
108.770749,-0.0059,0.0586,1.0015,0.00,0.00,-0.12,1.91,1.19,47.04
108.799926,-0.0068,0.0581,1.0010,0.00,0.00,-0.06,1.91,1.19,47.04
108.799926,-0.0068,0.0586,1.0020,0.00,0.00,-0.06,1.91,1.19,47.04
108.830740,-0.0068,0.0581,1.0010,0.00,0.00,-0.12,1.91,1.19,47.04
108.830740,-0.0059,0.0581,1.0005,0.00,0.00,-0.06,1.91,1.19,47.04
108.890788,-0.0059,0.0586,1.0015,0.00,0.00,0.00,1.91,1.19,47.04
108.890788,-0.0063,0.0576,1.0010,0.00,0.00,-0.06,1.91,1.19,47.04
108.920003,-0.0063,0.0586,1.0010,0.00,0.00,0.00,1.91,1.19,47.04
108.920003,-0.0059,0.0576,1.0010,0.00,0.00,-0.06,1.91,1.19,47.04
108.950965,-0.0063,0.0586,1.0015,0.00,0.00,-0.06,1.91,1.19,47.04
108.950965,-0.0068,0.0576,1.0000,0.00,0.00,-0.06,1.91,1.19,47.03
109.010793,-0.0073,0.0586,1.0005,0.00,0.00,-0.06,1.91,1.19,47.03
109.010793,-0.0063,0.0586,1.0015,0.00,0.00,-0.06,1.91,1.19,47.03
109.039949,-0.0068,0.0581,1.0005,0.00,0.00,-0.06,1.91,1.19,47.03
109.039949,-0.0068,0.0581,1.0010,0.00,0.00,-0.06,1.91,1.19,47.03
109.070700,-0.0059,0.0576,1.0015,0.00,0.00,-0.06,1.91,1.19,47.03
109.070700,-0.0068,0.0571,1.0005,-0.06,0.00,0.00,1.91,1.19,47.03
109.130672,-0.0068,0.0576,1.0005,0.00,0.00,-0.06,1.91,1.19,47.03
109.130672,-0.0059,0.0581,1.0010,0.00,0.00,-0.06,1.91,1.19,47.03
109.159943,-0.0068,0.0581,1.0005,-0.06,0.00,-0.06,1.91,1.19,47.03
109.159943,-0.0068,0.0586,1.0015,0.00,0.00,0.00,1.91,1.19,47.03
109.190661,-0.0054,0.0581,1.0010,0.00,0.00,-0.06,1.91,1.19,47.03
109.190661,-0.0068,0.0581,1.0015,0.00,0.00,-0.06,1.91,1.19,47.03
109.251124,-0.0063,0.0591,1.0015,0.00,0.00,-0.06,1.91,1.19,47.02
109.251124,-0.0063,0.0581,1.0005,0.00,0.06,-0.12,1.91,1.19,47.02
109.280189,-0.0054,0.0586,1.0010,0.00,0.00,-0.06,1.91,1.19,47.02
109.280189,-0.0063,0.0581,1.0000,0.00,0.00,-0.06,1.91,1.19,47.02
109.312613,-0.0063,0.0586,1.0010,0.00,0.00,-0.06,1.91,1.19,47.02
109.312613,-0.0063,0.0581,1.0015,0.00,0.00,-0.06,1.91,1.19,47.02
109.370681,-0.0068,0.0586,1.0010,0.00,0.00,-0.06,1.91,1.19,47.02
109.370681,-0.0059,0.0581,1.0005,-0.06,0.00,0.00,1.91,1.19,47.02
109.399940,-0.0068,0.0571,1.0005,0.00,0.00,-0.12,1.91,1.19,47.02
109.399940,-0.0059,0.0576,1.0005,0.00,0.00,-0.06,1.91,1.19,47.02
109.430681,-0.0063,0.0586,1.0010,0.00,0.00,-0.12,1.91,1.19,47.02
109.430681,-0.0063,0.0581,1.0010,0.00,0.00,-0.06,1.91,1.19,47.02
109.490724,-0.0068,0.0591,1.0010,0.00,0.00,0.00,1.91,1.19,47.02
109.490724,-0.0063,0.0581,1.0020,0.00,0.00,-0.12,1.91,1.19,47.01
109.519968,-0.0063,0.0581,1.0005,0.00,0.06,-0.12,1.91,1.19,47.01
109.519968,-0.0068,0.0591,1.0005,0.00,0.00,-0.06,1.91,1.19,47.01
109.551080,-0.0063,0.0586,1.0010,0.00,0.00,-0.06,1.91,1.19,47.01
109.551080,-0.0063,0.0581,1.0005,0.00,0.00,-0.06,1.91,1.19,47.01
109.610568,-0.0068,0.0576,1.0010,0.00,0.00,-0.06,1.91,1.19,47.01
109.610568,-0.0068,0.0581,1.0020,0.00,0.00,-0.06,1.91,1.19,47.01
109.639887,-0.0068,0.0581,1.0015,0.00,0.00,-0.06,1.91,1.19,47.01
109.639887,-0.0059,0.0591,1.0015,0.00,0.00,-0.06,1.91,1.19,47.01
109.700701,-0.0063,0.0581,1.0010,0.00,0.00,-0.12,1.91,1.19,47.01
109.700701,-0.0063,0.0581,1.0015,0.00,0.06,-0.06,1.91,1.19,47.01
109.729961,-0.0063,0.0581,1.0015,0.00,0.00,-0.06,1.91,1.19,47.01
109.729961,-0.0063,0.0586,1.0020,0.00,0.00,-0.06,1.91,1.19,47.01
109.760693,-0.0059,0.0571,1.0015,0.00,0.00,0.00,1.91,1.18,47.01
109.760693,-0.0063,0.0581,1.0010,0.00,0.00,-0.12,1.91,1.18,47.00
109.820835,-0.0063,0.0581,1.0010,0.00,0.00,-0.12,1.91,1.18,47.00
109.820835,-0.0059,0.0586,1.0005,0.00,0.00,-0.06,1.91,1.18,47.00
109.850315,-0.0063,0.0586,1.0010,0.00,0.00,-0.12,1.91,1.18,47.00
109.850315,-0.0063,0.0581,1.0024,0.00,0.00,-0.06,1.91,1.18,47.00
109.880768,-0.0059,0.0581,1.0010,0.00,0.00,0.00,1.91,1.18,47.00
109.880768,-0.0059,0.0581,1.0015,0.00,0.00,-0.06,1.91,1.18,46.99
109.940822,-0.0063,0.0576,1.0020,0.00,0.00,-0.06,1.91,1.18,46.99
109.940822,-0.0063,0.0581,1.0020,0.00,0.00,-0.06,1.91,1.18,46.99
109.969882,-0.0073,0.0581,1.0024,0.00,0.00,-0.06,1.91,1.18,46.99
109.969882,-0.0073,0.0581,1.0015,0.00,0.00,-0.12,1.91,1.18,46.99
110.000832,-0.0068,0.0581,1.0020,0.00,0.00,0.00,1.91,1.18,46.99
110.000832,-0.0063,0.0581,1.0020,0.00,0.00,-0.06,1.91,1.18,46.99
110.060723,-0.0063,0.0586,1.0015,0.00,0.00,-0.06,1.91,1.18,46.99
110.060723,-0.0063,0.0581,1.0010,0.00,0.00,0.00,1.91,1.18,46.99
110.089945,-0.0073,0.0576,1.0010,0.00,0.00,0.00,1.91,1.18,46.99
110.089945,-0.0059,0.0571,1.0005,0.00,0.00,-0.06,1.91,1.18,46.99
110.120696,-0.0073,0.0576,1.0010,0.00,0.00,-0.06,1.91,1.18,46.99
110.120696,-0.0073,0.0581,1.0010,0.00,0.00,-0.06,1.91,1.18,46.99
110.180684,-0.0063,0.0576,1.0020,-0.06,0.00,-0.06,1.91,1.18,46.99
110.180684,-0.0063,0.0581,1.0010,0.00,0.00,-0.06,1.91,1.18,46.98
110.209878,-0.0063,0.0581,1.0010,0.00,0.00,-0.12,1.91,1.18,46.98
110.209878,-0.0059,0.0591,1.0015,0.00,0.00,-0.12,1.91,1.18,46.98
110.240686,-0.0063,0.0581,1.0020,0.00,0.00,0.00,1.91,1.18,46.98
110.240686,-0.0068,0.0581,1.0020,0.00,0.00,-0.06,1.91,1.18,46.98
110.300724,-0.0073,0.0581,1.0015,0.00,0.00,-0.06,1.91,1.18,46.98
110.300724,-0.0068,0.0581,1.0005,0.00,0.00,-0.12,1.91,1.18,46.98
110.329934,-0.0059,0.0576,1.0015,0.00,0.00,-0.06,1.91,1.18,46.98
110.329934,-0.0063,0.0586,1.0015,0.00,0.00,-0.12,1.91,1.18,46.98
110.360701,-0.0063,0.0581,1.0015,0.00,0.00,-0.06,1.91,1.18,46.98
110.360701,-0.0073,0.0586,1.0020,0.00,0.00,0.00,1.91,1.18,46.98
110.420709,-0.0068,0.0576,1.0020,0.00,0.00,-0.12,1.91,1.18,46.98
110.420709,-0.0068,0.0576,1.0015,0.00,0.00,-0.06,1.91,1.18,46.98
110.450987,-0.0068,0.0581,1.0005,0.00,0.00,0.00,1.91,1.18,46.98
110.450987,-0.0063,0.0576,1.0015,0.00,0.00,-0.06,1.91,1.18,46.97
110.479953,-0.0059,0.0586,1.0015,0.00,0.00,-0.06,1.91,1.18,46.97
110.479953,-0.0068,0.0586,1.0015,0.00,0.00,0.00,1.91,1.18,46.97
110.540753,-0.0068,0.0581,1.0024,0.06,0.00,-0.06,1.91,1.18,46.97
110.540753,-0.0073,0.0586,1.0024,0.00,0.00,-0.06,1.91,1.18,46.97
110.569944,-0.0068,0.0576,1.0020,0.00,0.00,-0.06,1.91,1.18,46.97
110.569944,-0.0059,0.0586,1.0020,0.00,0.00,-0.06,1.91,1.19,46.97
110.628970,-0.0059,0.0576,1.0010,0.00,0.00,-0.06,1.91,1.18,46.97
110.628970,-0.0059,0.0576,1.0010,0.00,0.00,-0.06,1.91,1.18,46.97
110.660715,-0.0068,0.0586,1.0010,0.00,0.00,-0.06,1.91,1.18,46.97
110.660715,-0.0073,0.0581,1.0015,0.00,0.00,-0.06,1.91,1.18,46.97
110.689976,-0.0059,0.0596,1.0024,0.00,0.00,-0.12,1.91,1.18,46.97
110.689976,-0.0063,0.0576,1.0015,0.00,0.00,-0.12,1.91,1.18,46.97
110.720706,-0.0068,0.0586,1.0015,0.00,0.00,-0.06,1.91,1.18,46.97
110.720706,-0.0073,0.0581,1.0015,0.00,0.00,0.00,1.91,1.18,46.97
110.781029,-0.0068,0.0576,1.0010,0.00,0.06,-0.06,1.91,1.18,46.96
110.781029,-0.0059,0.0586,1.0010,0.00,0.00,-0.06,1.91,1.18,46.96
110.809972,-0.0068,0.0586,1.0010,0.00,0.00,-0.06,1.91,1.18,46.96
110.809972,-0.0054,0.0586,1.0005,0.00,0.00,-0.06,1.91,1.18,46.96
110.840720,-0.0063,0.0581,1.0015,0.00,0.00,-0.06,1.91,1.18,46.96
110.840720,-0.0063,0.0586,1.0010,0.00,0.00,0.00,1.91,1.18,46.96
110.900754,-0.0063,0.0586,1.0020,0.00,0.00,-0.12,1.91,1.18,46.96
110.900754,-0.0059,0.0586,1.0015,0.00,0.00,0.00,1.91,1.18,46.96
110.930019,-0.0068,0.0591,1.0015,0.00,0.00,-0.06,1.91,1.18,46.96
110.930019,-0.0068,0.0576,1.0015,0.00,0.00,-0.06,1.91,1.18,46.96
110.960751,-0.0063,0.0591,1.0024,0.00,0.00,0.00,1.91,1.18,46.96
110.960751,-0.0073,0.0576,1.0024,0.00,0.00,-0.06,1.91,1.18,46.96
111.020864,-0.0063,0.0586,1.0020,0.00,0.00,0.00,1.91,1.18,46.96
111.020864,-0.0068,0.0576,1.0010,0.00,0.06,-0.06,1.91,1.18,46.96
111.051542,-0.0068,0.0581,1.0020,0.00,0.00,-0.06,1.91,1.18,46.96
111.051542,-0.0068,0.0581,1.0024,0.00,0.00,-0.06,1.91,1.18,46.95
111.110885,-0.0063,0.0581,1.0010,0.06,0.00,-0.06,1.91,1.18,46.95
111.110885,-0.0063,0.0586,1.0005,0.00,0.00,-0.06,1.91,1.18,46.95
111.140001,-0.0059,0.0576,1.0005,0.00,0.00,-0.06,1.91,1.18,46.95
111.140001,-0.0059,0.0586,1.0005,0.06,0.00,-0.06,1.91,1.18,46.95
111.170676,-0.0068,0.0586,1.0015,0.00,0.00,-0.06,1.91,1.18,46.95
111.170676,-0.0063,0.0586,1.0005,0.00,0.00,-0.06,1.91,1.18,46.95
111.230807,-0.0063,0.0576,1.0010,0.00,0.06,0.00,1.91,1.18,46.94
111.230807,-0.0063,0.0581,1.0015,0.06,0.00,-0.06,1.91,1.18,46.94
111.260737,-0.0068,0.0581,1.0010,0.00,0.00,0.00,1.91,1.18,46.94
111.260737,-0.0063,0.0581,1.0005,0.00,0.00,0.00,1.91,1.18,46.94
111.290067,-0.0063,0.0591,1.0020,0.00,0.00,-0.12,1.91,1.18,46.94
111.290067,-0.0063,0.0581,1.0005,0.00,0.00,-0.06,1.91,1.18,46.94
111.351002,-0.0063,0.0591,1.0020,-0.06,0.00,-0.06,1.91,1.18,46.94
111.351002,-0.0063,0.0581,1.0020,-0.06,0.00,0.00,1.91,1.18,46.94
111.379899,-0.0054,0.0586,1.0015,-0.06,0.00,-0.12,1.91,1.18,46.94
111.379899,-0.0063,0.0586,1.0020,-0.06,0.00,-0.06,1.91,1.18,46.94
111.410725,-0.0059,0.0586,1.0010,-0.06,0.06,-0.06,1.91,1.18,46.94
111.410725,-0.0063,0.0581,1.0010,0.00,0.00,-0.06,1.91,1.18,46.94
111.470811,-0.0068,0.0586,1.0010,0.00,0.00,0.00,1.91,1.18,46.94
111.470811,-0.0068,0.0586,1.0020,0.00,0.06,-0.06,1.91,1.18,46.94
111.502670,-0.0059,0.0581,1.0010,0.00,0.00,-0.06,1.91,1.18,46.94
111.502670,-0.0068,0.0571,1.0010,-0.06,0.00,-0.06,1.91,1.18,46.93
111.530890,-0.0078,0.0581,1.0024,0.00,0.00,-0.06,1.91,1.18,46.93
111.530890,-0.0073,0.0581,1.0015,0.00,0.00,0.00,1.91,1.18,46.93
111.590781,-0.0059,0.0576,1.0005,0.00,0.00,-0.06,1.91,1.18,46.93
111.590781,-0.0063,0.0576,1.0015,0.00,0.00,0.00,1.91,1.18,46.93
111.646117,-0.0068,0.0571,1.0020,0.00,0.00,-0.06,1.91,1.18,46.93
111.646117,-0.0068,0.0581,1.0020,0.00,0.00,0.00,1.90,1.18,46.93
111.651048,-0.0059,0.0576,1.0020,0.00,0.00,-0.06,1.90,1.18,46.93
111.651048,-0.0063,0.0581,1.0020,0.00,0.00,-0.12,1.90,1.18,46.93
111.710701,-0.0063,0.0591,1.0010,0.00,0.00,0.00,1.90,1.18,46.93
111.710701,-0.0073,0.0576,1.0015,0.00,0.00,0.00,1.90,1.18,46.93
111.740048,-0.0063,0.0581,1.0000,-0.06,0.00,-0.06,1.90,1.18,46.93
111.740048,-0.0068,0.0586,1.0005,0.00,0.00,-0.06,1.90,1.18,46.93
111.771114,-0.0073,0.0581,1.0015,0.00,0.00,-0.06,1.90,1.18,46.93
111.771114,-0.0059,0.0576,1.0015,0.00,0.00,-0.06,1.90,1.18,46.93
111.830745,-0.0068,0.0591,1.0015,0.00,0.00,-0.12,1.90,1.18,46.93
111.830745,-0.0063,0.0576,1.0024,0.00,0.00,-0.06,1.90,1.18,46.92
111.859968,-0.0063,0.0581,1.0015,0.00,0.00,0.00,1.90,1.18,46.92
111.859968,-0.0063,0.0576,1.0020,0.00,0.00,0.00,1.90,1.18,46.92
111.890760,-0.0059,0.0576,1.0005,0.00,0.00,-0.06,1.90,1.18,46.92
111.890760,-0.0059,0.0576,1.0024,0.00,0.00,-0.06,1.90,1.18,46.92
111.981012,-0.0054,0.0571,1.0024,0.00,0.00,-0.06,1.90,1.18,46.92
111.981012,-0.0068,0.0576,1.0020,0.00,0.00,0.00,1.90,1.18,46.92
111.983225,-0.0063,0.0586,1.0015,0.00,0.00,-0.06,1.90,1.18,46.92
111.983225,-0.0063,0.0581,1.0015,0.06,0.00,-0.06,1.90,1.18,46.92
112.013016,-0.0059,0.0581,1.0010,0.00,0.00,-0.06,1.90,1.18,46.92
112.013016,-0.0063,0.0586,1.0000,0.00,0.00,0.00,1.90,1.18,46.92
112.070834,-0.0044,0.0591,1.0005,0.00,0.00,-0.06,1.90,1.18,46.92
112.070834,-0.0063,0.0581,1.0005,0.00,0.00,-0.06,1.90,1.18,46.92
112.099930,-0.0073,0.0581,1.0000,0.00,0.00,-0.06,1.90,1.18,46.92
112.099930,-0.0063,0.0581,1.0024,0.00,0.00,0.00,1.90,1.18,46.92
112.130777,-0.0063,0.0576,1.0005,0.00,0.00,-0.06,1.90,1.18,46.91
112.130777,-0.0063,0.0576,1.0005,0.00,0.00,0.00,1.90,1.18,46.91
112.190758,-0.0059,0.0586,1.0020,-0.06,-0.06,0.00,1.90,1.18,46.91
112.190758,-0.0068,0.0581,1.0010,0.00,0.00,0.00,1.90,1.18,46.91
112.222676,-0.0063,0.0571,1.0010,0.00,0.00,-0.12,1.90,1.18,46.91
112.222676,-0.0063,0.0581,1.0015,0.00,0.00,-0.12,1.90,1.18,46.91
112.251244,-0.0078,0.0581,1.0020,0.00,0.00,-0.12,1.90,1.18,46.91
112.251244,-0.0068,0.0586,1.0020,0.00,0.00,-0.06,1.90,1.18,46.91
112.310738,-0.0068,0.0591,1.0015,-0.06,0.00,-0.06,1.90,1.18,46.91
112.310738,-0.0073,0.0586,1.0020,0.00,0.00,-0.12,1.90,1.18,46.91
112.339964,-0.0059,0.0591,1.0010,0.00,0.00,0.00,1.90,1.18,46.91
112.339964,-0.0063,0.0586,1.0010,0.00,0.00,0.00,1.90,1.18,46.91
112.370902,-0.0063,0.0586,1.0005,0.00,0.00,-0.06,1.90,1.18,46.91
112.370902,-0.0073,0.0586,1.0000,0.00,0.00,-0.12,1.90,1.18,46.91
112.430852,-0.0068,0.0586,1.0005,0.00,0.00,-0.06,1.90,1.18,46.91
112.430852,-0.0073,0.0581,1.0020,0.00,0.00,-0.06,1.90,1.18,46.91
112.460056,-0.0063,0.0576,1.0010,0.00,0.00,0.00,1.90,1.18,46.91
112.460056,-0.0063,0.0571,1.0010,0.00,0.00,-0.06,1.90,1.18,46.90
112.520836,-0.0059,0.0581,1.0000,0.00,0.00,-0.12,1.90,1.18,46.90
112.520836,-0.0059,0.0576,1.0020,0.00,0.00,0.00,1.90,1.18,46.90
112.550278,-0.0063,0.0581,1.0020,0.00,0.00,-0.06,1.90,1.18,46.90
112.550278,-0.0068,0.0581,1.0010,0.00,0.00,-0.06,1.90,1.18,46.90
112.580812,-0.0063,0.0576,1.0015,0.00,0.00,-0.06,1.90,1.18,46.90
112.580812,-0.0059,0.0586,1.0015,0.00,0.00,-0.06,1.90,1.18,46.90
112.639948,-0.0063,0.0581,1.0005,0.00,0.00,0.00,1.90,1.18,46.90
112.639948,-0.0063,0.0581,1.0010,0.00,0.00,-0.06,1.90,1.18,46.90
112.696941,-0.0073,0.0586,1.0010,0.00,0.00,-0.06,1.90,1.18,46.90
112.696941,-0.0068,0.0581,1.0010,0.00,0.00,-0.06,1.90,1.18,46.90
112.699899,-0.0063,0.0581,1.0010,0.00,0.00,0.00,1.90,1.18,46.90
112.699899,-0.0063,0.0576,1.0015,0.00,0.00,-0.06,1.90,1.18,46.90
112.760864,-0.0063,0.0581,1.0015,0.00,0.00,-0.06,1.90,1.18,46.90
112.760864,-0.0068,0.0581,1.0010,0.00,0.00,0.00,1.90,1.18,46.90
112.790019,-0.0063,0.0591,1.0000,0.00,0.00,-0.06,1.90,1.18,46.90
112.790019,-0.0059,0.0581,1.0010,0.00,0.00,-0.06,1.90,1.18,46.89
112.820770,-0.0063,0.0576,1.0005,0.00,0.00,-0.12,1.90,1.18,46.89
112.820770,-0.0063,0.0576,1.0010,0.00,0.00,-0.06,1.90,1.18,46.89
112.880005,-0.0068,0.0581,1.0020,0.00,0.00,-0.12,1.90,1.18,46.89
112.880005,-0.0063,0.0571,1.0010,0.00,0.00,-0.12,1.90,1.18,46.89
112.912034,-0.0063,0.0571,1.0010,0.00,0.00,-0.06,1.90,1.18,46.89
112.912034,-0.0068,0.0576,1.0010,0.00,0.00,0.00,1.90,1.18,46.89
112.940069,-0.0068,0.0576,1.0010,0.00,0.00,-0.12,1.90,1.18,46.89
112.940069,-0.0063,0.0576,1.0010,0.00,0.00,0.00,1.90,1.18,46.89
113.000967,-0.0073,0.0591,1.0010,0.00,0.00,-0.06,1.90,1.18,46.88
113.000967,-0.0063,0.0581,1.0020,0.00,0.00,-0.06,1.90,1.18,46.88
113.030051,-0.0059,0.0581,1.0005,0.00,0.00,0.00,1.90,1.18,46.88
113.030051,-0.0068,0.0591,1.0010,0.00,0.00,-0.12,1.90,1.18,46.88
113.061162,-0.0068,0.0581,1.0010,0.00,0.00,-0.06,1.90,1.18,46.88
113.061162,-0.0059,0.0571,1.0005,0.00,0.00,0.00,1.90,1.18,46.88
113.120897,-0.0059,0.0571,1.0015,0.00,0.00,0.00,1.90,1.18,46.88
113.120897,-0.0068,0.0571,1.0005,0.00,0.00,0.00,1.90,1.18,46.88
113.151081,-0.0059,0.0571,1.0015,0.00,0.00,-0.12,1.90,1.18,46.88
113.151081,-0.0068,0.0586,1.0005,0.00,0.00,0.00,1.90,1.18,46.88
113.179958,-0.0059,0.0576,1.0005,0.00,0.00,-0.06,1.90,1.18,46.88
113.179958,-0.0068,0.0581,1.0005,0.00,0.00,-0.06,1.90,1.18,46.88
113.240864,-0.0063,0.0586,1.0010,0.06,0.00,-0.06,1.90,1.18,46.88
113.240864,-0.0063,0.0586,1.0005,0.00,0.00,-0.06,1.90,1.18,46.88
113.270009,-0.0063,0.0581,1.0005,0.00,0.00,-0.06,1.90,1.18,46.88
113.270009,-0.0073,0.0586,1.0005,0.00,0.00,-0.06,1.90,1.18,46.88
113.300960,-0.0068,0.0581,1.0005,0.00,0.00,-0.06,1.90,1.18,46.87
113.300960,-0.0073,0.0571,1.0000,0.00,0.00,-0.12,1.90,1.18,46.87
113.360798,-0.0063,0.0576,1.0005,0.06,0.00,-0.12,1.90,1.18,46.87
113.360798,-0.0063,0.0581,1.0000,0.00,0.00,-0.06,1.90,1.18,46.87
113.389996,-0.0063,0.0576,1.0010,0.00,0.00,0.00,1.90,1.18,46.87
113.389996,-0.0054,0.0581,1.0010,0.06,0.00,-0.12,1.90,1.18,46.87
113.420729,-0.0063,0.0586,1.0015,0.06,0.00,0.00,1.90,1.18,46.87
113.420729,-0.0063,0.0581,1.0010,0.00,0.00,-0.06,1.90,1.18,46.87
113.480929,-0.0073,0.0581,1.0015,0.00,0.00,-0.06,1.90,1.18,46.87
113.480929,-0.0078,0.0586,1.0015,0.00,0.00,-0.06,1.90,1.18,46.87
113.512941,-0.0073,0.0576,1.0015,0.00,0.00,-0.06,1.90,1.18,46.87
113.512941,-0.0054,0.0581,1.0010,0.00,0.00,-0.12,1.90,1.18,46.87
113.542732,-0.0063,0.0576,1.0010,0.00,0.00,-0.12,1.90,1.18,46.87
113.542732,-0.0063,0.0576,1.0015,0.06,0.00,0.00,1.90,1.18,46.87
113.600983,-0.0059,0.0576,1.0015,0.00,0.00,0.00,1.90,1.18,46.87
113.600983,-0.0059,0.0581,1.0010,0.00,0.00,-0.06,1.90,1.18,46.87
113.630032,-0.0063,0.0581,1.0005,0.00,0.00,-0.06,1.90,1.18,46.87
113.630032,-0.0063,0.0586,1.0000,0.00,0.00,0.00,1.90,1.18,46.87
113.660882,-0.0073,0.0581,1.0010,0.00,0.00,-0.06,1.90,1.18,46.86
113.660882,-0.0063,0.0591,1.0015,0.00,0.00,-0.12,1.90,1.18,46.86
113.720735,-0.0059,0.0586,1.0020,0.00,0.06,-0.12,1.90,1.18,46.86
113.720735,-0.0054,0.0581,1.0010,0.00,0.00,-0.06,1.90,1.18,46.86
113.751020,-0.0073,0.0591,1.0015,0.00,0.00,-0.06,1.90,1.18,46.86
113.751020,-0.0063,0.0576,1.0015,0.00,0.00,-0.06,1.90,1.18,46.86
113.780092,-0.0059,0.0586,1.0010,0.00,0.00,-0.06,1.90,1.18,46.86
113.780092,-0.0059,0.0581,1.0015,0.00,0.00,-0.06,1.90,1.18,46.86
113.840851,-0.0063,0.0586,1.0005,0.00,0.00,-0.06,1.90,1.18,46.86
113.840851,-0.0063,0.0581,1.0000,0.00,0.00,-0.06,1.90,1.18,46.86
113.870848,-0.0063,0.0581,1.0005,0.00,0.00,0.00,1.90,1.18,46.86
113.870848,-0.0063,0.0581,1.0010,0.00,0.00,-0.06,1.90,1.18,46.86
113.930869,-0.0073,0.0586,1.0005,0.00,0.00,-0.12,1.90,1.18,46.86
113.930869,-0.0068,0.0581,1.0005,0.00,0.00,0.00,1.90,1.18,46.86
113.960012,-0.0068,0.0581,1.0005,0.00,0.00,-0.06,1.90,1.18,46.86
113.960012,-0.0068,0.0576,1.0000,0.00,0.00,-0.06,1.90,1.18,46.86
113.990942,-0.0073,0.0591,1.0010,0.00,0.00,0.00,1.90,1.18,46.86
113.990942,-0.0063,0.0576,1.0015,0.00,0.00,-0.12,1.90,1.18,46.86
114.051234,-0.0073,0.0586,1.0015,0.06,0.00,-0.06,1.90,1.18,46.85
114.051234,-0.0068,0.0581,1.0015,0.06,0.00,-0.12,1.90,1.18,46.85
114.080050,-0.0059,0.0596,1.0005,0.00,0.00,-0.12,1.90,1.18,46.85
114.080050,-0.0063,0.0586,1.0010,0.00,0.00,-0.06,1.90,1.18,46.85
114.110814,-0.0068,0.0591,1.0020,0.06,0.00,-0.06,1.90,1.18,46.85
114.110814,-0.0059,0.0591,1.0015,-0.06,0.00,-0.06,1.90,1.18,46.85
114.170835,-0.0063,0.0576,1.0015,-0.06,0.00,0.00,1.90,1.18,46.85
114.170835,-0.0063,0.0581,1.0020,-0.06,0.00,-0.06,1.90,1.18,46.85
114.201265,-0.0063,0.0581,1.0015,0.00,0.00,0.00,1.90,1.18,46.85
114.201265,-0.0063,0.0586,1.0005,0.00,0.00,0.00,1.90,1.18,46.85
114.230070,-0.0068,0.0586,1.0005,0.00,0.00,-0.06,1.90,1.18,46.85
114.230070,-0.0063,0.0586,1.0010,0.00,0.00,0.00,1.90,1.18,46.85
114.290848,-0.0063,0.0576,1.0005,0.00,0.00,-0.12,1.90,1.18,46.85
114.290848,-0.0068,0.0586,1.0015,0.00,0.00,-0.06,1.90,1.18,46.85
114.320046,-0.0059,0.0591,1.0005,0.00,0.00,-0.06,1.90,1.18,46.85
114.320046,-0.0063,0.0591,1.0005,0.00,0.00,0.00,1.90,1.18,46.85
114.351180,-0.0068,0.0581,1.0010,0.00,0.00,-0.12,1.90,1.18,46.85
114.351180,-0.0063,0.0581,1.0005,0.00,0.00,-0.06,1.90,1.18,46.85
114.410848,-0.0063,0.0586,1.0015,0.00,0.00,-0.12,1.90,1.18,46.85
114.410848,-0.0068,0.0586,1.0010,0.00,0.00,0.00,1.90,1.18,46.84
114.440199,-0.0068,0.0586,1.0020,0.00,0.00,-0.06,1.90,1.18,46.84
114.440199,-0.0068,0.0576,1.0000,0.00,0.00,-0.06,1.90,1.18,46.84
114.470867,-0.0068,0.0591,1.0015,0.00,0.00,-0.06,1.90,1.18,46.84
114.470867,-0.0068,0.0586,1.0010,0.00,0.00,-0.06,1.90,1.18,46.84
114.530893,-0.0068,0.0586,1.0000,0.00,0.00,-0.06,1.90,1.18,46.84
114.530893,-0.0063,0.0586,1.0005,0.00,0.00,-0.06,1.90,1.18,46.84
114.560047,-0.0059,0.0591,1.0010,0.00,0.00,-0.06,1.90,1.18,46.84
114.560047,-0.0068,0.0591,1.0020,0.00,0.00,-0.06,1.90,1.18,46.84
114.590837,-0.0063,0.0586,1.0010,0.00,0.00,-0.06,1.90,1.18,46.84
114.590837,-0.0059,0.0586,1.0024,0.00,0.00,-0.12,1.90,1.18,46.83
114.651309,-0.0063,0.0591,1.0020,0.00,0.00,0.00,1.90,1.18,46.83
114.651309,-0.0059,0.0586,1.0015,0.00,0.00,0.00,1.90,1.18,46.83
114.680061,-0.0059,0.0576,1.0020,0.00,0.00,-0.06,1.90,1.18,46.83
114.680061,-0.0068,0.0581,1.0010,0.00,0.00,0.00,1.90,1.18,46.83
114.737373,-0.0063,0.0581,1.0005,-0.06,0.00,-0.12,1.90,1.18,46.83
114.737373,-0.0068,0.0576,1.0010,0.00,0.00,0.00,1.90,1.18,46.83
114.770842,-0.0059,0.0576,1.0015,-0.06,0.00,-0.06,1.90,1.18,46.83
114.770842,-0.0063,0.0581,1.0000,0.00,0.00,-0.06,1.90,1.18,46.83
114.800032,-0.0063,0.0586,1.0010,0.06,0.00,-0.06,1.90,1.18,46.83
114.800032,-0.0068,0.0596,1.0000,0.00,0.00,0.00,1.90,1.18,46.83
114.830811,-0.0063,0.0601,1.0005,0.00,0.00,-0.06,1.90,1.18,46.83
114.830811,-0.0063,0.0591,1.0000,0.00,0.00,-0.06,1.90,1.18,46.83
114.890184,-0.0073,0.0591,1.0015,-0.06,0.06,-0.06,1.90,1.18,46.83
114.890184,-0.0083,0.0586,1.0010,0.00,0.00,-0.06,1.90,1.18,46.83
114.920856,-0.0078,0.0576,1.0015,0.00,0.00,-0.06,1.90,1.18,46.83
114.920856,-0.0063,0.0581,1.0010,0.06,0.00,-0.06,1.90,1.18,46.83
114.981130,-0.0068,0.0586,1.0010,0.12,0.00,-0.12,1.90,1.18,46.83
114.981130,-0.0078,0.0586,1.0005,0.12,0.00,-0.12,1.90,1.18,46.83
115.010289,-0.0068,0.0586,1.0015,0.00,-0.06,-0.06,1.90,1.18,46.83
115.010289,-0.0068,0.0596,1.0015,0.00,0.00,-0.06,1.90,1.18,46.82
115.041017,-0.0063,0.0596,1.0005,-0.06,0.00,-0.06,1.90,1.18,46.82
115.041017,-0.0063,0.0596,1.0010,-0.06,0.00,-0.06,1.90,1.18,46.82
115.070119,-0.0063,0.0581,1.0010,-0.06,0.00,-0.06,1.90,1.18,46.82
115.070119,-0.0059,0.0591,1.0010,0.00,0.00,0.00,1.90,1.18,46.82
115.130872,-0.0063,0.0586,1.0015,0.06,0.00,-0.12,1.90,1.18,46.82
115.130872,-0.0054,0.0581,1.0010,0.00,0.00,-0.12,1.90,1.18,46.82
115.160091,-0.0054,0.0586,1.0020,0.00,0.00,0.00,1.90,1.18,46.82
115.160091,-0.0054,0.0586,1.0010,0.00,0.00,-0.06,1.90,1.18,46.82
115.190861,-0.0059,0.0581,1.0010,-0.06,0.00,-0.06,1.90,1.18,46.82
115.190861,-0.0054,0.0586,1.0010,0.00,0.06,-0.06,1.90,1.18,46.82
115.251160,-0.0059,0.0576,1.0005,0.00,0.00,-0.12,1.90,1.18,46.82
115.251160,-0.0063,0.0586,1.0010,0.00,0.00,-0.06,1.90,1.18,46.82
115.280193,-0.0063,0.0586,1.0015,0.06,0.00,-0.06,1.90,1.18,46.82
115.280193,-0.0059,0.0586,1.0010,0.00,0.00,-0.06,1.90,1.18,46.82
115.340805,-0.0068,0.0581,1.0015,0.00,0.00,0.00,1.90,1.18,46.82
115.340805,-0.0068,0.0591,1.0010,0.00,0.06,-0.06,1.90,1.18,46.82
115.370024,-0.0059,0.0586,1.0024,0.00,0.00,-0.06,1.90,1.18,46.82
115.370024,-0.0068,0.0586,1.0024,0.00,0.00,0.00,1.90,1.18,46.82
115.400838,-0.0068,0.0586,1.0024,-0.06,0.00,-0.06,1.90,1.18,46.82
115.400838,-0.0073,0.0581,1.0015,0.00,0.00,0.00,1.90,1.18,46.82
115.460946,-0.0068,0.0581,1.0015,-0.06,0.00,0.00,1.90,1.18,46.81
115.460946,-0.0073,0.0571,1.0015,0.00,0.00,0.00,1.90,1.18,46.81
115.490128,-0.0073,0.0581,1.0005,0.00,0.00,0.00,1.90,1.18,46.81
115.490128,-0.0073,0.0581,1.0010,0.00,0.00,-0.12,1.90,1.18,46.81
115.520789,-0.0078,0.0586,1.0005,0.06,0.00,-0.06,1.90,1.18,46.81
115.520789,-0.0068,0.0591,1.0005,0.06,0.00,-0.06,1.90,1.18,46.81
115.580873,-0.0073,0.0591,1.0010,0.00,0.00,-0.12,1.90,1.18,46.81
115.580873,-0.0083,0.0591,1.0005,0.00,0.00,-0.06,1.90,1.18,46.81
115.610028,-0.0068,0.0576,1.0020,-0.06,0.00,-0.06,1.90,1.18,46.81
115.610028,-0.0068,0.0581,1.0010,-0.06,0.00,-0.12,1.90,1.18,46.81
115.640894,-0.0049,0.0547,0.9971,0.24,0.31,-0.18,1.90,1.18,46.81
115.640894,-0.0073,0.0591,1.0049,0.18,0.06,-0.18,1.90,1.18,46.81
115.700854,-0.0059,0.0591,1.0024,0.55,0.18,-0.12,1.90,1.18,46.81
115.700854,-0.0063,0.0591,1.0034,-0.06,0.06,-0.12,1.90,1.18,46.81
115.761702,-0.0059,0.0586,1.0020,0.06,0.06,-0.06,1.90,1.18,46.81
115.761702,-0.0063,0.0576,1.0010,0.12,0.00,-0.06,1.90,1.18,46.81
115.761723,-0.0059,0.0591,0.9990,0.00,0.12,-0.06,1.90,1.18,46.81
115.761723,-0.0063,0.0596,1.0015,0.06,0.18,0.00,1.90,1.18,46.81
115.821166,-0.0063,0.0586,1.0020,0.06,0.06,0.00,1.90,1.18,46.81
115.821166,-0.0059,0.0586,0.9995,0.12,0.12,-0.06,1.90,1.18,46.81
115.850354,-0.0063,0.0581,1.0005,0.24,0.18,-0.12,1.90,1.18,46.81
115.850354,-0.0068,0.0601,1.0000,0.18,0.12,-0.06,1.90,1.18,46.80
115.880172,-0.0073,0.0601,1.0010,0.18,0.06,-0.12,1.90,1.18,46.80
115.880172,-0.0078,0.0591,1.0024,0.00,0.06,-0.12,1.91,1.18,46.80
115.941025,-0.0073,0.0596,1.0020,0.00,0.12,-0.06,1.91,1.18,46.80
115.941025,-0.0078,0.0596,1.0015,0.00,0.00,-0.06,1.91,1.18,46.80
115.970187,-0.0068,0.0586,1.0024,0.00,0.00,-0.06,1.91,1.18,46.80
115.970187,-0.0068,0.0591,1.0005,0.00,0.06,-0.12,1.91,1.18,46.80
116.001199,-0.0073,0.0596,1.0020,0.00,0.06,-0.06,1.91,1.18,46.80
116.001199,-0.0083,0.0591,1.0010,0.00,0.00,-0.06,1.91,1.18,46.80
116.060984,-0.0078,0.0581,1.0010,0.00,0.00,-0.06,1.91,1.18,46.80
116.060984,-0.0083,0.0591,1.0010,-0.06,0.00,-0.18,1.91,1.18,46.80
116.090115,-0.0078,0.0581,1.0015,0.00,0.00,-0.06,1.91,1.18,46.80
116.090115,-0.0078,0.0596,1.0015,0.06,0.06,-0.12,1.91,1.18,46.80
116.120874,-0.0073,0.0591,1.0010,0.00,0.00,-0.06,1.91,1.18,46.80
116.120874,-0.0078,0.0581,1.0015,0.00,0.00,-0.06,1.91,1.18,46.80
116.180053,-0.0068,0.0591,1.0015,0.06,0.00,-0.06,1.91,1.18,46.80
116.180053,-0.0073,0.0596,1.0010,0.06,0.00,0.00,1.91,1.18,46.80
116.211702,-0.0073,0.0596,1.0010,0.00,0.00,-0.06,1.91,1.18,46.80
116.211702,-0.0073,0.0596,1.0015,0.00,0.00,-0.06,1.91,1.19,46.80
116.240233,-0.0068,0.0596,1.0044,0.00,0.00,-0.06,1.91,1.19,46.80
116.240233,-0.0073,0.0581,1.0010,0.00,0.00,-0.06,1.91,1.19,46.80
116.301033,-0.0068,0.0586,1.0000,0.00,0.06,-0.06,1.91,1.19,46.80
116.301033,-0.0078,0.0591,1.0020,0.06,0.06,-0.06,1.91,1.19,46.80
116.330115,-0.0078,0.0591,1.0020,0.00,-0.06,-0.12,1.91,1.19,46.80
116.330115,-0.0063,0.0591,1.0020,-0.06,-0.06,0.00,1.91,1.19,46.80
116.361069,-0.0059,0.0591,1.0015,0.00,0.00,0.00,1.91,1.19,46.79
116.361069,-0.0073,0.0591,1.0020,0.06,0.06,-0.06,1.91,1.19,46.79
116.502948,-0.0068,0.0605,1.0005,0.00,0.06,-0.06,1.91,1.19,46.79
116.502948,-0.0073,0.0586,1.0000,0.00,0.00,-0.12,1.91,1.19,46.79
116.502969,-0.0073,0.0586,1.0010,0.00,0.00,-0.12,1.91,1.19,46.79
116.502969,-0.0068,0.0591,1.0010,0.06,0.00,-0.12,1.91,1.19,46.79
116.502979,-0.0068,0.0596,1.0005,0.06,0.00,-0.12,1.91,1.19,46.79
116.502979,-0.0078,0.0601,1.0015,0.00,0.00,-0.12,1.91,1.19,46.79
116.540896,-0.0063,0.0586,1.0005,0.00,0.00,-0.06,1.91,1.19,46.79
116.540896,-0.0073,0.0586,1.0010,0.06,0.06,-0.06,1.91,1.19,46.79
116.570076,-0.0078,0.0591,1.0000,0.06,0.00,-0.06,1.91,1.19,46.79
116.570076,-0.0073,0.0596,1.0005,0.00,0.06,-0.12,1.91,1.19,46.79
116.600791,-0.0068,0.0591,1.0005,0.06,0.06,-0.12,1.91,1.19,46.79
116.600791,-0.0078,0.0596,1.0020,0.12,0.06,-0.06,1.91,1.19,46.79
116.660824,-0.0078,0.0601,1.0010,0.12,0.12,-0.06,1.91,1.19,46.79
116.660824,-0.0073,0.0605,1.0015,0.00,0.06,-0.06,1.91,1.19,46.79
116.690290,-0.0078,0.0596,1.0010,0.06,0.00,-0.12,1.91,1.19,46.79
116.690290,-0.0073,0.0586,1.0015,0.12,0.00,-0.12,1.91,1.19,46.79
116.751317,-0.0078,0.0596,1.0015,0.06,0.06,-0.06,1.91,1.19,46.79
116.751317,-0.0078,0.0591,1.0005,0.00,0.06,-0.06,1.91,1.19,46.79
116.819429,-0.0068,0.0596,1.0000,0.00,0.00,-0.06,1.91,1.19,46.79
116.819429,-0.0073,0.0591,1.0010,0.06,0.00,-0.06,1.91,1.19,46.79
116.819458,-0.0073,0.0591,1.0010,0.06,0.06,-0.12,1.91,1.19,46.79
116.819458,-0.0073,0.0591,1.0024,0.00,0.00,-0.12,1.91,1.19,46.79
116.870995,-0.0073,0.0596,1.0015,0.00,0.00,-0.06,1.91,1.19,46.79
116.870995,-0.0073,0.0591,1.0005,0.06,0.06,-0.06,1.91,1.19,46.79
116.901373,-0.0073,0.0591,1.0010,0.12,0.06,-0.12,1.91,1.19,46.78
116.901373,-0.0073,0.0591,1.0005,0.06,0.12,-0.06,1.91,1.19,46.78
116.930497,-0.0078,0.0596,1.0010,0.06,0.06,-0.06,1.92,1.19,46.78
116.930497,-0.0068,0.0601,1.0005,0.12,0.18,-0.12,1.92,1.19,46.78
116.991200,-0.0078,0.0591,1.0005,0.06,0.06,-0.12,1.92,1.19,46.78
116.991200,-0.0073,0.0591,1.0010,0.06,0.12,-0.12,1.92,1.19,46.78
117.020249,-0.0083,0.0596,1.0015,0.12,0.06,-0.12,1.92,1.19,46.78
117.020249,-0.0078,0.0596,1.0020,0.06,0.00,-0.12,1.92,1.19,46.78
117.051406,-0.0088,0.0601,1.0020,0.00,0.06,0.00,1.92,1.19,46.78
117.051406,-0.0088,0.0591,1.0010,0.00,0.06,-0.06,1.92,1.19,46.78
117.111138,-0.0088,0.0605,1.0015,0.00,0.12,-0.06,1.92,1.19,46.78
117.111138,-0.0078,0.0596,1.0005,0.06,0.06,0.00,1.92,1.19,46.78
117.140273,-0.0073,0.0596,1.0000,0.12,0.18,-0.18,1.92,1.19,46.78
117.140273,-0.0088,0.0601,1.0039,0.18,0.12,-0.12,1.92,1.19,46.78
117.171068,-0.0093,0.0610,1.0020,0.18,0.12,-0.12,1.92,1.19,46.78
117.171068,-0.0103,0.0620,1.0010,0.00,0.00,-0.06,1.92,1.19,46.77
117.231236,-0.0088,0.0601,1.0010,-0.12,0.00,-0.06,1.92,1.19,46.77
117.231236,-0.0083,0.0591,0.9995,-0.06,0.00,-0.06,1.92,1.20,46.77
117.260352,-0.0083,0.0586,1.0020,0.06,0.00,-0.12,1.92,1.20,46.77
117.260352,-0.0083,0.0615,1.0020,0.12,0.06,-0.12,1.92,1.20,46.77
117.291066,-0.0083,0.0605,1.0024,0.00,0.12,-0.06,1.92,1.20,46.77
117.291066,-0.0088,0.0610,1.0039,0.06,0.00,0.00,1.92,1.20,46.77
117.351335,-0.0029,0.0562,0.9922,-0.24,0.06,-0.18,1.92,1.20,46.77
117.351335,-0.0093,0.0620,1.0029,0.00,-0.24,-0.06,1.92,1.20,46.77
117.423731,-0.0107,0.0586,1.0029,0.18,0.00,-0.12,1.92,1.20,46.77
117.423731,-0.0093,0.0605,0.9995,-0.12,0.12,-0.12,1.92,1.20,46.77
117.423904,-0.0073,0.0610,1.0015,0.06,0.12,-0.12,1.92,1.20,46.77
117.423904,-0.0088,0.0596,1.0010,0.12,0.06,-0.12,1.92,1.20,46.77
117.472014,-0.0078,0.0605,1.0010,0.00,0.00,0.00,1.92,1.20,46.77
117.472014,-0.0078,0.0605,1.0020,0.00,0.00,0.00,1.92,1.20,46.77
117.502026,-0.0083,0.0596,1.0015,-0.06,0.00,0.00,1.92,1.20,46.77
117.502026,-0.0093,0.0615,1.0015,0.00,0.00,-0.06,1.93,1.20,46.77
117.530548,-0.0088,0.0605,1.0020,0.00,0.00,0.00,1.93,1.20,46.77
117.530548,-0.0078,0.0601,0.9995,0.00,0.06,-0.06,1.93,1.20,46.77
117.591398,-0.0093,0.0615,1.0049,0.00,-0.12,0.00,1.93,1.20,46.77
117.591398,-0.0093,0.0601,1.0029,-0.06,-0.18,-0.06,1.93,1.20,46.77
117.620579,-0.0088,0.0620,1.0034,-0.37,-0.31,0.00,1.93,1.20,46.77
117.620579,-0.0093,0.0605,1.0029,-0.61,-0.55,0.00,1.93,1.20,46.77
117.653398,-0.0083,0.0605,1.0044,-0.73,-0.85,0.00,1.93,1.20,46.77
117.653398,-0.0073,0.0596,1.0010,-1.04,-1.10,0.06,1.93,1.20,46.77
117.711342,-0.0049,0.0601,0.9966,-0.98,-0.73,0.18,1.93,1.20,46.77
117.711342,-0.0059,0.0557,0.9976,-0.43,-0.24,0.12,1.93,1.20,46.77
117.740637,-0.0068,0.0586,1.0010,0.06,-0.06,-0.06,1.93,1.20,46.77
117.740637,-0.0073,0.0591,1.0010,0.00,0.00,-0.06,1.93,1.20,46.77
117.771350,-0.0068,0.0591,1.0010,-0.06,0.00,-0.06,1.93,1.20,46.77
117.771350,-0.0063,0.0581,1.0015,0.00,-0.06,0.00,1.93,1.20,46.77
117.831087,-0.0068,0.0581,1.0015,0.00,-0.06,-0.12,1.93,1.20,46.77
117.831087,-0.0068,0.0596,1.0010,0.00,0.00,-0.12,1.93,1.20,46.77
117.860511,-0.0059,0.0581,1.0015,-0.12,0.00,-0.06,1.93,1.20,46.77
117.860511,-0.0063,0.0591,1.0005,0.00,0.00,-0.06,1.93,1.20,46.76
117.891399,-0.0068,0.0586,1.0020,0.12,0.00,-0.12,1.93,1.20,46.76
117.891399,-0.0078,0.0591,1.0015,0.06,0.00,-0.06,1.93,1.20,46.76
117.953332,-0.0078,0.0586,1.0015,-0.06,0.00,-0.06,1.93,1.20,46.76
117.953332,-0.0068,0.0591,1.0015,-0.12,0.00,-0.06,1.93,1.20,46.76
117.983457,-0.0059,0.0591,1.0015,0.00,0.00,-0.06,1.93,1.20,46.76
117.983457,-0.0063,0.0591,1.0020,-0.06,0.00,-0.06,1.93,1.20,46.76
118.013393,-0.0063,0.0581,1.0010,-0.06,0.00,-0.12,1.93,1.20,46.76
118.013393,-0.0063,0.0586,1.0024,0.12,0.00,-0.12,1.93,1.20,46.76
118.071400,-0.0068,0.0601,1.0010,0.12,0.00,-0.12,1.93,1.20,46.76
118.071400,-0.0068,0.0586,1.0015,0.06,0.00,-0.06,1.93,1.20,46.76
118.100507,-0.0063,0.0586,1.0015,0.00,0.00,-0.06,1.93,1.20,46.76
118.100507,-0.0068,0.0591,1.0010,-0.06,0.00,0.00,1.93,1.20,46.76
118.161202,-0.0059,0.0586,1.0005,-0.06,0.00,0.00,1.93,1.20,46.76
118.161202,-0.0063,0.0581,1.0005,0.00,0.00,-0.06,1.93,1.20,46.76
118.190522,-0.0068,0.0576,1.0015,-0.06,0.00,-0.06,1.93,1.20,46.76
118.190522,-0.0068,0.0581,1.0015,0.00,0.00,-0.06,1.93,1.20,46.76
118.221340,-0.0063,0.0576,1.0010,0.00,0.00,0.00,1.93,1.20,46.76
118.221340,-0.0063,0.0576,1.0015,0.00,0.00,-0.12,1.93,1.20,46.76
118.281883,-0.0068,0.0586,1.0010,0.00,0.00,-0.06,1.93,1.20,46.76
118.281883,-0.0073,0.0586,1.0015,0.00,0.00,-0.06,1.93,1.20,46.76
118.310646,-0.0078,0.0591,1.0005,0.00,0.00,-0.06,1.93,1.20,46.76
118.310646,-0.0068,0.0581,1.0010,-0.06,0.00,-0.06,1.93,1.20,46.76
118.341531,-0.0063,0.0586,1.0020,0.00,0.00,0.00,1.93,1.20,46.76
118.341531,-0.0078,0.0430,0.9810,1.04,1.04,-0.37,1.93,1.20,46.76
118.401453,-0.0566,0.1924,0.9956,0.73,8.73,3.05,2.17,1.41,46.76
118.401453,0.0068,0.0244,0.9741,-6.53,-2.44,-3.60,1.92,1.39,46.81
118.430263,-0.0137,0.0571,1.0039,-8.18,1.71,-3.36,1.78,1.41,46.74
118.430263,0.0024,0.0498,0.9878,-7.02,0.49,-5.74,1.62,1.42,46.64
118.461463,-0.0215,0.0630,1.0127,-11.23,-2.56,-5.62,1.44,1.42,46.54
118.461463,0.0225,0.0518,1.0034,-15.32,-3.60,-11.17,1.16,1.36,46.35
118.521295,0.0215,0.0669,0.9941,-32.23,6.10,1.40,0.71,1.38,46.37
118.521295,-0.0312,0.0010,0.9683,-18.19,3.66,13.00,0.18,1.51,46.57
118.550153,-0.0112,0.0459,1.0078,-14.10,3.66,12.21,-0.11,1.57,46.81
118.550153,-0.0034,-0.0107,1.0132,-9.34,2.32,15.20,-0.35,1.62,47.11
118.581198,-0.0220,-0.0234,1.0186,-6.04,2.08,6.53,-0.49,1.66,47.33
118.581198,-0.0176,-0.0176,1.0132,-3.23,1.95,0.67,-0.59,1.70,47.39
118.641468,-0.0181,0.0044,1.0098,0.24,0.98,-0.12,-0.61,1.73,47.40
118.641468,-0.0190,0.0117,1.0000,1.53,-0.43,-0.24,-0.59,1.74,47.39
118.670794,-0.0156,0.0161,1.0005,1.89,-0.79,-0.06,-0.55,1.72,47.39
118.670794,-0.0151,0.0151,1.0034,2.26,-0.61,0.12,-0.51,1.71,47.39
118.701256,-0.0107,0.0186,1.0122,1.34,0.12,0.24,-0.47,1.70,47.40
118.701256,-0.0166,0.0156,1.0107,-0.55,0.92,0.37,-0.47,1.71,47.41
118.761369,-0.0166,0.0190,1.0142,-1.77,-0.37,0.31,-0.49,1.72,47.42
118.761369,-0.0161,0.0288,1.0273,-7.45,-1.10,0.79,-0.58,1.70,47.43
118.790160,-0.0225,0.0249,1.0435,-17.03,-3.30,0.67,-0.82,1.66,47.44
118.790160,-0.0322,0.0098,1.0850,-35.16,-4.21,-2.32,-1.33,1.58,47.43
118.850218,-0.0811,-0.1133,1.2217,-51.88,2.44,-4.21,-2.26,1.55,47.36
118.850218,-0.0908,-0.0132,1.3252,-25.51,4.46,-5.80,-3.03,1.62,47.26
118.880531,-0.0308,0.0312,1.4150,-18.98,6.10,-7.69,-3.46,1.73,47.13
118.880531,0.0010,0.0527,1.4731,-6.10,2.20,-8.30,-3.72,1.82,46.96
118.910955,0.0078,0.0410,1.4741,8.24,-7.87,-5.86,-3.69,1.75,46.82
118.910955,0.0137,-0.0127,1.4688,25.21,-19.96,-1.71,-3.34,1.47,46.76
118.941252,-0.0703,-0.0454,1.3931,10.99,-34.36,-6.84,-2.91,0.93,46.71
118.941252,-0.0220,-0.1001,1.3955,-12.51,-42.24,3.78,-2.94,0.12,46.65
119.002365,0.0171,-0.0273,1.3643,-47.73,-33.81,19.96,-3.54,-0.62,46.96
119.002365,0.1777,0.0493,1.4341,-54.57,-20.32,5.37,-4.67,-1.16,47.30
119.030356,0.1265,0.1118,1.4819,-47.36,-5.98,-28.38,-5.67,-1.41,47.05
119.030356,0.0532,0.0654,1.5469,-32.96,-8.54,-36.32,-6.44,-1.59,46.36
119.061359,-0.0015,-0.1245,1.5068,-13.55,-16.11,-24.05,-6.88,-1.91,45.78
119.061359,0.0371,-0.2568,1.4028,5.68,-2.62,-11.47,-6.93,-2.16,45.46
119.121463,0.0288,-0.2412,1.3130,9.09,8.97,-6.04,-6.74,-2.07,45.31
119.121463,0.0493,-0.1357,1.3018,15.38,16.54,-16.36,-6.51,-1.82,45.09
119.150759,0.0293,-0.0981,1.3027,34.85,25.82,-36.62,-5.98,-1.44,44.49
119.150759,-0.0127,-0.1646,1.2397,39.31,24.78,-31.43,-5.21,-0.99,43.74
119.180531,-0.0669,-0.1792,1.1108,42.36,25.63,-15.26,-4.33,-0.51,43.24
119.180531,-0.0425,-0.2349,0.9927,37.66,33.45,3.85,-3.53,0.05,43.10
119.241335,-0.0400,-0.1577,0.9097,31.25,44.80,19.10,-2.84,0.85,43.33
119.241335,0.0068,-0.0869,0.8716,31.13,52.12,27.28,-2.25,1.84,43.81
119.270294,0.0317,-0.0532,0.8276,30.58,48.22,27.53,-1.59,2.87,44.36
119.270294,0.0352,-0.0444,0.7876,25.27,34.79,27.34,-1.03,3.70,44.91
119.301955,0.0010,-0.0308,0.7607,24.05,11.72,31.49,-0.48,4.16,45.50
119.301955,-0.0454,-0.0254,0.7358,18.62,-13.43,33.39,-0.03,4.11,46.16
119.361517,-0.0547,-0.0386,0.6875,9.64,-26.31,37.11,0.30,3.66,46.86
119.361517,-0.0747,-0.0015,0.6899,2.69,-25.76,34.24,0.43,3.09,47.57
119.390275,-0.0815,0.0088,0.7051,15.08,-16.78,24.05,0.63,2.65,48.14
119.390275,-0.0786,-0.0283,0.7261,16.91,-5.62,22.46,0.99,2.42,48.58
119.421245,-0.0801,-0.0117,0.7480,16.30,2.32,26.86,1.32,2.36,49.08
119.421245,-0.0649,0.0044,0.7632,25.70,11.54,28.93,1.75,2.48,49.65
119.481293,-0.0215,-0.0088,0.7607,30.09,17.33,32.59,2.35,2.74,50.28
119.481293,0.0112,-0.0029,0.7349,30.82,19.17,34.30,2.98,3.07,50.98
119.510163,0.0503,0.0083,0.6938,32.90,20.87,31.86,3.65,3.41,51.69
119.510163,0.0708,0.0288,0.6641,35.22,20.32,27.16,4.36,3.77,52.31
119.571001,0.0669,0.0308,0.6274,39.79,12.51,23.62,5.16,4.06,52.85
119.571001,0.0581,0.0449,0.5830,36.87,4.09,22.09,5.95,4.15,53.33
119.601231,0.0415,0.0615,0.5728,30.94,-0.92,19.65,6.66,4.12,53.75
119.601231,0.0415,0.1079,0.6050,26.61,-2.75,14.34,7.23,4.03,54.09
119.630161,0.0391,0.1440,0.5864,25.21,-0.85,5.13,7.80,3.96,54.26
119.630161,0.0083,0.1528,0.5732,16.17,-4.09,8.12,8.20,3.90,54.38
119.690973,-0.0122,0.1860,0.5396,13.06,-4.70,7.57,8.50,3.77,54.53
119.690973,-0.0088,0.1982,0.4937,11.29,3.60,1.10,8.74,3.74,54.61
119.721346,-0.0005,0.1890,0.4814,9.64,10.99,-5.25,8.95,3.90,54.60
119.721346,0.0005,0.1714,0.4683,4.82,15.62,-10.38,9.09,4.20,54.48
119.750183,-0.0186,0.1533,0.4580,-3.54,22.58,-14.59,9.10,4.61,54.31
119.750183,-0.0249,0.1797,0.4839,-15.14,36.62,-21.55,8.89,5.26,54.06
119.812885,-0.0854,0.2227,0.6221,-21.48,47.06,-23.13,8.46,6.21,53.75
119.812885,-0.1387,0.2539,0.7095,-15.69,44.07,-14.95,8.05,7.17,53.53
119.873942,-0.1270,0.2261,0.6938,-10.50,43.64,-9.52,7.80,8.07,53.44
119.873942,-0.0874,0.2129,0.6660,-10.44,41.99,-7.45,7.59,8.95,53.42
119.873966,-0.0537,0.2256,0.6870,-6.71,33.39,-8.18,7.40,9.72,53.39
119.873966,-0.0283,0.2461,0.6768,-0.85,21.48,-9.58,7.32,10.29,53.29
119.931012,-0.0142,0.2207,0.6479,2.75,9.83,-7.75,7.32,10.62,53.17
119.931012,-0.0947,0.1382,0.6128,-4.52,-7.63,-6.77,7.31,10.66,53.01
119.961317,-0.1870,0.1240,0.5957,-14.77,-16.24,-0.55,7.09,10.40,52.92
119.961317,-0.2310,0.1318,0.6250,-24.23,-8.00,-4.03,6.67,10.14,52.84
119.990253,-0.2163,0.1021,0.6733,-29.11,7.63,-10.93,6.11,10.17,52.68
119.990253,-0.1724,0.0938,0.7651,-34.30,16.36,-16.17,5.43,10.46,52.44
120.051159,-0.1196,0.1084,0.8589,-34.67,17.82,-15.32,4.68,10.85,52.16
120.051159,-0.1089,0.0356,0.8857,-33.20,11.84,-7.63,3.97,11.18,51.95
120.080603,-0.1011,-0.1191,0.8740,-37.23,0.79,-10.74,3.25,11.32,51.81
120.080603,-0.1260,-0.1094,0.9478,-48.52,-11.84,-16.60,2.32,11.22,51.51
120.110339,-0.1880,-0.0337,1.0469,-42.18,-21.73,-20.26,1.32,10.88,51.10
120.110339,-0.1895,-0.0352,1.0112,-34.55,-15.44,-17.52,0.51,10.50,50.71
120.171104,-0.1772,-0.0649,1.0020,-33.26,-2.01,-19.35,-0.23,10.35,50.33
120.171104,-0.2114,-0.1055,1.0483,-38.45,-0.12,-16.72,-1.01,10.37,49.94
120.201511,-0.1943,-0.0806,1.1240,-36.80,-3.66,-10.62,-1.82,10.31,49.69
120.201511,-0.1733,-0.0771,1.1387,-24.72,-1.22,-8.61,-2.47,10.26,49.49
120.230277,-0.1411,-0.1260,1.0747,-18.19,4.03,-8.36,-2.90,10.28,49.33
120.230277,-0.1284,-0.1387,1.0542,-25.15,3.72,-13.00,-3.36,10.37,49.11
120.291224,-0.1904,-0.0903,1.1582,-26.55,-7.32,-12.94,-3.95,10.33,48.83
120.291224,-0.2412,-0.1079,1.1582,-21.12,-14.22,-8.18,-4.45,10.07,48.64
120.321397,-0.2231,-0.1641,1.0938,-25.57,-3.36,-8.18,-4.92,9.88,48.50
120.321397,-0.1782,-0.1353,1.1543,-31.74,6.10,-11.84,-5.55,9.93,48.29
120.352905,-0.1924,-0.1021,1.2319,-32.53,-1.95,-9.52,-6.23,9.96,48.05
120.352905,-0.2231,-0.1401,1.2300,-25.94,-8.91,-5.07,-6.84,9.81,47.93
120.411002,-0.1675,-0.1938,1.2227,-27.95,-1.89,-10.62,-7.39,9.69,47.80
120.411002,-0.1792,-0.1772,1.3584,-28.93,-8.18,-9.77,-8.01,9.60,47.57
120.441222,-0.2007,-0.1538,1.4209,-21.85,-22.16,0.06,-8.53,9.28,47.52
120.441222,-0.1631,-0.1592,1.3633,-16.11,-22.22,2.69,-8.88,8.81,47.63
120.470242,-0.1460,-0.1763,1.3320,-12.15,-18.07,0.00,-9.15,8.43,47.71
120.470242,-0.1255,-0.1641,1.3066,-8.00,-20.63,0.67,-9.34,8.05,47.77
120.530984,-0.1128,-0.1782,1.2583,-5.86,-21.91,-2.87,-9.47,7.62,47.81
120.530984,-0.1211,-0.1626,1.2378,-6.90,-17.33,-7.45,-9.61,7.21,47.76
120.561315,-0.1240,-0.1475,1.2134,-4.21,-16.17,-8.73,-9.73,6.87,47.64
120.561315,-0.1436,-0.1450,1.1650,-2.81,-22.22,-6.77,-9.82,6.47,47.54
120.590315,-0.2246,-0.1548,1.1157,-5.62,-22.83,-2.62,-9.89,5.99,47.51
120.590315,-0.2329,-0.1372,1.1074,-7.39,-15.87,1.16,-10.03,5.61,47.57
120.651063,-0.1841,-0.1367,1.1094,-6.96,-12.08,3.05,-10.17,5.35,47.65
120.651063,-0.1455,-0.1289,1.1636,-4.03,-13.79,2.62,-10.28,5.11,47.75
120.681293,-0.0752,-0.0518,1.3848,47.00,-69.15,26.12,-9.46,4.22,48.15
120.681293,-0.1084,-0.1216,1.1250,34.30,-47.85,18.31,-8.67,3.07,48.83
120.710288,-0.0522,-0.1260,1.0898,16.85,-8.06,-3.97,-8.15,2.59,48.99
120.710288,-0.0459,-0.1431,1.0566,-1.04,3.23,-4.09,-8.01,2.57,48.89
120.771471,-0.0220,-0.1392,1.0850,-13.67,8.18,-5.55,-8.18,2.68,48.80
120.771471,-0.0083,-0.0645,1.3291,-6.47,-4.94,-5.62,-8.42,2.73,48.65
120.800532,-0.0142,-0.0698,1.4150,2.38,-24.17,1.46,-8.44,2.40,48.67
120.800532,-0.0073,-0.0703,1.4541,7.69,-23.13,-2.38,-8.33,1.90,48.73
120.831065,-0.0225,-0.0664,1.5337,14.28,-17.76,-4.64,-8.11,1.50,48.70
120.831065,-0.0273,-0.0781,1.5581,22.71,-16.17,-3.85,-7.73,1.15,48.65
120.892246,-0.0391,-0.0894,1.5498,25.63,-10.93,-2.44,-7.23,0.88,48.62
120.892246,-0.0654,-0.1094,1.5029,20.14,-10.93,1.59,-6.77,0.68,48.63
120.921476,-0.0601,-0.1265,1.4834,9.16,-12.76,7.32,-6.48,0.44,48.75
120.921476,0.0049,-0.1250,1.4839,0.67,-15.20,9.52,-6.39,0.18,48.96
120.981364,0.0825,-0.1143,1.5239,-0.12,-20.39,4.03,-6.41,-0.16,49.13
120.981364,0.0938,-0.0830,1.5835,11.35,-29.24,-3.85,-6.32,-0.65,49.16
121.013018,0.0410,-0.0908,1.4868,35.10,-35.03,-7.02,-5.83,-1.33,49.10
121.013018,0.0200,-0.1084,1.3218,49.26,-23.56,-9.16,-4.95,-1.94,48.99
121.043388,-0.0635,-0.0796,1.2583,60.24,-2.08,-16.48,-3.83,-2.21,48.74
121.043388,-0.1509,-0.0781,1.1987,72.57,22.95,-13.43,-2.48,-2.00,48.43
121.101396,-0.0869,-0.0991,1.0864,74.52,48.10,-13.00,-0.97,-1.27,48.17
121.101396,-0.0449,-0.0757,1.0635,65.86,62.62,-14.28,0.43,-0.09,47.92
121.130276,0.0000,-0.0527,1.0928,60.18,50.72,-8.91,1.69,1.07,47.73
121.130276,0.0449,-0.0400,1.0820,54.08,24.60,-4.09,2.82,1.83,47.65
121.161279,0.0425,-0.0327,1.0391,48.58,-0.06,0.00,3.85,2.04,47.64
121.161279,0.0054,0.0083,1.0410,46.26,-14.10,-0.61,4.79,1.88,47.62
121.221625,-0.0557,0.0195,1.0088,47.00,-20.20,2.75,5.72,1.52,47.60
121.221625,-0.0889,0.0303,0.9502,46.57,-14.40,6.71,6.66,1.14,47.65
121.250914,-0.0786,0.0469,0.9033,46.57,2.26,8.42,7.59,1.01,47.79
121.250914,-0.0557,0.0728,0.9048,46.94,17.09,10.80,8.53,1.19,48.02
121.280627,-0.0249,0.0752,0.8745,50.60,24.17,14.04,9.51,1.55,48.35
121.280627,0.0015,0.0518,0.8208,48.03,32.23,16.17,10.51,2.05,48.76
121.340652,0.0137,0.0474,0.7588,38.51,40.16,17.76,11.38,2.70,49.25
121.340652,0.0215,0.0645,0.7383,37.90,36.07,20.87,12.15,3.37,49.81
121.370299,0.0200,0.0620,0.6709,35.28,32.10,23.13,12.93,3.91,50.41
121.370299,0.0527,0.0781,0.6475,27.65,31.13,22.89,13.58,4.41,51.03
121.400649,0.0981,0.1133,0.6934,26.67,23.38,20.02,14.15,4.83,51.59
121.400649,0.1255,0.1338,0.6802,29.54,5.80,15.32,14.74,5.02,52.01
121.460650,0.1143,0.1504,0.6099,31.49,-8.06,9.03,15.38,4.89,52.23
121.460650,0.0850,0.1665,0.5464,27.10,-12.51,2.44,15.97,4.66,52.27
121.490289,0.0483,0.1968,0.5552,21.24,-15.81,0.18,16.44,4.37,52.21
121.490289,0.0312,0.2373,0.5747,17.70,-13.67,-2.69,16.82,4.09,52.09
121.520551,-0.0093,0.2632,0.6182,17.46,-9.95,-3.17,17.16,3.89,51.95
121.520551,-0.0522,0.2803,0.6001,18.31,-5.31,-0.18,17.51,3.75,51.87
121.610521,-0.0698,0.3120,0.5635,15.75,2.87,1.83,17.86,3.72,51.89
121.610521,-0.0796,0.3564,0.5767,13.61,7.69,2.50,18.14,3.82,51.97
121.612712,-0.0884,0.3911,0.5713,15.44,6.65,3.11,18.44,3.94,52.08
121.612712,-0.1123,0.4058,0.5176,15.69,5.62,4.21,18.76,4.03,52.19
121.640559,-0.1299,0.4043,0.4663,13.73,4.82,5.92,19.06,4.09,52.32
121.640559,-0.1201,0.3979,0.4136,6.65,4.52,8.54,19.28,4.12,52.50
121.700621,-0.0894,0.4067,0.4160,1.22,5.92,6.59,19.36,4.16,52.68
121.700621,-0.0742,0.3896,0.4209,-2.44,3.97,4.94,19.36,4.22,52.83
121.730343,-0.0625,0.3574,0.4038,-8.24,3.23,1.71,19.26,4.26,52.92
121.730343,-0.0459,0.3428,0.4365,-15.20,1.40,-0.43,19.02,4.31,52.94
121.760625,-0.0156,0.3140,0.4526,-20.26,-1.04,-2.81,18.66,4.31,52.92
121.760625,-0.0015,0.2793,0.4492,-22.77,-0.79,-7.93,18.22,4.33,52.81
121.820631,0.0010,0.2412,0.4189,-28.02,3.97,-12.63,17.70,4.42,52.62
121.820631,-0.0112,0.2280,0.4551,-36.50,9.03,-13.67,17.04,4.64,52.41
121.850290,-0.0107,0.2310,0.5474,-41.75,10.31,-13.37,16.23,4.92,52.21
121.850290,-0.0225,0.2285,0.6152,-44.13,10.56,-14.34,15.35,5.20,52.01
121.914995,-0.0547,0.2012,0.6465,-42.85,9.58,-14.04,14.47,5.47,51.80
121.914995,-0.0444,0.1548,0.6494,-43.15,10.19,-12.63,13.60,5.73,51.60
121.940578,-0.0361,0.1177,0.6763,-48.52,10.68,-14.04,12.66,6.00,51.39
121.940578,-0.0117,0.0972,0.7188,-57.68,12.15,-17.21,11.58,6.30,51.15
121.971390,-0.0034,0.0820,0.8413,-63.54,7.93,-22.09,10.32,6.60,50.81
121.971390,-0.0015,0.0703,0.9233,-63.23,-8.00,-23.74,9.00,6.69,50.35
122.000481,0.0068,0.0864,0.9629,-63.11,-20.81,-27.77,7.67,6.47,49.79
122.000481,-0.0454,0.0879,0.9658,-53.83,-34.18,-26.00,6.44,5.99,49.16
122.060644,-0.0908,0.0498,0.8921,-49.44,-32.90,-22.34,5.38,5.36,48.60
122.060644,-0.0635,0.0229,0.9224,-49.62,-27.77,-18.37,4.35,4.82,48.13
122.090358,0.0430,0.0469,0.9976,-45.78,-36.13,-17.76,3.36,4.24,47.72
122.090358,0.1123,0.0039,1.0303,-35.52,-59.08,-21.61,2.53,3.32,47.26
122.120617,0.0635,-0.0664,1.0239,-38.45,-83.25,-23.32,1.80,1.91,46.70
122.120617,-0.0361,-0.0469,1.0479,-39.61,-101.56,-12.70,1.00,0.04,46.24
122.180634,-0.0889,-0.0537,1.0005,-37.05,-89.60,0.12,0.25,-1.92,46.05
122.180634,-0.0762,-0.0903,0.9521,-38.45,-46.57,6.84,-0.50,-3.28,46.11
122.210344,0.0059,-0.0962,1.0298,-51.03,-7.26,8.67,-1.42,-3.76,46.27
122.210344,0.0957,-0.0786,1.1484,-47.49,-4.88,9.22,-2.43,-3.82,46.45
122.240657,0.0894,-0.1060,1.1382,-41.93,-14.28,8.42,-3.33,-4.03,46.64
122.240657,0.0186,-0.1279,1.1235,-42.54,-12.57,7.32,-4.17,-4.31,46.80
122.302311,-0.0107,-0.1182,1.1860,-45.59,-1.40,9.22,-5.09,-4.44,46.98
122.302311,0.0254,-0.1143,1.2544,-40.89,9.64,11.90,-5.98,-4.33,47.19
122.330356,0.0479,-0.1440,1.2749,-38.09,18.74,8.12,-6.77,-4.02,47.37
122.330356,0.0195,-0.1309,1.3799,-31.19,19.10,5.74,-7.49,-3.61,47.46
122.390389,0.0190,-0.1548,1.3857,-20.32,11.05,7.93,-7.99,-3.30,47.56
122.390389,0.0527,-0.1353,1.3950,-11.17,2.99,8.00,-8.33,-3.14,47.72
122.420566,0.0684,-0.1230,1.3911,4.94,-2.56,4.88,-8.41,-3.13,47.85
122.420566,0.0435,-0.1567,1.2930,9.77,0.24,5.13,-8.23,-3.15,47.96
122.450300,0.0215,-0.1885,1.2129,4.27,12.82,4.39,-8.07,-3.02,48.04
122.450300,0.0518,-0.1641,1.2583,-1.83,17.94,5.37,-8.07,-2.66,48.09
122.510434,0.1172,-0.1538,1.2876,-0.55,8.12,6.04,-8.11,-2.38,48.18
122.510434,0.1138,-0.1621,1.2544,-0.37,-1.65,6.59,-8.12,-2.32,48.30
122.540652,0.0874,-0.1885,1.1831,-2.87,2.69,6.35,-8.16,-2.32,48.43
122.540652,0.1250,-0.1602,1.1846,-7.02,12.88,2.99,-8.28,-2.14,48.52
122.570424,0.1240,-0.1455,1.1851,-1.95,11.54,0.49,-8.37,-1.87,48.51
122.570424,0.1001,-0.1641,1.1040,-1.83,3.91,1.10,-8.39,-1.71,48.50
122.630374,0.0864,-0.1641,1.0874,-9.83,-2.26,2.14,-8.51,-1.70,48.54
122.630374,0.0874,-0.1265,1.1548,-11.78,-7.51,2.50,-8.75,-1.80,48.60
122.661120,0.0542,-0.1060,1.1841,-4.88,-8.85,1.40,-8.93,-1.97,48.66
122.661120,0.0059,-0.1270,1.1211,-1.53,2.62,-2.08,-8.97,-2.05,48.67
122.690276,-0.0103,-0.1035,1.1436,-2.56,18.68,-4.15,-9.03,-1.82,48.58
122.690276,0.0161,-0.0903,1.1582,0.12,19.84,-3.66,-9.05,-1.42,48.44
122.750380,0.0200,-0.0859,1.1431,3.48,8.67,-1.59,-9.00,-1.14,48.35
122.750380,0.0034,-0.0918,1.1138,1.77,-1.46,1.04,-8.94,-1.08,48.34
122.780585,0.0010,-0.0889,1.1172,-2.01,-5.74,4.64,-8.94,-1.16,48.42
122.780585,0.0420,-0.0757,1.1479,-3.05,-2.93,2.93,-9.01,-1.24,48.52
122.810413,0.0537,-0.0645,1.2007,-0.98,4.33,-3.05,-9.05,-1.22,48.51
122.810413,0.0532,-0.0747,1.2119,2.14,7.57,-5.49,-9.03,-1.11,48.40
122.870319,0.0444,-0.0830,1.2427,0.00,8.06,-6.90,-9.00,-0.96,48.26
122.870319,0.0264,-0.0972,1.3145,-0.37,8.06,-6.53,-8.99,-0.82,48.10
122.929112,0.0269,-0.1011,1.4126,1.04,10.62,-5.43,-8.99,-0.65,47.96
122.929112,0.0254,-0.1108,1.4668,4.39,14.22,-5.62,-8.93,-0.42,47.82
122.930333,0.0020,-0.1416,1.4771,1.22,16.60,-2.99,-8.85,-0.12,47.69
122.930333,-0.0400,-0.1782,1.4668,-6.41,16.48,4.33,-8.90,0.22,47.65
122.990238,0.0576,-0.1577,1.6123,-12.63,14.10,6.90,-9.12,0.54,47.76
122.990238,0.0713,-0.0928,1.8428,14.28,0.06,0.00,-9.14,0.71,47.79
123.020634,-0.0459,-0.1470,1.6748,44.01,-15.44,4.09,-8.50,0.52,47.85
123.020634,-0.1777,-0.2124,1.3721,43.95,-4.82,12.21,-7.58,0.30,48.04
123.050338,-0.1943,-0.2012,1.2505,33.26,19.23,16.60,-6.82,0.49,48.33
123.050338,-0.1338,-0.2222,1.1533,20.87,32.10,20.26,-6.26,1.06,48.65
123.110377,0.0273,-0.1895,1.2036,3.91,31.56,14.40,-6.04,1.76,48.97
123.110377,0.0610,-0.1577,1.2915,3.36,11.54,5.74,-5.98,2.21,49.13
123.140640,0.0947,-0.1167,1.3794,12.02,-11.60,-6.59,-5.84,2.19,49.12
123.140640,-0.0273,-0.1221,1.3345,27.71,-28.75,-10.62,-5.43,1.75,48.96
123.170350,-0.1079,-0.1323,1.1797,37.90,-26.61,-8.61,-4.76,1.14,48.80
123.170350,-0.1318,-0.1255,1.0518,41.81,-1.71,-7.20,-3.95,0.84,48.66
123.230395,-0.0957,-0.1191,1.0376,46.57,24.23,-4.27,-3.07,1.09,48.54
123.230395,-0.0181,-0.0928,1.0527,51.88,44.86,-1.28,-2.08,1.80,48.48
123.260587,0.0127,-0.0664,1.0459,60.49,56.58,-1.77,-0.96,2.85,48.44
123.260587,-0.0264,-0.0757,0.9111,63.60,54.26,2.26,0.30,3.97,48.47
123.290362,-0.0430,-0.0620,0.7905,55.73,49.80,4.27,1.52,5.01,48.58
123.290362,-0.0664,-0.0161,0.8013,49.19,36.74,6.90,2.55,5.88,48.75
123.350394,-0.0835,-0.0098,0.7939,44.19,18.37,9.70,3.52,6.40,48.97
123.350394,-0.1079,0.0029,0.7998,38.51,2.38,10.31,4.36,6.59,49.19
123.380436,-0.1104,0.0088,0.8188,35.16,-8.85,12.82,5.10,6.48,49.41
123.380436,-0.1074,0.0527,0.8389,36.50,-15.75,15.87,5.83,6.20,49.67
123.410691,-0.0703,0.0464,0.8008,42.79,-15.26,16.36,6.66,5.83,49.95
123.410691,-0.0732,0.0361,0.7441,46.57,-10.68,18.13,7.58,5.53,50.25
123.470633,-0.0581,0.0371,0.7207,48.52,-5.80,23.68,8.56,5.30,50.64
123.470633,0.0103,0.0269,0.6958,47.79,-0.24,24.23,9.57,5.15,51.12
123.500669,0.0552,0.0469,0.7197,46.45,1.83,19.29,10.54,5.10,51.55
123.500669,0.0894,0.0557,0.6880,50.66,-5.49,16.17,11.54,4.98,51.89
123.530325,0.1030,0.0718,0.6011,48.22,-8.61,10.93,12.56,4.78,52.12
123.530325,0.1045,0.1216,0.5674,40.95,-12.21,5.19,13.45,4.53,52.22
123.590380,0.0815,0.1753,0.5503,35.64,-15.38,-0.73,14.21,4.26,52.19
123.590380,0.0376,0.2134,0.5127,29.60,-15.08,-5.37,14.85,3.97,52.04
123.620743,-0.0029,0.2637,0.5171,24.17,-12.94,-7.26,15.36,3.74,51.83
123.620743,-0.0322,0.3013,0.5322,19.96,-10.68,-8.67,15.79,3.57,51.61
123.650329,-0.0625,0.3276,0.5522,15.87,-9.40,-8.91,16.13,3.43,51.38
123.650329,-0.0850,0.3481,0.5439,11.90,-10.31,-7.32,16.40,3.29,51.17
123.710368,-0.1001,0.3608,0.5200,8.48,-8.61,-5.86,16.59,3.15,50.98
123.710368,-0.1064,0.3657,0.4868,4.21,-4.64,-4.52,16.72,3.05,50.84
123.740684,-0.1118,0.3755,0.4580,-1.65,0.43,-2.56,16.74,3.03,50.77
123.740684,-0.1157,0.3760,0.4619,-9.16,7.63,0.00,16.63,3.12,50.77
123.800622,-0.0918,0.3638,0.5083,-15.81,13.00,1.28,16.37,3.32,50.86
123.800622,-0.0674,0.3506,0.5693,-18.37,11.72,1.04,16.02,3.56,50.96
123.830388,-0.0444,0.3223,0.6006,-21.12,9.64,-1.16,15.63,3.77,51.03
123.830388,-0.0332,0.2969,0.6304,-22.77,3.30,-3.36,15.19,3.91,51.02
123.860630,-0.0337,0.2773,0.6416,-22.83,-3.78,-5.74,14.73,3.92,50.93
123.860630,-0.0493,0.2417,0.5977,-24.35,-5.13,-5.98,14.26,3.85,50.78
123.920779,-0.0703,0.2212,0.6216,-25.57,4.09,-4.82,13.74,3.87,50.67
123.920779,-0.0625,0.1992,0.6611,-26.18,17.88,-1.34,13.23,4.10,50.67
123.980370,-0.0415,0.1777,0.7026,-29.42,31.49,-0.18,12.69,4.59,50.79
123.980370,-0.0210,0.1738,0.7930,-35.22,39.86,-1.59,12.05,5.31,50.95
123.981289,0.0039,0.1641,0.8994,-34.12,38.45,-5.25,11.35,6.10,51.07
123.981289,0.0083,0.1313,0.9507,-30.03,25.57,-10.93,10.72,6.78,51.06
124.040341,-0.0342,0.1143,0.9292,-28.50,12.21,-15.38,10.12,7.19,50.87
124.040341,-0.0747,0.1353,0.9277,-28.75,6.41,-17.46,9.51,7.42,50.57
124.070662,-0.1172,0.1504,0.9253,-22.58,6.23,-16.42,8.95,7.60,50.26
124.070662,-0.1660,0.1187,0.8862,-21.06,11.47,-13.55,8.51,7.82,49.99
124.100374,-0.1997,0.1543,0.9146,-20.20,12.08,-6.04,8.06,8.10,49.83
124.100374,-0.1421,0.1558,0.8418,-22.52,21.06,-0.92,7.65,8.42,49.83
124.160378,-0.0635,0.1504,0.8232,-24.23,29.05,-2.20,7.18,8.95,49.89
124.160378,0.0063,0.0796,0.8125,-29.72,19.59,-10.86,6.66,9.47,49.85
124.190632,-0.0249,0.1152,0.9673,-34.48,-8.61,-18.25,5.94,9.64,49.55
124.190632,-0.0869,0.1309,0.9370,-26.61,-33.08,-17.88,5.27,9.20,49.13
124.223307,-0.1196,0.0737,0.8438,-30.70,-26.67,-18.19,4.66,8.61,48.70
124.223307,-0.1382,0.0518,0.9292,-41.32,-16.60,-17.46,3.87,8.25,48.29
124.280242,-0.1230,0.0557,1.0391,-39.98,-19.17,-13.79,3.00,7.93,47.96
124.280242,-0.1089,0.0728,1.0625,-33.57,-24.29,-10.74,2.22,7.51,47.68
124.310422,-0.1323,0.0566,1.0225,-25.27,-28.20,-9.03,1.63,6.99,47.44
124.310422,-0.1997,0.0332,0.9570,-25.09,-26.86,-2.62,1.13,6.42,47.31
124.341340,-0.2275,0.0024,0.9023,-29.60,-6.53,-0.85,0.58,6.08,47.27
124.341340,-0.1758,-0.0137,0.9863,-33.51,13.79,-3.42,-0.07,6.19,47.24
124.400912,-0.0811,-0.0391,1.0869,-30.27,17.21,-6.10,-0.72,6.54,47.14
124.400912,-0.0605,-0.0591,1.1128,-27.65,8.54,-9.64,-1.31,6.80,46.98
124.430679,-0.0903,-0.0659,1.1421,-23.74,-4.52,-11.60,-1.86,6.84,46.76
124.430679,-0.1294,-0.0986,1.0674,-19.29,-13.61,-9.89,-2.29,6.62,46.55
124.461098,-0.1323,-0.1201,1.0337,-24.66,-8.85,-5.43,-2.74,6.39,46.40
124.461098,-0.0640,-0.1147,1.0503,-28.02,1.53,-7.39,-3.28,6.31,46.30
124.521157,-0.0503,-0.1030,1.1362,-28.56,6.77,-14.83,-3.88,6.41,46.06
124.521157,-0.1035,-0.1055,1.2026,-25.63,0.85,-18.55,-4.47,6.48,45.71
124.550622,-0.1631,-0.1133,1.2104,-24.41,-7.32,-15.20,-4.99,6.38,45.37
124.550622,-0.2109,-0.1221,1.1860,-21.06,-8.36,-9.83,-5.47,6.20,45.13
124.581602,-0.1562,-0.1567,1.1333,-23.07,-4.03,-4.03,-5.92,6.05,45.02
124.581602,-0.0742,-0.1606,1.1553,-28.63,-0.92,-5.98,-6.44,6.00,44.94
124.641497,-0.0898,-0.1177,1.2856,-25.21,-6.96,-9.16,-7.01,5.93,44.79
124.641497,-0.1201,-0.1636,1.2651,-15.44,-17.52,-4.27,-7.42,5.67,44.66
124.670776,-0.1616,-0.1509,1.1855,-22.77,-16.30,-2.56,-7.81,5.31,44.64
124.670776,-0.1821,-0.1421,1.2393,-24.35,-8.12,0.92,-8.28,5.06,44.66
124.701292,-0.1572,-0.1548,1.2407,-23.32,-3.05,3.36,-8.76,4.97,44.71
124.701292,-0.1309,-0.1499,1.2505,-21.85,-5.98,6.84,-9.21,4.92,44.82
124.761629,-0.0947,-0.1494,1.2188,-16.85,-15.93,10.93,-9.58,4.71,45.05
124.761629,-0.1094,-0.1455,1.1826,-13.61,-19.04,10.74,-9.86,4.38,45.32
124.790715,-0.1147,-0.1338,1.1792,-11.60,-16.11,12.21,-10.10,4.07,45.60
124.790715,-0.0864,-0.1313,1.1499,-9.52,-11.78,12.39,-10.29,3.83,45.89
124.821168,-0.0708,-0.1328,1.1313,-7.93,-8.79,10.80,-10.45,3.67,46.15
124.821168,-0.0718,-0.1299,1.1162,-6.77,-5.07,10.25,-10.59,3.57,46.38
124.880919,-0.0527,-0.1396,1.0977,-6.84,-3.05,8.61,-10.71,3.53,46.59
124.880919,-0.0591,-0.1514,1.0679,-9.34,-1.77,8.54,-10.85,3.50,46.76
124.911521,-0.0210,-0.1494,1.1094,-11.17,0.55,5.80,-11.06,3.53,46.91
124.911521,-0.0049,-0.1504,1.1187,-9.89,0.24,1.83,-11.27,3.55,46.98
124.940336,-0.0400,-0.1548,1.1182,-8.73,1.28,-1.77,-11.45,3.56,46.98
124.940336,-0.0752,-0.1587,1.1431,-10.01,3.91,-2.99,-11.65,3.60,46.92
125.002784,-0.0835,-0.1597,1.2056,-7.63,5.92,-2.69,-11.83,3.70,46.85
125.002784,-0.0732,-0.1709,1.2593,-3.36,5.31,-3.23,-11.94,3.80,46.77
125.031447,-0.0703,-0.1714,1.3320,-0.43,3.78,-3.30,-11.98,3.88,46.69
125.031447,-0.0732,-0.1704,1.3965,5.19,1.40,-3.48,-11.93,3.92,46.61
125.090921,-0.0874,-0.1650,1.4575,10.31,-0.12,-2.56,-11.78,3.92,46.55
125.090921,-0.0767,-0.1660,1.5024,16.11,-0.67,-1.65,-11.50,3.91,46.51
125.121125,-0.1030,-0.1592,1.5068,19.35,-2.62,-0.37,-11.14,3.87,46.50
125.121125,-0.1870,-0.1709,1.4468,14.65,-2.87,5.07,-10.78,3.82,46.55
125.150590,-0.2036,-0.1812,1.4238,2.38,-0.12,11.29,-10.60,3.82,46.73
125.150590,-0.1763,-0.1714,1.5244,-1.04,-0.18,12.21,-10.60,3.87,46.97
125.211432,-0.1211,-0.1606,1.5684,5.19,-9.70,12.57,-10.55,3.81,47.24
125.211432,-0.1533,-0.1689,1.5400,17.09,-21.42,10.25,-10.30,3.53,47.50
125.240365,-0.1948,-0.2075,1.4053,19.04,-26.86,11.47,-9.90,3.08,47.80
125.240365,-0.2031,-0.2231,1.2666,14.04,-23.86,9.58,-9.55,2.59,48.09
125.271455,-0.1489,-0.1885,1.2671,7.08,-17.03,6.47,-9.35,2.22,48.32
125.271455,-0.1138,-0.2026,1.3066,17.09,-20.45,3.85,-9.12,1.88,48.45
125.331446,-0.0635,-0.2256,1.1777,26.73,-25.33,5.00,-8.66,1.42,48.61
125.331446,0.0020,-0.2188,1.0859,31.01,-20.08,3.36,-8.06,0.97,48.75
125.360350,0.0322,-0.1904,1.0713,39.61,-11.23,-0.55,-7.36,0.68,48.82
125.360350,0.0059,-0.1929,1.0181,47.73,1.34,-0.43,-6.48,0.58,48.81
125.391920,0.0127,-0.1689,1.0225,54.75,19.90,-0.79,-5.45,0.79,48.79
125.391920,-0.0078,-0.1484,1.0215,67.14,27.10,2.50,-4.22,1.30,48.77
125.451646,0.0020,-0.1421,0.9233,68.91,25.21,6.65,-2.83,1.83,48.85
125.451646,0.0063,-0.1211,0.9146,65.25,23.93,6.59,-1.49,2.32,48.98
125.480488,-0.0088,-0.0835,0.9482,65.19,17.09,7.75,-0.20,2.74,49.14
125.480488,-0.0366,-0.0732,0.9282,66.96,7.14,9.83,1.15,2.97,49.32
125.510648,-0.0508,-0.0625,0.9077,61.71,0.37,11.96,2.44,3.03,49.54
125.510648,-0.0776,-0.0601,0.8394,53.59,-1.34,12.15,3.61,2.99,49.78
125.570669,-0.0977,-0.0435,0.8408,41.81,-2.44,14.65,4.57,2.93,50.04
125.570669,-0.0483,0.0225,0.9678,40.89,-3.48,15.50,5.38,2.84,50.34
125.600564,-0.0508,0.0557,0.9482,49.26,-8.30,16.72,6.30,2.69,50.64
125.600564,-0.0757,0.0527,0.7554,50.60,-9.89,22.83,7.33,2.42,51.02
125.631696,-0.0356,0.0747,0.6641,35.77,8.48,22.22,8.21,2.35,51.47
125.631696,0.0137,0.1274,0.7710,34.61,11.96,25.33,8.89,2.50,51.97
125.691410,0.0488,0.1138,0.6987,36.19,7.14,27.95,9.64,2.59,52.54
125.691410,0.0835,0.0996,0.6196,29.79,7.45,25.51,10.32,2.61,53.10
125.720245,0.1138,0.1050,0.6245,21.91,6.90,21.36,10.85,2.67,53.59
125.720245,0.1294,0.1196,0.6738,19.96,-1.89,18.37,11.26,2.64,54.00
125.751435,0.1475,0.1152,0.6250,12.94,-7.32,10.68,11.62,2.49,54.24
125.751435,0.1294,0.1489,0.6460,10.31,-13.98,3.54,11.85,2.23,54.32
125.811342,0.1011,0.1768,0.6631,8.30,-15.50,-1.34,12.03,1.93,54.27
125.811342,0.0703,0.2222,0.7124,8.97,-9.52,-6.53,12.18,1.70,54.12
125.840675,0.0322,0.2197,0.6846,12.70,-11.05,-3.36,12.41,1.54,53.98
125.840675,0.0298,0.2554,0.6738,15.50,-11.78,0.12,12.70,1.30,53.90
125.870675,0.0205,0.2783,0.6499,17.15,-6.84,0.92,13.03,1.13,53.85
125.870675,0.0361,0.3120,0.6216,18.31,-5.55,2.32,13.38,0.99,53.87
125.931945,0.0610,0.3315,0.5869,20.26,-6.16,0.55,13.78,0.87,53.87
125.931945,0.0552,0.3457,0.5444,18.62,-9.40,-2.08,14.17,0.74,53.81
125.962902,0.0269,0.3467,0.4868,12.57,-7.02,-5.43,14.49,0.58,53.69
125.962902,-0.0083,0.3354,0.4673,2.99,1.65,-7.14,14.64,0.57,53.55
126.025705,-0.0181,0.3501,0.5103,-4.27,9.95,-7.57,14.62,0.73,53.44
126.025705,-0.0068,0.3579,0.5435,-9.16,13.92,-7.20,14.48,1.00,53.37
126.051797,0.0098,0.3477,0.5771,-12.94,16.11,-10.07,14.25,1.35,53.29
126.051797,0.0254,0.3242,0.6084,-14.95,10.50,-13.67,13.97,1.68,53.14
126.080804,0.0449,0.3037,0.6606,-12.27,0.98,-19.84,13.68,1.87,52.84
126.080804,0.0269,0.2402,0.6230,-11.05,-8.54,-23.74,13.46,1.90,52.39
126.111296,0.0244,0.1909,0.6094,-15.32,-7.02,-26.55,13.18,1.87,51.86
126.111296,0.0205,0.1558,0.6743,-18.86,-5.68,-27.77,12.83,1.88,51.30
126.171292,0.0000,0.1533,0.7100,-16.54,-3.30,-25.09,12.46,1.91,50.76
126.171292,-0.0269,0.1641,0.7051,-19.29,9.40,-21.91,12.11,2.08,50.32
126.200621,-0.0239,0.1978,0.7656,-22.71,20.20,-18.01,11.67,2.49,50.00
126.200621,0.0103,0.1851,0.7856,-21.18,24.78,-17.15,11.22,3.00,49.77
126.231274,0.0488,0.1270,0.7183,-22.89,24.54,-17.52,10.79,3.54,49.55
126.231274,0.0469,0.1177,0.7896,-30.58,27.47,-22.28,10.23,4.15,49.27
126.291500,0.0469,0.1226,0.9126,-32.35,18.55,-27.04,9.57,4.71,48.88
126.291500,0.0010,0.1318,0.9360,-31.43,3.97,-30.58,8.89,5.03,48.35
126.320487,-0.0591,0.1211,0.8916,-30.52,-2.62,-30.94,8.23,5.13,47.74
126.320487,-0.1030,0.1226,0.8652,-31.13,-4.76,-26.73,7.58,5.15,47.15
126.353627,-0.1406,0.1333,0.8120,-34.36,0.18,-21.18,6.89,5.15,46.67
126.353627,-0.1675,0.1353,0.8765,-37.60,8.61,-15.93,6.13,5.31,46.32
126.411320,-0.1362,0.1055,0.8892,-36.13,6.77,-11.66,5.38,5.51,46.08
126.411320,-0.0996,0.0884,0.8511,-35.95,-3.30,-9.64,4.65,5.56,45.87
126.440477,-0.0596,0.1006,0.8765,-39.25,-13.31,-12.02,3.88,5.42,45.64
126.440477,-0.0190,0.1655,0.9736,-31.13,-29.97,-17.21,3.12,5.02,45.32
126.501223,-0.0591,0.1587,1.0024,-9.77,-47.97,-28.26,2.69,4.23,44.81
126.501223,-0.2754,0.0454,0.8994,-7.75,-53.96,-23.86,2.53,3.25,44.16
126.531439,-0.3784,-0.0342,0.7837,-34.06,-43.03,5.07,2.11,2.25,43.94
126.531439,-0.2827,0.0190,0.9736,-48.71,-9.52,17.40,1.23,1.74,44.17
126.560481,-0.1733,-0.0249,1.1636,-38.64,-0.55,25.02,0.36,1.68,44.59
126.560481,-0.1016,-0.0513,1.1758,-25.21,-10.99,30.52,-0.25,1.55,45.15
126.621114,-0.0718,-0.0825,1.0522,-20.75,-8.30,32.17,-0.67,1.30,45.79
126.621114,-0.0503,-0.1406,0.9795,-25.63,7.26,29.17,-1.12,1.29,46.41
126.651290,0.0117,-0.1685,1.0254,-38.33,15.08,22.40,-1.75,1.55,46.93
126.651290,0.0469,-0.1191,1.2607,-40.22,-2.56,16.30,-2.57,1.71,47.30
126.680396,0.0093,-0.0972,1.2661,-28.14,-24.17,13.73,-3.25,1.41,47.61
126.680396,-0.0488,-0.1240,1.1104,-22.22,-18.31,12.08,-3.73,0.95,47.88
126.741153,-0.0723,-0.1719,1.0415,-28.99,9.95,6.71,-4.21,0.87,48.08
126.741153,0.0000,-0.1772,1.2090,-37.35,25.27,5.49,-4.90,1.30,48.18
126.771555,0.1177,-0.1660,1.3140,-29.30,9.70,0.92,-5.58,1.68,48.22
126.771555,0.1758,-0.1768,1.1987,-23.13,-12.27,-7.69,-6.09,1.62,48.16
126.800728,0.0439,-0.1919,1.0996,-29.85,-17.03,-16.24,-6.61,1.27,47.92
126.800728,-0.0005,-0.1792,1.1689,-35.52,-6.47,-13.98,-7.28,1.00,47.65
126.860392,0.0435,-0.0884,1.3438,-28.32,1.89,-19.17,-7.96,0.93,47.35
126.860392,0.0161,-0.1562,1.2319,-21.48,5.92,-21.73,-8.39,0.96,46.91
126.891458,-0.1094,-0.1826,1.1724,-26.79,14.22,-16.30,-8.86,1.12,46.49
126.891458,-0.1489,-0.1523,1.2437,-32.59,18.49,-5.92,-9.48,1.42,46.24
126.920428,-0.1343,-0.1528,1.3057,-30.15,13.85,5.13,-10.12,1.76,46.19
126.920428,-0.0850,-0.1514,1.3193,-28.20,6.84,11.84,-10.70,1.98,46.34
126.981099,-0.0278,-0.1396,1.3516,-18.68,3.42,11.96,-11.17,2.12,46.57
126.981099,0.0083,-0.1475,1.2979,-9.09,2.14,8.24,-11.43,2.21,46.76
127.042523,0.0093,-0.1641,1.2031,-8.48,0.61,6.23,-11.59,2.27,46.90
127.042523,0.0352,-0.1577,1.1904,-10.01,-5.43,6.77,-11.78,2.25,47.03
127.042547,0.0728,-0.1606,1.2080,-3.97,-13.92,3.42,-11.93,2.07,47.18
127.042547,0.0171,-0.1777,1.1436,-0.67,-13.24,0.06,-11.95,1.79,47.26
127.100372,0.0298,-0.1724,1.0981,-2.81,-4.09,-1.77,-11.99,1.62,47.28
127.100372,0.0615,-0.1641,1.0850,-0.92,-1.53,-4.52,-12.04,1.57,47.22
127.131738,0.0254,-0.1782,1.0146,0.79,-2.20,-6.23,-12.02,1.51,47.12
127.131738,-0.0029,-0.1792,0.9902,-3.91,0.00,-7.26,-12.06,1.46,46.99
127.160827,-0.0327,-0.1748,1.0352,-5.62,-0.73,-6.47,-12.16,1.43,46.85
127.160827,-0.0332,-0.1812,1.0576,-4.46,-2.26,-3.72,-12.26,1.38,46.76
127.221009,-0.0239,-0.1997,1.0928,-9.46,-0.06,-5.49,-12.40,1.34,46.68
127.221009,-0.0420,-0.1802,1.2168,-11.84,2.01,-6.53,-12.63,1.34,46.56
127.251475,-0.0737,-0.1533,1.3281,-8.91,2.93,-6.10,-12.84,1.37,46.42
127.251475,-0.0898,-0.1426,1.4302,-3.72,1.28,-4.82,-12.97,1.40,46.31
127.280368,-0.1162,-0.1445,1.5137,3.72,2.08,-1.53,-12.96,1.41,46.24
127.280368,-0.0806,-0.1626,1.5454,11.66,3.97,-1.46,-12.80,1.47,46.20
127.341163,-0.0615,-0.1606,1.5479,18.92,6.84,-4.15,-12.50,1.57,46.13
127.341163,-0.0591,-0.1821,1.4604,22.03,10.13,-8.12,-12.07,1.71,45.98
127.371339,-0.0762,-0.1670,1.4473,24.11,19.35,-13.06,-11.62,1.96,45.71
127.371339,-0.1411,-0.1514,1.4321,31.19,34.06,-13.67,-11.07,2.45,45.35
127.400403,-0.1025,-0.1367,1.4751,37.96,40.77,-12.76,-10.40,3.17,44.97
127.400403,-0.1128,-0.1123,1.4639,53.47,33.51,-11.66,-9.49,3.88,44.60
127.461073,-0.1714,-0.1099,1.3022,57.25,22.03,-4.21,-8.37,4.41,44.39
127.461073,-0.1943,-0.1201,1.1665,47.30,19.04,-1.71,-7.32,4.80,44.29
127.491592,-0.1934,-0.1187,1.1279,34.06,19.53,0.12,-6.51,5.19,44.24
127.491592,-0.1875,-0.1108,1.1978,27.71,16.30,3.60,-5.91,5.56,44.25
127.520458,-0.1235,-0.1777,1.1367,20.14,9.34,6.77,-5.42,5.82,44.35
127.520458,-0.0571,-0.2041,1.0537,4.46,3.30,2.38,-5.15,5.94,44.45
127.581164,-0.0605,-0.1230,1.2612,3.48,-6.35,-0.43,-5.13,5.95,44.45
127.581164,-0.0171,-0.1162,1.2671,27.16,-28.81,1.89,-4.82,5.59,44.49
127.611307,-0.0312,-0.2007,0.9800,32.04,-37.05,0.24,-4.15,4.89,44.56
127.611307,-0.0488,-0.1938,0.8809,18.13,-24.60,-1.34,-3.66,4.25,44.58
127.642889,-0.0317,-0.1406,0.9922,10.50,-0.37,-3.48,-3.40,4.02,44.53
127.642889,-0.0430,-0.1060,1.1177,21.97,10.74,-0.06,-3.09,4.16,44.48
127.701003,-0.0483,-0.1255,1.0020,29.42,12.27,4.52,-2.54,4.39,44.53
127.701003,-0.0483,-0.1255,0.9502,26.00,15.87,5.25,-1.98,4.69,44.63
127.731347,-0.0322,-0.0977,0.9751,29.72,10.25,4.76,-1.43,4.97,44.73
127.731347,-0.0054,-0.0469,0.9712,28.38,1.89,3.11,-0.83,5.08,44.82
127.760379,0.0176,-0.0200,0.9858,36.62,-13.43,1.22,-0.17,4.93,44.89
127.760379,-0.0259,-0.0156,0.9194,43.82,-18.74,-2.20,0.65,4.60,44.85
127.821173,-0.0879,-0.0142,0.8066,40.95,-14.40,-0.24,1.52,4.25,44.81
127.821173,-0.1118,0.0181,0.8105,33.33,-5.62,5.80,2.26,4.05,44.85
127.851388,-0.1167,0.0508,0.8633,35.95,-1.22,11.96,2.97,3.98,45.03
127.851388,-0.1045,0.0361,0.8208,35.95,6.35,16.54,3.71,4.00,45.33
127.911340,-0.0479,0.0205,0.7993,33.81,17.27,17.76,4.43,4.21,45.70
127.911340,0.0029,0.0112,0.8135,32.53,16.60,18.31,5.11,4.53,46.10
127.940413,0.0557,0.0093,0.8003,34.42,5.68,15.56,5.80,4.71,46.48
127.940413,0.0493,0.0190,0.7559,32.29,-3.23,10.19,6.49,4.70,46.74
127.973112,0.0396,0.0615,0.7827,34.42,-9.09,5.98,7.15,4.53,46.88
127.973112,0.0278,0.0684,0.7598,41.02,-7.69,3.48,7.91,4.34,46.94
128.031545,0.0088,0.0679,0.7085,43.76,0.61,2.81,8.77,4.26,46.98
128.031545,-0.0034,0.1167,0.7163,43.88,8.30,4.27,9.65,4.35,47.08
128.091313,-0.0171,0.1396,0.6963,45.78,9.40,6.41,10.56,4.51,47.22
128.091313,-0.0371,0.1636,0.6973,46.14,10.56,7.14,11.49,4.67,47.40
128.091339,-0.0503,0.1909,0.6621,46.14,10.74,8.85,12.43,4.84,47.61
128.091339,-0.0674,0.2231,0.6162,42.24,13.73,8.36,13.33,5.04,47.85
128.151366,-0.0850,0.2749,0.6074,37.23,15.32,6.53,14.14,5.28,48.07
128.151366,-0.1001,0.2871,0.5439,32.17,16.36,3.66,14.86,5.56,48.26
128.180408,-0.1177,0.3115,0.5356,22.71,15.75,0.12,15.40,5.87,48.39
128.180408,-0.1333,0.3442,0.5171,17.82,5.92,1.34,15.81,6.07,48.47
128.211442,-0.1646,0.3652,0.4512,8.79,3.17,1.16,16.08,6.14,48.52
128.211442,-0.1816,0.3857,0.4131,-3.23,5.07,3.30,16.13,6.20,48.58
128.271297,-0.1680,0.3853,0.4316,-11.05,8.67,6.23,15.99,6.30,48.72
128.271297,-0.1245,0.3481,0.4541,-17.76,11.84,5.68,15.72,6.47,48.91
128.300380,-0.0869,0.3188,0.4878,-25.39,8.42,4.21,15.29,6.64,49.07
128.300380,-0.0532,0.3135,0.5269,-30.40,5.00,0.98,14.74,6.75,49.16
128.331344,-0.0498,0.2861,0.5371,-34.73,0.67,-0.24,14.10,6.81,49.17
128.331344,-0.0435,0.2896,0.5610,-39.79,-3.36,0.67,13.34,6.77,49.18
128.391339,-0.0288,0.2559,0.5420,-42.97,-2.44,-0.18,12.52,6.70,49.17
128.391339,-0.0327,0.2192,0.5518,-49.74,-0.18,-0.79,11.59,6.69,49.15
128.421608,-0.0059,0.1997,0.5942,-54.32,3.05,-2.14,10.54,6.72,49.13
128.421608,0.0186,0.1680,0.7031,-59.08,8.18,-6.35,9.39,6.86,49.08
128.450881,0.0283,0.1353,0.7754,-55.18,7.51,-9.89,8.23,7.05,48.94
128.450881,0.0181,0.0723,0.7480,-54.99,4.94,-12.88,7.12,7.21,48.74
128.511174,-0.0010,0.0454,0.8042,-57.98,2.69,-16.54,5.96,7.32,48.46
128.511174,-0.0205,0.0449,0.9316,-56.21,0.00,-20.45,4.76,7.39,48.09
128.541331,-0.0454,0.0015,0.9321,-48.71,-10.93,-21.85,3.67,7.33,47.65
128.541331,-0.0635,-0.0303,0.8853,-51.09,-20.20,-23.50,2.63,7.03,47.19
128.570321,-0.0771,-0.0107,0.9512,-52.49,-24.29,-25.09,1.53,6.61,46.66
128.570321,-0.0684,-0.0288,0.9673,-49.62,-27.83,-22.58,0.47,6.10,46.16
128.631229,-0.0532,-0.0435,0.9707,-45.65,-29.05,-20.39,-0.52,5.54,45.72
128.631229,-0.0308,-0.0381,0.9858,-40.28,-29.48,-18.98,-1.41,4.94,45.34
128.661547,0.0000,-0.0225,1.0439,-33.14,-21.00,-21.79,-2.17,4.43,44.94
128.661547,0.0034,-0.0200,1.1284,-15.44,-22.22,-21.42,-2.68,4.02,44.51
128.690264,-0.0059,-0.1011,1.0513,-2.32,-32.04,-16.78,-2.85,3.46,44.14
128.690264,-0.0806,-0.1309,0.9902,0.24,-34.36,-10.86,-2.87,2.77,43.88
128.751203,-0.0928,-0.1523,0.8794,-3.54,-18.98,-5.25,-2.87,2.20,43.75
128.751203,-0.0239,-0.0947,0.9209,-14.53,8.48,-5.86,-3.09,2.13,43.64
128.781500,0.0190,-0.0796,1.0229,-9.83,19.10,-6.29,-3.35,2.44,43.51
128.781500,0.0088,-0.1084,1.0459,-5.31,15.99,-8.54,-3.49,2.80,43.35
128.810474,-0.0215,-0.1538,0.9961,-10.74,6.04,-7.69,-3.64,3.00,43.18
128.810474,-0.0215,-0.1357,1.0742,-14.47,-1.28,-8.18,-3.92,3.04,43.02
128.871250,-0.0366,-0.1104,1.1523,-8.42,-7.20,-7.57,-4.16,2.94,42.85
128.871250,-0.0874,-0.1445,1.0845,-9.52,-6.47,-7.39,-4.31,2.77,42.71
128.901412,-0.1274,-0.1362,1.1182,-13.92,-6.84,-4.64,-4.55,2.65,42.59
128.901412,-0.1523,-0.1172,1.1670,-15.50,-13.00,2.20,-4.87,2.46,42.58
128.930326,-0.1602,-0.0610,1.1841,-8.73,-13.61,6.84,-5.11,2.16,42.70
128.930326,-0.1235,-0.1484,1.0513,-13.49,-3.97,11.05,-5.26,1.98,42.91
128.991314,-0.0981,-0.1211,1.1416,-28.08,2.08,11.05,-5.70,2.02,43.12
128.991314,-0.0435,-0.1035,1.2812,-28.08,-11.78,12.76,-6.27,1.95,43.37
129.020718,-0.0518,-0.1226,1.2788,-22.22,-27.22,14.28,-6.76,1.56,43.67
129.020718,-0.0654,-0.1592,1.2207,-19.65,-32.17,18.07,-7.17,0.98,44.06
129.053081,-0.0195,-0.1885,1.1821,-21.61,-18.98,19.35,-7.58,0.49,44.49
129.053081,0.0200,-0.1948,1.1855,-26.67,2.08,14.04,-8.06,0.38,44.85
129.117956,0.0596,-0.1831,1.2861,-29.60,8.30,8.18,-8.65,0.55,45.05
129.117956,0.0288,-0.1577,1.3916,-24.11,-5.43,4.82,-9.18,0.61,45.16
129.141965,-0.0527,-0.1602,1.3140,-19.17,-15.08,9.09,-9.60,0.40,45.33
129.141965,-0.0444,-0.1616,1.2393,-20.20,-9.16,10.13,-10.00,0.17,45.57
129.170753,-0.0190,-0.1587,1.2041,-20.02,2.08,8.06,-10.40,0.14,45.76
129.170753,0.0063,-0.1372,1.2056,-18.86,5.55,5.98,-10.80,0.26,45.88
129.231116,-0.0029,-0.1167,1.2026,-13.92,-1.34,6.65,-11.13,0.32,45.99
129.231116,-0.0215,-0.1274,1.1260,-13.00,-6.53,7.39,-11.38,0.26,46.15
129.261414,-0.0166,-0.1392,1.1143,-22.52,-5.92,8.24,-11.73,0.16,46.33
129.261414,0.0122,-0.1045,1.2617,-25.94,-3.97,4.82,-12.24,0.09,46.49
129.321479,-0.0151,-0.0771,1.4009,-17.09,-2.38,1.53,-12.68,0.04,46.55
129.321479,-0.0493,-0.0830,1.3994,-10.62,0.79,-0.43,-12.95,0.03,46.57
129.350386,-0.0728,-0.0908,1.4282,-8.30,7.26,-2.32,-13.14,0.10,46.52
129.350386,-0.0542,-0.1167,1.4731,-4.94,8.30,-2.20,-13.27,0.26,46.44
129.381478,-0.0435,-0.1475,1.4688,-4.64,0.73,-1.53,-13.34,0.35,46.39
129.381478,-0.0352,-0.1660,1.4912,-7.51,-1.16,-2.50,-13.46,0.31,46.36
129.441506,-0.0039,-0.1304,1.6851,-0.61,8.61,-8.79,-13.57,0.36,46.25
129.441506,-0.0498,-0.1533,1.8276,23.38,21.36,-10.44,-13.33,0.62,45.97
129.470296,-0.0801,-0.2061,1.7612,38.82,32.10,-8.00,-12.67,1.12,45.68
129.470296,-0.0947,-0.2393,1.6660,45.47,36.32,-1.95,-11.82,1.79,45.45
129.501392,-0.0620,-0.2349,1.5981,49.26,32.96,2.44,-10.87,2.48,45.35
129.501392,-0.0117,-0.2134,1.6294,64.09,24.23,1.77,-9.74,3.06,45.31
129.561578,-0.0420,-0.2739,1.4170,76.29,12.57,0.37,-8.29,3.41,45.29
129.561578,-0.1094,-0.2578,1.1895,66.71,17.33,-0.85,-6.83,3.68,45.25
129.590419,-0.1445,-0.2231,1.0879,50.11,28.32,-0.06,-5.67,4.15,45.20
129.590419,-0.1050,-0.1704,1.1206,36.62,30.15,1.59,-4.84,4.76,45.19
129.621340,-0.0713,-0.1572,1.0928,33.63,23.50,1.89,-4.13,5.30,45.19
129.621340,-0.0312,-0.1445,1.0757,32.41,10.44,1.46,-3.47,5.65,45.22
129.681328,-0.0605,-0.1362,1.0151,33.02,5.43,-0.37,-2.81,5.77,45.22
129.681328,-0.1074,-0.1279,0.9312,30.15,9.89,0.79,-2.17,5.93,45.22
129.710609,-0.1558,-0.1035,0.9233,23.99,14.65,7.81,-1.63,6.17,45.30
129.710609,-0.1226,-0.0366,1.0610,28.14,21.91,9.95,-1.12,6.56,45.51
129.741347,-0.1294,-0.0547,1.0630,37.11,17.88,12.82,-0.43,6.98,45.74
129.741347,-0.1025,-0.0986,0.9355,37.48,9.95,15.56,0.37,7.23,46.04
129.801313,-0.0850,-0.1050,0.8691,34.67,5.49,14.95,1.14,7.38,46.35
129.801313,-0.0840,-0.0796,0.8130,30.21,3.85,16.17,1.81,7.44,46.67
129.830417,-0.0474,-0.0591,0.7676,19.59,9.09,16.85,2.36,7.55,47.02
129.830417,-0.0063,-0.0068,0.8594,12.70,11.72,13.49,2.71,7.76,47.33
129.860698,-0.0093,0.0073,0.8862,15.56,0.55,14.22,3.02,7.87,47.63
129.860698,-0.0332,-0.0210,0.8311,8.24,-5.00,12.15,3.30,7.79,47.89
129.921363,-0.0562,-0.0415,0.8354,5.31,-9.77,13.12,3.47,7.61,48.13
129.921363,-0.0884,-0.0791,0.7998,1.28,-7.69,16.36,3.58,7.39,48.41
129.952976,-0.0596,-0.0566,0.8945,1.46,2.81,19.29,3.62,7.31,48.78
129.952976,-0.0386,-0.0386,0.9922,16.30,5.92,21.91,3.84,7.39,49.20
129.983313,-0.0483,-0.0825,0.8599,28.93,0.00,27.59,4.38,7.39,49.71
129.983313,-0.0581,-0.0781,0.7686,32.41,2.62,31.31,5.07,7.35,50.30
130.041480,-0.0386,-0.0586,0.7134,36.50,9.40,34.24,5.84,7.39,50.98
130.041480,0.0161,-0.0132,0.6748,39.43,16.24,34.12,6.69,7.56,51.71
130.070277,0.1123,0.0806,0.6602,42.60,13.37,26.31,7.58,7.78,52.37
130.070277,0.1362,0.1284,0.6001,49.68,-4.15,12.21,8.56,7.83,52.76
130.133552,0.0811,0.1421,0.4224,46.26,-23.86,-0.79,9.55,7.50,52.81
130.133552,-0.0259,0.2095,0.3662,30.94,-29.85,-11.23,10.28,6.98,52.57
130.161591,-0.1313,0.2891,0.4004,20.39,-26.18,-13.98,10.74,6.47,52.19
130.161591,-0.2070,0.3467,0.4399,12.82,-9.64,-10.31,11.03,6.17,51.87
130.190218,-0.2295,0.3804,0.4810,11.60,6.77,-2.08,11.26,6.18,51.74
130.190218,-0.2012,0.3809,0.4717,9.22,20.08,4.70,11.48,6.45,51.84
130.221334,-0.1616,0.3462,0.4277,3.05,23.50,7.75,11.63,6.86,52.08
130.221334,-0.1328,0.3438,0.4580,-6.77,21.91,6.04,11.61,7.28,52.33
130.281801,-0.1123,0.3594,0.5068,-11.90,14.95,2.08,11.44,7.62,52.49
130.281801,-0.1050,0.3618,0.5425,-15.81,6.47,-2.99,11.16,7.83,52.53
130.310553,-0.1260,0.3511,0.5654,-16.54,1.53,-6.84,10.83,7.92,52.44
130.310553,-0.1626,0.3257,0.5356,-20.81,4.88,-5.07,10.44,8.00,52.33
130.341376,-0.1406,0.2935,0.5654,-27.47,14.71,-2.44,9.96,8.21,52.30
130.341376,-0.0967,0.2588,0.6104,-34.12,21.18,-2.38,9.34,8.57,52.33
130.401436,-0.0654,0.2588,0.7188,-38.76,23.07,-6.53,8.60,9.05,52.33
130.401436,-0.0542,0.2490,0.7979,-37.35,14.40,-10.93,7.82,9.46,52.22
130.430325,-0.0684,0.1973,0.7788,-31.49,0.73,-13.67,7.10,9.64,51.99
130.430325,-0.0752,0.1372,0.7349,-31.86,-3.42,-17.76,6.43,9.64,51.68
130.461330,-0.0811,0.1079,0.7397,-33.81,-4.03,-18.43,5.71,9.61,51.30
130.461330,-0.0347,0.0830,0.7100,-35.34,-1.89,-20.63,4.97,9.60,50.91
130.521425,-0.0020,0.0698,0.7461,-35.16,-3.97,-25.39,4.19,9.60,50.43
130.521425,0.0005,0.0386,0.7891,-35.64,-12.27,-30.33,3.41,9.49,49.86
130.550409,-0.0396,0.0103,0.8027,-35.89,-23.38,-31.86,2.59,9.18,49.19
130.550409,-0.0869,-0.0273,0.7456,-39.00,-25.57,-34.00,1.76,8.70,48.48
130.581522,-0.1772,0.0049,0.8564,-36.56,-14.04,-28.93,0.88,8.33,47.82
130.581522,-0.1997,-0.0283,0.8896,-24.60,3.30,-16.85,0.22,8.25,47.36
130.641348,-0.1318,-0.0508,0.8706,-21.91,15.20,-8.24,-0.25,8.46,47.13
130.641348,-0.0425,-0.0645,0.8066,-23.50,13.92,-5.43,-0.70,8.77,47.01
130.670315,0.0415,-0.0786,0.8662,-34.91,2.50,-14.16,-1.32,8.96,46.82
130.670315,0.0903,-0.0479,1.0625,-32.90,-26.92,-27.40,-2.08,8.72,46.40
130.731238,0.0049,-0.0571,1.1099,-19.78,-63.48,-33.75,-2.69,7.77,45.77
130.731238,-0.1475,-0.1147,0.9644,-21.85,-67.50,-30.03,-3.14,6.37,45.16
130.760575,-0.2314,-0.1167,0.9175,-29.48,-42.05,-16.48,-3.70,5.25,44.75
130.760575,-0.1450,-0.1372,1.0146,-31.68,-22.83,-6.96,-4.34,4.65,44.56
130.791181,-0.0620,-0.1431,1.0732,-24.41,-31.37,-0.31,-4.90,4.13,44.51
130.791181,-0.0269,-0.1724,0.9360,-24.60,-42.30,1.22,-5.36,3.36,44.58
130.851140,0.0205,-0.2363,0.8398,-38.64,-41.26,-2.62,-5.98,2.52,44.63
130.851140,0.0601,-0.2153,0.9961,-48.65,-41.26,-5.49,-6.88,1.70,44.62
130.881400,0.0210,-0.1909,1.1450,-41.81,-43.15,-8.12,-7.80,0.83,44.56
130.881400,-0.0571,-0.2148,1.0898,-34.12,-29.60,-5.43,-8.55,0.08,44.51
130.910596,-0.0503,-0.2686,1.0332,-32.29,-7.81,-0.98,-9.21,-0.28,44.49
130.910596,0.0259,-0.2915,1.1157,-31.56,-1.77,1.34,-9.85,-0.34,44.52
130.971448,0.0430,-0.2539,1.2935,-20.69,-15.08,-1.77,-10.39,-0.48,44.53
130.971448,-0.0391,-0.2642,1.2305,-7.08,-26.00,0.06,-10.65,-0.93,44.58
131.001400,-0.0605,-0.2866,1.1035,-7.39,-13.18,2.32,-10.79,-1.33,44.67
131.001400,-0.0034,-0.2183,1.1860,-2.75,4.21,0.43,-10.92,-1.40,44.73
131.030462,-0.0156,-0.2466,1.1738,-2.93,3.72,0.24,-10.91,-1.29,44.70
131.030462,0.0034,-0.2178,1.2485,-5.49,-17.46,5.92,-11.01,-1.41,44.79
131.093013,0.0034,-0.2349,1.1743,-8.00,-30.52,9.64,-11.15,-1.90,45.04
131.093013,0.0098,-0.2397,1.1255,-14.04,-20.87,10.74,-11.39,-2.39,45.34
131.152901,0.0815,-0.2173,1.1992,-22.77,-1.83,5.86,-11.79,-2.55,45.53
131.152901,0.0879,-0.1509,1.3691,-14.77,-0.06,2.87,-12.19,-2.52,45.61
131.153400,0.0117,-0.1523,1.3262,-4.64,-6.47,5.07,-12.37,-2.59,45.69
131.153400,0.0034,-0.2036,1.1694,-6.65,-3.48,9.40,-12.46,-2.68,45.87
131.211060,0.0737,-0.2046,1.1494,-13.92,4.94,10.31,-12.69,-2.61,46.07
131.211060,0.1240,-0.1904,1.1982,-10.01,4.94,7.39,-12.95,-2.47,46.22
131.241682,0.1343,-0.2056,1.1406,-6.90,0.43,3.85,-13.11,-2.39,46.32
131.241682,0.1123,-0.2046,1.1128,-6.96,-2.62,2.14,-13.27,-2.40,46.38
131.270603,0.0903,-0.2188,1.0527,-12.15,1.71,0.49,-13.45,-2.42,46.41
131.270603,0.0908,-0.2246,1.0679,-18.01,6.65,-1.46,-13.77,-2.32,46.38
131.333227,0.0625,-0.1958,1.1313,-17.15,7.75,-3.11,-14.13,-2.19,46.30
131.333227,-0.0151,-0.2168,1.0913,-14.89,13.31,-3.11,-14.44,-2.01,46.19
131.363660,-0.0576,-0.2178,1.1357,-14.40,21.36,-3.36,-14.72,-1.66,46.04
131.363660,-0.0464,0.0439,1.9365,46.08,14.95,-6.35,-14.73,-1.29,45.88
131.393024,-0.0659,-0.1665,1.4722,47.24,15.26,1.65,-13.43,-1.01,45.76
131.393024,-0.0083,-0.1621,1.2759,3.23,-0.24,0.61,-12.97,-0.85,45.75
131.451065,-0.0752,-0.1611,1.2139,-24.48,-8.54,12.70,-13.24,-0.93,45.91
131.451065,0.0205,-0.1113,1.5322,-15.50,-9.46,4.46,-13.79,-1.06,46.16
131.480553,-0.0864,-0.1221,1.6382,25.63,-2.14,-5.31,-13.61,-1.21,46.15
131.480553,-0.1860,-0.1875,1.4746,25.76,25.76,-6.65,-13.04,-0.99,45.99
131.510383,-0.1914,-0.1509,1.6582,22.89,39.92,-5.25,-12.57,-0.32,45.72
131.510383,-0.1372,-0.1392,1.7925,31.74,28.75,2.56,-12.02,0.37,45.57
131.571170,-0.1177,-0.1338,1.8130,45.47,16.72,5.62,-11.24,0.81,45.59
131.571170,-0.1284,-0.1265,1.7900,61.28,18.62,4.39,-10.16,1.16,45.64
131.600669,-0.1890,-0.1421,1.6440,68.30,26.73,3.78,-8.83,1.62,45.65
131.600669,-0.2344,-0.1704,1.4805,59.51,38.94,8.61,-7.53,2.29,45.70
131.631052,-0.2095,-0.1855,1.4062,39.25,47.49,16.36,-6.54,3.21,45.86
131.631052,-0.0151,-0.1323,1.5977,33.02,41.50,16.97,-5.87,4.15,46.15
131.691138,0.0342,-0.1548,1.5229,52.80,16.36,11.35,-4.94,4.75,46.38
131.691138,-0.0073,-0.1636,1.3979,57.43,-0.67,7.75,-3.83,4.88,46.57
131.720585,-0.1377,-0.1714,1.2261,59.02,4.09,10.50,-2.63,4.88,46.74
131.720585,-0.1641,-0.1929,1.0703,49.50,31.86,17.88,-1.51,5.25,47.02
131.751081,-0.0229,-0.1567,1.1694,42.91,51.33,24.90,-0.58,6.13,47.48
131.751081,0.1074,-0.1191,1.2319,59.88,42.91,21.00,0.48,7.12,47.97
131.811056,0.0820,-0.1606,0.9946,62.74,22.71,18.55,1.80,7.74,48.40
131.811056,0.0283,-0.1685,0.8135,51.64,10.80,16.54,3.00,8.03,48.77
131.840617,-0.0552,-0.1538,0.6807,32.71,10.38,21.18,3.89,8.19,49.15
131.840617,-0.0322,-0.0718,0.7505,21.42,15.14,26.43,4.47,8.40,49.68
131.871095,0.0396,0.0049,0.8926,29.05,21.24,19.59,5.01,8.72,50.20
131.871095,-0.0229,-0.0264,0.8530,41.02,16.72,16.78,5.79,9.08,50.59
131.931219,-0.1187,-0.0688,0.7075,35.28,6.23,21.24,6.65,9.24,50.99
131.931219,-0.1348,-0.0327,0.7764,28.99,-1.40,28.50,7.33,9.21,51.51
131.961347,0.0137,-0.0244,0.7944,54.99,-38.57,29.66,8.29,8.73,52.05
131.961347,-0.0977,-0.0259,0.8721,44.74,6.96,20.94,9.21,8.36,52.48
131.993224,-0.0117,-0.0498,0.8042,54.20,-6.84,32.10,10.29,8.27,53.03
131.993224,0.0894,-0.0820,0.6860,58.90,-3.54,26.79,11.53,8.01,53.59
132.051220,0.1450,-0.0645,0.5977,56.88,-10.56,23.99,12.76,7.78,54.06
132.051220,0.2168,-0.0107,0.5762,53.77,-19.23,16.36,13.90,7.36,54.38
132.080766,0.2183,0.0312,0.6309,51.70,-21.55,3.11,14.95,6.91,54.45
132.080766,0.1914,0.1069,0.6978,54.32,-20.39,-9.89,15.98,6.53,54.26
132.141405,0.0928,0.1587,0.6758,57.50,-20.26,-18.31,17.07,6.25,53.83
132.141405,0.0024,0.1904,0.5723,56.82,-15.38,-19.65,18.18,6.02,53.34
132.203478,-0.0586,0.2427,0.5151,51.76,-3.11,-18.01,19.22,5.98,52.93
132.203478,-0.0908,0.3047,0.4663,47.06,9.28,-15.56,20.17,6.16,52.64
132.203502,-0.1196,0.3784,0.4541,42.30,18.62,-14.40,21.04,6.54,52.48
132.203502,-0.1519,0.4346,0.4375,40.65,20.02,-13.61,21.86,7.02,52.37
132.261527,-0.1714,0.4438,0.2432,28.69,10.38,-9.52,22.60,7.42,52.28
132.261527,-0.2119,0.5371,0.1943,9.16,10.74,-12.76,22.93,7.67,52.16
132.290728,-0.2480,0.6265,0.2812,4.15,7.87,-13.85,23.02,7.98,51.99
132.290728,-0.2920,0.6216,0.2090,1.22,3.60,-11.23,23.07,8.16,51.81
132.321455,-0.2998,0.5605,0.1255,-11.54,9.40,-9.03,22.96,8.36,51.68
132.321455,-0.2393,0.5249,0.1802,-29.91,8.67,-9.64,22.51,8.62,51.60
132.381402,-0.2007,0.5244,0.3018,-41.20,-6.84,-12.27,21.77,8.73,51.41
132.381402,-0.2065,0.5029,0.4868,-46.26,-16.85,-18.68,20.84,8.61,51.01
132.410264,-0.2617,0.4653,0.6235,-46.81,-21.00,-18.01,19.84,8.39,50.52
132.410264,-0.2847,0.4058,0.6470,-43.52,-15.87,-10.93,18.90,8.14,50.10
132.441527,-0.2207,0.3525,0.6743,-46.02,-5.37,-4.27,17.99,8.00,49.91
132.441527,-0.1230,0.3569,0.7739,-47.00,-8.18,-3.30,17.04,7.91,49.81
132.501424,-0.0356,0.3384,0.8311,-41.38,-18.74,-9.46,16.13,7.70,49.61
132.501424,-0.0562,0.2686,0.7622,-39.55,-34.91,-15.26,15.28,7.26,49.20
132.530365,-0.0601,0.2388,0.8027,-41.38,-43.33,-18.01,14.40,6.60,48.66
132.530365,-0.0835,0.2007,0.7646,-41.87,-42.60,-16.54,13.52,5.84,48.08
132.561545,-0.0713,0.1763,0.7510,-46.63,-31.80,-13.18,12.60,5.20,47.61
132.561545,-0.0288,0.1401,0.7871,-49.62,-22.95,-9.70,11.61,4.74,47.27
132.621413,-0.0024,0.1133,0.8257,-52.98,-18.86,-8.36,10.56,4.37,47.01
132.621413,0.0059,0.1021,0.8911,-53.53,-19.04,-8.73,9.48,4.05,46.77
132.650272,0.0024,0.0757,0.9136,-53.28,-20.81,-8.06,8.40,3.67,46.53
132.650272,0.0000,0.0576,0.9233,-52.92,-16.97,-8.48,7.33,3.33,46.31
132.681334,-0.0093,0.0205,0.9512,-52.43,-10.80,-7.69,6.27,3.08,46.10
132.681334,0.0083,-0.0005,1.0044,-46.33,-6.23,-5.68,5.27,2.94,45.95
132.741375,0.0249,-0.0151,0.9360,-38.94,-6.96,-1.34,4.43,2.82,45.87
132.741375,0.0547,-0.0386,0.8462,-43.70,-0.49,-1.16,3.63,2.74,45.85
132.770438,0.0728,-0.0303,0.9429,-45.90,1.65,-3.72,2.71,2.77,45.80
132.770438,0.0566,-0.0425,1.0059,-40.41,-7.32,-6.77,1.85,2.73,45.69
132.801416,0.0171,-0.0498,0.9937,-36.68,-13.12,-6.71,1.07,2.52,45.54
132.801416,0.0161,-0.0596,0.9219,-31.80,-9.52,-2.50,0.38,2.27,45.44
132.860660,0.0376,-0.0688,0.8989,-27.28,4.09,-0.67,-0.20,2.23,45.41
132.860660,0.0356,-0.1167,0.9346,-28.32,11.47,-1.46,-0.74,2.41,45.40
132.890370,0.0361,-0.0933,1.0303,-33.57,5.55,-2.32,-1.37,2.60,45.36
132.890370,0.0488,-0.0645,1.0312,-29.11,-5.31,-2.32,-2.00,2.59,45.31
132.935917,0.0830,-0.0859,0.9224,-24.78,-8.54,-4.03,-2.53,2.43,45.26
132.935917,0.1021,-0.1401,0.9067,-27.65,-10.38,-10.19,-3.04,2.25,45.12
132.981278,0.0352,-0.1221,1.0405,-35.34,-25.02,-14.04,-3.69,1.90,44.88
132.981278,-0.0479,-0.1025,1.0342,-36.38,-38.76,-8.73,-4.39,1.21,44.68
133.012382,-0.0566,-0.0801,1.0425,-43.95,-30.46,-5.31,-5.22,0.51,44.58
133.012382,-0.0391,-0.0596,1.1094,-36.68,-23.07,-2.44,-6.04,-0.02,44.54
133.043497,-0.0503,-0.1147,1.0630,-31.01,-20.51,-0.49,-6.68,-0.45,44.56
133.043497,-0.1040,-0.1069,1.0850,-30.21,-24.35,5.37,-7.31,-0.89,44.64
133.103042,-0.0835,-0.1094,1.0747,-32.90,-13.61,8.06,-7.94,-1.27,44.84
133.103042,-0.0083,-0.1421,1.1221,-28.56,-5.13,8.97,-8.57,-1.41,45.03
133.133067,0.0586,-0.1758,1.1587,-20.63,-5.80,6.04,-9.07,-1.49,45.20
133.133067,0.0298,-0.1743,1.2236,-10.93,-9.58,2.99,-9.40,-1.63,45.30
133.163065,-0.0039,-0.2036,1.1304,-0.06,-9.83,6.71,-9.48,-1.82,45.42
133.163065,0.0635,-0.2417,1.0322,-3.05,3.05,4.27,-9.51,-1.87,45.55
133.227393,0.1191,-0.2036,1.0854,-12.51,5.98,-2.44,-9.70,-1.74,45.54
133.227393,0.1372,-0.1489,1.2183,-1.95,-9.58,-6.90,-9.86,-1.79,45.46
133.250336,0.0376,-0.1436,1.2153,12.88,-20.32,-10.25,-9.73,-2.13,45.32
133.250336,-0.0420,-0.2173,1.0156,9.16,-14.10,-3.97,-9.45,-2.53,45.23
133.280940,-0.0283,-0.2090,0.9966,-9.95,9.83,-1.04,-9.49,-2.57,45.20
133.280940,0.0942,-0.1738,1.1333,-17.52,20.02,-1.65,-9.79,-2.22,45.13
133.343648,0.1353,-0.1821,1.2153,-13.12,0.00,-6.41,-10.09,-2.01,45.00
133.343648,0.0229,-0.1670,1.2051,-8.67,-24.90,0.55,-10.31,-2.31,44.98
133.373153,-0.0098,-0.1973,1.1313,-10.93,-26.49,8.00,-10.51,-2.84,45.16
133.373153,0.0112,-0.1978,1.1138,-19.47,-11.23,8.12,-10.84,-3.18,45.39
133.403166,0.0601,-0.1558,1.2266,-18.07,-1.04,9.58,-11.26,-3.24,45.58
133.403166,0.1299,-0.1323,1.3042,-8.67,-5.80,7.02,-11.55,-3.26,45.77
133.461092,0.1123,-0.1782,1.2632,-2.62,-13.00,5.37,-11.64,-3.44,45.92
133.461092,0.1221,-0.1914,1.2412,-11.11,-14.22,4.82,-11.79,-3.69,46.08
133.490293,0.1328,-0.1411,1.3726,-12.45,-10.62,2.14,-12.06,-3.93,46.20
133.490293,0.0913,-0.1299,1.4048,-4.33,-2.99,-2.08,-12.22,-4.07,46.23
133.551557,0.0479,-0.1230,1.3628,-1.46,8.12,-4.46,-12.27,-4.03,46.16
133.551557,0.0298,-0.1172,1.3301,-2.01,18.31,-7.63,-12.29,-3.78,45.98
133.580347,0.0249,-0.1182,1.3350,-1.71,17.58,-8.85,-12.29,-3.43,45.75
133.580347,-0.0054,-0.1089,1.3589,-2.20,7.87,-7.45,-12.32,-3.22,45.53
133.611198,-0.0410,-0.0996,1.4219,0.61,2.69,-5.62,-12.34,-3.15,45.39
133.611198,-0.0718,-0.0977,1.4526,5.07,9.46,-4.82,-12.26,-3.07,45.27
133.670729,-0.0840,-0.0952,1.4648,5.55,19.78,-5.00,-12.13,-2.79,45.12
133.670729,-0.0605,-0.0903,1.4946,1.10,22.58,-4.70,-12.05,-2.36,44.95
133.701088,-0.0400,-0.0776,1.6006,5.25,16.42,-6.41,-11.99,-1.99,44.76
133.701088,-0.0786,-0.0537,1.6836,12.94,10.74,-3.54,-11.80,-1.75,44.60
133.730308,-0.0864,-0.0742,1.6460,20.26,12.15,1.53,-11.44,-1.54,44.56
133.730308,-0.0742,-0.1211,1.6455,17.82,28.81,1.71,-11.05,-1.15,44.53
133.791063,-0.0645,-0.1372,1.7651,36.25,46.63,2.14,-10.53,-0.36,44.43
133.791063,-0.0361,-0.2095,1.6611,50.96,52.73,4.88,-9.62,0.66,44.35
133.820384,-0.0171,-0.2544,1.5566,57.50,48.40,6.04,-8.51,1.69,44.32
133.820384,-0.0532,-0.2837,1.4136,56.34,35.10,12.21,-7.36,2.54,44.41
133.851213,0.0132,-0.3115,1.2974,48.34,21.42,14.77,-6.30,3.12,44.65
133.851213,0.0884,-0.2524,1.4375,59.20,9.46,6.90,-5.27,3.46,44.85
133.911245,0.0522,-0.2876,1.2622,78.80,-5.55,4.21,-3.83,3.48,44.95
133.911245,0.0117,-0.3213,0.9600,74.28,-9.22,5.25,-2.26,3.31,45.04
133.942579,0.0039,-0.2798,0.8442,57.25,-0.37,6.77,-0.96,3.21,45.16
133.942579,0.0483,-0.2197,0.8687,51.45,15.08,8.54,0.11,3.35,45.34
133.970798,0.0933,-0.2026,0.8081,53.77,27.28,7.26,1.18,3.80,45.51
133.970798,0.1157,-0.2104,0.7402,42.18,28.02,7.57,2.16,4.36,45.70
134.031246,0.1274,-0.1519,0.8193,36.25,19.96,5.25,2.93,4.85,45.87
134.031246,0.1084,-0.1650,0.7866,29.48,6.29,1.46,3.59,5.10,45.96
134.060435,0.0835,-0.1240,0.7383,23.74,-6.96,0.67,4.11,5.08,45.98
134.060435,0.0635,-0.0986,0.7402,20.69,-6.35,-3.30,4.54,4.93,45.94
134.091167,0.0352,-0.0459,0.8267,22.77,-2.87,-5.86,4.94,4.86,45.83
134.091167,-0.0332,-0.0449,0.7935,26.49,-1.71,-2.62,5.44,4.82,45.74
134.151135,-0.0654,0.0020,0.7593,26.18,2.50,5.49,5.95,4.83,45.77
134.151135,-0.0459,-0.0020,0.6455,22.58,3.30,13.18,6.47,4.87,45.97
134.180298,0.0239,0.0303,0.6436,14.40,3.91,13.73,6.85,4.89,46.28
134.180298,0.0371,0.1069,0.7998,19.59,3.36,7.51,7.17,4.97,46.49
134.245738,-0.0215,0.1074,0.7388,29.30,-5.00,8.97,7.69,4.90,46.65
134.245738,-0.0752,0.1147,0.6396,26.55,0.67,10.44,8.28,4.81,46.83
134.271130,-0.0859,0.1504,0.6504,26.67,5.55,13.92,8.82,4.84,47.08
134.271130,-0.0679,0.1821,0.6318,25.51,8.61,16.91,9.37,4.92,47.42
134.300222,-0.0635,0.2246,0.6631,25.39,12.21,16.17,9.91,5.06,47.79
134.300222,-0.0967,0.2524,0.6919,26.79,10.62,16.60,10.45,5.23,48.16
134.331037,-0.1113,0.2388,0.6416,26.25,10.38,18.31,11.02,5.36,48.54
134.331037,-0.0923,0.2603,0.6084,22.46,9.22,19.59,11.54,5.47,48.97
134.391582,-0.0420,0.3037,0.5845,18.98,5.98,17.33,11.98,5.53,49.37
134.391582,-0.0156,0.3345,0.5283,19.59,-5.49,12.76,12.40,5.47,49.66
134.420368,-0.0479,0.3516,0.4199,9.83,-10.74,4.52,12.71,5.26,49.78
134.420368,-0.0918,0.3867,0.4209,2.32,-14.34,-0.24,12.82,5.00,49.75
134.451079,-0.1299,0.3828,0.4062,-6.53,-11.54,-2.26,12.77,4.75,49.66
134.451079,-0.1528,0.3823,0.4731,-15.50,-3.60,-1.46,12.54,4.61,49.58
134.511171,-0.1353,0.3770,0.5605,-15.87,1.04,0.43,12.21,4.60,49.58
134.511171,-0.1035,0.3306,0.5474,-17.27,4.03,0.79,11.89,4.65,49.60
134.540625,-0.0786,0.3086,0.5859,-22.52,4.27,-0.92,11.49,4.74,49.63
134.540625,-0.0566,0.2964,0.6484,-23.50,-3.30,-3.97,11.02,4.77,49.58
134.570316,-0.0537,0.2651,0.6538,-26.00,-12.63,-8.12,10.52,4.63,49.43
134.570316,-0.0591,0.2534,0.6958,-26.00,-18.19,-11.78,9.98,4.36,49.16
134.631069,-0.0576,0.2144,0.6729,-24.78,-19.35,-12.57,9.46,4.03,48.85
134.631069,-0.0225,0.1943,0.6792,-27.10,-15.32,-13.00,8.92,3.74,48.53
134.660376,0.0298,0.1689,0.6997,-28.32,-13.55,-14.95,8.36,3.52,48.21
134.660376,0.0562,0.1445,0.6938,-30.40,-16.48,-17.52,7.75,3.28,47.84
134.691108,0.0601,0.1348,0.6919,-34.73,-20.81,-21.48,7.08,2.97,47.40
134.691108,0.0547,0.1177,0.7476,-38.57,-24.90,-26.06,6.32,2.58,46.86
134.751269,0.0361,0.0791,0.7896,-36.19,-27.59,-27.65,5.55,2.13,46.25
134.751269,0.0107,0.0068,0.7568,-33.26,-22.34,-26.00,4.86,1.68,45.65
134.780372,0.0093,0.0186,0.7612,-36.19,-11.41,-20.32,4.17,1.40,45.15
134.780372,0.0625,0.0220,0.8228,-38.15,-0.18,-16.17,3.42,1.33,44.79
134.811464,0.0923,-0.0068,0.8242,-39.49,5.13,-14.83,2.64,1.41,44.49
134.811464,0.1226,-0.0654,0.8379,-44.19,6.35,-17.52,1.81,1.56,44.18
134.871664,0.1250,-0.0732,0.9556,-40.04,-5.19,-22.40,0.94,1.60,43.78
134.871664,0.0371,-0.0483,0.9624,-30.46,-18.92,-23.13,0.24,1.36,43.30
134.900454,-0.0693,-0.0508,0.8062,-28.02,-8.00,-16.30,-0.32,1.05,42.90
134.900454,-0.0635,-0.0522,0.8037,-33.02,17.46,-8.12,-0.94,1.18,42.67
134.961124,-0.0015,-0.0630,0.9380,-34.30,20.94,-4.15,-1.61,1.60,42.56
134.961124,0.0308,-0.0781,1.0332,-36.32,0.18,-8.61,-2.32,1.84,42.43
134.990544,-0.0259,-0.1006,1.0259,-37.66,-24.17,-11.66,-3.06,1.55,42.23
134.990544,-0.0972,-0.0850,1.0776,-36.56,-29.66,-9.46,-3.82,0.98,42.02
135.021242,-0.1392,-0.1016,1.0918,-32.41,-14.16,-1.77,-4.50,0.50,41.93
135.021242,-0.0938,-0.0986,1.2017,-19.59,4.27,10.13,-5.03,0.44,42.03
135.081197,0.0308,-0.1313,1.2046,-2.81,10.50,14.59,-5.23,0.63,42.29
135.081197,0.0571,-0.1646,1.1616,8.48,7.32,10.07,-5.15,0.82,42.53
135.110311,-0.0044,-0.1670,1.1509,9.70,4.03,6.90,-4.97,0.94,42.68
135.110311,-0.0933,-0.1035,1.1919,19.04,0.79,9.16,-4.69,1.00,42.82
135.142321,-0.1162,-0.0825,1.0596,27.65,13.12,14.95,-4.18,1.12,43.08
135.142321,0.0039,-0.0825,1.0479,22.28,32.23,12.88,-3.68,1.63,43.35
135.201121,0.1738,-0.1079,1.1230,27.40,20.87,4.46,-3.18,2.20,43.51
135.201121,0.1846,-0.1812,1.0010,19.29,-4.09,-6.77,-2.68,2.36,43.47
135.269947,0.0337,-0.1118,1.0889,0.00,-21.67,-6.96,-2.53,2.05,43.32
135.269947,-0.0156,-0.0879,1.1489,5.62,-22.52,-0.24,-2.45,1.58,43.25
135.269970,-0.0303,-0.0498,1.1172,6.16,0.43,-1.10,-2.35,1.36,43.25
135.269970,0.0347,-0.0620,1.0728,4.46,20.20,-6.29,-2.23,1.61,43.18
135.321100,0.1079,-0.0703,1.1074,-7.20,11.11,-17.09,-2.29,1.98,42.94
135.321100,-0.0078,-0.0220,1.2271,-6.41,-21.36,-21.36,-2.47,1.86,42.53
135.350337,-0.1953,-0.0449,1.1167,-7.81,-34.73,-4.82,-2.58,1.22,42.27
135.350337,-0.1426,-0.0596,1.0820,-17.70,-10.38,0.24,-2.85,0.75,42.26
135.381010,-0.0444,-0.0181,1.2358,-16.97,12.94,-7.45,-3.23,0.82,42.20
135.381010,-0.0464,-0.0142,1.2588,-18.55,5.25,-6.16,-3.58,1.04,42.04
135.441351,-0.0518,-0.0093,1.2778,-19.71,-10.56,-2.87,-3.96,0.97,41.96
135.441351,-0.0898,-0.0195,1.2734,-26.49,-20.94,2.44,-4.42,0.64,41.97
135.470294,-0.0986,0.0044,1.3794,-26.31,-22.89,5.37,-4.98,0.20,42.08
135.470294,-0.1113,0.0000,1.3374,-23.56,-17.52,9.03,-5.47,-0.21,42.26
135.501168,-0.0815,0.0225,1.3652,-21.48,-3.36,7.51,-5.94,-0.40,42.45
135.501168,-0.0566,0.0269,1.3379,-16.30,5.62,6.53,-6.31,-0.35,42.58
135.561246,-0.0181,0.0088,1.2944,-15.14,3.85,5.68,-6.62,-0.23,42.70
135.561246,-0.0137,0.0020,1.3008,-12.82,1.71,3.66,-6.90,-0.18,42.79
135.590365,-0.0234,0.0024,1.3164,-1.95,7.81,0.61,-7.06,-0.08,42.82
135.590365,-0.0410,-0.0337,1.2271,1.16,12.63,-2.08,-7.04,0.14,42.79
135.621088,-0.0669,-0.0234,1.2622,-0.31,16.42,-2.56,-7.03,0.43,42.71
135.621088,-0.0649,-0.0098,1.3384,1.10,12.88,-3.05,-7.03,0.73,42.62
135.681084,-0.1328,0.0269,1.4316,7.14,4.70,-2.26,-6.95,0.90,42.55
135.681084,-0.1992,0.0391,1.5024,10.01,2.81,0.24,-6.76,0.95,42.53
135.713046,-0.2285,0.0371,1.6230,16.48,10.07,2.93,-6.50,1.08,42.55
135.713046,-0.1851,0.0093,1.6577,21.67,16.97,5.19,-6.11,1.37,42.62
135.741652,-0.1611,-0.0054,1.6104,22.46,17.03,5.74,-5.65,1.74,42.70
135.741652,-0.1084,-0.0352,1.5552,15.32,14.83,5.25,-5.27,2.07,42.79
135.801079,-0.0933,-0.0430,1.5864,11.90,13.61,2.44,-5.02,2.34,42.86
135.801079,-0.1025,-0.0508,1.6265,18.98,33.51,-0.67,-4.71,2.80,42.85
135.830416,-0.0811,-0.0596,1.6528,38.57,55.60,-0.98,-4.13,3.71,42.78
135.830416,-0.0293,-0.1343,1.4526,45.47,70.37,0.61,-3.24,5.00,42.73
135.861145,-0.0400,-0.1445,1.3672,41.81,75.74,-0.06,-2.37,6.48,42.70
135.861145,-0.0771,-0.1523,1.2588,40.34,69.15,4.33,-1.54,7.95,42.72
135.951264,-0.0874,-0.1597,1.1572,29.42,58.78,9.40,-0.82,9.23,42.88
135.951264,-0.0132,-0.1064,1.2842,27.89,41.93,8.91,-0.26,10.24,43.10
135.953286,-0.0488,-0.1182,1.2983,46.02,13.92,4.09,0.53,10.79,43.24
135.953286,-0.1377,-0.1514,1.1162,52.73,-13.12,7.93,1.57,10.75,43.36
135.983194,-0.1860,-0.1030,1.0186,47.06,-16.78,13.00,2.58,10.41,43.55
135.983194,-0.2881,-0.0664,0.8960,48.03,5.00,21.06,3.60,10.26,43.87
136.041496,-0.2759,-0.0522,0.7505,39.12,40.83,31.13,4.58,10.68,44.46
136.041496,-0.1606,-0.0449,0.7715,26.86,60.55,40.34,5.37,11.67,45.31
136.070383,-0.0034,-0.0479,0.8159,23.07,48.77,44.37,6.06,12.69,46.33
136.070383,0.0879,-0.0781,0.7583,19.04,15.93,41.87,6.71,13.21,47.31
136.101603,0.0791,-0.0557,0.6870,9.22,-18.07,34.18,7.15,13.03,48.08
136.101603,-0.0039,-0.0356,0.6177,-4.76,-35.34,28.26,7.29,12.36,48.61
136.161135,-0.0420,0.0347,0.6738,-12.63,-27.65,24.96,7.17,11.62,49.06
136.161135,-0.0176,0.0996,0.8008,-3.48,-17.82,19.96,7.08,11.13,49.44
136.190263,-0.0493,0.0791,0.7798,14.28,-19.23,15.38,7.25,10.74,49.72
136.190263,-0.0757,0.0557,0.6665,15.26,-21.67,13.06,7.60,10.28,49.95
136.221089,-0.0830,0.0869,0.6641,10.56,-26.73,9.34,7.88,9.77,50.10
136.221089,-0.0664,0.1455,0.7471,7.26,-30.09,4.21,8.04,9.17,50.16
136.283921,-0.0898,0.1675,0.8037,15.56,-32.65,1.28,8.27,8.53,50.09
136.283921,-0.1123,0.1621,0.7690,26.00,-28.93,-1.22,8.69,7.92,49.98
136.310367,-0.1421,0.1221,0.6616,26.49,-26.98,1.89,9.22,7.38,49.87
136.310367,-0.1313,0.1675,0.6338,22.58,-21.91,5.37,9.70,6.87,49.87
136.371205,-0.0957,0.2163,0.6606,18.68,-16.78,8.00,10.11,6.48,49.94
136.371205,-0.0474,0.2310,0.6904,20.94,-16.78,3.42,10.51,6.14,49.98
136.400371,-0.0586,0.2227,0.6626,19.59,-23.25,0.61,10.93,5.73,49.93
136.400371,-0.0811,0.2236,0.6377,16.60,-22.22,-2.44,11.28,5.28,49.81
136.431122,-0.1108,0.2573,0.6489,14.22,-19.41,-2.20,11.57,4.89,49.67
136.431122,-0.1167,0.2866,0.6650,16.97,-17.03,-0.31,11.88,4.54,49.56
136.491105,-0.0977,0.3091,0.6338,21.67,-16.42,0.00,12.26,4.22,49.48
136.491105,-0.0898,0.3008,0.5327,18.55,-15.50,-0.61,12.68,3.91,49.40
136.520525,-0.0981,0.3071,0.5049,8.85,-13.18,-0.67,12.95,3.64,49.32
136.520525,-0.0942,0.3389,0.5596,-0.73,-9.28,-1.28,13.01,3.42,49.25
136.551138,-0.0737,0.3511,0.6094,-2.99,-8.06,-2.32,12.96,3.27,49.17
136.551138,-0.0591,0.3452,0.6016,-5.55,-6.96,-3.91,12.87,3.14,49.07
136.611119,-0.0596,0.3311,0.5913,-8.54,-5.00,-3.66,12.73,3.04,48.97
136.611119,-0.0239,0.3066,0.5879,-13.61,-0.55,-3.30,12.50,3.00,48.89
136.641370,0.0166,0.2925,0.6421,-16.30,0.00,-5.07,12.19,3.03,48.81
136.641370,0.0449,0.2720,0.6470,-17.52,-0.92,-7.69,11.85,3.05,48.69
136.670305,0.0518,0.2485,0.6348,-19.47,-1.65,-9.77,11.48,3.06,48.50
136.670305,0.0635,0.2144,0.6274,-24.17,-0.24,-12.57,11.04,3.09,48.28
136.731128,0.0752,0.1943,0.6709,-25.51,0.18,-16.48,10.52,3.16,48.00
136.731128,0.0669,0.1704,0.6670,-23.68,-0.18,-18.62,10.02,3.23,47.65
136.760348,0.0781,0.1328,0.6001,-27.71,-2.14,-20.81,9.51,3.28,47.26
136.760348,0.0742,0.1348,0.6729,-39.67,-3.97,-27.95,8.79,3.32,46.77
136.791108,0.0605,0.1143,0.7969,-39.12,-16.48,-33.39,7.97,3.22,46.13
136.791108,0.0439,0.0630,0.7749,-36.74,-29.36,-37.05,7.19,2.87,45.35
136.851186,-0.0103,0.0942,0.7505,-42.60,-35.58,-38.76,6.38,2.31,44.50
136.851186,-0.1187,0.1382,0.7808,-45.72,-23.93,-34.06,5.47,1.80,43.69
136.880395,-0.1357,0.0918,0.7935,-49.56,-6.84,-23.50,4.52,1.57,43.09
136.880395,-0.0107,0.0112,0.9331,-52.31,-5.55,-19.78,3.47,1.53,42.67
136.911255,0.0698,-0.0508,0.9683,-46.20,-22.83,-21.61,2.48,1.27,42.24
136.911255,0.0205,-0.0566,0.8584,-42.24,-28.32,-19.53,1.61,0.75,41.78
136.971165,-0.0171,-0.0327,0.8271,-47.24,-15.69,-12.88,0.73,0.32,41.43
136.971165,-0.0337,-0.0073,0.9204,-45.78,-2.50,-3.85,-0.22,0.16,41.26
137.003237,0.0366,-0.0698,0.9478,-39.86,3.78,2.32,-1.07,0.20,41.26
137.003237,0.1602,-0.1421,0.9561,-39.79,-8.06,-0.67,-1.86,0.18,41.30
137.033217,0.1313,-0.1523,0.9785,-36.87,-23.07,-6.96,-2.62,-0.16,41.22
137.033217,0.0625,-0.1382,0.8706,-38.39,-17.58,-6.10,-3.35,-0.60,41.09
137.091279,0.0635,-0.1660,0.9180,-49.01,-4.39,-5.31,-4.22,-0.81,40.99
137.091279,0.0566,-0.1392,1.1270,-44.37,-3.91,-3.85,-5.19,-0.88,40.90
137.120372,0.0044,-0.1548,1.1606,-31.13,-7.45,-1.95,-5.93,-0.99,40.84
137.120372,-0.0405,-0.2026,1.0415,-24.90,-11.84,3.97,-6.47,-1.20,40.89
137.151196,-0.1001,-0.1895,1.0039,-36.38,-3.97,8.97,-7.08,-1.37,41.03
137.151196,-0.0732,-0.1362,1.1870,-35.71,9.03,12.39,-7.84,-1.27,41.25
137.211160,-0.0273,-0.1162,1.2808,-16.60,13.31,12.82,-8.38,-1.01,41.48
137.211160,-0.0205,-0.1201,1.3213,9.52,14.40,10.01,-8.45,-0.70,41.68
137.241397,-0.0947,-0.2437,1.0811,14.22,19.10,14.10,-8.14,-0.36,41.86
137.241397,-0.0581,-0.2368,1.0127,-9.77,36.25,17.03,-8.12,0.24,42.13
137.305075,0.0166,-0.1436,1.2852,-5.37,41.32,10.07,-8.33,1.07,42.31
137.305075,-0.0410,-0.1538,1.2495,7.26,33.81,4.76,-8.28,1.84,42.36
137.331246,-0.0918,-0.1577,1.1211,-2.14,32.78,1.95,-8.21,2.50,42.36
137.331246,-0.0435,-0.0977,1.3042,-8.79,22.95,-2.62,-8.38,3.08,42.28
137.360293,-0.0659,-0.1338,1.2056,-5.92,2.75,-4.15,-8.49,3.29,42.19
137.360293,-0.1108,-0.1562,1.1597,-10.99,-0.98,-2.87,-8.66,3.27,42.12
137.391490,-0.0889,-0.1465,1.2393,-18.07,3.42,-3.17,-8.97,3.29,42.06
137.391490,-0.1099,-0.1133,1.3486,-12.94,1.77,-4.15,-9.29,3.35,41.97
137.451145,-0.1392,-0.1289,1.3086,-8.36,-2.50,0.43,-9.49,3.32,41.95
137.451145,-0.1099,-0.1567,1.2695,-10.25,-4.09,2.50,-9.67,3.26,42.00
137.480358,-0.0635,-0.1587,1.2710,-12.21,-6.16,5.25,-9.90,3.18,42.09
137.480358,-0.0112,-0.1455,1.2778,-5.98,-11.35,4.27,-10.09,3.02,42.21
137.511124,-0.0317,-0.1680,1.1738,1.65,-18.19,8.61,-10.10,2.74,42.38
137.511124,-0.0161,-0.1968,1.0986,-1.71,-18.13,13.31,-10.09,2.40,42.67
137.572232,0.0044,-0.2061,1.1147,-4.21,-10.31,11.11,-10.13,2.15,42.96
137.572232,-0.0171,-0.1875,1.1714,-4.21,0.49,8.97,-10.23,2.09,43.17
137.600657,-0.0371,-0.1587,1.2124,0.98,8.18,6.53,-10.26,2.21,43.31
137.600657,-0.0801,-0.1646,1.1289,4.09,8.61,6.47,-10.17,2.41,43.41
137.631122,-0.0552,-0.1538,1.0806,-3.66,5.92,6.47,-10.17,2.58,43.53
137.631122,-0.0615,-0.1343,1.1079,-2.56,-2.14,4.76,-10.24,2.63,43.63
137.691163,-0.0728,-0.1245,1.0859,-1.16,-4.64,4.46,-10.28,2.56,43.73
137.691163,-0.0620,-0.1348,1.0410,-0.18,2.32,0.06,-10.28,2.54,43.79
137.723117,-0.0811,-0.1274,1.0537,-4.15,9.52,-1.10,-10.32,2.66,43.76
137.723117,-0.0659,-0.1055,1.1631,-8.06,7.20,-1.04,-10.46,2.85,43.71
137.781306,-0.0547,-0.0972,1.2476,-5.37,-2.99,-0.49,-10.59,2.88,43.69
137.781306,-0.0923,-0.0957,1.3696,-4.21,-8.24,-1.71,-10.70,2.76,43.69
137.810398,-0.1309,-0.0747,1.5156,1.59,-9.52,-2.75,-10.73,2.57,43.68
137.810398,-0.1709,-0.0581,1.5947,9.64,-1.77,-3.78,-10.60,2.44,43.63
137.841613,-0.1528,-0.0649,1.6455,13.49,10.56,-6.65,-10.37,2.52,43.52
137.841613,-0.1611,-0.0781,1.7290,16.60,18.86,-11.29,-10.06,2.80,43.29
137.901304,-0.1865,-0.0815,1.8198,24.11,19.47,-8.67,-9.67,3.16,43.03
137.901304,-0.1812,-0.1001,1.8076,33.75,16.54,-6.35,-9.09,3.50,42.83
137.930442,-0.1836,-0.1372,1.6704,38.57,13.67,-2.01,-8.35,3.79,42.71
137.930442,-0.1211,-0.1592,1.5767,36.25,9.09,1.95,-7.61,4.03,42.69
137.961237,-0.0439,-0.1445,1.5825,43.03,1.77,0.55,-6.83,4.14,42.71
137.961237,-0.0601,-0.1523,1.4741,55.24,-1.34,-2.69,-5.82,4.13,42.69
138.021322,-0.0693,-0.1738,1.3057,55.66,2.56,-3.97,-4.69,4.13,42.62
138.021322,-0.0771,-0.1714,1.2510,53.41,6.71,-3.42,-3.61,4.23,42.54
138.050556,-0.1050,-0.1738,1.1279,48.89,10.68,2.20,-2.58,4.40,42.52
138.050556,-0.0981,-0.1934,1.0005,34.06,17.88,9.40,-1.72,4.70,42.64
138.081381,0.0557,-0.1099,1.2339,36.87,19.35,7.63,-1.10,5.10,42.83
138.081381,0.0200,-0.1191,1.1636,58.84,9.34,6.59,-0.09,5.37,42.96
138.141832,-0.1045,-0.1172,0.9253,68.24,19.10,11.90,1.23,5.60,43.17
138.141832,-0.2212,-0.0850,0.8281,60.42,49.93,21.12,2.55,6.30,43.53
138.170514,-0.2124,-0.0820,0.8110,51.33,63.60,36.68,3.75,7.44,44.22
138.170514,-0.0605,-0.0693,0.8301,36.74,53.47,41.63,4.74,8.56,45.16
138.201189,0.0947,-0.0444,0.9302,33.69,13.37,34.30,5.53,9.16,46.02
138.201189,0.0864,-0.0449,0.9077,41.20,-35.64,22.22,6.36,8.82,46.53
138.261165,-0.0361,-0.0796,0.7085,35.16,-63.17,19.23,7.19,7.72,46.78
138.261165,-0.1118,-0.0469,0.6465,16.17,-56.64,21.91,7.71,6.43,46.98
138.329880,-0.0923,0.0024,0.6899,8.54,-34.73,28.20,7.97,5.45,47.35
138.329880,0.0273,0.0332,0.7617,7.87,-12.33,29.60,8.16,4.91,47.86
138.329904,0.1318,0.0635,0.8955,21.55,-13.43,22.95,8.47,4.64,48.34
138.329904,0.1143,0.0249,0.7080,30.52,-31.56,19.17,9.05,4.09,48.67
138.381242,0.0674,0.0488,0.4893,21.24,-26.92,16.17,9.59,3.41,48.91
138.381242,0.0679,0.1099,0.4683,7.20,-12.15,15.08,9.86,2.98,49.14
138.410394,0.1035,0.1738,0.6465,5.37,-2.56,11.72,9.96,2.81,49.38
138.410394,0.1060,0.1377,0.6641,9.09,-5.68,7.51,10.13,2.70,49.55
138.441616,0.0688,0.1392,0.6289,4.03,-9.34,3.97,10.27,2.52,49.63
138.441616,0.0229,0.1675,0.6245,-1.28,-4.94,3.11,10.28,2.36,49.67
138.501161,-0.0093,0.1973,0.6323,-1.65,1.89,2.99,10.25,2.31,49.72
138.501161,-0.0449,0.2397,0.6050,2.26,7.20,4.03,10.27,2.39,49.82
138.530502,-0.0859,0.2700,0.5615,3.54,13.67,6.65,10.33,2.58,49.97
138.530502,-0.1030,0.2803,0.5210,0.31,21.79,9.16,10.38,2.89,50.20
138.561190,-0.0884,0.2935,0.5571,-5.00,26.12,9.95,10.33,3.34,50.50
138.561190,-0.0566,0.3135,0.6074,-5.74,23.07,6.77,10.23,3.80,50.77
138.621314,-0.0732,0.3335,0.6064,-2.87,16.66,2.44,10.15,4.16,50.94
138.621314,-0.1094,0.3521,0.6079,-2.62,13.18,-0.43,10.10,4.45,51.02
138.650411,-0.1392,0.3711,0.5737,-0.12,10.80,-1.04,10.09,4.67,51.05
138.650411,-0.1494,0.4082,0.5649,-0.98,10.56,-0.92,10.07,4.90,51.07
138.681174,-0.1289,0.4204,0.5269,0.67,7.51,-1.77,10.08,5.08,51.09
138.681174,-0.1089,0.3945,0.4536,-3.66,3.78,-4.27,10.06,5.20,51.05
138.741561,-0.0908,0.3818,0.4697,-11.96,1.04,-7.45,9.88,5.27,50.94
138.741561,-0.0483,0.3711,0.5435,-15.08,-0.98,-10.62,9.59,5.31,50.76
138.770368,-0.0063,0.3545,0.6440,-12.02,-7.08,-13.73,9.29,5.28,50.50
138.770368,0.0063,0.3242,0.7163,1.22,-15.50,-16.24,9.16,5.10,50.17
138.801147,-0.0190,0.2441,0.6587,14.34,-20.57,-16.85,9.32,4.81,49.77
138.801147,-0.0278,0.1641,0.4932,7.02,-19.65,-13.49,9.55,4.44,49.39
138.861221,0.0122,0.1235,0.5005,-9.40,-11.29,-11.41,9.50,4.16,49.11
138.861221,0.0581,0.1016,0.6084,-24.23,1.95,-18.62,9.12,4.16,48.80
138.891222,0.1172,0.0537,0.7500,-26.79,-5.68,-25.88,8.57,4.24,48.36
138.891222,0.1294,0.0078,0.7666,-27.22,-26.73,-32.90,8.01,4.01,47.72
138.921196,0.0425,-0.0259,0.7554,-31.74,-37.72,-37.29,7.39,3.46,46.91
138.921196,-0.1118,-0.0264,0.7349,-45.59,-28.02,-32.04,6.60,2.88,46.10
138.989741,-0.1401,-0.0107,0.7598,-57.01,-5.62,-21.18,5.54,2.61,45.54
138.989741,-0.0596,0.0044,0.8652,-60.67,15.44,-18.43,4.33,2.80,45.18
139.010630,0.0308,0.0063,0.9927,-54.87,11.11,-19.17,3.16,3.14,44.84
139.010630,0.0166,-0.0156,0.9922,-40.47,-6.47,-20.69,2.20,3.19,44.43
139.041617,-0.0586,-0.0342,0.9438,-33.51,0.61,-19.71,1.46,3.11,44.02
139.041617,-0.0869,-0.0415,0.9312,-26.43,17.94,-15.08,0.85,3.33,43.68
139.103674,-0.0054,-0.0620,0.9053,-26.43,25.88,-11.54,0.33,3.80,43.45
139.103674,0.0840,-0.0811,1.0234,-29.17,12.63,-12.70,-0.26,4.24,43.21
139.133310,0.1611,-0.1089,1.1025,-22.52,-21.18,-16.24,-0.80,4.15,42.93
139.133310,0.0962,-0.1431,1.0303,-14.10,-54.38,-18.31,-1.16,3.36,42.56
139.191328,-0.0352,-0.1523,0.9297,-15.93,-71.47,-10.62,-1.46,2.05,42.26
139.191328,-0.1069,-0.1392,0.9067,-21.18,-55.05,-1.65,-1.83,0.73,42.16
139.220470,-0.0586,-0.1108,1.0654,-23.19,-16.54,0.37,-2.31,0.06,42.15
139.220470,-0.0098,-0.1304,1.1396,-13.37,-0.85,3.11,-2.66,-0.07,42.20
139.251192,-0.0015,-0.1812,1.0728,-21.30,5.37,2.75,-2.98,-0.01,42.26
139.251192,0.0127,-0.1689,1.1562,-32.71,-6.29,4.39,-3.54,0.02,42.34
139.311178,-0.0361,-0.1606,1.2324,-31.25,-28.20,8.48,-4.20,-0.35,42.47
139.311178,-0.0879,-0.1616,1.1943,-33.26,-24.17,12.02,-4.84,-0.92,42.73
139.364454,-0.1289,-0.1533,1.2437,-34.97,4.09,12.15,-5.54,-1.10,42.98
139.364454,-0.0713,-0.1616,1.3252,-34.79,23.99,12.02,-6.24,-0.74,43.19
139.373195,0.0005,-0.1528,1.4194,-33.26,3.85,14.83,-6.94,-0.38,43.43
139.373195,-0.0088,-0.1284,1.4102,-21.12,-31.13,20.69,-7.50,-0.66,43.82
139.431244,-0.0269,-0.1445,1.2275,-16.72,-30.70,20.20,-7.86,-1.31,44.32
139.431244,0.0303,-0.1260,1.2007,-18.01,-5.07,9.77,-8.23,-1.61,44.66
139.460446,0.1733,-0.1245,1.2114,-14.16,0.79,-9.58,-8.55,-1.59,44.67
139.460446,0.1743,-0.1401,1.1553,-18.07,-20.69,-27.28,-8.85,-1.82,44.29
139.491200,-0.0156,-0.1250,1.1587,-23.13,-43.15,-17.40,-9.27,-2.55,43.89
139.491200,-0.0576,-0.1753,1.1689,-27.22,-36.07,7.08,-9.77,-3.41,43.94
139.551328,0.0537,-0.1816,1.2104,-33.69,-3.60,11.17,-10.39,-3.76,44.21
139.551328,0.1108,-0.1499,1.3516,-36.25,15.08,9.22,-11.13,-3.55,44.38
139.580523,0.1821,-0.1406,1.4248,-26.49,5.37,8.54,-11.78,-3.29,44.52
139.580523,0.1729,-0.1470,1.3647,-18.13,-9.46,6.59,-12.22,-3.32,44.68
139.611205,0.1162,-0.1440,1.2900,-14.16,-11.78,7.45,-12.55,-3.53,44.86
139.611205,0.1118,-0.1577,1.1929,-12.51,-1.59,7.08,-12.82,-3.64,45.04
139.671226,0.1157,-0.1558,1.1274,-11.84,10.80,4.03,-13.07,-3.52,45.13
139.671226,0.1167,-0.1519,1.0513,-11.17,18.07,1.46,-13.30,-3.20,45.12
139.700414,0.1157,-0.1479,0.9307,-13.79,15.93,0.61,-13.54,-2.86,45.07
139.700414,0.1270,-0.1587,0.9204,-18.07,11.05,-3.48,-13.85,-2.60,44.99
139.733115,0.0420,-0.1743,1.0430,-17.64,8.12,-7.57,-14.21,-2.44,44.82
139.733115,-0.0210,-0.2007,1.1343,-14.65,7.51,-4.03,-14.52,-2.32,44.68
139.791182,-0.0205,-0.2383,1.1890,-17.70,6.59,-0.73,-14.84,-2.19,44.61
139.791182,-0.0278,-0.2271,1.3013,-18.43,4.27,-0.49,-15.21,-2.08,44.57
139.820581,-0.0146,-0.2285,1.4478,-13.67,0.06,-1.65,-15.53,-2.04,44.55
139.820581,-0.0811,-0.2378,1.5449,-1.53,-2.93,-3.60,-15.68,-2.09,44.49
139.851226,-0.1460,-0.2676,1.5518,2.14,5.98,-2.01,-15.65,-2.09,44.44
139.851226,-0.1387,-0.2686,1.6392,2.32,15.87,0.55,-15.61,-1.86,44.37
139.911222,-0.1172,-0.2891,1.6836,8.48,13.79,2.20,-15.49,-1.54,44.32
139.911222,-0.1309,-0.3013,1.6270,6.71,10.80,5.62,-15.31,-1.30,44.34
139.941673,-0.1147,-0.3047,1.6577,6.53,14.40,10.74,-15.20,-1.02,44.45
139.941673,-0.0679,-0.3047,1.6021,16.05,22.40,11.11,-14.98,-0.59,44.59
140.003489,-0.1055,-0.3042,1.3960,20.26,27.65,14.77,-14.60,-0.04,44.72
140.003489,-0.0884,-0.3037,1.2222,16.66,33.20,20.45,-14.21,0.63,44.93
140.033369,0.0449,-0.2764,1.2939,21.12,34.36,20.63,-13.85,1.41,45.20
140.033369,0.0898,-0.2632,1.2739,32.53,19.96,13.06,-13.30,2.02,45.41
140.063265,0.0044,-0.2959,1.1665,39.79,8.06,11.78,-12.54,2.32,45.58
140.063265,-0.0259,-0.3120,1.0703,37.72,5.19,15.75,-11.76,2.49,45.84
140.093217,-0.0454,-0.3091,1.0029,30.27,9.70,21.00,-11.09,2.69,46.20
140.093217,0.0039,-0.3120,0.9839,21.00,20.26,23.13,-10.55,3.05,46.61
140.151226,0.1333,-0.2441,1.1934,27.22,23.50,14.16,-10.09,3.59,46.92
140.151226,0.1084,-0.2456,1.2056,46.51,4.70,4.88,-9.31,3.91,47.04
140.180458,0.0117,-0.2559,1.0771,48.34,-11.35,0.55,-8.33,3.82,47.10
140.180458,-0.0361,-0.2310,1.0698,42.24,-16.24,-0.55,-7.43,3.53,47.13
140.211200,-0.0498,-0.1997,1.1494,44.43,-25.33,2.62,-6.58,3.13,47.18
140.211200,-0.0601,-0.1816,1.1157,52.55,-31.01,7.81,-5.59,2.55,47.34
140.271226,-0.0439,-0.1973,1.0117,56.03,-21.55,11.11,-4.48,2.02,47.57
140.271226,0.0161,-0.2056,0.9692,56.58,-7.32,13.49,-3.35,1.76,47.83
140.300445,0.0815,-0.2119,0.9448,59.63,-1.34,15.75,-2.18,1.70,48.14
140.300445,0.1265,-0.1738,0.9009,60.06,2.50,14.40,-1.00,1.72,48.44
140.331274,0.1357,-0.1509,0.8037,60.12,0.37,14.22,0.21,1.76,48.73
140.331274,0.1318,-0.1260,0.6973,53.47,2.81,13.67,1.35,1.77,49.01
140.391305,0.1167,-0.0928,0.6558,47.49,9.58,13.06,2.37,1.88,49.29
140.391305,0.1167,-0.0479,0.7090,47.06,13.31,15.69,3.30,2.10,49.59
140.420453,0.1084,-0.0176,0.6528,44.07,17.27,17.27,4.24,2.37,49.96
140.420453,0.0752,0.0093,0.5879,38.88,20.69,17.70,5.08,2.71,50.36
140.451133,0.0576,0.0552,0.5483,30.64,22.09,17.58,5.78,3.10,50.76
140.451133,0.0381,0.0991,0.5732,25.63,21.67,14.95,6.36,3.49,51.14
140.511348,-0.0005,0.1401,0.6045,27.53,14.71,11.60,6.94,3.76,51.45
140.511348,-0.0571,0.1616,0.5601,26.00,15.75,10.93,7.50,4.06,51.72
140.540849,-0.1006,0.1997,0.5122,20.57,17.70,10.74,7.99,4.34,51.99
140.540849,-0.1128,0.2427,0.5405,18.68,19.35,11.66,8.39,4.67,52.27
140.601277,-0.1162,0.2617,0.5479,20.63,14.71,10.93,8.81,4.98,52.56
140.601277,-0.1108,0.2739,0.5483,19.71,12.02,9.03,9.23,5.19,52.81
140.630451,-0.1006,0.2876,0.6172,21.18,8.24,6.59,9.65,5.38,53.00
140.630451,-0.0903,0.2827,0.5605,22.22,0.92,4.27,10.10,5.43,53.13
140.661382,-0.0977,0.2886,0.5039,18.37,-2.87,0.92,10.52,5.40,53.17
140.661382,-0.1006,0.3101,0.4922,12.70,-6.16,-1.65,10.82,5.31,53.15
140.721277,-0.0977,0.3213,0.4648,8.18,-9.77,-3.30,11.02,5.16,53.06
140.721277,-0.0898,0.3179,0.4033,-2.32,-8.18,-5.98,11.08,4.99,52.93
140.750619,-0.0732,0.3286,0.4312,-14.59,-7.02,-9.83,10.88,4.89,52.75
140.750619,-0.0713,0.3149,0.4829,-21.73,-9.64,-11.84,10.50,4.78,52.49
140.781341,-0.0386,0.2788,0.5273,-27.65,-12.02,-12.76,9.98,4.61,52.21
140.781341,0.0229,0.2397,0.6245,-32.41,-12.21,-15.99,9.35,4.43,51.88
140.841598,0.0586,0.2280,0.7104,-33.87,-15.93,-19.84,8.66,4.22,51.48
140.841598,0.0493,0.2129,0.7437,-32.71,-17.46,-23.32,7.98,3.95,50.99
140.871049,0.0459,0.1650,0.7603,-34.42,-15.14,-24.60,7.27,3.71,50.47
140.871049,0.0864,0.1104,0.7866,-31.37,-17.33,-26.37,6.59,3.46,49.92
140.900489,0.1372,0.0688,0.8008,-30.03,-21.55,-31.49,5.95,3.16,49.29
140.900489,0.1362,0.0854,0.7876,-28.14,-30.40,-35.95,5.34,2.72,48.54
140.961243,0.0713,0.0542,0.6299,-32.65,-29.79,-36.62,4.74,2.17,47.75
140.961243,0.0337,0.0298,0.6377,-47.79,-16.05,-35.16,3.91,1.80,46.98
140.990884,0.0654,0.0093,0.7876,-51.70,-10.44,-34.00,2.88,1.61,46.28
140.990884,0.0845,0.0088,0.8687,-48.16,-12.27,-34.91,1.87,1.43,45.58
141.021428,0.0493,0.0083,0.8433,-43.70,-10.19,-35.34,0.96,1.23,44.86
141.021428,0.0073,-0.0381,0.7920,-44.98,-0.92,-32.04,0.08,1.14,44.18
141.081373,0.0176,-0.0752,0.8740,-46.88,7.02,-29.48,-0.85,1.23,43.57
141.081373,0.0166,-0.0864,1.0381,-35.22,7.32,-26.73,-1.69,1.38,43.01
141.110513,-0.0190,-0.0708,1.1162,-14.40,4.82,-20.32,-2.18,1.49,42.53
141.110513,-0.0073,-0.0615,1.0322,-1.34,14.28,-14.22,-2.31,1.65,42.20
141.141521,0.0303,-0.0830,1.0234,1.65,21.79,-15.01,-2.29,2.05,41.91
141.141521,0.0498,-0.1089,1.0728,0.24,7.51,-19.96,-2.28,2.36,41.56
141.201365,-0.0176,-0.1001,1.1484,1.53,-25.33,-20.20,-2.28,2.18,41.14
141.201365,-0.0850,-0.1064,1.0425,0.73,-46.08,-14.53,-2.25,1.41,40.80
141.231685,-0.1265,-0.1079,0.9492,-8.12,-42.42,-8.61,-2.32,0.48,40.59
141.231685,-0.1094,-0.0869,0.9839,-15.20,-29.97,-2.69,-2.57,-0.23,40.50
141.260467,-0.1021,-0.0527,1.0674,-17.46,-23.62,0.37,-2.90,-0.75,40.49
141.260467,-0.1235,-0.0195,1.2114,-12.45,-24.72,5.49,-3.22,-1.22,40.56
141.321355,-0.1489,-0.0371,1.2217,2.20,-25.76,11.47,-3.32,-1.73,40.75
141.321355,-0.1997,-0.0967,1.0957,7.63,-17.88,20.32,-3.20,-2.17,41.08
141.350616,-0.1729,-0.1436,0.9497,-9.40,-0.49,29.91,-3.24,-2.33,41.61
141.350616,-0.0005,-0.1152,1.1377,-27.16,-1.89,31.43,-3.67,-2.26,42.24
141.399862,0.0835,-0.0767,1.2944,-19.04,-32.29,29.11,-4.20,-2.59,42.86
141.399862,0.0229,-0.1162,1.1704,-5.86,-42.18,28.20,-4.47,-3.38,43.47
141.441645,-0.0269,-0.1558,1.0352,-8.48,-12.76,27.95,-4.64,-3.92,44.06
141.441645,0.0674,-0.1797,1.0215,-17.58,15.56,27.53,-4.94,-3.80,44.62
141.470463,0.2056,-0.1694,1.0957,-27.95,13.55,20.57,-5.45,-3.42,45.08
141.470463,0.2637,-0.1440,1.2021,-25.57,-6.16,10.44,-6.03,-3.33,45.39
141.501309,0.1611,-0.1289,1.2227,-20.32,-19.84,4.52,-6.49,-3.61,45.54
141.501309,0.0635,-0.1284,1.1841,-16.85,-14.59,13.85,-6.87,-3.97,45.75
141.561345,0.1411,-0.1270,1.1597,-19.65,6.23,15.26,-7.26,-4.02,46.08
141.561345,0.1562,-0.0811,1.2378,-18.13,21.24,8.48,-7.67,-3.69,46.28
141.590575,0.1191,-0.0742,1.2280,-10.44,25.45,5.37,-7.95,-3.19,46.36
141.590575,0.1021,-0.0991,1.1675,-8.24,20.45,4.09,-8.13,-2.71,46.40
141.621272,0.0908,-0.0859,1.1724,-10.86,12.02,2.87,-8.32,-2.39,46.43
141.621272,0.0718,-0.1069,1.1953,-10.56,7.63,1.71,-8.53,-2.20,46.45
141.681298,0.0381,-0.1021,1.1904,-11.35,10.01,-0.06,-8.75,-2.03,46.44
141.681298,0.0366,-0.0938,1.1953,-10.38,11.72,-0.79,-8.98,-1.81,46.41
141.710506,0.0420,-0.1118,1.1558,-7.69,14.59,-4.94,-9.15,-1.55,46.32
141.710506,0.0210,-0.1064,1.1147,-9.46,19.47,-7.20,-9.32,-1.24,46.15
141.743896,0.0107,-0.1230,1.1182,-11.23,22.89,-7.20,-9.53,-0.82,45.94
141.743896,-0.0161,-0.1147,1.1299,-11.72,21.85,-6.41,-9.74,-0.39,45.74
141.801256,-0.0015,-0.1274,1.1665,-12.21,17.15,-4.58,-9.98,-0.02,45.58
141.801256,-0.0034,-0.1270,1.1787,-8.97,8.79,-4.09,-10.18,0.23,45.45
141.830517,-0.0210,-0.1328,1.1240,-10.13,6.90,-2.62,-10.37,0.36,45.37
141.830517,-0.0405,-0.1411,1.0981,-13.49,9.58,-4.39,-10.60,0.51,45.27
141.861248,-0.0601,-0.1367,1.1802,-17.03,10.93,-5.00,-10.92,0.71,45.14
141.861248,-0.0640,-0.1255,1.2939,-12.76,4.94,-3.78,-11.22,0.85,45.03
141.921268,-0.0669,-0.1362,1.3574,-8.00,1.53,-2.56,-11.43,0.89,44.96
141.921268,-0.0781,-0.1436,1.3945,-4.03,6.90,-4.15,-11.54,0.96,44.88
141.950501,-0.1035,-0.1392,1.4365,1.40,16.78,-5.86,-11.56,1.18,44.74
141.950501,-0.1318,-0.1387,1.4233,3.23,19.41,-3.30,-11.51,1.54,44.57
142.011460,-0.1255,-0.1719,1.3486,-3.36,14.04,0.73,-11.49,1.86,44.50
142.011460,-0.1338,-0.1968,1.3320,-18.98,19.47,0.67,-11.72,2.18,44.47
142.041836,-0.1040,-0.1865,1.5181,-22.22,35.83,-4.46,-12.18,2.73,44.34
142.041836,-0.1431,-0.2051,1.5537,-6.29,44.19,-6.59,-12.45,3.50,44.06
142.070685,-0.1548,-0.2310,1.5513,-5.19,52.61,-6.16,-12.58,4.44,43.75
142.070685,-0.1860,-0.2212,1.6245,14.16,51.39,-4.21,-12.51,5.47,43.43
142.131376,-0.2373,-0.2622,1.4419,20.94,41.20,0.55,-12.14,6.37,43.23
142.131376,-0.2866,-0.2544,1.3291,13.18,36.07,5.98,-11.79,7.12,43.16
142.160527,-0.3281,-0.2368,1.3384,13.18,36.07,17.33,-11.54,7.88,43.24
142.160527,-0.2397,-0.2490,1.2622,11.96,37.05,24.41,-11.24,8.68,43.56
142.191419,-0.1792,-0.2227,1.3247,15.20,34.12,18.49,-10.95,9.48,43.87
142.191419,-0.1987,-0.2285,1.3184,23.13,10.25,19.23,-10.50,10.00,44.16
142.253213,-0.2368,-0.2559,1.1826,29.36,-13.85,24.90,-9.89,9.98,44.62
142.253213,-0.2222,-0.2485,1.0312,27.40,-7.87,28.93,-9.22,9.81,45.21
142.281132,-0.1772,-0.2661,0.9111,18.43,7.39,30.40,-8.66,9.89,45.81
142.281132,-0.0835,-0.2720,0.8677,5.92,17.27,30.40,-8.33,10.24,46.40
142.310493,0.0273,-0.2451,0.9370,4.94,7.81,23.13,-8.15,10.58,46.92
142.310493,0.0918,-0.1919,0.9746,11.29,-20.51,9.89,-7.94,10.52,47.26
142.371464,0.1216,-0.2173,0.8237,11.41,-62.13,-4.88,-7.67,9.69,47.41
142.371464,0.0874,-0.1885,0.8354,5.25,-96.31,-22.03,-7.54,8.05,47.30
142.420016,0.0068,-0.1836,0.8340,6.96,-112.73,-29.30,-7.44,5.85,46.99
142.420016,-0.0303,-0.1880,0.8340,10.56,-102.97,-30.46,-7.30,3.63,46.61
142.431234,-0.0552,-0.1685,0.8501,16.36,-80.57,-23.99,-7.05,1.74,46.25
142.431234,-0.0728,-0.1426,0.8945,25.94,-45.90,-13.43,-6.65,0.47,45.99
142.491701,-0.0591,-0.1816,0.8643,34.30,-15.56,2.93,-6.03,-0.13,45.94
142.491701,0.0444,-0.1509,0.9189,42.42,-0.49,13.85,-5.28,-0.24,46.14
142.520599,0.1582,-0.1479,0.9512,52.49,2.99,13.92,-4.33,-0.16,46.44
142.520599,0.1948,-0.1689,0.8604,58.17,-4.33,9.40,-3.20,-0.16,46.67
142.551386,0.1826,-0.1431,0.7554,56.21,-12.88,5.37,-2.05,-0.35,46.82
142.551386,0.1548,-0.0942,0.7290,52.86,-13.98,1.89,-0.97,-0.63,46.89
142.611443,0.1401,-0.0649,0.7363,50.17,-9.22,-1.04,0.06,-0.86,46.89
142.611443,0.1348,-0.0010,0.7461,48.58,-9.34,-2.38,1.05,-1.03,46.85
142.640799,0.0996,0.0386,0.6851,50.42,-12.88,-5.74,2.06,-1.26,46.75
142.640799,0.0200,0.0684,0.6289,48.22,-10.68,-5.31,3.05,-1.50,46.61
142.671298,-0.0435,0.1011,0.6211,40.95,0.18,-0.06,3.94,-1.60,46.55
142.671298,-0.0654,0.1489,0.6470,37.29,10.07,6.77,4.71,-1.49,46.64
142.731300,-0.0469,0.1753,0.6318,35.34,16.11,11.11,5.43,-1.24,46.86
142.731300,-0.0239,0.1919,0.6050,32.17,14.59,11.05,6.09,-0.94,47.13
142.760512,-0.0122,0.2056,0.5361,25.76,7.32,7.81,6.67,-0.76,47.35
142.760512,-0.0220,0.2417,0.5391,17.03,1.40,2.44,7.08,-0.69,47.46
142.791271,-0.0464,0.2603,0.5137,9.40,-2.81,-0.06,7.35,-0.73,47.47
142.791271,-0.0513,0.2773,0.5366,3.23,-1.28,-0.98,7.47,-0.76,47.46
142.851368,-0.0522,0.2744,0.5449,-0.31,2.56,-0.67,7.49,-0.75,47.43
142.851368,-0.0386,0.2783,0.5415,-4.58,6.41,-0.24,7.45,-0.65,47.44
142.881334,-0.0220,0.2861,0.5581,-7.39,6.59,-1.95,7.32,-0.51,47.44
142.881334,-0.0181,0.2705,0.5518,-9.64,5.55,-5.68,7.15,-0.38,47.39
142.910548,-0.0181,0.2441,0.5547,-13.43,1.77,-8.91,6.92,-0.28,47.25
142.910548,-0.0137,0.2192,0.5527,-18.86,-2.56,-12.70,6.61,-0.27,47.04
142.971311,0.0000,0.2080,0.5845,-23.13,-5.43,-15.87,6.19,-0.31,46.74
142.971311,0.0200,0.1855,0.5996,-23.56,-5.80,-17.09,5.72,-0.38,46.39
143.000781,0.0469,0.1294,0.6050,-22.77,0.00,-17.58,5.27,-0.41,46.04
143.000781,0.0962,0.0796,0.6226,-22.71,5.37,-19.29,4.83,-0.30,45.68
143.031513,0.1533,0.0781,0.6787,-22.28,0.12,-26.98,4.38,-0.17,45.24
143.031513,0.1118,0.1030,0.6953,-20.45,-10.68,-35.58,3.98,-0.23,44.59
143.091522,0.0020,0.1304,0.7124,-19.59,-14.65,-37.48,3.59,-0.42,43.82
143.091522,-0.0654,0.1230,0.7261,-17.03,-12.33,-32.10,3.24,-0.64,43.10
143.120655,-0.0728,0.1255,0.7695,-14.10,-9.03,-25.33,2.94,-0.81,42.52
143.120655,-0.0928,0.1152,0.7002,-13.18,-5.13,-16.11,2.71,-0.92,42.10
143.151348,-0.0806,0.0908,0.6909,-23.32,6.41,-8.54,2.35,-0.89,41.86
143.151348,-0.0679,0.0430,0.7534,-28.87,13.31,-1.40,1.82,-0.66,41.78
143.211319,-0.0273,-0.0161,0.8154,-36.44,14.04,2.99,1.18,-0.38,41.82
143.211319,-0.0015,-0.0073,0.8926,-39.73,7.02,7.14,0.40,-0.18,41.93
143.240946,0.0410,-0.0151,0.8643,-44.68,8.30,9.64,-0.44,-0.04,42.11
143.240946,0.0894,-0.0620,0.8481,-51.03,11.23,9.89,-1.40,0.16,42.31
143.271424,0.1064,-0.1313,0.9341,-55.54,5.92,4.58,-2.47,0.35,42.46
143.271424,0.0957,-0.1294,1.0879,-50.42,-12.45,4.39,-3.54,0.29,42.54
143.331425,0.1216,-0.1216,1.0947,-41.32,-21.06,3.23,-4.45,-0.08,42.64
143.331425,0.0947,-0.1304,1.0674,-32.59,-17.33,4.27,-5.17,-0.47,42.73
143.360591,0.1226,-0.1689,1.0601,-29.60,-11.05,3.48,-5.80,-0.73,42.84
143.360591,0.1104,-0.1772,1.1030,-22.77,-21.61,2.50,-6.33,-1.03,42.91
143.421316,0.0840,-0.1973,0.9761,-17.58,-39.37,6.10,-6.71,-1.66,43.06
143.421316,0.0396,-0.1587,0.9395,-17.27,-33.94,7.75,-7.08,-2.41,43.28
143.469608,0.0044,-0.1343,0.9839,-8.91,-12.21,9.09,-7.35,-2.86,43.50
143.469608,0.0264,-0.2109,0.9932,-5.19,15.20,5.49,-7.47,-2.77,43.65
143.481243,0.0977,-0.2617,1.1748,-11.11,11.78,-1.83,-7.62,-2.43,43.62
143.481243,0.0674,-0.2661,1.2144,-9.64,-22.77,6.16,-7.83,-2.57,43.68
143.541714,0.0317,-0.2515,1.1929,-7.63,-28.50,7.81,-8.03,-3.12,43.90
143.541714,-0.0469,-0.2388,1.1685,-13.06,-2.32,10.80,-8.24,-3.43,44.12
143.573326,-0.0107,-0.2490,1.3174,-18.07,21.61,10.25,-8.57,-3.16,44.31
143.573326,0.0728,-0.2129,1.4575,-15.14,16.66,8.18,-8.93,-2.71,44.44
143.603437,0.1636,-0.2109,1.4448,-5.86,-10.86,2.62,-9.14,-2.63,44.54
143.603437,0.0317,-0.1890,1.3135,-2.38,-32.41,4.70,-9.23,-3.11,44.65
143.661413,0.0347,-0.1968,1.1841,-9.83,-22.03,12.39,-9.37,-3.66,44.92
143.661413,0.1240,-0.1865,1.1592,-21.06,-1.77,8.73,-9.70,-3.84,45.18
143.690578,0.1660,-0.1499,1.2334,-26.06,1.53,3.30,-10.20,-3.79,45.29
143.690578,0.1597,-0.1245,1.2510,-25.76,-5.86,-0.67,-10.73,-3.82,45.31
143.721338,0.0986,-0.1523,1.2314,-24.72,-13.55,2.75,-11.22,-4.03,45.36
143.721338,0.1470,-0.1729,1.2188,-26.43,-7.26,2.87,-11.75,-4.24,45.47
143.781694,0.1694,-0.1733,1.2812,-20.75,1.59,-4.09,-12.23,-4.28,45.46
143.781694,0.1084,-0.1826,1.2456,-12.08,11.23,-6.90,-12.54,-4.19,45.32
143.810906,0.1030,-0.1831,1.2583,-6.53,21.85,-10.01,-12.71,-3.87,45.08
143.810906,0.0884,-0.1738,1.2646,1.95,23.80,-13.43,-12.73,-3.47,44.76
143.841632,0.0239,-0.2061,1.1982,8.73,24.11,-13.18,-12.58,-3.04,44.39
143.841632,0.0146,-0.2148,1.1182,3.85,28.02,-11.35,-12.43,-2.58,44.06
143.901810,-0.0083,-0.2139,1.1177,3.78,24.05,-7.32,-12.34,-2.08,43.77
143.901810,-0.0083,-0.2046,1.1035,11.17,17.33,-5.25,-12.19,-1.70,43.57
143.930545,-0.0078,-0.2119,0.9927,10.80,14.47,-2.56,-11.94,-1.43,43.45
143.930545,-0.0103,-0.1899,0.9512,7.45,19.23,-6.59,-11.76,-1.10,43.32
143.961338,0.0151,-0.1992,0.9961,5.86,23.13,-10.62,-11.62,-0.68,43.06
143.961338,-0.0200,-0.2080,1.0405,4.58,13.98,-5.25,-11.51,-0.34,42.84
144.021492,-0.0552,-0.1680,1.0547,6.41,11.29,-2.75,-11.40,-0.13,42.73
144.021492,-0.0688,-0.1460,1.0073,6.90,18.98,-3.60,-11.26,0.16,42.62
144.050928,-0.0571,-0.1279,1.0156,7.02,21.79,-2.75,-11.12,0.57,42.48
144.050928,-0.0186,-0.1206,1.0332,10.93,18.55,-1.65,-10.95,0.97,42.36
144.081423,-0.0044,-0.1382,0.9888,13.31,6.84,3.23,-10.68,1.21,42.34
144.081423,-0.0068,-0.1470,0.9502,8.06,1.59,5.62,-10.46,1.30,42.43
144.142231,0.0063,0.0327,1.4253,51.21,-14.10,4.76,-10.12,1.29,42.54
144.142231,-0.0122,-0.1069,1.0967,35.58,-12.76,7.69,-9.08,0.92,42.73
144.171053,0.0117,-0.1250,0.9692,27.28,-0.18,5.80,-8.48,0.82,42.89
144.171053,0.0088,-0.1011,1.0142,26.00,3.11,4.76,-7.93,0.88,42.97
144.201405,0.0190,-0.0894,1.0122,18.98,1.46,6.71,-7.48,0.94,43.09
144.201405,0.0029,-0.0933,0.9766,19.84,2.01,3.23,-7.11,0.98,43.20
144.261556,-0.0391,-0.0938,0.9868,24.05,7.75,-1.04,-6.67,1.09,43.20
144.261556,-0.0303,-0.0918,1.0039,32.84,7.51,-1.71,-6.10,1.25,43.17
144.290757,-0.0356,-0.0674,1.0244,35.89,1.28,-1.59,-5.39,1.35,43.12
144.290757,-0.0298,-0.0542,1.0088,35.77,-4.88,-0.98,-4.68,1.30,43.10
144.321534,-0.0259,-0.0493,0.9971,41.81,-8.12,-3.42,-3.91,1.16,43.07
144.321534,0.0010,-0.0322,1.0103,46.51,-6.29,-4.76,-3.00,1.01,42.98
144.381545,-0.0015,-0.0049,1.0117,43.76,-3.85,-3.66,-2.09,0.90,42.91
144.381545,-0.0078,0.0146,1.0142,40.53,-3.78,-2.50,-1.26,0.83,42.85
144.411976,-0.0078,0.0283,1.0132,35.95,-4.94,-0.98,-0.49,0.75,42.81
144.411976,0.0034,0.0391,1.0073,29.66,-4.03,0.00,0.17,0.65,42.81
144.441019,0.0117,0.0386,0.9995,17.33,-0.06,-0.49,0.64,0.61,42.80
144.441019,-0.0054,0.0703,0.9951,8.42,1.53,-0.06,0.87,0.64,42.80
144.501446,-0.0059,0.0781,0.9990,14.59,-0.49,-0.49,1.12,0.64,42.80
144.501446,-0.0049,0.0776,0.9980,9.22,-0.79,1.28,1.35,0.64,42.80
144.530711,-0.0015,0.0786,1.0039,6.59,-2.75,5.07,1.50,0.60,42.87
144.530711,-0.0122,0.0674,0.9961,5.37,-3.23,6.71,1.64,0.52,42.99
144.561434,0.0029,0.0571,0.9961,2.01,-1.77,3.72,1.69,0.47,43.10
144.561434,0.0059,0.0571,1.0034,-1.22,-0.55,0.49,1.70,0.44,43.14
144.621534,-0.0010,0.0503,1.0151,-0.18,-2.38,-1.34,1.67,0.43,43.14
144.621534,0.0068,0.0557,1.0112,1.04,-2.44,-3.23,1.69,0.38,43.09
144.650642,0.0044,0.0430,1.0171,4.21,-4.58,-5.43,1.75,0.32,42.99
144.650642,0.0576,0.1357,0.9282,-2.69,8.85,-6.84,1.85,0.31,42.87
144.681425,0.0068,0.0508,1.0562,3.72,4.64,-4.52,1.80,0.52,42.78
144.681425,-0.0249,0.0498,1.0117,6.84,1.22,-10.99,1.96,0.57,42.58
144.741796,-0.0454,0.0952,0.9990,7.32,-0.98,6.04,2.11,0.57,42.53
144.741796,-0.0161,0.0801,0.9795,-3.60,2.62,26.37,2.16,0.57,42.87
144.770611,-0.0205,0.1973,0.9863,-22.64,-7.02,34.30,1.94,0.51,43.54
144.770611,0.0732,-0.0044,0.9854,-22.52,7.69,14.40,1.44,0.49,44.03
144.831548,-0.0234,0.0068,1.0156,-9.03,-0.06,-4.70,1.09,0.59,44.10
144.831548,0.0137,0.0884,0.9878,-15.93,1.10,-3.42,0.89,0.57,43.99
144.860651,-0.0088,0.0244,1.0137,-19.47,3.54,0.00,0.49,0.64,43.98
144.860651,-0.0073,0.0063,1.0078,-4.21,-0.12,-0.61,0.25,0.66,43.97
144.890705,-0.0029,0.0352,1.0029,0.79,0.00,0.06,0.25,0.66,43.97
144.890705,-0.0054,0.0195,1.0063,5.92,-0.67,0.00,0.30,0.66,43.97
144.952229,-0.0049,0.0361,1.0059,12.88,-1.95,0.12,0.51,0.63,43.97
144.952229,0.0000,0.0552,0.9990,9.89,-1.16,0.06,0.75,0.60,43.98
144.982794,-0.0005,0.0566,1.0005,5.49,-0.61,-0.06,0.90,0.58,43.98
144.982794,0.0000,0.0630,0.9976,-0.43,0.00,-0.06,0.96,0.57,43.98
145.012760,-0.0005,0.0532,1.0010,-4.88,0.67,-0.18,0.89,0.58,43.98
145.012760,-0.0010,0.0488,1.0015,-6.35,0.85,-0.18,0.77,0.60,43.98
145.071900,-0.0024,0.0425,1.0029,-6.65,0.85,-0.24,0.64,0.62,43.97
145.071900,-0.0039,0.0352,1.0039,-3.85,0.49,-0.12,0.54,0.64,43.97
145.100657,-0.0024,0.0342,1.0034,-0.18,0.06,-0.06,0.50,0.64,43.97
145.100657,-0.0024,0.0361,1.0039,2.99,-0.37,0.00,0.53,0.64,43.97
145.131406,-0.0020,0.0415,1.0029,5.13,-0.61,0.00,0.62,0.63,43.97
145.131406,-0.0010,0.0483,1.0015,4.64,-0.61,0.00,0.72,0.62,43.98
145.191520,-0.0010,0.0527,1.0000,2.08,-0.18,0.00,0.79,0.61,43.98
145.191520,0.0000,0.0518,1.0005,-0.85,0.12,-0.06,0.80,0.61,43.98
145.220638,0.0000,0.0479,1.0020,-2.50,0.31,-0.12,0.76,0.62,43.98
145.220638,-0.0015,0.0454,1.0020,-3.30,0.55,-0.12,0.70,0.63,43.98
145.251375,-0.0024,0.0410,1.0029,-2.62,0.37,-0.06,0.64,0.64,43.98
145.251375,-0.0024,0.0396,1.0034,-1.16,0.18,-0.12,0.61,0.64,43.98
145.311561,-0.0029,0.0400,1.0049,0.49,0.00,-0.06,0.60,0.65,43.98
145.311561,-0.0020,0.0400,1.0024,1.77,-0.18,-0.06,0.63,0.64,43.98
145.341797,-0.0015,0.0430,1.0015,2.20,-0.24,-0.06,0.67,0.64,43.98
145.341797,-0.0024,0.0469,1.0010,1.40,-0.12,0.00,0.71,0.64,43.98
145.370696,-0.0020,0.0469,1.0015,0.00,0.00,-0.06,0.73,0.64,43.98
145.370696,-0.0024,0.0459,1.0015,-1.10,0.18,-0.12,0.72,0.64,43.98
145.431448,-0.0024,0.0459,1.0024,-1.65,0.18,-0.06,0.69,0.64,43.98
145.431448,-0.0029,0.0430,1.0024,-1.53,0.24,-0.06,0.66,0.65,43.98
145.460695,-0.0024,0.0425,1.0020,-0.49,0.06,0.00,0.64,0.65,43.98
145.460695,-0.0015,0.0435,1.0020,0.18,0.00,0.00,0.64,0.66,43.98
145.509596,-0.0024,0.0435,1.0029,0.92,-0.06,0.00,0.65,0.66,43.99
145.509596,-0.0024,0.0439,1.0034,1.10,-0.12,-0.06,0.68,0.65,43.99
145.551469,-0.0020,0.0449,1.0024,0.55,0.00,-0.06,0.69,0.65,43.99
145.551469,-0.0024,0.0459,1.0029,0.00,0.00,0.00,0.70,0.65,43.99
145.580631,-0.0029,0.0444,1.0039,-0.79,0.12,-0.06,0.69,0.66,43.99
145.580631,-0.0024,0.0444,1.0029,-0.85,0.12,-0.06,0.68,0.66,43.99
145.611471,-0.0020,0.0425,1.0024,-0.85,0.12,-0.06,0.65,0.66,43.99
145.611471,-0.0034,0.0410,1.0039,-0.31,0.06,-0.06,0.64,0.67,43.99
145.671409,-0.0029,0.0415,1.0029,0.18,0.00,-0.06,0.65,0.67,43.99
145.671409,-0.0015,0.0435,1.0024,0.67,0.00,0.00,0.66,0.67,43.99
145.700652,-0.0029,0.0435,1.0024,0.67,-0.06,-0.06,0.68,0.67,43.99
145.700652,-0.0020,0.0454,1.0015,0.31,0.00,0.00,0.69,0.67,44.00
145.731491,-0.0024,0.0439,1.0015,-0.18,0.06,-0.12,0.69,0.67,44.00
145.731491,-0.0020,0.0444,1.0015,-0.49,0.06,0.00,0.68,0.68,44.00
145.791601,-0.0024,0.0439,1.0015,-0.61,0.12,-0.06,0.67,0.68,44.00
145.791601,-0.0034,0.0420,1.0029,-0.43,0.12,-0.12,0.66,0.68,44.00
145.820738,-0.0034,0.0425,1.0029,-0.06,0.06,-0.06,0.65,0.68,44.00
145.820738,-0.0024,0.0425,1.0020,0.18,0.00,-0.06,0.66,0.69,44.00
145.851515,-0.0029,0.0435,1.0029,0.31,0.00,-0.06,0.73,0.74,44.00
145.851515,-0.0029,0.0439,1.0029,0.37,0.00,-0.06,0.75,0.75,44.01
145.911436,-0.0015,0.0444,1.0024,0.12,0.00,0.00,0.76,0.76,44.01
145.911436,-0.0024,0.0444,1.0029,-0.12,0.06,-0.12,0.77,0.77,44.01
145.940874,-0.0029,0.0449,1.0034,-0.37,0.06,0.00,0.77,0.77,44.01
145.940874,-0.0024,0.0430,1.0034,-0.37,0.12,-0.06,0.78,0.77,44.01
145.973466,-0.0020,0.0430,1.0044,-0.31,0.06,-0.12,0.79,0.78,44.01
145.973466,-0.0029,0.0425,1.0034,-0.06,0.06,-0.06,0.79,0.78,44.01
146.031525,-0.0029,0.0425,1.0024,0.12,0.06,-0.06,0.79,0.78,44.01
146.031525,-0.0029,0.0425,1.0024,0.18,0.06,-0.06,0.79,0.78,44.01
146.060739,-0.0024,0.0435,1.0020,0.18,0.00,-0.06,0.79,0.78,44.01
146.060739,-0.0029,0.0435,1.0024,0.06,0.00,-0.12,0.80,0.78,44.01
146.091324,-0.0024,0.0444,1.0020,-0.06,0.06,-0.06,0.80,0.78,44.01
146.091324,-0.0024,0.0439,1.0020,-0.18,0.00,-0.06,0.80,0.79,44.01
146.151560,-0.0034,0.0444,1.0034,-0.18,0.00,-0.06,0.80,0.79,44.01
146.151560,-0.0034,0.0430,1.0024,-0.06,0.06,-0.12,0.80,0.79,44.01
146.180695,-0.0034,0.0425,1.0029,0.06,0.06,-0.06,0.80,0.79,44.01
146.180695,-0.0029,0.0435,1.0029,0.06,0.00,-0.06,0.80,0.79,44.02
146.241663,-0.0034,0.0430,1.0039,0.06,0.00,-0.06,0.80,0.79,44.02
146.241663,-0.0034,0.0430,1.0024,0.00,0.00,-0.06,0.80,0.79,44.02
146.270558,-0.0034,0.0430,1.0029,0.00,0.00,0.00,0.81,0.79,44.02
146.270558,-0.0024,0.0430,1.0020,-0.12,0.00,0.00,0.81,0.79,44.02
146.301690,-0.0034,0.0425,1.0029,-0.12,0.06,0.00,0.81,0.79,44.02
146.301690,-0.0020,0.0425,1.0034,-0.06,0.00,-0.12,0.81,0.79,44.02
146.360814,-0.0029,0.0425,1.0024,0.00,0.06,-0.06,0.81,0.79,44.02
146.360814,-0.0029,0.0435,1.0024,0.00,0.00,-0.06,0.81,0.80,44.02
146.390646,-0.0024,0.0430,1.0024,0.00,0.00,0.00,0.81,0.80,44.02
146.390646,-0.0024,0.0430,1.0020,0.00,0.06,-0.06,0.81,0.80,47.63
146.420673,-0.0024,0.0439,1.0029,0.06,0.12,-0.12,0.81,0.80,47.63
146.420673,-0.0020,0.0435,1.0015,0.00,0.00,-0.12,0.95,0.87,47.67
146.480713,-0.0044,0.0430,1.0029,-0.06,0.06,-0.18,0.99,0.90,47.68
146.480713,-0.0029,0.0430,1.0029,0.00,0.12,-0.06,0.99,0.93,47.69
146.535758,-0.0029,0.0415,1.0020,0.00,0.06,-0.06,1.01,0.94,47.69
146.535758,-0.0034,0.0435,1.0020,0.00,0.00,0.00,0.99,0.94,47.70
146.541010,-0.0024,0.0430,1.0024,0.00,0.24,0.00,0.99,0.94,47.70
146.541010,-0.0039,0.0439,1.0049,0.00,-0.12,-0.12,0.99,0.95,47.70
146.630960,-0.0029,0.0444,1.0005,0.06,0.06,-0.18,1.00,0.96,47.70
146.630960,-0.0034,0.0430,1.0010,-0.12,-0.06,-0.18,1.01,0.96,47.71
146.633308,-0.0039,0.0439,1.0024,-0.06,-0.06,0.00,1.01,0.96,47.71
146.633308,-0.0024,0.0420,1.0015,-0.12,0.06,0.00,1.01,0.97,47.71
146.660679,-0.0029,0.0425,1.0015,-0.12,0.00,0.00,1.01,0.97,47.71
146.660679,-0.0039,0.0425,1.0015,-0.12,0.00,-0.06,1.01,0.97,47.72
146.720951,-0.0034,0.0435,1.0029,0.00,0.00,0.00,1.01,0.97,47.72
146.720951,-0.0010,0.0430,1.0039,-0.12,-0.12,0.00,1.01,0.97,47.72
146.750762,-0.0059,0.0430,1.0024,0.00,0.18,0.00,1.01,0.97,47.72
146.750762,-0.0024,0.0430,1.0015,0.06,0.12,0.00,1.01,0.97,47.72
146.780762,-0.0034,0.0439,1.0020,-0.06,0.00,-0.06,1.01,0.97,47.72
146.780762,-0.0034,0.0435,1.0020,0.00,0.06,-0.06,1.01,0.97,47.73
146.841087,-0.0029,0.0430,1.0024,-0.06,0.00,0.00,1.01,0.97,47.73
146.841087,-0.0024,0.0435,1.0020,0.00,0.00,-0.06,1.01,0.97,47.73
146.900883,-0.0024,0.0430,1.0015,-0.06,0.06,-0.06,1.01,0.97,47.74
146.900883,-0.0034,0.0425,1.0029,0.06,0.06,-0.06,1.01,0.97,47.74
146.903014,-0.0029,0.0435,1.0024,0.06,0.00,0.00,1.01,0.97,47.74
146.903014,-0.0039,0.0430,1.0020,0.00,0.00,-0.06,1.01,0.97,47.74
146.960667,-0.0039,0.0435,1.0029,-0.06,0.00,0.00,1.01,0.97,47.74
146.960667,-0.0034,0.0430,1.0034,-0.06,0.00,-0.06,1.01,0.97,47.74
146.991854,-0.0020,0.0430,1.0029,0.00,0.00,-0.06,1.01,0.97,47.74
146.991854,-0.0029,0.0425,1.0034,-0.12,0.00,-0.06,1.01,0.97,47.74
147.020825,-0.0029,0.0425,1.0029,0.00,0.00,-0.06,1.01,0.97,47.75
147.020825,-0.0020,0.0420,1.0015,-0.06,0.00,-0.06,1.01,0.97,47.75
147.080800,-0.0039,0.0430,1.0020,0.00,0.00,-0.12,1.01,0.97,47.75
147.080800,-0.0029,0.0430,1.0029,-0.06,0.00,-0.12,1.01,0.97,47.75
147.110764,-0.0029,0.0420,1.0029,0.00,0.00,-0.12,1.01,0.97,47.75
147.110764,-0.0024,0.0420,1.0005,0.00,0.00,-0.12,1.01,0.97,47.75
147.140978,-0.0039,0.0435,1.0024,-0.06,0.00,-0.06,1.01,0.97,47.75
147.140978,-0.0024,0.0430,1.0020,0.00,0.00,-0.06,1.01,0.97,47.75
147.200666,-0.0039,0.0425,1.0024,-0.06,0.06,-0.06,1.01,0.97,47.75
147.200666,-0.0029,0.0415,1.0020,0.00,0.00,-0.12,1.01,0.97,47.75
147.230634,-0.0020,0.0425,1.0024,0.06,0.00,-0.12,1.01,0.97,47.75
147.230634,-0.0044,0.0430,1.0024,-0.06,0.00,-0.12,1.01,0.97,47.75
147.260677,-0.0034,0.0430,1.0034,0.06,0.00,-0.18,1.01,0.97,47.75
147.260677,-0.0034,0.0425,1.0029,-0.12,0.00,-0.12,1.01,0.97,47.75
147.320634,-0.0029,0.0425,1.0015,0.00,0.00,-0.12,1.01,0.97,47.76
147.320634,-0.0044,0.0425,1.0020,-0.12,0.06,-0.06,1.01,0.97,47.76
147.350619,-0.0044,0.0425,1.0020,0.00,0.00,-0.12,1.00,0.97,47.76
147.350619,-0.0029,0.0430,1.0020,0.00,0.00,-0.12,1.00,0.97,47.76
147.380630,-0.0039,0.0430,1.0020,0.00,0.00,-0.12,1.00,0.97,47.76
147.380630,-0.0039,0.0435,1.0024,0.00,0.00,-0.06,1.00,0.97,47.76
147.441076,-0.0039,0.0430,1.0020,0.00,0.00,-0.06,1.00,0.98,47.76
147.441076,-0.0034,0.0439,1.0024,0.00,0.00,-0.06,1.00,0.98,47.76
147.470841,-0.0024,0.0430,1.0015,0.00,0.00,-0.12,1.01,0.98,47.76
147.470841,-0.0029,0.0435,1.0020,0.00,0.06,-0.06,1.01,0.98,47.76
147.500752,-0.0034,0.0435,1.0029,0.00,0.06,-0.06,1.01,0.98,47.76
147.500752,-0.0029,0.0425,1.0029,-0.06,0.00,-0.12,1.01,0.98,47.76
147.560721,-0.0029,0.0420,1.0024,0.00,0.00,-0.06,1.01,0.98,47.76
147.560721,-0.0039,0.0435,1.0024,-0.06,0.00,-0.12,1.01,0.98,47.76
147.590703,-0.0029,0.0430,1.0029,0.00,0.00,-0.06,1.01,0.98,47.76
147.590703,-0.0044,0.0425,1.0029,-0.06,0.00,-0.12,1.01,0.98,47.76
147.651157,-0.0029,0.0420,1.0024,0.00,0.00,-0.12,1.01,0.98,47.76
147.651157,-0.0039,0.0425,0.9995,-0.06,0.00,-0.12,1.01,0.98,47.77
147.680834,-0.0034,0.0430,1.0010,0.00,0.00,-0.06,1.01,0.98,47.77
147.680834,-0.0034,0.0430,1.0024,0.00,0.00,-0.12,1.01,0.98,47.77
147.710774,-0.0029,0.0430,1.0024,0.00,0.00,-0.06,1.00,0.98,47.77
147.710774,-0.0024,0.0425,1.0029,0.00,-0.06,0.00,1.00,0.98,47.77
147.770784,-0.0039,0.0425,1.0034,0.00,0.00,-0.06,1.00,0.98,47.77
147.770784,-0.0034,0.0430,1.0029,-0.06,0.00,0.00,1.00,0.98,47.77
147.801874,-0.0034,0.0415,1.0024,0.00,0.00,-0.06,1.00,0.98,47.77
147.801874,-0.0044,0.0420,1.0029,0.00,0.00,-0.06,1.00,0.98,47.77
147.830744,-0.0044,0.0420,1.0029,0.00,0.00,-0.06,1.00,0.98,47.77
147.830744,-0.0039,0.0425,1.0020,0.00,0.00,0.00,1.00,0.98,47.77
147.890760,-0.0039,0.0425,1.0044,0.00,0.00,-0.12,1.00,0.98,47.77
147.890760,-0.0034,0.0425,1.0029,0.00,0.00,0.00,1.00,0.98,47.77
147.920938,-0.0039,0.0430,1.0029,0.00,0.00,-0.12,1.00,0.98,47.77
147.920938,-0.0024,0.0425,1.0034,0.00,0.00,-0.06,1.00,0.98,47.77
147.950779,-0.0039,0.0415,1.0034,0.00,-0.06,0.00,1.00,0.98,47.77
147.950779,-0.0039,0.0420,1.0020,0.00,0.00,-0.06,1.00,0.98,47.77
148.010957,-0.0034,0.0420,1.0024,0.00,0.00,-0.12,1.00,0.98,47.77
148.010957,-0.0039,0.0425,1.0029,0.00,0.00,-0.06,1.00,0.98,47.77
148.041032,-0.0034,0.0420,1.0024,0.00,0.06,-0.06,1.00,0.98,47.77
148.041032,-0.0039,0.0425,1.0029,0.00,0.00,0.00,0.99,0.98,47.77
148.070792,-0.0029,0.0425,1.0034,0.00,0.06,-0.06,0.99,0.98,47.77
148.070792,-0.0034,0.0430,1.0024,0.00,0.00,-0.06,0.99,0.98,47.77
148.130793,-0.0044,0.0435,1.0034,0.00,0.00,-0.06,0.99,0.98,47.77
148.130793,-0.0034,0.0430,1.0029,-0.06,0.00,0.00,0.99,0.98,47.77
148.160844,-0.0039,0.0425,1.0034,0.00,0.00,0.00,0.99,0.98,47.77
148.160844,-0.0029,0.0430,1.0024,0.00,0.00,-0.06,0.99,0.98,47.77
148.190777,-0.0034,0.0410,1.0029,0.00,0.00,-0.12,0.99,0.98,47.77
148.190777,-0.0034,0.0425,1.0024,0.00,0.00,-0.06,0.99,0.98,47.77
148.250766,-0.0034,0.0420,1.0029,0.00,0.00,-0.06,0.99,0.98,47.77
148.250766,-0.0039,0.0420,1.0029,0.00,0.00,-0.06,0.99,0.98,47.77
148.280799,-0.0039,0.0420,1.0034,0.00,0.00,-0.12,0.99,0.98,47.77
148.280799,-0.0034,0.0425,1.0029,0.00,0.00,0.00,0.99,0.98,47.77
148.310802,-0.0044,0.0420,1.0029,0.00,0.00,-0.12,0.99,0.98,47.77
148.310802,-0.0039,0.0435,1.0020,-0.06,0.00,-0.06,0.99,0.98,47.77
148.370809,-0.0039,0.0425,1.0020,0.00,0.00,-0.06,0.99,0.98,47.77
148.370809,-0.0044,0.0430,1.0029,0.00,0.00,-0.06,0.99,0.98,47.77
148.400955,-0.0039,0.0420,1.0024,0.00,0.00,-0.06,0.99,0.98,47.77
148.400955,-0.0039,0.0415,1.0020,0.00,0.00,-0.12,0.99,0.98,47.77
148.430774,-0.0059,0.0420,1.0024,0.00,0.00,-0.06,0.99,0.98,47.77
148.430774,-0.0034,0.0420,1.0015,0.00,0.00,-0.06,0.99,0.98,47.78
148.490948,-0.0044,0.0430,1.0029,0.00,0.00,-0.06,0.99,0.99,47.78
148.490948,-0.0034,0.0430,1.0024,0.00,0.00,0.00,0.99,0.99,47.78
148.520784,-0.0044,0.0420,1.0024,0.00,0.06,-0.06,0.99,0.99,47.78
148.520784,-0.0029,0.0410,1.0024,0.00,0.00,0.00,0.99,0.99,47.78
148.569169,-0.0039,0.0425,1.0024,0.00,0.00,0.00,0.99,0.99,47.78
148.569169,-0.0034,0.0430,1.0029,0.00,0.00,-0.06,0.99,0.99,47.78
148.610812,-0.0034,0.0425,1.0029,0.00,0.06,-0.06,0.99,0.99,47.78
148.610812,-0.0039,0.0420,1.0024,0.00,0.00,-0.12,0.99,0.99,47.78
148.641021,-0.0044,0.0425,1.0029,0.00,0.00,0.00,0.99,0.99,47.78
148.641021,-0.0034,0.0430,1.0034,0.00,0.00,0.00,0.99,0.99,47.78
148.670908,-0.0034,0.0430,1.0039,0.00,0.06,-0.06,0.99,0.99,47.78
148.670908,-0.0039,0.0435,1.0029,0.00,0.00,0.00,0.99,0.99,47.78
148.730834,-0.0044,0.0415,1.0029,0.00,0.00,-0.06,0.99,0.99,47.78
148.730834,-0.0049,0.0415,1.0034,0.00,0.00,0.00,0.99,0.99,47.78
148.760812,-0.0039,0.0430,1.0024,0.00,0.00,-0.12,0.99,0.99,47.78
148.760812,-0.0034,0.0425,1.0034,0.00,0.00,-0.06,0.99,0.99,47.78
148.790810,-0.0034,0.0430,1.0029,0.00,0.00,-0.06,0.99,0.99,47.78
148.790810,-0.0034,0.0430,1.0029,0.00,0.00,-0.06,0.99,0.99,47.78
148.850836,-0.0044,0.0420,1.0024,0.00,0.06,-0.12,0.99,0.99,47.78
148.850836,-0.0024,0.0420,1.0024,0.12,0.00,0.00,0.99,0.99,47.78
148.880881,-0.0054,0.0420,1.0015,-0.06,0.00,-0.06,0.99,0.99,47.78
148.880881,-0.0039,0.0415,1.0034,0.00,0.00,-0.12,0.99,0.99,47.78
148.965566,-0.0034,0.0415,1.0024,-0.06,0.00,-0.06,0.99,0.99,47.78
148.965566,-0.0044,0.0420,1.0039,0.00,0.00,-0.06,0.99,0.99,47.78
148.970846,-0.0044,0.0420,1.0029,-0.06,0.00,-0.06,0.99,0.99,47.78
148.970846,-0.0024,0.0415,1.0029,0.00,0.00,-0.06,0.99,0.99,47.78
149.000597,-0.0039,0.0415,1.0029,0.00,0.00,-0.06,0.98,0.99,47.78
149.000597,-0.0049,0.0415,1.0034,0.00,0.00,-0.06,0.98,0.99,47.78
149.060663,-0.0049,0.0415,1.0024,0.00,0.00,-0.06,0.98,0.99,47.78
149.060663,-0.0044,0.0430,1.0010,0.00,0.00,0.00,0.98,0.99,47.78
149.090770,-0.0039,0.0420,1.0034,0.00,0.00,-0.06,0.98,0.99,47.78
149.090770,-0.0044,0.0415,1.0024,0.06,0.00,0.00,0.98,0.99,47.78
149.120876,-0.0039,0.0425,1.0020,-0.06,0.00,-0.12,0.98,0.99,47.78
149.120876,-0.0039,0.0415,1.0020,0.00,0.00,-0.06,0.98,0.99,47.78
149.180716,-0.0039,0.0425,1.0029,0.00,0.00,-0.06,0.98,0.99,47.78
149.180716,-0.0039,0.0420,1.0029,0.00,0.00,-0.06,0.98,0.99,47.78
149.210727,-0.0034,0.0425,1.0034,0.00,0.00,-0.12,0.98,0.99,47.79
149.210727,-0.0044,0.0415,1.0029,-0.06,-0.06,-0.06,0.98,0.99,47.79
149.241076,-0.0044,0.0420,1.0029,0.00,0.00,-0.12,0.98,0.99,47.79
149.241076,-0.0044,0.0420,1.0034,0.00,0.00,-0.06,0.98,0.99,47.79
149.300717,-0.0034,0.0420,1.0029,0.00,0.00,-0.06,0.98,0.99,47.79
149.300717,-0.0029,0.0425,1.0029,0.00,0.00,-0.06,0.98,0.99,47.79
149.331421,-0.0034,0.0425,1.0024,0.00,0.00,-0.06,0.98,0.99,47.79
149.331421,-0.0039,0.0420,1.0029,0.00,0.00,-0.12,0.98,0.99,47.79
149.360725,-0.0044,0.0420,1.0034,0.00,0.00,-0.06,0.98,0.99,47.79
149.360725,-0.0039,0.0425,1.0024,0.00,0.00,-0.12,0.98,0.99,47.79
149.421437,-0.0034,0.0420,1.0024,0.00,0.00,-0.06,0.98,0.99,47.79
149.421437,-0.0039,0.0415,1.0024,0.00,0.00,-0.12,0.98,0.99,47.79
149.450760,-0.0044,0.0425,1.0029,-0.06,0.00,-0.06,0.98,0.99,47.79
149.450760,-0.0044,0.0410,1.0024,0.00,0.00,-0.06,0.98,0.99,47.79
149.519704,-0.0034,0.0430,1.0034,0.00,0.00,-0.06,0.98,0.99,47.79
149.519704,-0.0044,0.0415,1.0029,0.00,0.00,-0.12,0.98,0.99,47.79
149.541792,-0.0044,0.0420,1.0029,-0.06,0.00,-0.06,0.98,1.00,47.79
149.541792,-0.0049,0.0410,1.0034,0.00,0.00,-0.12,0.98,1.00,47.79
149.570680,-0.0044,0.0425,1.0039,0.00,0.00,-0.12,0.98,1.00,47.79
149.570680,-0.0039,0.0420,1.0024,0.00,0.00,-0.12,0.98,1.00,47.79
149.603420,-0.0039,0.0425,1.0029,0.00,0.00,-0.12,0.98,1.00,47.79
149.603420,-0.0039,0.0420,1.0029,0.00,0.00,0.00,0.98,1.00,47.79
149.661591,-0.0044,0.0415,1.0024,0.00,0.00,0.00,0.98,1.00,47.79
149.661591,-0.0034,0.0420,1.0015,0.00,0.00,-0.06,0.98,1.00,47.79
149.690733,-0.0039,0.0420,1.0034,0.00,0.00,-0.06,0.98,1.00,47.79
149.690733,-0.0039,0.0415,1.0029,0.00,0.00,-0.06,0.98,1.00,47.79
149.721669,-0.0044,0.0420,1.0029,0.00,0.00,-0.06,0.98,1.00,47.79
149.721669,-0.0049,0.0415,1.0034,0.00,0.00,-0.12,0.98,1.00,47.79
149.781586,-0.0039,0.0415,1.0029,0.00,0.00,-0.12,0.98,1.00,47.79
149.781586,-0.0034,0.0415,1.0029,0.00,0.00,-0.12,0.98,1.00,47.79
149.813585,-0.0034,0.0415,1.0029,0.00,0.00,-0.12,0.98,1.00,47.79
149.813585,-0.0044,0.0420,1.0024,0.00,0.00,-0.06,0.98,1.00,47.79
149.843915,-0.0044,0.0420,1.0034,0.00,0.00,-0.06,0.97,1.00,47.79
149.843915,-0.0034,0.0420,1.0024,0.00,0.00,-0.12,0.97,1.00,47.79
149.901666,-0.0039,0.0405,1.0020,0.00,0.00,-0.06,0.97,1.00,47.79
149.901666,-0.0044,0.0420,1.0024,0.00,0.00,-0.12,0.97,1.00,47.79
149.931588,-0.0039,0.0425,1.0034,0.00,0.00,-0.06,0.97,1.00,47.79
149.931588,-0.0039,0.0420,1.0029,-0.06,0.00,-0.06,0.97,1.00,47.79
149.960845,-0.0039,0.0420,1.0029,0.00,0.00,-0.06,0.97,1.00,47.79
149.960845,-0.0039,0.0425,1.0034,0.00,0.00,0.00,0.97,1.00,47.79
150.021560,-0.0044,0.0420,1.0029,0.00,0.00,-0.12,0.97,1.00,47.79
150.021560,-0.0034,0.0420,1.0020,0.00,0.00,-0.12,0.97,1.00,47.79
150.050855,-0.0034,0.0420,1.0034,-0.06,0.00,-0.06,0.97,1.00,47.79
150.050855,-0.0039,0.0420,1.0029,0.00,0.00,-0.06,0.97,1.00,47.79
150.081642,-0.0039,0.0425,1.0034,0.00,0.00,0.00,0.97,1.00,47.79
150.081642,-0.0039,0.0415,1.0029,0.00,0.00,-0.06,0.97,1.00,47.79
150.141857,-0.0044,0.0425,1.0029,0.00,0.00,-0.06,0.97,1.00,47.79
150.141857,-0.0039,0.0415,1.0024,0.00,0.00,-0.06,0.97,1.00,47.79
150.170757,-0.0039,0.0415,1.0034,0.00,0.00,-0.06,0.97,1.00,47.79
150.170757,-0.0039,0.0410,1.0024,0.00,0.00,-0.06,0.97,1.00,47.79
150.201659,-0.0044,0.0410,1.0024,0.00,0.00,-0.06,0.97,1.00,47.79
150.201659,-0.0044,0.0415,1.0015,0.00,0.00,-0.12,0.97,1.00,47.79
150.261656,-0.0039,0.0425,1.0015,0.00,0.00,-0.06,0.97,1.00,47.79
150.261656,-0.0034,0.0425,1.0020,0.00,0.00,-0.06,0.97,1.00,47.79
150.290755,-0.0049,0.0420,1.0024,0.00,0.00,-0.06,0.97,1.01,47.79
150.290755,-0.0039,0.0415,1.0020,0.00,0.00,0.00,0.97,1.01,47.79
150.321547,-0.0039,0.0420,1.0024,0.00,0.00,-0.06,0.97,1.01,47.79
150.321547,-0.0044,0.0420,1.0024,0.00,0.00,0.00,0.97,1.01,47.79
150.381635,-0.0039,0.0415,1.0020,0.00,0.00,-0.06,0.97,1.01,47.79
150.381635,-0.0049,0.0420,1.0029,0.00,0.00,0.00,0.97,1.01,47.79
150.410855,-0.0039,0.0420,1.0034,0.00,0.00,-0.06,0.97,1.01,47.79
150.410855,-0.0039,0.0420,1.0024,0.00,0.00,0.00,0.97,1.01,47.79
150.471541,-0.0044,0.0405,1.0024,0.00,0.00,-0.06,0.97,1.01,47.79
150.471541,-0.0039,0.0420,1.0024,0.00,0.00,-0.06,0.97,1.01,47.79
150.500835,-0.0044,0.0420,1.0029,0.00,0.18,-0.06,0.97,1.01,47.79
150.500835,-0.0039,0.0410,1.0005,0.06,0.06,-0.06,0.97,1.01,47.79
150.531630,-0.0029,0.0405,1.0020,0.00,0.00,-0.06,0.97,1.01,47.79
150.531630,-0.0049,0.0425,1.0034,0.00,0.00,-0.12,0.97,1.01,47.79
150.591660,-0.0049,0.0420,1.0024,0.00,0.06,-0.06,0.97,1.01,47.79
150.591660,-0.0034,0.0420,1.0020,0.00,0.00,-0.06,0.97,1.01,47.79
150.638560,-0.0044,0.0415,1.0020,0.00,0.00,-0.06,0.97,1.01,47.79
150.638560,-0.0044,0.0425,1.0029,0.00,0.00,-0.06,0.97,1.01,47.79
150.651531,-0.0039,0.0415,1.0034,0.00,0.00,-0.06,0.97,1.01,47.79
150.651531,-0.0039,0.0410,1.0024,0.00,0.00,-0.06,0.97,1.01,47.79
150.711661,-0.0044,0.0415,1.0034,0.00,0.06,-0.06,0.97,1.01,47.79
150.711661,-0.0039,0.0430,1.0020,-0.06,0.00,-0.12,0.97,1.01,47.79
150.741176,-0.0054,0.0420,1.0029,0.00,0.00,-0.06,0.97,1.01,47.79
150.741176,-0.0044,0.0415,1.0029,0.00,0.00,-0.06,0.97,1.01,47.79
150.771635,-0.0039,0.0420,1.0024,0.00,0.00,-0.06,0.97,1.01,47.79
150.771635,-0.0039,0.0425,1.0024,0.00,0.00,-0.12,0.97,1.01,47.79
150.831674,-0.0044,0.0410,1.0029,0.00,0.00,-0.12,0.97,1.01,47.79
150.831674,-0.0049,0.0410,1.0024,-0.06,0.00,-0.06,0.97,1.01,47.79
150.860862,-0.0034,0.0420,1.0020,0.00,0.00,-0.12,0.97,1.01,47.79
150.860862,-0.0039,0.0410,1.0024,0.00,0.00,-0.12,0.96,1.01,47.79
150.891796,-0.0044,0.0420,1.0039,0.00,0.00,-0.06,0.96,1.01,47.79
150.891796,-0.0049,0.0415,1.0034,0.06,0.00,-0.12,0.96,1.01,47.79
150.951650,-0.0044,0.0420,1.0034,0.00,0.00,-0.12,0.96,1.01,47.79
150.951650,-0.0044,0.0415,1.0024,0.00,0.00,-0.06,0.96,1.01,47.79
150.980863,-0.0044,0.0425,1.0024,0.00,0.00,-0.12,0.96,1.01,47.79
150.980863,-0.0044,0.0420,1.0024,-0.06,0.00,-0.06,0.96,1.01,47.79
151.011761,-0.0039,0.0420,1.0034,-0.06,0.00,0.00,0.96,1.01,47.79
151.011761,-0.0034,0.0405,1.0034,0.00,0.00,-0.06,0.96,1.01,47.79
151.071674,-0.0034,0.0415,1.0034,0.00,0.00,0.00,0.96,1.01,47.79
151.071674,-0.0034,0.0420,1.0020,0.00,0.00,-0.06,0.96,1.01,47.79
151.100896,-0.0039,0.0420,1.0034,0.00,0.00,-0.06,0.96,1.01,47.79
151.100896,-0.0044,0.0415,1.0029,0.00,0.00,-0.12,0.96,1.01,47.79
151.131719,-0.0049,0.0410,1.0029,-0.06,0.00,-0.06,0.96,1.01,47.79
151.131719,-0.0044,0.0425,1.0015,0.00,0.00,0.00,0.96,1.01,47.79
151.191697,-0.0049,0.0420,1.0034,0.00,0.06,-0.06,0.96,1.01,47.79
151.191697,-0.0039,0.0415,1.0024,-0.06,0.06,-0.06,0.96,1.01,47.79
151.220906,-0.0039,0.0410,1.0024,0.00,0.00,0.00,0.96,1.01,47.79
151.220906,-0.0039,0.0415,1.0029,0.00,0.00,0.00,0.96,1.01,47.79
151.251613,-0.0039,0.0410,1.0020,0.00,0.00,-0.06,0.96,1.01,47.79
151.251613,-0.0039,0.0415,1.0029,0.00,0.00,0.00,0.96,1.01,47.79
151.311728,-0.0029,0.0410,1.0034,0.00,0.00,0.00,0.96,1.01,47.79
151.311728,-0.0039,0.0415,1.0034,0.00,0.00,-0.06,0.96,1.01,47.79
151.342114,-0.0049,0.0420,1.0034,-0.06,0.00,-0.06,0.96,1.01,47.79
151.342114,-0.0044,0.0425,1.0020,0.00,0.00,-0.06,0.96,1.01,47.79
151.371138,-0.0039,0.0415,1.0020,0.00,0.00,0.00,0.96,1.01,47.79
151.371138,-0.0034,0.0415,1.0039,0.00,0.00,-0.06,0.96,1.01,47.79
151.431698,-0.0039,0.0425,1.0029,-0.06,0.00,0.00,0.96,1.01,47.79
151.431698,-0.0044,0.0410,1.0024,0.00,0.00,-0.06,0.96,1.01,47.79
151.461207,-0.0044,0.0415,1.0024,0.00,0.00,-0.06,0.96,1.01,47.79
151.461207,-0.0039,0.0415,1.0029,0.00,0.00,-0.06,0.96,1.01,47.79
151.492185,-0.0039,0.0415,1.0029,0.00,0.00,-0.06,0.96,1.01,47.79
151.492185,-0.0049,0.0415,1.0015,0.00,0.00,-0.18,0.96,1.01,47.79
151.552110,-0.0039,0.0420,1.0024,0.00,0.00,-0.06,0.96,1.01,47.79
151.552110,-0.0044,0.0415,1.0034,0.00,-0.06,-0.06,0.96,1.01,47.79
151.580901,-0.0049,0.0420,1.0034,0.00,0.00,-0.06,0.96,1.01,47.79
151.580901,-0.0044,0.0410,1.0029,0.00,0.00,-0.06,0.96,1.01,47.79
151.611686,-0.0039,0.0420,1.0034,0.00,0.00,-0.06,0.96,1.01,47.79
151.611686,-0.0039,0.0415,1.0015,0.00,0.00,-0.06,0.96,1.01,47.79
151.671658,-0.0044,0.0420,1.0020,0.00,0.00,-0.12,0.96,1.01,47.79
151.671658,-0.0039,0.0410,1.0024,0.00,0.00,-0.06,0.96,1.01,47.79
151.700882,-0.0049,0.0410,1.0020,0.00,0.00,-0.06,0.96,1.01,47.79
151.700882,-0.0034,0.0420,1.0020,0.00,0.00,0.00,0.96,1.01,47.79
151.731643,-0.0044,0.0420,1.0024,0.00,0.00,-0.06,0.96,1.01,47.79
151.731643,-0.0044,0.0425,1.0024,0.00,0.00,-0.06,0.96,1.01,47.79
151.791584,-0.0078,0.0425,1.0015,0.00,0.06,-0.06,0.96,1.01,47.79
151.791584,-0.0024,0.0420,1.0054,0.12,0.00,0.00,0.96,1.01,47.79
151.825970,-0.0039,0.0400,1.0024,-0.18,-0.12,-0.12,0.96,1.02,47.79
151.825970,-0.0049,0.0430,1.0034,0.00,-0.06,-0.12,0.96,1.02,47.79
151.887581,-0.0044,0.0410,1.0039,-0.06,0.12,-0.06,0.96,1.02,47.79
151.887581,-0.0039,0.0420,1.0024,0.06,0.00,0.00,0.96,1.02,47.79
151.910838,-0.0034,0.0420,1.0020,-0.06,0.00,-0.06,0.96,1.02,47.79
151.910838,-0.0039,0.0415,1.0029,0.00,0.00,-0.06,0.96,1.02,47.79
151.942475,-0.0049,0.0415,1.0010,0.00,0.00,0.00,0.96,1.02,47.79
151.942475,-0.0039,0.0410,1.0029,0.00,0.00,-0.06,0.96,1.02,47.79
152.001745,-0.0039,0.0410,1.0029,0.00,0.00,0.00,0.96,1.02,47.79
152.001745,-0.0044,0.0410,1.0029,0.00,0.00,0.00,0.96,1.02,47.79
152.030839,-0.0044,0.0410,1.0034,0.00,0.00,-0.12,0.96,1.02,47.79
152.030839,-0.0034,0.0415,1.0020,0.00,0.00,-0.06,0.96,1.02,47.79
152.061645,-0.0044,0.0405,1.0024,0.00,0.06,-0.12,0.96,1.02,47.79
152.061645,-0.0039,0.0405,1.0020,0.00,0.00,-0.12,0.96,1.02,47.79
152.121683,-0.0044,0.0415,1.0020,0.00,0.00,-0.06,0.96,1.02,47.79
152.121683,-0.0049,0.0425,1.0010,0.06,0.00,-0.06,0.96,1.02,47.79
152.151021,-0.0039,0.0420,1.0020,0.00,0.00,0.00,0.95,1.02,47.79
152.151021,-0.0039,0.0415,1.0029,0.00,0.00,-0.12,0.95,1.02,47.79
152.181680,-0.0044,0.0420,1.0034,-0.06,0.00,0.00,0.95,1.02,47.79
152.181680,-0.0049,0.0420,1.0020,0.00,0.00,-0.06,0.95,1.02,47.79
152.242018,-0.0049,0.0410,1.0024,-0.06,0.00,0.00,0.95,1.02,47.79
152.242018,-0.0044,0.0410,1.0024,0.00,0.00,-0.06,0.95,1.02,47.79
152.270886,-0.0044,0.0405,1.0024,0.00,0.00,-0.12,0.95,1.02,47.79
152.270886,-0.0044,0.0405,1.0024,0.00,0.00,-0.12,0.95,1.02,47.79
152.331265,-0.0044,0.0405,1.0024,0.00,0.00,-0.06,0.95,1.02,47.79
152.331265,-0.0049,0.0405,1.0029,0.00,0.00,-0.12,0.95,1.02,47.79
152.363329,-0.0044,0.0415,1.0024,0.00,0.06,-0.06,0.95,1.02,47.79
152.363329,-0.0049,0.0415,1.0029,0.00,0.00,-0.06,0.95,1.02,47.79
152.390987,-0.0054,0.0425,1.0029,0.00,0.00,-0.06,0.95,1.02,47.79
152.390987,-0.0054,0.0410,1.0029,0.00,0.00,-0.06,0.95,1.02,47.79
152.423982,-0.0054,0.0415,1.0029,-0.06,0.00,-0.06,0.95,1.02,47.79
152.423982,-0.0049,0.0420,1.0024,0.00,0.00,0.00,0.95,1.02,47.79
152.482212,-0.0039,0.0415,1.0029,0.00,0.00,0.00,0.95,1.02,47.79
152.482212,-0.0039,0.0420,1.0039,0.00,0.00,-0.06,0.95,1.02,47.79
152.511224,-0.0034,0.0410,1.0039,-0.06,0.00,0.00,0.95,1.02,47.79
152.511224,-0.0029,0.0400,1.0039,-0.06,0.00,0.00,0.95,1.02,47.79
152.542002,-0.0034,0.0415,1.0034,0.00,0.00,-0.06,0.95,1.02,47.79
152.542002,-0.0039,0.0410,1.0024,0.00,0.00,-0.06,0.95,1.02,47.79
152.601969,-0.0034,0.0410,1.0024,0.00,0.00,-0.06,0.95,1.02,47.79
152.601969,-0.0039,0.0405,1.0015,0.00,0.06,-0.12,0.95,1.02,47.79
152.630914,-0.0039,0.0405,1.0015,0.00,0.00,0.00,0.95,1.02,47.79
152.630914,-0.0044,0.0405,1.0034,0.00,0.00,-0.06,0.94,1.02,47.79
152.678868,-0.0044,0.0415,1.0034,0.00,0.00,0.00,0.94,1.02,47.79
152.678868,-0.0049,0.0420,1.0029,0.00,0.00,-0.06,0.94,1.02,47.79
152.721959,-0.0054,0.0420,1.0034,0.00,0.00,0.00,0.94,1.02,47.79
152.721959,-0.0054,0.0420,1.0024,0.00,0.00,-0.06,0.94,1.02,47.79
152.751260,-0.0054,0.0415,1.0029,0.00,0.00,-0.06,0.94,1.02,47.79
152.751260,-0.0044,0.0410,1.0024,0.00,0.00,-0.12,0.94,1.02,47.79
152.782128,-0.0063,0.0415,1.0029,0.00,0.00,-0.12,0.94,1.02,47.79
152.782128,-0.0059,0.0410,1.0015,-0.06,0.00,0.00,0.94,1.02,47.79
152.841971,-0.0044,0.0415,1.0029,0.00,0.00,-0.06,0.94,1.02,47.79
152.841971,-0.0049,0.0415,1.0029,0.00,0.00,-0.06,0.94,1.02,47.79
152.871007,-0.0049,0.0425,1.0034,0.00,0.00,-0.12,0.94,1.02,47.79
152.871007,-0.0054,0.0415,1.0024,0.00,0.00,0.00,0.94,1.02,47.79
152.902487,-0.0054,0.0405,1.0024,0.00,0.00,0.00,0.94,1.02,47.79
152.902487,-0.0034,0.0415,1.0024,0.00,-0.06,-0.06,0.94,1.02,47.79
152.962043,-0.0034,0.0410,0.9976,0.06,0.12,-0.12,0.94,1.02,47.79
152.962043,-0.0049,0.0381,1.0127,-0.18,-0.24,-0.18,0.94,1.02,47.79
152.991035,-0.0054,0.0435,1.0044,0.31,-0.18,0.00,0.94,1.02,47.79
152.991035,-0.0029,0.0425,1.0024,-0.24,0.00,0.06,0.94,1.02,47.79
