t,ax,ay,az,gx,gy,gz,wx,wy,wz
0.065426,0.3984,-0.0376,0.9014,-0.24,0.67,-0.06,-3.39,-22.86,-39.30
0.065426,0.4009,-0.0459,0.9048,-0.49,1.04,-0.18,-3.39,-22.84,-39.30
0.065459,0.3989,-0.0469,0.9116,-0.55,1.04,-0.18,-3.41,-22.82,-39.30
0.065459,0.4009,-0.0464,0.9175,-0.79,0.43,-0.06,-3.42,-22.80,-39.30
0.092933,0.4028,-0.0444,0.9175,-0.79,0.06,-0.12,-3.43,-22.80,-39.30
0.092933,0.4033,-0.0400,0.9170,-0.55,-0.12,-0.55,-3.44,-22.80,-39.31
0.123207,0.3984,-0.0361,0.9185,-0.24,-0.12,-0.73,-3.44,-22.80,-39.32
0.123207,0.3955,-0.0312,0.9189,0.00,-0.37,-0.67,-3.44,-22.81,-39.34
0.152895,0.3931,-0.0322,0.9175,0.43,-0.61,-0.12,-3.43,-22.82,-39.34
0.152895,0.3950,-0.0332,0.9111,0.49,-0.85,0.43,-3.42,-22.84,-39.34
0.213268,0.3984,-0.0386,0.9062,0.06,-1.04,0.67,-3.42,-22.86,-39.32
0.213268,0.4019,-0.0469,0.9058,-0.37,-0.85,0.37,-3.43,-22.88,-39.30
0.244048,0.4004,-0.0547,0.9082,-0.43,-0.55,0.00,-3.44,-22.90,-39.30
0.244048,0.3984,-0.0562,0.9087,-0.24,-0.55,0.00,-3.44,-22.91,-39.30
0.273023,0.4043,-0.0508,0.9058,0.00,-0.67,-0.18,-3.45,-22.92,-39.29
0.273023,0.4160,-0.0381,0.8999,0.00,0.00,-1.04,-3.44,-22.93,-39.30
0.333088,0.4043,-0.0322,0.9028,-0.55,0.55,-1.71,-3.43,-22.93,-39.34
0.333088,0.3975,-0.0273,0.9121,-1.10,0.37,-1.16,-3.44,-22.92,-39.36
0.363087,0.3945,-0.0273,0.9189,-1.28,-0.18,-0.24,-3.46,-22.92,-39.38
0.363087,0.3975,-0.0366,0.9219,-0.61,-0.85,0.67,-3.48,-22.93,-39.37
0.394721,0.4014,-0.0449,0.9175,0.43,-1.04,0.98,-3.49,-22.95,-39.35
0.394721,0.4053,-0.0469,0.9092,0.85,-0.98,0.73,-3.48,-22.97,-39.32
0.453116,0.4048,-0.0464,0.9014,0.49,-0.61,0.18,-3.47,-22.99,-39.31
0.453116,0.4019,-0.0454,0.9009,-0.24,-0.37,0.06,-3.47,-23.00,-39.30
0.490347,0.4028,-0.0464,0.9062,-0.79,-0.18,-0.18,-3.49,-23.01,-39.30
0.490347,0.4028,-0.0459,0.9121,-0.61,-0.12,-0.79,-3.50,-23.01,-39.31
0.544000,0.4014,-0.0439,0.9165,-0.06,-0.37,-0.85,-3.49,-23.02,-39.33
0.544000,0.4019,-0.0430,0.9155,0.31,-0.79,-0.61,-3.49,-23.03,-39.34
0.572988,0.4053,-0.0376,0.9097,0.24,-0.98,-0.55,-3.48,-23.05,-39.35
0.572988,0.4023,-0.0361,0.9053,0.00,-0.85,-0.43,-3.47,-23.07,-39.36
0.602930,0.3989,-0.0381,0.9033,-0.24,-0.67,-0.12,-3.47,-23.09,-39.36
0.602930,0.4004,-0.0410,0.9053,-0.24,-0.49,0.24,-3.48,-23.10,-39.36
0.662984,0.4038,-0.0444,0.9067,0.06,-0.43,0.18,-3.48,-23.12,-39.35
0.662984,0.4062,-0.0474,0.9062,0.31,-0.24,-0.06,-3.48,-23.12,-39.35
0.693024,0.4092,-0.0430,0.9053,0.12,0.00,-0.49,-3.47,-23.13,-39.35
0.693024,0.4053,-0.0420,0.9053,-0.12,0.06,-0.73,-3.46,-23.13,-39.36
0.723341,0.4062,-0.0376,0.9067,-0.43,0.00,-0.73,-3.46,-23.13,-39.38
0.723341,0.4038,-0.0381,0.9111,-0.31,0.00,-0.37,-3.47,-23.13,-39.39
0.785364,0.4038,-0.0396,0.9126,0.00,-0.12,0.00,-3.47,-23.13,-39.39
0.785364,0.4048,-0.0410,0.9136,0.31,-0.37,0.00,-3.47,-23.14,-39.39
0.813009,0.4043,-0.0425,0.9126,0.43,-0.61,-0.12,-3.46,-23.15,-39.39
0.813009,0.4038,-0.0415,0.9097,0.31,-0.73,-0.12,-3.44,-23.16,-39.39
0.843351,0.4062,-0.0400,0.9062,0.12,-0.67,-0.24,-3.44,-23.18,-39.39
0.843351,0.4048,-0.0420,0.9048,-0.06,-0.37,-0.31,-3.44,-23.19,-39.39
0.903068,0.4038,-0.0425,0.9058,-0.06,-0.12,-0.43,-3.44,-23.20,-39.40
0.903068,0.4038,-0.0435,0.9048,0.06,0.00,-0.43,-3.43,-23.20,-39.41
0.933034,0.4072,-0.0415,0.9053,0.12,0.24,-0.55,-3.43,-23.20,-39.41
0.933034,0.4077,-0.0376,0.9077,-0.12,0.37,-0.67,-3.42,-23.19,-39.43
0.962948,0.4048,-0.0342,0.9102,-0.49,0.06,-0.49,-3.42,-23.19,-39.44
0.962948,0.4038,-0.0356,0.9102,-0.67,-0.12,-0.06,-3.43,-23.19,-39.44
1.023335,0.4058,-0.0400,0.9116,-0.37,-0.24,0.06,-3.44,-23.20,-39.44
1.023335,0.4058,-0.0425,0.9082,0.00,-0.12,-0.12,-3.44,-23.20,-39.44
1.052967,0.4053,-0.0439,0.9072,0.18,0.00,-0.43,-3.44,-23.21,-39.44
1.052967,0.4014,-0.0430,0.9067,0.18,0.06,-0.55,-3.43,-23.21,-39.45
1.082965,0.4033,-0.0381,0.9092,-0.06,0.06,-0.61,-3.43,-23.21,-39.46
1.082965,0.4023,-0.0386,0.9116,-0.43,-0.06,-0.49,-3.43,-23.21,-39.47
1.143055,0.4028,-0.0425,0.9111,-0.55,-0.55,-0.06,-3.43,-23.22,-39.48
1.143055,0.4111,-0.0439,0.9067,-0.43,-0.55,0.12,-3.45,-23.23,-39.47
1.173020,0.4146,-0.0420,0.9009,-0.43,-0.06,-0.31,-3.46,-23.24,-39.47
1.173020,0.4077,-0.0400,0.9014,-0.73,0.31,-0.67,-3.47,-23.24,-39.48
1.203023,0.4038,-0.0410,0.9038,-0.85,0.37,-0.43,-3.47,-23.23,-39.49
1.203023,0.4058,-0.0396,0.9082,-0.67,0.55,-0.31,-3.73,-23.29,-39.38
1.263047,0.4038,-0.0400,0.9160,-0.37,0.49,-0.55,-3.74,-23.29,-39.38
1.263047,0.4004,-0.0400,0.9175,-0.06,0.12,-0.49,-3.74,-23.29,-39.37
1.292994,0.3994,-0.0430,0.9165,0.00,-0.49,-0.12,-3.74,-23.29,-39.37
1.292994,0.4033,-0.0454,0.9126,0.06,-0.92,0.00,-3.74,-23.29,-39.36
1.323312,0.4062,-0.0474,0.9053,0.12,-0.92,-0.37,-3.74,-23.28,-39.36
1.323312,0.4072,-0.0464,0.8989,0.18,-0.49,-0.55,-3.74,-23.28,-39.36
1.384771,0.4092,-0.0415,0.8955,0.00,0.06,-0.61,-3.75,-23.28,-39.35
1.384771,0.4097,-0.0381,0.9014,-0.43,0.37,-0.67,-3.75,-23.28,-39.35
1.412975,0.4087,-0.0342,0.9072,-0.61,0.49,-0.55,-3.75,-23.29,-39.35
1.412975,0.4092,-0.0308,0.9131,-0.37,0.49,-0.37,-3.75,-23.29,-39.34
1.443059,0.4048,-0.0317,0.9165,0.12,0.06,0.12,-3.75,-23.29,-39.34
1.443059,0.4028,-0.0356,0.9131,0.73,-0.37,0.79,-3.75,-23.29,-39.34
1.503047,0.4033,-0.0410,0.9082,0.92,-0.37,1.16,-3.75,-23.29,-39.34
1.503047,0.4053,-0.0469,0.9043,0.73,-0.12,0.85,-3.75,-23.29,-39.34
1.532973,0.4053,-0.0522,0.9043,0.24,0.00,0.37,-3.75,-23.29,-39.33
1.532973,0.4087,-0.0552,0.9048,-0.18,0.00,-0.18,-3.76,-23.29,-39.33
1.562966,0.4102,-0.0532,0.9082,-0.49,0.06,-0.92,-3.76,-23.29,-39.33
1.562966,0.4092,-0.0469,0.9102,-0.43,0.18,-1.65,-3.77,-23.29,-39.32
1.623339,0.4023,-0.0376,0.9106,-0.37,0.24,-1.89,-3.76,-23.28,-39.35
1.623339,0.3984,-0.0308,0.9136,-0.31,0.06,-1.46,-3.75,-23.28,-39.39
1.653033,0.4004,-0.0283,0.9146,-0.24,-0.31,-0.61,-3.75,-23.29,-39.40
1.653033,0.4062,-0.0317,0.9126,-0.06,-0.79,0.06,-3.75,-23.30,-39.41
1.683009,0.4092,-0.0361,0.9072,0.24,-0.85,0.43,-3.75,-23.32,-39.40
1.683009,0.4102,-0.0405,0.9019,0.49,-0.61,0.37,-3.75,-23.33,-39.39
1.743016,0.4058,-0.0420,0.8989,0.31,-0.12,0.18,-3.74,-23.34,-39.38
1.743016,0.4072,-0.0430,0.9014,0.00,0.24,0.12,-3.73,-23.34,-39.37
1.772963,0.4087,-0.0449,0.9067,-0.37,0.31,0.06,-3.74,-23.33,-39.36
1.772963,0.4097,-0.0464,0.9077,-0.43,0.18,-0.37,-3.74,-23.33,-39.37
1.803016,0.4077,-0.0449,0.9072,-0.37,0.18,-0.55,-3.75,-23.32,-39.38
1.803016,0.4082,-0.0410,0.9077,-0.18,0.49,-0.73,-3.75,-23.32,-39.39
1.863019,0.4028,-0.0361,0.9102,-0.18,0.55,-0.73,-3.74,-23.31,-39.41
1.863019,0.3989,-0.0332,0.9106,-0.49,0.24,-0.24,-3.74,-23.30,-39.42
1.892966,0.4004,-0.0356,0.9121,-0.67,-0.12,0.37,-3.75,-23.30,-39.41
1.892966,0.4072,-0.0415,0.9116,-0.37,-0.37,0.67,-3.77,-23.31,-39.40
1.952984,0.4121,-0.0444,0.9106,0.18,0.00,0.37,-3.77,-23.31,-39.39
1.952984,0.4131,-0.0405,0.9097,0.24,0.06,-0.12,-3.77,-23.31,-39.38
1.983438,0.4062,-0.0381,0.9077,-0.24,-0.24,0.00,-3.76,-23.31,-39.38
1.983438,0.4058,-0.0410,0.9067,-0.55,-0.43,0.24,-3.77,-23.32,-39.38
2.013024,0.4082,-0.0435,0.9053,-0.43,-0.24,0.06,-3.78,-23.33,-39.37
2.013024,0.4067,-0.0435,0.9033,-0.12,0.12,-0.24,-3.79,-23.33,-39.37
2.073046,0.4038,-0.0420,0.9038,0.00,0.37,-0.24,-3.78,-23.33,-39.38
2.073046,0.4053,-0.0410,0.9062,-0.24,0.49,-0.06,-3.78,-23.32,-39.38
2.103323,0.4053,-0.0420,0.9106,-0.67,0.37,0.00,-3.80,-23.31,-39.38
2.103323,0.4033,-0.0459,0.9131,-0.85,0.00,0.00,-3.81,-23.31,-39.38
2.132996,0.4048,-0.0483,0.9131,-0.55,-0.31,-0.06,-3.82,-23.31,-39.38
2.132996,0.4087,-0.0449,0.9077,-0.06,-0.06,-0.43,-3.83,-23.32,-39.38
2.193031,0.4048,-0.0415,0.9053,0.00,0.00,-0.55,-3.82,-23.32,-39.39
2.193031,0.4072,-0.0391,0.9033,-0.24,0.00,-0.31,-3.82,-23.32,-39.40
2.223244,0.4092,-0.0391,0.9038,-0.49,0.18,-0.18,-3.82,-23.32,-39.40
2.223244,0.4067,-0.0376,0.9053,-0.55,0.31,-0.24,-3.83,-23.31,-39.40
2.254040,0.4038,-0.0410,0.9077,-0.37,0.31,0.12,-3.84,-23.31,-39.40
2.254040,0.4058,-0.0454,0.9106,-0.18,0.06,0.49,-3.85,-23.30,-39.40
2.313053,0.4092,-0.0493,0.9131,0.00,-0.12,0.31,-3.86,-23.31,-39.38
2.313053,0.4087,-0.0513,0.9116,0.18,-0.18,-0.12,-3.85,-23.31,-39.38
2.343019,0.4058,-0.0498,0.9077,0.24,-0.24,-0.49,-3.84,-23.32,-39.39
2.343019,0.4058,-0.0459,0.9048,0.00,-0.12,-0.67,-3.83,-23.32,-39.40
2.373031,0.4048,-0.0415,0.9053,-0.12,0.06,-0.85,-3.82,-23.32,-39.41
2.373031,0.4053,-0.0391,0.9062,-0.18,0.12,-0.61,-3.82,-23.32,-39.42
2.433029,0.4043,-0.0396,0.9087,-0.18,0.00,-0.18,-3.82,-23.32,-39.44
2.433029,0.4077,-0.0435,0.9092,0.06,-0.12,-0.06,-3.82,-23.32,-39.44
2.462971,0.4082,-0.0439,0.9092,0.43,0.00,-0.37,-3.81,-23.33,-39.44
2.462971,0.4058,-0.0396,0.9077,0.61,0.18,-0.67,-3.80,-23.33,-39.45
2.493069,0.4043,-0.0352,0.9077,0.49,0.12,-0.43,-3.77,-23.32,-39.46
2.493069,0.4038,-0.0342,0.9092,0.37,0.00,0.12,-3.76,-23.32,-39.46
2.553005,0.4062,-0.0352,0.9092,0.49,-0.12,0.67,-3.76,-23.33,-39.45
2.553005,0.4092,-0.0391,0.9067,0.85,-0.12,0.85,-3.75,-23.33,-39.43
2.582952,0.4106,-0.0420,0.9038,1.04,0.00,0.92,-3.74,-23.33,-39.41
2.582952,0.4097,-0.0430,0.9014,0.67,0.24,0.67,-3.72,-23.33,-39.39
2.613005,0.4072,-0.0459,0.9028,0.24,0.49,0.43,-3.80,-23.32,-39.33
2.613005,0.4072,-0.0459,0.9048,0.00,0.79,0.12,-3.80,-23.32,-39.30
2.673013,0.4038,-0.0459,0.9097,0.00,0.92,-0.18,-3.80,-23.32,-39.27
2.673013,0.4009,-0.0410,0.9141,0.06,0.92,-0.43,-3.81,-23.32,-39.25
2.703098,0.3970,-0.0386,0.9175,0.00,0.49,-0.18,-3.81,-23.32,-39.22
2.703098,0.3979,-0.0415,0.9165,-0.12,-0.31,0.24,-3.81,-23.31,-39.19
2.732985,0.4043,-0.0474,0.9131,0.00,-0.55,0.49,-3.82,-23.31,-39.17
2.732985,0.4131,-0.0488,0.9077,0.12,-0.37,-0.06,-3.82,-23.30,-39.14
2.793094,0.4126,-0.0435,0.9033,0.12,0.06,-0.92,-3.82,-23.30,-39.12
2.793094,0.4058,-0.0361,0.9014,-0.24,0.31,-0.98,-3.83,-23.30,-39.09
2.823414,0.4033,-0.0332,0.9048,-0.49,0.43,-0.49,-3.83,-23.30,-39.07
2.823414,0.4038,-0.0317,0.9116,-0.31,0.61,-0.12,-3.83,-23.30,-39.05
2.853020,0.4019,-0.0342,0.9165,0.18,0.37,0.12,-3.83,-23.30,-39.02
2.853020,0.3999,-0.0366,0.9116,0.49,-0.12,0.85,-3.83,-23.29,-39.00
2.913168,0.4038,-0.0430,0.9067,0.43,-0.37,1.34,-3.83,-23.30,-38.98
2.913168,0.4102,-0.0469,0.9033,0.12,-0.12,0.92,-3.84,-23.30,-38.95
2.943018,0.4072,-0.0469,0.9014,-0.06,0.31,0.18,-3.84,-23.30,-38.94
2.943018,0.4009,-0.0479,0.9038,-0.31,0.61,0.18,-3.85,-23.29,-38.93
2.973022,0.4048,-0.0474,0.9092,-0.31,0.73,0.12,-3.85,-23.27,-38.92
2.973022,0.4092,-0.0439,0.9126,-0.18,0.55,-0.31,-3.86,-23.26,-38.92
3.033048,0.4082,-0.0386,0.9111,-0.06,0.37,-0.61,-3.85,-23.26,-38.94
3.033048,0.4023,-0.0327,0.9077,-0.18,0.37,-0.24,-3.85,-23.25,-38.95
3.062996,0.3999,-0.0327,0.9087,-0.24,0.37,0.31,-3.85,-23.24,-38.95
3.062996,0.3989,-0.0376,0.9097,-0.12,0.18,0.73,-3.86,-23.24,-38.93
3.093030,0.4019,-0.0444,0.9082,0.18,0.24,1.10,-3.87,-23.23,-38.91
3.093030,0.4087,-0.0483,0.9062,0.37,0.49,0.79,-3.87,-23.22,-38.89
3.153027,0.4082,-0.0503,0.9067,0.06,0.61,0.18,-3.86,-23.21,-38.88
3.153027,0.4062,-0.0488,0.9102,-0.31,0.49,-0.43,-3.86,-23.20,-38.88
3.182955,0.4028,-0.0464,0.9131,-0.67,0.24,-0.79,-3.87,-23.19,-38.89
3.182955,0.4028,-0.0444,0.9136,-0.55,0.18,-0.85,-3.87,-23.19,-38.91
3.213093,0.4023,-0.0405,0.9102,-0.18,0.12,-0.85,-3.87,-23.19,-38.92
3.213093,0.4038,-0.0352,0.9043,0.00,0.31,-0.85,-3.86,-23.18,-38.94
3.273034,0.4014,-0.0347,0.9048,0.06,0.67,-0.43,-3.85,-23.17,-38.96
3.273034,0.4004,-0.0366,0.9062,0.00,0.79,0.00,-3.85,-23.16,-38.96
3.303041,0.4009,-0.0391,0.9111,-0.06,0.61,0.31,-3.85,-23.14,-38.96
3.303041,0.4023,-0.0415,0.9131,0.00,0.49,0.43,-3.86,-23.13,-38.95
3.363077,0.4019,-0.0449,0.9141,0.06,0.24,0.37,-3.86,-23.13,-38.94
3.363077,0.4014,-0.0459,0.9106,0.24,0.12,0.12,-3.86,-23.12,-38.92
3.393415,0.4004,-0.0435,0.9062,0.18,0.18,0.12,-3.85,-23.12,-38.92
3.393415,0.4023,-0.0430,0.9043,0.00,0.31,0.06,-3.85,-23.12,-38.92
3.423380,0.4028,-0.0405,0.9048,-0.24,0.61,0.06,-3.85,-23.10,-38.91
3.423380,0.4019,-0.0420,0.9077,-0.24,0.79,0.06,-3.85,-23.09,-38.91
3.483019,0.4014,-0.0459,0.9111,-0.18,0.92,0.12,-3.86,-23.07,-38.91
3.483019,0.4009,-0.0464,0.9136,0.00,0.79,0.00,-3.86,-23.06,-38.90
3.513004,0.4009,-0.0405,0.9106,0.00,0.85,-0.18,-3.86,-23.04,-38.91
3.513004,0.3965,-0.0400,0.9106,-0.24,0.85,0.00,-3.86,-23.02,-38.91
3.542986,0.3931,-0.0410,0.9136,-0.37,0.67,0.43,-3.86,-23.01,-38.90
3.542986,0.3989,-0.0439,0.9194,-0.55,0.18,0.18,-3.88,-23.00,-38.89
3.603041,0.3984,-0.0503,0.9189,-0.24,-0.12,0.06,-3.88,-23.00,-38.89
3.603041,0.4009,-0.0522,0.9165,0.06,-0.24,0.00,-3.88,-23.01,-38.89
3.632986,0.4038,-0.0483,0.9126,0.00,-0.31,-0.43,-3.88,-23.01,-38.89
3.632986,0.4038,-0.0439,0.9092,-0.31,-0.31,-0.92,-3.88,-23.02,-38.90
3.663000,0.3994,-0.0396,0.9092,-0.67,-0.43,-1.04,-3.88,-23.03,-38.92
3.663000,0.3975,-0.0400,0.9102,-0.55,-0.37,-0.67,-3.88,-23.04,-38.94
3.723286,0.3970,-0.0396,0.9155,-0.06,-0.49,-0.49,-3.88,-23.05,-38.95
3.723286,0.3936,-0.0415,0.9150,0.12,-0.73,-0.18,-3.88,-23.06,-38.95
3.752946,0.3965,-0.0454,0.9106,0.06,-0.98,0.12,-3.87,-23.08,-38.95
3.752946,0.4038,-0.0469,0.9058,-0.18,-1.04,0.06,-3.88,-23.10,-38.95
3.782972,0.4082,-0.0469,0.9023,-0.37,-0.67,-0.49,-3.88,-23.12,-38.95
3.782972,0.4043,-0.0464,0.9019,-0.55,-0.31,-0.73,-3.88,-23.13,-38.96
3.842999,0.4028,-0.0439,0.9043,-0.49,-0.12,-0.92,-3.88,-23.14,-38.97
3.842999,0.4014,-0.0391,0.9082,-0.49,0.12,-0.92,-3.88,-23.14,-39.00
3.873011,0.3979,-0.0361,0.9121,-0.43,0.00,-0.61,-3.89,-23.14,-39.01
3.873011,0.3994,-0.0332,0.9141,-0.31,-0.18,-0.18,-3.89,-23.14,-39.02
3.903015,0.4009,-0.0366,0.9155,0.00,-0.31,0.12,-3.96,-23.12,-38.99
3.903015,0.4009,-0.0425,0.9121,0.24,-0.61,0.55,-3.96,-23.12,-38.99
3.963015,0.4028,-0.0474,0.9067,0.37,-0.67,0.73,-3.96,-23.12,-38.99
3.963015,0.4067,-0.0532,0.9028,0.06,-0.43,0.49,-3.96,-23.12,-38.99
3.993410,0.4092,-0.0532,0.8999,-0.24,-0.06,-0.24,-3.97,-23.12,-38.99
3.993410,0.4072,-0.0508,0.9043,-0.61,0.24,-1.10,-3.97,-23.12,-38.98
4.023264,0.4033,-0.0454,0.9126,-0.61,0.37,-1.53,-3.97,-23.12,-38.98
4.023264,0.3999,-0.0381,0.9209,-0.49,0.06,-1.53,-3.97,-23.12,-38.98
4.083082,0.3984,-0.0347,0.9214,-0.24,-0.55,-1.16,-3.98,-23.12,-38.98
4.083082,0.3965,-0.0342,0.9175,0.06,-1.04,-0.61,-3.98,-23.12,-38.98
4.113078,0.3975,-0.0376,0.9106,0.43,-1.46,0.00,-3.98,-23.12,-38.98
4.113078,0.3999,-0.0415,0.9033,0.73,-1.22,0.49,-3.97,-23.11,-38.98
4.142993,0.4033,-0.0444,0.8994,0.73,-0.73,0.49,-3.97,-23.11,-38.98
4.142993,0.4072,-0.0464,0.8965,0.31,-0.24,0.31,-3.98,-23.11,-38.98
4.203013,0.4087,-0.0488,0.8970,-0.24,0.06,0.06,-3.98,-23.11,-38.98
4.203013,0.4111,-0.0498,0.9019,-0.55,0.49,-0.43,-3.98,-23.12,-38.98
4.232939,0.4077,-0.0449,0.9087,-0.43,0.73,-1.04,-3.98,-23.12,-38.98
4.232939,0.4014,-0.0396,0.9150,-0.31,0.55,-1.16,-3.98,-23.12,-38.98
4.262983,0.3975,-0.0332,0.9180,-0.24,0.00,-0.49,-3.98,-23.12,-38.98
4.262983,0.3999,-0.0332,0.9160,0.00,-0.49,0.18,-3.98,-23.12,-38.98
4.323306,0.3999,-0.0376,0.9116,0.37,-0.61,0.73,-3.98,-23.12,-38.98
4.323306,0.4028,-0.0415,0.9062,0.61,-0.49,0.73,-3.98,-23.12,-38.98
4.352930,0.4038,-0.0464,0.9033,0.67,-0.12,0.67,-3.98,-23.12,-38.98
4.352930,0.4038,-0.0498,0.9048,0.55,0.18,0.49,-3.98,-23.12,-38.98
4.383089,0.4067,-0.0493,0.9077,0.00,0.24,-0.06,-3.98,-23.12,-38.98
4.383089,0.4038,-0.0493,0.9131,-0.49,0.00,-0.61,-3.99,-23.12,-38.98
4.443080,0.4038,-0.0483,0.9155,-0.61,-0.49,-0.79,-3.99,-23.12,-38.98
4.443080,0.4072,-0.0439,0.9150,-0.37,-0.73,-0.79,-3.99,-23.12,-38.98
4.473038,0.4077,-0.0410,0.9106,-0.12,-0.79,-0.92,-3.99,-23.12,-38.98
4.473038,0.4058,-0.0381,0.9048,-0.06,-0.79,-0.85,-3.99,-23.12,-38.98
4.503005,0.4043,-0.0361,0.9009,0.06,-0.43,-0.67,-4.00,-23.12,-38.98
4.503005,0.4033,-0.0332,0.9009,0.00,0.06,-0.31,-4.00,-23.12,-38.98
4.563055,0.4019,-0.0352,0.9033,-0.18,0.18,0.00,-3.99,-23.12,-38.98
4.563055,0.4019,-0.0396,0.9067,-0.24,0.06,0.49,-3.99,-23.12,-38.98
4.592990,0.4062,-0.0454,0.9102,-0.12,0.06,0.49,-3.99,-23.12,-38.98
4.592990,0.4077,-0.0474,0.9126,0.00,0.00,0.06,-3.99,-23.12,-38.98
4.623375,0.4058,-0.0493,0.9111,-0.06,-0.37,-0.12,-3.99,-23.12,-38.98
4.623375,0.4062,-0.0483,0.9082,-0.06,-0.55,-0.37,-4.00,-23.12,-38.98
4.683356,0.4053,-0.0439,0.9033,-0.12,-0.18,-0.61,-4.00,-23.13,-38.98
4.683356,0.4028,-0.0396,0.9038,-0.12,0.06,-0.67,-4.00,-23.13,-38.98
4.713027,0.4043,-0.0361,0.9067,-0.06,0.06,-0.49,-4.00,-23.13,-38.98
4.713027,0.4058,-0.0347,0.9092,0.00,0.06,0.00,-4.00,-23.13,-38.98
4.773001,0.4058,-0.0352,0.9077,0.06,0.00,0.43,-4.00,-23.13,-38.98
4.773001,0.4028,-0.0410,0.9058,0.00,-0.12,0.85,-4.00,-23.13,-38.98
4.802967,0.4038,-0.0488,0.9048,-0.06,-0.12,0.98,-4.00,-23.13,-38.98
4.802967,0.4077,-0.0562,0.9067,-0.06,0.12,0.43,-4.00,-23.13,-38.98
4.832949,0.4102,-0.0557,0.9072,0.00,0.18,-0.49,-4.00,-23.13,-38.98
4.832949,0.4077,-0.0503,0.9048,-0.43,0.12,-1.22,-4.00,-23.13,-38.98
4.893054,0.4087,-0.0405,0.9038,-0.85,0.37,-1.59,-4.01,-23.13,-38.97
4.893054,0.4028,-0.0342,0.9092,-1.04,0.49,-1.46,-4.02,-23.13,-39.00
4.923239,0.3989,-0.0327,0.9160,-0.61,0.24,-0.85,-4.02,-23.12,-39.02
4.923239,0.4014,-0.0342,0.9170,0.06,-0.24,0.00,-4.02,-23.13,-39.03
4.952991,0.4043,-0.0376,0.9121,0.55,-0.67,0.55,-4.02,-23.14,-39.02
4.952991,0.4067,-0.0410,0.9048,0.73,-0.55,0.55,-4.00,-23.15,-39.00
5.013112,0.4082,-0.0415,0.9009,0.49,-0.06,0.24,-3.99,-23.15,-38.99
5.013112,0.4048,-0.0449,0.9038,-0.06,0.12,0.00,-3.99,-23.15,-38.98
5.042962,0.4023,-0.0479,0.9087,-0.37,0.00,0.06,-3.99,-23.15,-38.98
5.042962,0.4033,-0.0498,0.9102,-0.31,-0.12,0.00,-4.00,-23.15,-38.98
5.073040,0.4043,-0.0493,0.9067,-0.18,-0.24,-0.24,-4.00,-23.16,-38.98
5.073040,0.4053,-0.0459,0.9004,-0.18,0.06,-0.55,-4.00,-23.16,-38.98
5.132998,0.4038,-0.0410,0.8994,-0.49,0.61,-0.55,-4.00,-23.16,-39.00
5.132998,0.4033,-0.0410,0.9038,-0.85,0.92,-0.37,-4.01,-23.14,-39.01
5.163047,0.4033,-0.0430,0.9082,-0.92,0.73,-0.12,-4.03,-23.13,-39.01
5.163047,0.4072,-0.0449,0.9106,-0.85,0.55,-0.12,-4.04,-23.12,-39.01
5.192998,0.4092,-0.0430,0.9116,-0.49,0.43,-0.61,-4.05,-23.10,-39.02
5.192998,0.4077,-0.0371,0.9111,-0.37,0.37,-0.92,-4.05,-23.10,-39.03
5.253033,0.4004,-0.0342,0.9121,-0.24,0.18,-0.49,-4.05,-23.09,-39.05
5.253033,0.3965,-0.0352,0.9150,-0.06,-0.18,0.24,-4.05,-23.09,-39.05
5.282976,0.3984,-0.0405,0.9160,0.18,-0.67,0.79,-4.05,-23.10,-39.03
5.282976,0.4033,-0.0483,0.9121,0.43,-1.10,0.92,-4.05,-23.12,-39.01
5.313012,0.4082,-0.0537,0.9019,0.43,-0.98,0.73,-4.05,-23.14,-38.99
5.313012,0.4102,-0.0557,0.8960,0.00,-0.37,0.12,-4.05,-23.15,-38.98
5.372982,0.4121,-0.0508,0.8965,-0.49,0.37,-0.61,-4.05,-23.15,-38.98
5.372982,0.4067,-0.0459,0.9019,-0.98,0.73,-1.10,-4.05,-23.15,-39.00
5.403625,0.4028,-0.0415,0.9077,-1.04,0.73,-0.79,-4.06,-23.13,-39.02
5.403625,0.4023,-0.0376,0.9126,-0.73,0.49,-0.49,-4.08,-23.12,-39.03
5.433034,0.4014,-0.0386,0.9150,-0.18,0.24,-0.12,-4.08,-23.12,-39.04
5.433034,0.4009,-0.0430,0.9126,0.12,0.00,0.24,-4.08,-23.11,-39.03
5.493074,0.4019,-0.0469,0.9092,0.06,-0.43,0.55,-4.08,-23.12,-39.02
5.493074,0.4082,-0.0508,0.9082,0.00,-0.55,0.24,-4.09,-23.13,-39.01
5.523290,0.4097,-0.0488,0.9053,0.00,-0.37,-0.55,-4.09,-23.14,-39.01
5.523290,0.4033,-0.0444,0.9062,0.00,0.24,-0.98,-4.08,-23.14,-39.03
5.553604,0.3979,-0.0391,0.9102,0.12,0.37,-0.61,-4.06,-23.13,-39.05
5.553604,0.3984,-0.0386,0.9126,0.06,-0.24,0.00,-4.06,-23.13,-39.05
5.613179,0.4038,-0.0435,0.9097,0.00,-0.79,0.49,-4.06,-23.14,-39.05
5.613179,0.4102,-0.0464,0.9014,0.00,-0.55,0.37,-4.06,-23.16,-39.03
5.643041,0.4111,-0.0483,0.8970,-0.12,0.00,0.00,-4.06,-23.16,-39.02
5.643041,0.4077,-0.0483,0.9009,-0.31,0.49,-0.24,-4.06,-23.16,-39.03
5.673402,0.4038,-0.0488,0.9062,-0.49,0.55,-0.37,-4.07,-23.15,-39.03
5.673402,0.4058,-0.0488,0.9126,-0.43,0.31,-0.55,-4.08,-23.14,-39.04
5.733001,0.4077,-0.0459,0.9160,-0.18,0.00,-0.92,-4.08,-23.14,-39.06
5.733001,0.4033,-0.0425,0.9160,0.06,-0.24,-0.85,-4.06,-23.14,-39.07
5.762900,0.4014,-0.0391,0.9131,0.18,-0.67,-0.37,-4.05,-23.15,-39.08
5.762900,0.4014,-0.0396,0.9077,0.00,-1.04,0.06,-4.05,-23.17,-39.09
5.792907,0.4048,-0.0459,0.9009,-0.06,-0.85,0.24,-4.05,-23.19,-39.08
5.792907,0.4077,-0.0493,0.8970,-0.12,-0.43,0.06,-4.06,-23.20,-39.07
5.853038,0.4097,-0.0513,0.8999,0.00,0.18,-0.49,-4.05,-23.21,-39.07
5.853038,0.4072,-0.0474,0.9048,0.06,0.67,-0.98,-4.04,-23.20,-39.09
5.883052,0.4028,-0.0405,0.9131,-0.06,0.79,-1.22,-4.03,-23.19,-39.12
5.883052,0.3999,-0.0376,0.9189,-0.18,0.18,-0.67,-4.08,-23.20,-39.10
5.913027,0.4014,-0.0381,0.9170,-0.18,-0.73,-0.06,-4.08,-23.20,-39.09
5.913027,0.4072,-0.0415,0.9092,0.18,-1.04,0.31,-4.08,-23.20,-39.09
5.973163,0.4102,-0.0435,0.9004,0.73,-0.79,0.31,-4.08,-23.20,-39.09
5.973163,0.4082,-0.0435,0.8950,0.73,-0.12,0.24,-4.08,-23.20,-39.09
6.003033,0.4058,-0.0435,0.8979,0.12,0.43,0.12,-4.08,-23.20,-39.08
6.003033,0.4062,-0.0439,0.9048,-0.31,0.61,0.00,-4.08,-23.20,-39.08
6.033059,0.4048,-0.0469,0.9141,-0.49,0.43,-0.12,-4.08,-23.20,-39.08
6.033059,0.4067,-0.0479,0.9194,-0.31,0.00,-0.24,-4.08,-23.20,-39.07
6.093087,0.4067,-0.0459,0.9194,0.24,-0.49,-0.43,-4.08,-23.20,-39.07
6.093087,0.4062,-0.0435,0.9126,0.67,-0.92,-0.55,-4.08,-23.20,-39.07
6.123349,0.4062,-0.0381,0.9019,0.79,-0.73,-0.55,-4.09,-23.20,-39.06
6.123349,0.4023,-0.0361,0.8945,0.49,-0.24,-0.18,-4.09,-23.20,-39.06
6.183063,0.4028,-0.0342,0.8960,0.06,0.18,0.55,-4.09,-23.20,-39.06
6.183063,0.4048,-0.0391,0.9058,-0.24,0.24,0.85,-4.08,-23.20,-39.05
6.213113,0.4067,-0.0479,0.9126,-0.12,0.06,0.85,-4.08,-23.20,-39.05
6.213113,0.4092,-0.0532,0.9131,0.12,-0.18,0.67,-4.08,-23.20,-39.05
6.243004,0.4131,-0.0518,0.9072,0.18,-0.24,0.12,-4.09,-23.20,-39.05
6.243004,0.4146,-0.0464,0.8999,0.00,0.00,-0.49,-4.09,-23.21,-39.04
6.303036,0.4116,-0.0400,0.8940,-0.43,0.24,-0.55,-4.09,-23.21,-39.03
6.303036,0.4072,-0.0381,0.8960,-0.79,0.92,-0.31,-4.09,-23.21,-39.03
6.333108,0.4048,-0.0381,0.9067,-0.79,1.28,-0.18,-4.09,-23.21,-39.03
6.333108,0.4004,-0.0391,0.9146,-0.31,1.22,-0.06,-4.09,-23.21,-39.03
6.362986,0.3984,-0.0400,0.9194,0.06,0.79,0.18,-4.09,-23.21,-39.02
6.362986,0.3989,-0.0415,0.9194,0.31,0.24,0.55,-4.09,-23.21,-39.02
6.423444,0.3994,-0.0435,0.9180,0.43,-0.37,0.67,-4.09,-23.21,-39.02
6.423444,0.3999,-0.0493,0.9116,0.37,-0.85,0.85,-4.09,-23.21,-39.02
6.453064,0.4053,-0.0552,0.9048,0.37,-0.98,0.79,-4.09,-23.21,-39.01
6.453064,0.4141,-0.0537,0.8965,0.18,-0.43,0.00,-4.09,-23.21,-39.01
6.483045,0.4111,-0.0498,0.8931,-0.18,0.24,-0.79,-4.10,-23.21,-39.01
6.483045,0.4082,-0.0415,0.8950,-0.67,0.92,-1.04,-4.10,-23.21,-39.00
6.543032,0.4062,-0.0352,0.9019,-1.10,1.34,-0.79,-4.10,-23.21,-39.00
6.543032,0.4004,-0.0342,0.9116,-0.92,1.28,-0.31,-4.10,-23.21,-39.00
6.573024,0.4014,-0.0391,0.9175,-0.18,0.92,0.31,-4.10,-23.21,-38.99
6.573024,0.4028,-0.0420,0.9175,0.55,0.49,0.73,-4.10,-23.21,-38.99
6.602945,0.4058,-0.0454,0.9131,0.85,0.06,0.85,-4.10,-23.21,-38.99
6.602945,0.4082,-0.0459,0.9053,0.61,0.06,0.67,-4.10,-23.21,-38.98
6.663174,0.4082,-0.0454,0.9014,0.00,0.18,0.31,-4.10,-23.21,-38.98
6.663174,0.4053,-0.0469,0.9038,-0.37,0.61,0.06,-4.10,-23.21,-38.98
6.692926,0.4043,-0.0464,0.9082,-0.37,0.73,-0.18,-4.10,-23.21,-38.97
6.692926,0.4019,-0.0430,0.9136,0.00,0.73,-0.37,-4.11,-23.21,-38.97
6.723209,0.3999,-0.0400,0.9136,0.24,0.55,-0.18,-4.11,-23.21,-38.97
6.723209,0.3999,-0.0396,0.9131,0.37,0.37,0.18,-4.11,-23.21,-38.97
6.797833,0.3994,-0.0425,0.9116,0.37,0.06,0.61,-4.11,-23.21,-38.96
6.797833,0.4023,-0.0459,0.9077,0.37,0.00,0.67,-4.11,-23.21,-38.96
6.813011,0.4033,-0.0479,0.9043,0.31,0.18,0.37,-4.11,-23.21,-38.96
6.813011,0.4028,-0.0469,0.9019,0.18,0.49,0.12,-4.11,-23.21,-38.96
6.843391,0.4023,-0.0464,0.9033,-0.06,0.73,0.12,-4.11,-23.21,-38.95
6.843391,0.4048,-0.0459,0.9067,-0.31,0.85,0.00,-4.11,-23.21,-38.95
6.903021,0.4058,-0.0459,0.9087,-0.31,0.85,-0.12,-4.11,-23.21,-38.95
6.903021,0.4028,-0.0449,0.9102,-0.12,0.79,-0.24,-4.11,-23.21,-38.95
6.933119,0.3994,-0.0439,0.9102,0.00,0.79,-0.18,-4.12,-23.20,-38.94
6.933119,0.3984,-0.0444,0.9121,0.00,0.67,-0.06,-4.12,-23.20,-38.94
6.963109,0.3994,-0.0425,0.9111,-0.12,0.67,-0.12,-4.12,-23.20,-38.94
6.963109,0.3994,-0.0381,0.9111,-0.18,0.73,-0.18,-4.12,-23.20,-38.94
7.023422,0.3931,-0.0410,0.9160,0.00,0.61,0.18,-4.12,-23.20,-38.93
7.023422,0.3936,-0.0430,0.9185,0.12,0.00,0.55,-4.12,-23.20,-38.93
7.054503,0.3979,-0.0464,0.9146,0.37,-0.24,0.73,-4.12,-23.19,-38.93
7.054503,0.4014,-0.0518,0.9092,0.43,-0.24,0.67,-4.12,-23.19,-38.92
7.109106,0.4048,-0.0527,0.9072,0.24,0.00,0.12,-4.13,-23.19,-38.92
7.109106,0.4048,-0.0503,0.9048,-0.06,0.18,-0.49,-4.13,-23.19,-38.92
7.161139,0.4023,-0.0454,0.9043,-0.73,0.43,-0.67,-4.13,-23.19,-38.92
7.161139,0.3979,-0.0425,0.9067,-0.98,0.49,-0.61,-4.13,-23.19,-38.91
7.172906,0.3984,-0.0410,0.9131,-0.79,0.49,-0.67,-4.13,-23.19,-38.91
7.172906,0.3955,-0.0396,0.9185,-0.18,0.43,-0.49,-4.13,-23.18,-38.91
7.202855,0.3926,-0.0405,0.9175,0.06,0.06,0.12,-4.13,-23.18,-38.91
7.202855,0.3989,-0.0420,0.9121,0.06,-0.24,0.67,-4.13,-23.18,-38.91
7.263315,0.4048,-0.0454,0.9072,-0.12,-0.18,0.43,-4.13,-23.18,-38.90
7.263315,0.4033,-0.0479,0.9048,-0.37,0.12,-0.06,-4.13,-23.18,-38.90
7.292960,0.3979,-0.0483,0.9072,-0.37,0.55,-0.18,-4.13,-23.17,-38.90
7.292960,0.3989,-0.0488,0.9131,-0.37,0.37,-0.12,-4.14,-23.17,-38.90
7.323498,0.4023,-0.0469,0.9160,-0.31,0.06,-0.43,-4.14,-23.17,-38.90
7.323498,0.4014,-0.0410,0.9141,-0.31,0.00,-0.79,-4.14,-23.17,-38.89
7.383133,0.3970,-0.0381,0.9131,-0.37,-0.24,-0.43,-4.14,-23.16,-38.89
7.383133,0.3940,-0.0396,0.9121,-0.31,-0.43,0.06,-4.14,-23.16,-38.89
7.413204,0.3955,-0.0459,0.9116,-0.06,-0.49,0.67,-4.14,-23.16,-38.89
7.413204,0.3994,-0.0518,0.9111,0.12,-0.49,0.79,-4.14,-23.16,-38.89
7.443080,0.4043,-0.0557,0.9092,0.12,-0.49,0.24,-4.14,-23.16,-38.88
7.443080,0.4058,-0.0542,0.9082,-0.12,-0.37,-0.49,-4.14,-23.15,-38.88
7.504298,0.4033,-0.0503,0.9082,-0.55,-0.37,-0.85,-4.15,-23.15,-38.88
7.504298,0.4014,-0.0469,0.9092,-0.92,-0.43,-1.04,-4.15,-23.15,-38.88
7.533159,0.4009,-0.0444,0.9106,-0.79,-0.31,-0.98,-4.15,-23.15,-38.87
7.533159,0.3984,-0.0425,0.9087,-0.37,-0.18,-0.85,-4.15,-23.15,-38.87
7.593092,0.3979,-0.0391,0.9058,-0.06,0.00,-0.67,-4.15,-23.15,-38.86
7.593092,0.3979,-0.0391,0.9077,0.00,0.06,-0.18,-4.15,-23.15,-38.86
7.623281,0.3989,-0.0435,0.9131,-0.12,0.00,0.24,-4.15,-23.15,-38.86
7.623281,0.4028,-0.0464,0.9170,-0.06,-0.24,0.12,-4.15,-23.15,-38.86
7.653781,0.4019,-0.0483,0.9175,0.18,-0.61,0.00,-4.16,-23.15,-38.86
7.653781,0.4023,-0.0479,0.9126,0.43,-0.92,0.00,-4.16,-23.14,-38.86
7.713223,0.4028,-0.0474,0.9067,0.55,-0.85,-0.12,-4.16,-23.14,-38.85
7.713223,0.4023,-0.0469,0.9033,0.49,-0.49,-0.18,-4.16,-23.14,-38.85
7.742996,0.4023,-0.0459,0.9028,0.31,-0.18,-0.31,-4.16,-23.14,-38.85
7.742996,0.4023,-0.0435,0.9053,0.00,-0.06,-0.43,-4.16,-23.14,-38.85
7.773206,0.3989,-0.0439,0.9106,-0.06,0.06,-0.31,-4.16,-23.14,-38.84
7.773206,0.3975,-0.0479,0.9146,0.00,-0.06,0.00,-4.16,-23.14,-38.84
7.833069,0.3999,-0.0469,0.9160,0.18,-0.49,0.00,-4.16,-23.14,-38.84
7.833069,0.3999,-0.0498,0.9102,0.18,-0.73,0.00,-4.17,-23.14,-38.84
7.863001,0.4038,-0.0537,0.9053,0.00,-0.73,-0.06,-4.17,-23.14,-38.84
7.863001,0.4092,-0.0518,0.9043,-0.18,-0.24,-0.79,-4.17,-23.14,-38.83
7.892998,0.4067,-0.0469,0.9053,-0.49,0.06,-1.46,-4.17,-23.14,-38.83
7.892998,0.4019,-0.0410,0.9072,-0.73,0.06,-1.65,-4.17,-23.14,-38.83
7.954185,0.4004,-0.0361,0.9106,-0.73,-0.06,-1.10,-4.18,-23.14,-38.83
7.954185,0.3994,-0.0347,0.9160,-0.37,-0.06,-0.55,-4.18,-23.14,-38.83
7.983056,0.3984,-0.0371,0.9194,0.12,-0.61,-0.12,-4.17,-23.14,-38.82
7.983056,0.3975,-0.0425,0.9155,0.49,-1.22,0.31,-4.17,-23.13,-38.82
8.013100,0.4043,-0.0469,0.9053,0.55,-1.40,0.55,-4.17,-23.13,-38.82
8.013100,0.4102,-0.0503,0.8989,0.31,-0.92,0.18,-4.17,-23.13,-38.82
8.073043,0.4087,-0.0518,0.8975,0.06,-0.31,-0.37,-4.17,-23.13,-38.81
8.073043,0.4058,-0.0498,0.8994,-0.06,0.12,-0.67,-4.17,-23.13,-38.81
8.117509,0.4058,-0.0449,0.9058,-0.24,0.31,-0.85,-4.18,-23.13,-38.81
8.117509,0.4033,-0.0420,0.9102,-0.31,0.18,-0.79,-4.18,-23.14,-38.81
8.133051,0.4043,-0.0396,0.9111,-0.24,-0.12,-0.73,-4.18,-23.14,-38.80
8.133051,0.4043,-0.0381,0.9106,-0.06,-0.18,-0.49,-4.18,-23.14,-38.80
8.193061,0.4028,-0.0371,0.9072,0.18,-0.12,-0.12,-4.18,-23.14,-38.80
8.193061,0.4009,-0.0396,0.9067,0.24,-0.06,0.31,-4.18,-23.14,-38.80
8.223293,0.4014,-0.0454,0.9062,0.31,-0.06,0.79,-4.18,-23.14,-38.80
8.223293,0.4043,-0.0493,0.9048,0.18,0.06,0.67,-4.18,-23.14,-38.80
8.253054,0.4062,-0.0542,0.9097,-0.06,-0.06,0.18,-4.18,-23.14,-38.80
8.253054,0.4077,-0.0557,0.9087,-0.18,-0.06,-0.43,-4.18,-23.14,-38.79
8.313150,0.4087,-0.0498,0.9082,-0.18,0.00,-1.04,-4.19,-23.14,-38.79
8.313150,0.4062,-0.0439,0.9077,-0.37,0.00,-1.40,-4.19,-23.14,-38.79
8.343023,0.4014,-0.0371,0.9058,-0.43,0.12,-1.28,-4.19,-23.14,-38.79
8.343023,0.4004,-0.0337,0.9062,-0.43,0.12,-0.73,-4.19,-23.14,-38.78
8.373031,0.4019,-0.0356,0.9097,-0.31,0.18,0.00,-4.19,-23.14,-38.78
8.373031,0.4028,-0.0405,0.9126,0.12,0.06,0.55,-4.19,-23.14,-38.78
8.433112,0.4082,-0.0435,0.9131,0.43,-0.12,0.37,-4.19,-23.14,-38.78
8.433112,0.4062,-0.0469,0.9102,0.67,-0.37,0.24,-4.19,-23.14,-38.78
8.463065,0.4062,-0.0479,0.9048,0.55,-0.37,0.00,-4.19,-23.14,-38.78
8.463065,0.4053,-0.0483,0.9023,0.18,-0.12,-0.06,-4.19,-23.14,-38.78
8.493045,0.4058,-0.0518,0.9014,-0.18,0.00,-0.18,-4.19,-23.14,-38.77
8.493045,0.4082,-0.0591,0.9033,-0.31,0.31,-0.43,-4.19,-23.14,-38.77
8.554292,0.4116,-0.0659,0.9048,-0.49,0.61,-1.04,-4.19,-23.14,-38.77
8.554292,0.4121,-0.0645,0.8999,-0.85,0.73,-2.32,-4.20,-23.14,-38.78
8.583013,0.4058,-0.0615,0.8970,-1.46,0.92,-3.42,-4.19,-23.13,-38.84
8.583013,0.4058,-0.0498,0.8970,-1.71,1.65,-4.09,-4.19,-23.10,-38.92
8.613105,0.4038,-0.0342,0.9092,-1.71,2.08,-4.46,-4.19,-23.07,-39.02
8.613105,0.3950,-0.0273,0.9253,-1.53,1.34,-4.03,-4.18,-23.04,-39.12
8.673074,0.3892,-0.0264,0.9331,-0.49,0.00,-2.62,-4.17,-23.03,-39.19
8.673074,0.3945,-0.0249,0.9316,0.67,-0.61,-1.16,-4.15,-23.04,-39.22
8.702977,0.3984,-0.0190,0.9233,1.10,-1.16,-0.55,-4.12,-23.06,-39.24
8.702977,0.3960,-0.0205,0.9111,1.16,-1.71,0.24,-4.10,-23.09,-39.24
8.732997,0.3965,-0.0264,0.8936,0.85,-1.83,1.65,-4.08,-23.13,-39.21
8.732997,0.4004,-0.0366,0.8853,0.43,-0.85,2.50,-4.09,-23.15,-39.16
8.793065,0.4019,-0.0493,0.8882,-0.06,0.43,2.20,-4.11,-23.15,-39.11
8.793065,0.3984,-0.0581,0.8975,-0.79,1.16,1.34,-4.13,-23.13,-39.06
8.823297,0.3984,-0.0649,0.9072,-1.53,1.22,0.79,-4.16,-23.11,-39.04
8.823297,0.4043,-0.0693,0.9150,-2.08,0.98,0.06,-4.20,-23.09,-39.03
8.853010,0.4097,-0.0713,0.9155,-2.38,0.49,-1.34,-4.24,-23.07,-39.04
8.853010,0.4111,-0.0610,0.9097,-2.50,0.67,-3.05,-4.27,-23.07,-39.09
8.913113,0.4038,-0.0454,0.9077,-2.75,1.10,-4.09,-4.29,-23.05,-39.17
8.913113,0.3955,-0.0283,0.9111,-2.81,1.28,-3.85,-4.31,-23.03,-39.26
8.942990,0.3926,-0.0190,0.9165,-2.81,0.85,-2.50,-4.33,-23.01,-39.33
8.942990,0.3965,-0.0181,0.9204,-2.44,0.18,-0.73,-4.37,-23.01,-39.36
9.003024,0.4028,-0.0269,0.9165,-1.59,0.00,0.55,-4.42,-23.01,-39.36
9.003024,0.4048,-0.0376,0.9087,-1.46,-0.37,1.46,-4.45,-23.01,-39.33
9.033032,0.4126,-0.0552,0.9077,-1.46,-0.12,1.59,-4.50,-23.01,-39.29
9.033032,0.4209,-0.0674,0.9082,-0.92,0.06,0.73,-4.53,-23.01,-39.27
9.063043,0.4238,-0.0713,0.9053,-0.31,0.18,-0.37,-4.54,-23.01,-39.26
9.063043,0.4258,-0.0649,0.8936,0.00,0.06,-1.59,-4.54,-23.01,-39.28
9.123382,0.4243,-0.0532,0.8755,-0.31,1.22,-2.69,-4.52,-22.99,-39.33
9.123382,0.4102,-0.0469,0.8745,-1.10,2.99,-3.11,-4.50,-22.96,-39.39
9.153026,0.3999,-0.0435,0.8936,-1.65,4.15,-3.36,-4.50,-22.88,-39.46
9.153026,0.3901,-0.0376,0.9160,-1.40,4.64,-3.23,-4.50,-22.80,-39.54
9.183006,0.3804,-0.0283,0.9268,-0.73,4.27,-2.14,-4.49,-22.71,-39.61
9.183006,0.3745,-0.0210,0.9263,-0.37,3.11,0.00,-4.49,-22.64,-39.63
9.243055,0.3755,-0.0229,0.9219,-0.24,2.50,2.08,-4.51,-22.58,-39.61
9.243055,0.3750,-0.0391,0.9209,-0.18,1.95,3.60,-4.54,-22.53,-39.54
9.273002,0.3813,-0.0581,0.9155,-0.18,1.40,4.27,-4.57,-22.50,-39.45
9.273002,0.3892,-0.0811,0.9102,-0.43,1.40,3.54,-4.61,-22.47,-39.36
9.302981,0.3975,-0.0898,0.9048,-0.73,1.83,1.28,-4.65,-22.43,-39.31
9.302981,0.3945,-0.0859,0.8940,-1.71,2.87,-0.73,-4.67,-22.38,-39.30
9.363082,0.3906,-0.0815,0.8945,-3.11,3.97,-1.95,-4.70,-22.31,-39.34
9.363082,0.3960,-0.0820,0.9111,-4.03,4.39,-3.11,-4.75,-22.24,-39.40
9.392978,0.3979,-0.0825,0.9307,-3.60,4.39,-5.07,-4.80,-22.15,-39.49
9.392978,0.3887,-0.0684,0.9434,-2.56,4.21,-6.84,-4.80,-22.07,-39.63
9.423318,0.3735,-0.0513,0.9468,-1.77,3.11,-6.96,-4.78,-22.01,-39.78
9.423318,0.3716,-0.0381,0.9399,-1.40,1.46,-5.86,-4.76,-21.97,-39.92
9.483063,0.3784,-0.0327,0.9292,-1.46,0.18,-4.82,-4.74,-21.96,-40.03
9.483063,0.3862,-0.0337,0.9224,-1.65,-0.18,-4.27,-4.74,-21.97,-40.13
9.513006,0.3828,-0.0439,0.9253,-1.71,-0.37,-3.72,-4.74,-21.98,-40.22
9.513006,0.3838,-0.0547,0.9331,-1.22,-1.22,-3.23,-4.74,-22.00,-40.29
9.542960,0.3853,-0.0586,0.9307,-0.37,-1.89,-3.11,-4.72,-22.03,-40.35
9.542960,0.3857,-0.0552,0.9175,0.12,-2.14,-2.93,-4.70,-22.08,-40.41
9.603060,0.3901,-0.0469,0.9048,-0.12,-1.65,-2.75,-4.67,-22.12,-40.47
9.603060,0.3877,-0.0400,0.8999,-1.04,-0.73,-2.69,-4.66,-22.15,-40.53
9.632984,0.3809,-0.0396,0.9072,-1.71,-0.18,-2.14,-4.67,-22.16,-40.58
9.632984,0.3784,-0.0444,0.9189,-1.22,-0.18,-1.10,-4.69,-22.16,-40.61
9.662981,0.3882,-0.0479,0.9214,-0.18,-0.73,-0.18,-4.70,-22.18,-40.62
9.662981,0.3999,-0.0469,0.9111,0.67,-0.79,0.00,-4.69,-22.20,-40.62
9.723416,0.3999,-0.0454,0.8994,0.55,-0.18,-0.31,-4.67,-22.21,-40.62
9.723416,0.3921,-0.0444,0.8975,-0.37,0.49,-0.37,-4.67,-22.20,-40.62
9.753004,0.3833,-0.0498,0.9106,-1.22,0.79,-0.31,-4.68,-22.19,-40.63
9.753004,0.3838,-0.0557,0.9224,-0.98,0.61,-0.24,-4.70,-22.18,-40.64
9.783352,0.3906,-0.0508,0.9233,-0.24,0.49,-0.37,-4.71,-22.16,-40.64
9.783352,0.3901,-0.0430,0.9150,0.00,0.55,-0.31,-4.71,-22.15,-40.65
9.843004,0.3872,-0.0381,0.9048,-0.55,0.49,0.24,-4.71,-22.14,-40.65
9.843004,0.3809,-0.0503,0.9048,-1.46,0.79,0.92,-4.74,-22.13,-40.63
9.872992,0.3804,-0.0640,0.9170,-1.59,1.46,0.79,-4.77,-22.10,-40.61
9.872992,0.3794,-0.0708,0.9316,-1.34,1.65,-0.24,-4.81,-22.07,-40.61
9.902989,0.3770,-0.0698,0.9365,-1.22,0.61,-0.98,-4.82,-22.05,-40.62
9.902989,0.3779,-0.0674,0.9307,-1.16,-0.43,-1.10,-4.84,-22.05,-40.64
9.963050,0.3853,-0.0605,0.9209,-0.98,-0.92,-1.59,-4.85,-22.07,-40.67
9.963050,0.3882,-0.0537,0.9097,-0.85,-0.61,-1.95,-4.85,-22.09,-40.70
9.992999,0.3887,-0.0522,0.9028,-0.79,-0.12,-1.77,-4.85,-22.10,-40.74
9.992999,0.3931,-0.0513,0.9009,-0.85,0.24,-1.46,-4.85,-22.10,-40.78
10.023330,0.3950,-0.0532,0.8999,-1.04,0.73,-1.04,-4.86,-22.09,-40.80
10.023330,0.3955,-0.0566,0.9004,-1.53,1.28,-0.92,-4.87,-22.07,-40.82
10.083087,0.3975,-0.0571,0.9058,-2.26,1.59,-1.77,-4.90,-22.04,-40.85
10.083087,0.3936,-0.0557,0.9062,-2.99,2.14,-2.32,-4.93,-22.01,-40.90
10.113106,0.3823,-0.0508,0.9165,-3.17,3.05,-2.08,-4.98,-21.96,-40.95
10.113106,0.3755,-0.0425,0.9360,-3.11,3.48,-1.83,-5.02,-21.90,-40.99
10.142970,0.3799,-0.0288,0.9512,-2.75,2.20,-2.14,-5.06,-21.84,-41.04
10.142970,0.3784,-0.0259,0.9570,-1.53,1.16,-1.77,-5.09,-21.81,-41.08
10.203014,0.3735,-0.0220,0.9517,0.12,0.61,-0.06,-5.09,-21.80,-41.10
10.203014,0.3926,-0.0210,0.9443,1.34,-0.31,1.22,-5.08,-21.79,-41.08
10.233064,0.3989,-0.0332,0.9355,2.20,-0.18,1.83,-5.05,-21.80,-41.04
10.233064,0.4146,-0.0396,0.9424,3.05,0.85,1.22,-5.01,-21.79,-41.01
10.263055,0.4033,-0.0459,0.9707,3.78,2.14,-0.49,-4.94,-21.76,-41.00
10.263055,0.3789,-0.0508,0.9922,4.76,0.79,-0.92,-4.84,-21.73,-41.02
10.323458,0.3672,-0.0625,0.9927,5.62,-3.23,0.37,-4.74,-21.75,-41.02
10.323458,0.3687,-0.0757,0.9736,6.16,-7.20,1.16,-4.63,-21.86,-41.00
10.353010,0.3774,-0.0801,0.9492,6.96,-8.54,0.67,-4.51,-22.02,-40.96
10.353010,0.3755,-0.0742,0.9268,7.57,-7.69,-0.37,-4.37,-22.19,-40.95
10.413118,0.3779,-0.0610,0.9082,6.65,-6.23,-1.40,-4.21,-22.32,-40.96
10.413118,0.3896,-0.0435,0.8989,4.39,-5.37,-2.56,-4.09,-22.45,-41.00
10.443035,0.3833,-0.0347,0.9023,2.32,-5.19,-1.83,-4.00,-22.55,-41.04
10.443035,0.3882,-0.0337,0.9146,1.71,-5.92,0.49,-3.96,-22.66,-41.04
10.473032,0.4189,-0.0483,0.9287,2.87,-6.29,0.85,-3.93,-22.79,-41.01
10.473032,0.4497,-0.0654,0.9258,5.25,-4.76,-2.38,-3.84,-22.90,-41.02
10.534193,0.4688,-0.0464,0.9165,4.94,-1.28,-9.09,-3.68,-22.97,-41.14
10.534193,0.4287,-0.0249,0.9336,0.49,-0.61,-13.98,-3.52,-22.98,-41.40
10.563031,0.3784,-0.0151,0.9644,-2.93,-3.91,-13.31,-3.42,-23.03,-41.71
10.563031,0.3726,-0.0322,0.9849,-2.56,-8.85,-8.91,-3.39,-23.18,-41.94
10.593019,0.4160,-0.0664,0.9624,0.98,-10.31,-7.57,-3.34,-23.39,-42.09
10.593019,0.4946,-0.0625,0.9214,2.93,-5.55,-16.42,-3.19,-23.56,-42.34
10.653075,0.4634,-0.0322,0.8955,1.10,0.24,-26.73,-2.94,-23.62,-42.83
10.653075,0.3804,-0.0049,0.9033,-3.05,1.53,-26.06,-2.71,-23.60,-43.43
10.683135,0.3447,0.0156,0.9263,-6.04,-2.32,-17.70,-2.60,-23.62,-43.91
10.683135,0.3589,-0.0093,0.9507,-5.92,-7.26,-8.91,-2.61,-23.72,-44.19
10.714142,0.4233,-0.0488,0.9448,-1.40,-6.10,-4.88,-2.64,-23.88,-44.31
10.714142,0.4668,-0.0723,0.9546,4.64,-0.85,-9.64,-2.54,-23.94,-44.46
10.773039,0.4609,-0.0425,0.9688,10.31,0.61,-17.21,-2.25,-23.94,-44.76
10.773039,0.3174,-0.0298,0.9580,11.96,-2.26,-14.71,-1.86,-23.96,-45.15
10.803010,0.3809,0.0273,0.9355,10.80,-13.49,4.70,-1.60,-24.13,-45.21
10.803010,0.4233,0.0098,0.8789,8.30,-12.94,2.08,-1.43,-24.38,-45.12
10.832961,0.5044,0.0039,0.7529,-2.56,-12.63,-4.27,-1.36,-24.64,-45.12
10.832961,0.4517,-0.0562,0.8164,-13.18,-6.96,-14.59,-1.46,-24.81,-45.35
10.894920,0.4463,-0.0312,0.8608,-16.78,-7.39,-16.30,-1.61,-24.95,-45.70
10.894920,0.4966,-0.0576,0.8560,-15.14,-6.04,-17.27,-1.77,-25.10,-46.07
10.925054,0.4409,-0.0361,0.8555,-8.42,-2.50,-14.83,-1.85,-25.18,-46.43
10.925054,0.4473,-0.0151,0.8179,-6.29,-2.81,-10.99,-1.87,-25.24,-46.71
10.953100,0.4668,-0.0239,0.7983,-5.62,-0.61,-9.40,-1.88,-25.27,-46.93
10.953100,0.4653,-0.0488,0.7822,-5.31,0.73,-7.39,-1.91,-25.26,-47.11
11.013105,0.4624,-0.0728,0.7749,-4.46,-0.98,-5.74,-1.94,-25.26,-47.26
11.013105,0.4932,-0.0645,0.7930,-2.62,-1.22,-5.55,-1.97,-25.29,-47.37
11.042944,0.5122,-0.0444,0.7920,-1.22,-5.19,-6.04,-1.94,-25.36,-47.50
11.042944,0.4893,-0.0361,0.7793,-1.10,-8.61,-5.37,-1.91,-25.50,-47.63
11.074640,0.5186,-0.0273,0.7910,-1.53,-8.54,-3.78,-1.89,-25.68,-47.72
11.074640,0.5347,-0.0132,0.8057,-2.26,-8.85,-3.17,-1.90,-25.86,-47.80
11.133038,0.5522,0.0005,0.8184,-2.50,-11.05,-5.80,-1.90,-26.05,-47.89
11.133038,0.5576,-0.0078,0.8076,-2.69,-9.70,-7.63,-1.88,-26.28,-48.04
11.162987,0.5254,-0.0093,0.7969,-2.87,-7.08,-6.59,-1.87,-26.43,-48.20
11.162987,0.5337,-0.0156,0.7998,-3.23,-8.24,-5.74,-1.87,-26.59,-48.33
11.193019,0.5527,-0.0005,0.8315,-2.81,-8.36,-6.71,-1.87,-26.76,-48.47
11.193019,0.5347,0.0000,0.8535,-2.50,-8.36,-7.02,-1.85,-26.93,-48.62
11.253017,0.5029,0.0093,0.8721,-4.46,-8.48,-4.64,-1.85,-27.11,-48.76
11.253017,0.5029,0.0200,0.9116,-9.83,-8.00,0.00,-1.97,-27.27,-48.80
11.283057,0.5171,0.0073,0.9341,-13.61,-8.67,0.00,-2.21,-27.44,-48.78
11.283057,0.5054,-0.0171,0.9297,-16.24,-7.26,-2.20,-2.50,-27.61,-48.81
11.313360,0.4590,-0.0669,0.9067,-18.25,-4.21,-1.40,-2.83,-27.72,-48.85
11.313360,0.4746,-0.0615,0.8989,-20.32,-0.67,0.12,-3.21,-27.78,-48.85
11.373697,0.4951,-0.0264,0.9468,-19.35,4.70,-0.37,-3.62,-27.73,-48.85
11.373697,0.4429,-0.0073,0.9736,-16.72,4.03,-1.95,-3.96,-27.64,-48.88
11.403202,0.3999,-0.0239,0.9722,-14.10,2.87,-3.17,-4.24,-27.58,-48.93
11.403202,0.4214,-0.0220,0.9697,-11.35,2.44,-4.82,-4.45,-27.53,-49.03
11.433273,0.4668,-0.0171,0.9712,-7.20,5.00,-5.92,-4.58,-27.48,-49.15
11.433273,0.4888,-0.0137,0.9814,-2.75,12.76,-6.96,-4.60,-27.31,-49.31
11.493203,0.4727,-0.0005,1.0161,-0.31,20.45,-7.57,-4.53,-26.97,-49.49
11.493203,0.4653,0.0171,1.0640,0.24,21.24,-7.45,-4.44,-26.55,-49.69
11.523441,0.4819,0.0244,1.0962,0.67,17.21,-7.20,-4.35,-26.17,-49.87
11.523441,0.5078,0.0073,1.0918,0.61,15.81,-7.14,-4.25,-25.86,-50.04
11.553378,0.5000,-0.0029,1.1021,-0.79,18.25,-6.84,-4.17,-25.53,-50.21
11.553378,0.4902,-0.0210,1.1357,-0.37,18.80,-5.92,-4.11,-25.16,-50.37
11.613230,0.4771,-0.0356,1.1475,1.22,16.24,-5.25,-4.04,-24.81,-50.50
11.613230,0.4517,-0.0576,1.1489,0.49,11.05,-3.91,-3.97,-24.54,-50.61
11.643315,0.3970,-0.0713,1.1489,-2.87,-0.12,-2.14,-3.96,-24.43,-50.68
11.643315,0.4619,-0.0732,1.1162,-4.88,-9.52,-0.31,-4.04,-24.55,-50.70
11.673800,0.4805,-0.0752,1.0957,-2.93,-10.25,0.79,-4.13,-24.76,-50.67
11.673800,0.4536,-0.0977,1.0620,2.38,-6.10,1.04,-4.15,-24.93,-50.63
11.733324,0.4277,-0.0908,1.0337,6.59,-0.98,0.85,-4.05,-24.99,-50.60
11.733324,0.4316,-0.0581,1.0381,7.39,2.69,1.04,-3.92,-24.97,-50.58
11.763340,0.4424,-0.0483,1.0605,6.41,6.65,1.16,-3.78,-24.87,-50.55
11.763340,0.4160,-0.0425,1.0586,4.46,3.23,2.56,-3.69,-24.75,-50.51
11.823939,0.4141,-0.0249,1.0435,2.81,-2.20,4.52,-3.65,-24.74,-50.43
11.823939,0.4404,-0.0088,1.0205,2.38,-3.72,5.68,-3.65,-24.81,-50.30
11.853335,0.4512,0.0015,0.9819,1.28,0.49,5.98,-3.67,-24.84,-50.16
11.853335,0.4155,-0.0083,0.9771,-0.49,5.86,6.84,-3.72,-24.75,-50.02
11.883258,0.4458,-0.0190,0.9844,-3.72,8.12,8.00,-3.83,-24.61,-49.86
11.883258,0.5361,-0.0518,1.0015,-2.99,13.98,10.68,-3.99,-24.39,-49.66
11.943333,0.3008,-0.0034,1.0249,-2.69,6.16,10.80,-4.14,-24.10,-49.42
11.943333,0.3647,-0.0034,0.9585,-5.55,-6.29,11.72,-4.32,-24.13,-49.17
11.973900,0.4824,0.0376,0.8784,-9.46,-2.81,14.10,-4.60,-24.24,-48.87
11.973900,0.5391,-0.0356,0.7778,-6.53,12.70,17.58,-4.93,-24.13,-48.54
12.003332,0.3706,-0.0400,0.7656,1.46,24.54,19.96,-5.14,-23.70,-48.14
12.003332,0.2554,-0.0615,0.7441,10.07,28.50,17.46,-5.17,-23.15,-47.76
12.063341,0.2729,0.0308,0.7358,8.91,21.79,20.02,-5.13,-22.64,-47.36
12.063341,0.4541,0.0366,0.7583,3.66,30.88,20.39,-5.15,-22.13,-46.98
12.093305,0.4463,0.0059,0.7856,-0.73,52.98,25.27,-5.30,-21.20,-46.54
12.093305,0.3013,0.0571,0.6235,13.49,46.14,34.00,-5.36,-20.09,-45.95
12.123795,0.2993,0.0464,0.9004,15.62,29.48,36.62,-5.30,-19.33,-45.24
12.123795,0.3818,0.0220,0.7397,15.99,28.44,38.88,-5.26,-18.72,-44.48
12.183206,0.2593,0.0020,0.6948,26.92,21.00,39.98,-5.10,-18.17,-43.67
12.183206,0.0195,0.0249,1.0698,29.11,17.27,29.30,-4.73,-17.74,-42.94
12.213271,-0.0132,0.0215,1.1475,20.81,16.05,13.67,-4.36,-17.41,-42.50
12.213271,0.0420,-0.0620,0.9585,16.05,28.20,-4.82,-4.03,-16.96,-42.45
12.243401,0.1528,-0.0723,0.8193,20.26,21.55,-13.24,-3.60,-16.41,-42.68
12.243401,0.7036,0.0312,1.0273,18.92,-8.79,-1.77,-3.11,-16.30,-42.89
12.303315,0.6392,0.0596,1.2607,5.49,-22.28,25.70,-2.96,-16.65,-42.57
12.303315,0.3569,0.0371,1.2046,-2.81,-17.82,27.47,-3.13,-17.06,-41.97
12.334763,0.2012,0.0669,0.9536,-8.36,-21.24,20.45,-3.42,-17.38,-41.44
12.334763,0.3149,0.0151,0.8950,-8.85,-31.25,17.82,-3.74,-17.92,-41.00
12.363734,0.4023,-0.0073,0.8560,-3.30,-24.11,12.33,-3.96,-18.48,-40.67
12.363734,0.4395,-0.0200,1.0142,-1.71,-11.84,11.41,-4.08,-18.81,-40.40
12.424402,0.4146,-0.0103,1.1313,-7.02,-14.40,16.24,-4.26,-19.02,-40.11
12.424402,0.1865,-0.0298,1.0283,-18.13,-37.05,21.85,-4.68,-19.52,-39.65
12.453313,0.2256,-0.0469,0.9873,-26.55,-58.90,20.94,-5.32,-20.49,-39.13
12.453313,0.3647,-0.0190,0.9595,-28.81,-65.61,21.79,-6.09,-21.73,-38.56
12.483321,0.4155,-0.0098,0.8560,-25.45,-62.62,21.06,-6.87,-22.97,-37.97
12.483321,0.4365,-0.0029,0.8667,-18.68,-52.92,17.70,-7.53,-24.10,-37.42
12.543345,0.3745,0.0024,0.8794,-14.59,-36.62,14.40,-8.05,-24.94,-36.96
12.543345,0.2563,0.0000,0.8628,-11.54,-29.60,10.68,-8.46,-25.55,-36.60
12.574436,0.2510,0.0278,0.8477,-10.13,-38.94,7.81,-8.81,-26.19,-36.30
12.574436,0.3745,-0.0098,0.7466,-7.63,-36.80,4.33,-9.10,-26.95,-36.05
12.602979,0.4883,-0.0645,0.7832,-2.69,-16.36,0.12,-9.24,-27.47,-35.93
12.602979,0.5205,-0.0859,0.7983,-0.31,5.68,-1.95,-9.27,-27.57,-35.94
12.663300,0.5229,-0.0679,0.8345,-1.28,25.63,-4.88,-9.22,-27.25,-36.06
12.663300,0.5200,-0.0361,0.8931,-1.46,42.54,-9.77,-9.12,-26.57,-36.33
12.693275,0.4834,-0.0166,0.9536,-1.10,45.72,-16.78,-8.94,-25.70,-36.77
12.693275,0.5835,-0.0547,1.0342,1.59,54.08,-23.19,-8.68,-24.82,-37.35
12.724425,0.5649,0.0195,0.9829,11.05,93.08,-29.79,-8.22,-23.37,-38.13
12.724425,0.3188,0.0005,1.0059,8.48,71.90,-36.07,-7.62,-21.71,-39.07
12.783342,0.2178,-0.0215,1.0586,0.85,13.98,-38.21,-7.20,-20.96,-39.98
12.783342,0.2510,-0.0459,1.0596,0.12,-45.96,-35.22,-6.92,-21.38,-40.73
12.813312,0.3208,-0.0161,1.0952,3.42,-87.46,-32.78,-6.66,-22.84,-41.32
12.813312,0.4180,0.0288,1.0117,7.69,-100.22,-31.62,-6.32,-24.82,-41.84
12.843280,0.5234,0.0000,1.0005,14.89,-74.77,-31.92,-5.83,-26.64,-42.39
12.843280,0.4258,-0.0151,1.0464,20.81,-51.94,-31.37,-5.17,-27.91,-43.01
12.903270,0.3213,-0.0615,1.0933,23.50,-48.65,-29.30,-4.41,-28.92,-43.64
12.903270,0.2524,-0.1074,1.0195,27.53,-58.17,-25.02,-3.61,-30.00,-44.22
12.933292,0.3096,-0.1011,1.0806,28.50,-72.14,-20.87,-2.78,-31.33,-44.71
12.933292,0.4502,-0.0864,0.9761,27.16,-67.57,-18.68,-1.98,-32.78,-45.15
12.963266,0.4365,-0.0903,0.9521,22.28,-57.62,-19.65,-1.22,-34.00,-45.60
12.963266,0.4473,-0.1201,0.8950,16.17,-49.99,-20.94,-0.54,-35.06,-46.13
13.026607,0.4331,-0.1450,0.8687,8.18,-44.49,-21.18,0.03,-35.97,-46.68
13.026607,0.4858,-0.1299,0.7969,1.59,-41.63,-21.06,0.47,-36.83,-47.25
13.053198,0.5122,-0.1133,0.6885,-1.83,-33.94,-20.63,0.81,-37.57,-47.82
13.053198,0.4082,-0.1885,0.6743,-5.98,-35.52,-18.68,1.08,-38.20,-48.36
13.083330,0.3789,-0.1870,0.7065,-10.19,-37.17,-12.51,1.19,-38.95,-48.82
13.083330,0.3608,-0.1143,0.7061,-8.30,-16.91,-2.75,1.15,-39.49,-49.05
13.143198,0.2188,-0.0454,0.7012,-2.32,-5.98,11.29,0.98,-39.67,-48.96
13.143198,0.1411,0.0244,0.6475,5.19,-6.84,26.92,0.68,-39.79,-48.44
13.174776,0.1030,0.0396,0.5488,8.18,-31.56,36.38,0.27,-40.18,-47.60
13.174776,0.1055,0.0264,0.4473,7.75,-68.48,41.50,-0.23,-41.22,-46.59
13.233315,0.1455,-0.0142,0.3730,8.67,-94.48,46.14,-0.86,-42.90,-45.43
13.233315,0.2266,-0.0469,0.2861,9.22,-109.31,48.46,-1.60,-44.96,-44.10
13.263236,0.3403,-0.0962,0.2261,8.42,-114.75,48.52,-2.49,-47.21,-42.64
13.263236,0.4683,-0.1313,0.1768,7.26,-109.80,45.90,-3.49,-49.43,-41.11
13.293423,0.5649,-0.1626,0.1475,2.93,-111.51,37.72,-4.56,-51.60,-39.61
13.293423,0.7212,-0.1973,0.1465,0.12,-91.92,29.24,-5.59,-53.61,-38.29
13.353356,0.7734,-0.2139,0.1455,-4.15,-75.44,20.45,-6.53,-55.21,-37.19
13.353356,0.8057,-0.2354,0.1997,-8.79,-52.86,9.77,-7.29,-56.45,-36.44
13.384128,0.8145,-0.3369,0.2603,-14.34,-41.08,2.32,-7.87,-57.37,-36.04
13.384128,0.8530,-0.2856,0.2837,-16.54,-23.86,-3.05,-8.28,-57.99,-35.93
13.413063,0.8765,-0.1948,0.3179,-17.27,-27.16,-9.03,-8.51,-58.48,-36.05
13.413063,0.9175,-0.2041,0.3394,-14.95,-30.09,-13.31,-8.58,-59.08,-36.36
13.473306,0.9932,-0.2485,0.3076,-11.23,-28.08,-15.32,-8.46,-59.69,-36.80
13.473306,1.0425,-0.1987,0.2539,-7.81,-34.97,-20.57,-8.16,-60.33,-37.36
13.503319,1.2466,-0.1797,0.2676,-6.10,-50.54,-27.65,-7.59,-61.27,-38.17
13.503319,1.2827,-0.1826,0.3335,-1.53,-29.60,-34.12,-6.64,-62.15,-39.33
13.533302,1.1938,-0.2119,0.3306,3.91,-8.36,-36.56,-5.25,-62.56,-40.86
13.533302,1.1553,-0.2554,0.3003,13.55,-1.34,-23.74,-3.83,-62.64,-42.26
13.593335,1.0303,-0.2383,0.4033,18.55,-8.06,-5.25,-2.96,-62.74,-42.86
13.593335,0.9805,-0.1699,0.3862,14.34,-24.41,8.79,-2.73,-63.05,-42.73
13.624298,0.9678,-0.2358,0.4648,10.50,-32.78,21.42,-3.19,-63.67,-41.95
13.624298,0.8999,-0.2324,0.4590,9.52,-26.12,28.56,-4.15,-64.25,-40.68
13.683384,0.7129,-0.0557,0.3296,4.88,-41.63,26.12,-5.30,-64.82,-39.25
13.683384,0.7217,0.0093,0.2480,-1.95,-77.76,16.24,-6.49,-66.05,-37.93
13.713279,0.9204,0.0381,0.1733,-1.83,-87.95,2.87,-7.38,-67.70,-37.03
13.713279,1.1240,0.0107,0.1895,0.67,-81.67,-8.00,-7.72,-69.42,-36.68
13.743060,1.2554,-0.0615,0.2749,0.00,-69.76,-12.82,-7.55,-70.97,-36.84
13.743060,1.3306,-0.1016,0.3706,2.32,-30.88,-9.09,-7.16,-72.02,-37.24
13.773304,1.2100,-0.0854,0.4102,10.25,21.61,3.97,-6.89,-72.07,-37.40
13.773304,0.9565,0.0088,0.3618,16.66,47.42,19.84,-7.17,-71.27,-36.80
13.833317,0.7969,0.0923,0.3232,15.99,36.99,30.03,-8.12,-70.37,-35.46
13.833317,0.6855,0.1929,0.2065,7.75,-1.16,27.16,-9.46,-69.91,-33.78
13.863337,0.6655,0.1763,0.1689,-1.10,-47.18,11.17,-10.73,-70.37,-32.38
13.863337,0.7871,0.1460,0.1938,-3.11,-69.95,-5.31,-11.55,-71.55,-31.57
13.893231,0.9336,0.1084,0.2222,-6.47,-86.85,-17.82,-11.78,-73.21,-31.45
13.893231,1.4390,-0.0078,0.6548,-8.18,-77.33,-17.76,-11.69,-74.93,-31.69
13.953315,1.6377,-0.1689,0.2793,4.64,-53.28,-13.31,-11.42,-76.29,-32.07
13.953315,1.3691,0.0410,0.0737,23.74,-1.89,-3.54,-10.74,-76.84,-32.40
13.983330,0.8799,0.0444,0.1489,25.39,22.40,0.31,-9.94,-76.51,-32.72
13.983330,0.8027,0.1313,0.1704,19.41,10.01,1.28,-9.35,-76.20,-32.85
14.013635,1.0142,0.0923,0.2168,10.93,9.34,2.26,-9.17,-76.02,-32.74
14.013635,1.1260,0.0288,0.2261,7.75,17.33,-1.04,-8.91,-75.76,-32.83
14.073240,1.0396,0.0352,0.1904,6.84,24.54,-1.53,-8.40,-75.33,-33.20
14.073240,0.9146,0.0439,0.2007,5.43,23.25,1.16,-8.06,-74.84,-33.43
14.103363,0.8872,0.0537,0.2603,3.11,14.95,0.18,-7.89,-74.45,-33.52
14.103363,0.9448,0.0742,0.2715,-1.59,4.88,-2.62,-7.70,-74.27,-33.70
14.133159,1.0225,0.0615,0.2466,-5.43,1.89,-4.15,-7.50,-74.23,-33.99
14.133159,1.0347,0.0391,0.2285,-8.67,3.05,-3.42,-7.34,-74.20,-34.31
14.192961,1.0547,0.0356,0.2339,-11.23,9.09,-1.16,-7.32,-74.08,-34.54
14.192961,1.0366,0.0508,0.2485,-13.37,13.73,3.78,-7.58,-73.84,-34.53
14.223814,0.9844,0.0566,0.2725,-15.32,14.53,9.70,-8.27,-73.53,-34.12
14.223814,0.9785,0.0635,0.2783,-17.15,13.00,12.21,-9.27,-73.24,-33.42
14.252984,0.9482,0.0625,0.2822,-18.13,14.16,12.45,-10.38,-72.94,-32.64
14.252984,0.8398,0.0786,0.3125,-20.69,6.65,10.74,-11.40,-72.68,-31.97
14.314164,0.6006,0.0298,0.1528,-25.15,-12.21,6.96,-12.59,-72.70,-31.25
14.314164,0.8511,-0.0327,0.2549,-20.32,-32.53,0.43,-13.56,-73.15,-30.70
14.344008,0.9409,-0.0317,0.2271,-15.50,-37.11,-2.87,-14.38,-73.85,-30.23
14.344008,0.9224,-0.0156,0.1978,-9.83,-39.92,-6.35,-14.95,-74.63,-29.89
14.373329,0.9912,0.0415,0.1821,-6.53,-36.19,-9.16,-15.21,-75.42,-29.79
14.373329,1.1338,0.0962,0.1787,-10.99,-18.92,-8.79,-15.18,-76.04,-29.98
14.433120,1.1104,0.0781,0.1973,-17.70,2.14,-4.52,-15.05,-76.18,-30.42
14.433120,1.0659,0.0371,0.1987,-20.08,3.54,-2.26,-15.07,-76.12,-30.79
14.463324,1.0557,0.0127,0.2266,-26.73,-4.33,1.46,-15.52,-76.12,-30.81
14.463324,1.0186,-0.0786,0.0977,-21.06,-8.97,2.50,-16.37,-76.26,-30.44
14.493407,1.0327,-0.0977,0.1167,-11.11,-3.91,-1.16,-16.92,-76.39,-30.20
14.493407,0.9214,-0.0747,0.1553,-5.92,-0.43,-3.66,-16.86,-76.44,-30.43
14.553226,0.7993,-0.0703,0.1660,-5.55,-10.31,1.40,-16.94,-76.54,-30.47
14.553226,0.8481,-0.0815,0.1855,-6.96,-28.20,7.08,-17.97,-76.89,-29.54
14.583219,0.9878,-0.0903,0.1831,-7.57,-36.07,7.69,-19.75,-77.49,-27.87
14.583219,0.9985,-0.0898,0.1440,-5.37,-36.44,5.68,-21.71,-78.13,-26.00
14.643235,0.9619,-0.1294,0.1021,-3.54,-41.81,5.25,-23.81,-78.82,-23.97
14.643235,1.1064,-0.1436,0.0815,-2.69,-35.77,6.84,-26.33,-79.51,-21.46
14.692795,1.2173,-0.1514,0.0840,-6.04,-10.62,7.02,-28.44,-79.89,-19.40
14.692795,1.1724,-0.1816,0.1182,-10.99,23.13,2.99,-28.75,-79.69,-19.28
14.703042,0.9595,-0.1978,0.1392,-12.21,35.16,-2.81,-27.36,-79.14,-20.93
14.703042,0.8677,-0.1680,0.1689,-13.31,32.17,-6.59,-25.52,-78.56,-23.06
14.763254,0.9604,-0.1816,0.2075,-14.10,27.77,-7.26,-23.91,-78.07,-24.98
14.763254,1.0396,-0.2061,0.2261,-14.34,28.87,-6.41,-22.54,-77.61,-26.67
14.793335,0.9893,-0.2056,0.2329,-14.04,29.72,-5.13,-21.32,-77.09,-28.21
14.793335,0.9380,-0.1904,0.2446,-13.98,25.51,-2.69,-20.42,-76.60,-29.42
14.823664,0.9346,-0.1934,0.2412,-13.79,21.00,0.24,-19.98,-76.17,-30.16
14.823664,0.9346,-0.1777,0.2534,-12.51,19.35,2.08,-19.82,-75.78,-30.60
14.883221,0.8931,-0.1836,0.2637,-11.84,16.85,2.75,-19.79,-75.43,-30.88
14.883221,0.8623,-0.2046,0.2773,-11.78,10.50,3.85,-19.96,-75.15,-30.95
14.913587,0.8604,-0.2070,0.2715,-11.11,4.82,4.88,-20.34,-74.98,-30.79
14.913587,0.8643,-0.1934,0.2612,-9.16,-0.18,5.31,-20.89,-74.90,-30.44
14.944607,0.8745,-0.2129,0.2651,-6.53,-4.94,5.74,-21.53,-74.92,-29.94
14.944607,0.9199,-0.2368,0.2681,-3.30,-6.96,7.14,-22.29,-74.99,-29.26
15.003385,0.9341,-0.2441,0.2495,-0.55,-7.87,9.46,-23.17,-75.08,-28.39
15.003385,0.9517,-0.2490,0.2354,2.62,-7.57,11.35,-24.18,-75.14,-27.33
15.033267,0.9072,-0.2578,0.2266,5.13,-7.69,9.95,-25.14,-75.18,-26.25
15.033267,0.9692,-0.2417,0.2222,5.62,-9.46,7.02,-25.96,-75.28,-25.30
15.063003,1.0415,-0.2217,0.2246,5.25,-4.82,5.31,-26.58,-75.37,-24.55
15.063003,1.0464,-0.1880,0.1973,4.88,6.71,2.69,-26.76,-75.32,-24.26
15.123562,0.9868,-0.1621,0.2036,4.21,18.86,0.37,-26.32,-75.05,-24.62
15.123562,0.9292,-0.1553,0.2271,5.19,19.78,-1.04,-25.57,-74.70,-25.30
15.153325,0.9248,-0.1523,0.2568,5.55,16.11,-0.18,-24.85,-74.36,-25.94
15.153325,0.9302,-0.1465,0.2666,5.62,8.91,0.92,-24.43,-74.13,-26.26
15.183279,0.9448,-0.1416,0.2725,6.47,5.92,0.67,-24.19,-74.00,-26.38
15.183279,0.9648,-0.1494,0.2710,7.75,4.52,-0.98,-23.90,-73.90,-26.54
15.243313,1.0015,-0.1450,0.2612,8.18,3.66,-0.67,-23.58,-73.83,-26.70
15.243313,0.9917,-0.1411,0.2559,7.26,5.37,0.12,-23.30,-73.75,-26.83
15.273227,0.9526,-0.1177,0.2573,6.04,7.39,0.37,-23.03,-73.62,-26.98
15.273227,0.9116,-0.1152,0.2715,5.13,5.80,0.00,-22.77,-73.49,-27.13
15.303207,0.9062,-0.1123,0.2734,4.94,2.50,-0.37,-22.57,-73.42,-27.24
15.303207,0.9512,-0.1064,0.2734,5.31,0.79,0.00,-22.43,-73.39,-27.28
15.363198,0.9668,-0.1094,0.2573,6.29,-0.61,0.98,-22.36,-73.39,-27.24
15.363198,0.9473,-0.0879,0.2358,7.93,-3.91,2.62,-22.41,-73.41,-27.04
15.397186,0.9580,-0.0669,0.2300,9.03,-8.18,3.42,-22.63,-73.51,-26.63
15.397186,1.0107,-0.0596,0.2261,9.89,-6.10,1.71,-22.83,-73.63,-26.23
15.423368,1.0293,-0.0410,0.2217,9.95,-1.40,0.24,-22.79,-73.69,-26.07
15.423368,1.0186,-0.0312,0.2275,8.67,1.53,-0.43,-22.60,-73.69,-26.07
15.483190,0.9868,-0.0132,0.2324,6.77,2.75,-1.28,-22.35,-73.65,-26.18
15.483190,0.9824,0.0083,0.2383,5.55,2.14,-2.01,-22.06,-73.61,-26.35
15.513309,0.9771,0.0156,0.2407,4.88,2.38,-2.81,-21.74,-73.58,-26.58
15.513309,0.9741,0.0166,0.2339,4.27,-0.49,-2.50,-21.46,-73.58,-26.78
15.543393,0.9697,0.0161,0.2295,3.97,-2.99,-3.42,-21.23,-73.64,-26.93
15.543393,0.9639,0.0215,0.2173,3.78,-7.02,-3.54,-21.03,-73.76,-27.05
15.603396,0.9590,0.0166,0.2241,3.54,-10.38,-2.20,-20.99,-73.94,-27.02
15.603396,0.9619,0.0063,0.2363,2.75,-11.35,-0.98,-21.11,-74.16,-26.83
15.633173,0.9458,0.0083,0.2266,0.73,-11.17,-1.83,-21.28,-74.39,-26.63
15.633173,0.9438,0.0098,0.2104,-1.95,-10.56,-2.87,-21.41,-74.61,-26.50
15.663269,0.9326,-0.0063,0.2197,-5.19,-9.58,-3.60,-21.52,-74.82,-26.47
15.663269,0.9712,-0.0342,0.2114,-7.63,-8.00,-4.46,-21.60,-75.01,-26.52
15.723405,1.0225,-0.0493,0.1904,-8.30,-3.78,-4.58,-21.60,-75.16,-26.70
15.723405,1.0557,-0.0688,0.1802,-7.39,1.16,-3.36,-21.50,-75.21,-26.97
15.753173,1.0576,-0.0923,0.1865,-5.49,7.14,-2.20,-21.32,-75.15,-27.28
15.753173,1.0044,-0.0986,0.1948,-2.62,13.00,-3.72,-20.92,-74.97,-27.77
15.783221,0.9507,-0.0874,0.2246,-0.37,15.75,-6.53,-20.19,-74.73,-28.56
15.783221,0.9312,-0.0703,0.2358,0.79,15.62,-8.54,-19.26,-74.48,-29.51
15.843674,0.8950,-0.0801,0.2471,1.22,13.37,-9.22,-18.25,-74.25,-30.54
15.843674,0.8843,-0.0825,0.2510,0.61,7.26,-8.61,-17.38,-74.10,-31.43
15.873335,0.9292,-0.0889,0.2573,-0.24,2.87,-8.61,-16.69,-74.06,-32.14
15.873335,0.9917,-0.0874,0.2437,-1.22,2.81,-9.09,-16.04,-74.06,-32.83
15.903337,1.0229,-0.0840,0.2378,-1.04,7.08,-9.70,-15.31,-74.01,-33.61
15.903337,0.9917,-0.0762,0.2192,-0.12,10.13,-10.19,-14.46,-73.88,-34.51
15.963427,0.9780,-0.0591,0.2202,0.00,8.91,-8.67,-13.63,-73.73,-35.37
15.963427,0.9780,-0.0552,0.2363,0.00,8.30,-6.77,-12.99,-73.60,-36.05
15.993744,0.9678,-0.0459,0.2437,0.61,9.28,-5.86,-12.43,-73.45,-36.62
15.993744,0.9375,-0.0396,0.2651,1.22,8.61,-4.58,-11.93,-73.30,-37.12
16.053260,0.9336,-0.0391,0.2778,0.73,5.92,-1.89,-11.60,-73.17,-37.44
16.053260,0.9224,-0.0371,0.2744,0.00,2.62,0.18,-11.50,-73.09,-37.53
16.083322,0.9551,-0.0283,0.2627,-1.46,-1.16,1.16,-11.58,-73.08,-37.47
16.083322,0.9849,-0.0225,0.2471,-2.69,-0.85,0.85,-11.72,-73.10,-37.37
16.113322,0.9814,-0.0205,0.2378,-3.66,1.28,0.12,-11.82,-73.10,-37.34
16.113322,1.0122,-0.0171,0.2437,-4.09,4.46,-0.37,-11.87,-73.04,-37.38
16.173320,1.0249,-0.0146,0.2510,-4.46,9.28,-0.18,-11.84,-72.91,-37.49
16.173320,0.9785,-0.0059,0.2607,-4.76,12.51,0.61,-11.83,-72.69,-37.61
16.203655,0.9316,0.0000,0.2822,-5.07,14.10,0.37,-11.81,-72.42,-37.73
16.203655,0.9224,-0.0005,0.3008,-5.80,14.10,-0.61,-11.74,-72.14,-37.91
16.233329,0.9263,-0.0054,0.3066,-7.08,13.12,-1.16,-11.66,-71.88,-38.14
16.233329,0.9482,-0.0249,0.3003,-8.67,11.66,-1.65,-11.60,-71.64,-38.38
16.294039,0.9946,-0.0518,0.2896,-10.13,12.33,-2.38,-11.54,-71.42,-38.63
16.294039,1.0044,-0.0913,0.2847,-11.29,16.36,-3.91,-11.41,-71.15,-39.00
16.323549,0.9678,-0.1240,0.2769,-11.17,20.94,-4.94,-11.18,-70.80,-39.48
16.323549,0.9136,-0.1328,0.3110,-11.11,22.16,-4.64,-10.90,-70.38,-40.01
16.353314,0.8687,-0.1377,0.3433,-11.05,23.01,-3.78,-10.68,-69.95,-40.48
16.353314,0.8433,-0.1602,0.3374,-8.91,22.83,-3.23,-10.49,-69.51,-40.90
16.413311,0.8276,-0.1812,0.3687,-6.59,19.59,-3.30,-10.28,-69.10,-41.28
16.413311,0.8643,-0.1958,0.3721,-4.76,14.71,-2.81,-10.10,-68.77,-41.61
16.444110,0.9453,-0.2129,0.3643,-2.62,11.41,-2.38,-9.94,-68.53,-41.86
16.444110,1.0015,-0.2251,0.3530,-0.73,12.08,-0.85,-9.80,-68.31,-42.04
16.473326,0.9888,-0.2280,0.3457,1.34,14.83,1.34,-9.72,-68.04,-42.13
16.473326,0.9268,-0.2217,0.3540,3.78,17.21,3.05,-9.66,-67.71,-42.12
16.533330,0.8550,-0.2080,0.3701,5.74,15.69,4.27,-9.64,-67.37,-42.05
16.533330,0.8223,-0.1875,0.3901,6.90,10.31,5.49,-9.67,-67.09,-41.88
16.563341,0.8379,-0.1772,0.4014,7.02,3.60,6.84,-9.79,-66.95,-41.60
16.563341,0.8813,-0.1650,0.3901,6.35,-2.08,7.69,-10.03,-66.91,-41.20
16.594286,0.9434,-0.1411,0.3677,6.29,-2.50,5.31,-10.26,-66.95,-40.82
16.594286,0.9917,-0.1250,0.3525,7.20,2.75,1.46,-10.29,-66.95,-40.64
16.653326,0.9873,-0.1260,0.3530,8.36,8.18,-0.37,-10.11,-66.83,-40.67
16.653326,0.9604,-0.1025,0.3521,9.09,9.16,0.37,-9.87,-66.65,-40.74
16.683344,0.9258,-0.0708,0.3481,9.70,6.10,2.93,-9.73,-66.49,-40.69
16.683344,0.8979,-0.0513,0.3447,10.86,3.97,4.39,-9.68,-66.38,-40.52
16.715233,0.8701,-0.0259,0.3550,11.90,3.54,4.21,-9.65,-66.30,-40.31
16.715233,0.8657,0.0000,0.3828,12.08,4.03,3.91,-9.57,-66.21,-40.13
16.773299,0.8657,0.0303,0.3975,11.17,1.65,4.58,-9.54,-66.14,-39.92
16.773299,0.8931,0.0371,0.3926,9.89,-2.38,5.49,-9.57,-66.14,-39.66
16.833448,0.9531,0.0381,0.3608,8.79,-3.36,5.62,-9.69,-66.19,-39.33
16.833448,0.9995,0.0469,0.3350,8.42,0.31,4.64,-9.77,-66.21,-39.05
16.835587,0.9946,0.0806,0.3247,7.51,6.47,3.66,-9.79,-66.13,-38.87
16.835587,0.9370,0.0737,0.3389,6.41,9.89,4.09,-9.78,-65.94,-38.73
16.894266,0.8906,0.0767,0.3672,5.00,8.54,4.82,-9.81,-65.74,-38.57
16.894266,0.8994,0.0713,0.3799,2.32,5.07,5.13,-9.93,-65.59,-38.36
16.923519,0.9268,0.0688,0.3677,-0.31,2.62,4.52,-10.12,-65.51,-38.14
16.923519,0.9380,0.0591,0.3462,-2.62,3.11,2.50,-10.29,-65.45,-37.99
16.953329,0.9019,0.0498,0.3242,-4.94,3.05,0.67,-10.42,-65.37,-37.94
16.953329,0.8442,0.0283,0.3032,-7.32,1.65,-0.18,-10.54,-65.33,-37.95
17.013239,0.7676,0.0229,0.2847,-9.64,-0.37,-1.46,-10.68,-65.32,-37.97
17.013239,0.7222,0.0103,0.2661,-11.47,-1.10,-4.70,-10.77,-65.35,-38.12
17.044407,0.7568,0.0010,0.2344,-12.63,-1.53,-7.45,-10.74,-65.40,-38.41
17.044407,0.7915,-0.0112,0.2104,-13.24,-2.01,-6.41,-10.70,-65.46,-38.75
17.073307,0.7554,-0.0356,0.1899,-11.78,-0.43,-4.94,-10.72,-65.51,-39.00
17.073307,0.5991,-0.0293,0.1753,-8.12,0.92,-5.07,-10.70,-65.52,-39.25
17.133277,0.4609,-0.0327,0.1934,-3.97,-2.01,-5.55,-10.58,-65.54,-39.51
17.133277,0.5005,-0.0527,0.2139,-0.31,-5.25,-5.62,-10.40,-65.64,-39.75
17.163195,0.6548,-0.0806,0.2271,1.22,-3.60,-5.80,-10.16,-65.76,-40.00
17.163195,0.7510,-0.0972,0.2178,0.37,1.83,-6.35,-9.88,-65.80,-40.29
17.194563,0.6177,-0.0635,0.2056,-1.04,6.16,-6.84,-9.55,-65.73,-40.65
17.194563,0.4360,-0.0522,0.2056,-0.92,1.28,-6.59,-9.25,-65.67,-41.01
17.253253,0.5142,-0.0566,0.2246,1.04,-3.54,-6.59,-8.96,-65.72,-41.32
17.253253,0.6631,-0.0703,0.2461,3.42,0.49,-8.85,-8.58,-65.78,-41.69
17.283277,0.7803,-0.0483,0.2720,3.97,8.85,-10.80,-8.03,-65.71,-42.21
17.283277,0.8174,-0.0229,0.2822,1.16,16.36,-11.72,-7.39,-65.48,-42.84
17.313193,0.8242,0.0029,0.2725,-5.31,20.87,-11.54,-6.82,-65.13,-43.51
17.313193,0.9238,-0.0171,0.2676,-10.62,26.73,-11.54,-6.40,-64.68,-44.16
17.373103,1.0278,-0.0215,0.3369,-11.90,45.23,-15.26,-5.94,-64.01,-44.93
17.373103,0.9624,-0.0527,0.3535,-6.77,62.81,-16.42,-5.28,-62.92,-45.87
17.403240,0.8438,-0.0742,0.4209,0.85,64.27,-8.91,-4.66,-61.64,-46.63
17.403240,0.8110,-0.0566,0.5293,4.58,56.82,4.52,-4.41,-60.45,-46.84
17.463616,0.7549,-0.0200,0.5767,4.46,47.67,12.57,-4.56,-59.39,-46.55
17.463616,0.7803,-0.0088,0.6382,-0.12,32.78,9.77,-4.85,-58.59,-46.17
17.494816,0.8506,-0.0352,0.6660,-3.54,29.66,1.04,-5.02,-57.98,-46.03
17.494816,0.8716,-0.0679,0.6782,-6.47,27.22,-4.76,-4.98,-57.41,-46.20
17.523539,0.9590,-0.0903,0.6812,-7.75,22.28,-2.32,-4.95,-56.93,-46.41
17.523539,1.0713,-0.1118,0.6968,-7.69,19.84,4.21,-5.10,-56.52,-46.41
17.583230,1.0811,-0.1035,0.7500,-7.39,23.93,7.26,-5.41,-56.09,-46.22
17.583230,1.0249,-0.0796,0.8096,-7.32,33.02,3.11,-5.66,-55.50,-46.10
17.613303,0.9883,-0.0625,0.8599,-10.38,37.11,-1.10,-5.78,-54.78,-46.18
17.613303,0.9878,-0.0420,0.9038,-15.26,32.47,-0.24,-5.92,-54.08,-46.30
17.644965,1.0386,-0.0605,0.8130,-17.03,24.90,2.38,-6.25,-53.53,-46.33
17.644965,1.1079,-0.1226,0.8184,-9.95,27.16,2.38,-6.53,-53.01,-46.32
17.703263,0.9922,-0.1294,0.8662,-6.23,28.50,1.40,-6.66,-52.44,-46.33
17.703263,0.9146,-0.1353,0.8892,-7.75,21.48,-0.92,-6.75,-51.94,-46.41
17.733014,0.9380,-0.1396,0.9297,-9.46,15.56,-3.60,-6.82,-51.59,-46.53
17.733014,0.9292,-0.0962,0.9346,-9.70,7.57,-4.76,-6.87,-51.36,-46.72
17.763401,0.9668,-0.0771,0.9189,-8.48,-2.93,-4.33,-6.93,-51.33,-46.87
17.763401,1.0420,-0.0981,0.9067,-5.92,-8.42,-2.93,-7.00,-51.47,-46.97
17.823513,1.0278,-0.1001,0.8979,-2.81,-11.11,-0.92,-7.06,-51.67,-47.00
17.823513,1.0063,-0.1191,0.8906,-0.67,-15.75,1.53,-7.15,-51.94,-46.93
17.853226,1.0254,-0.1235,0.8877,0.06,-16.36,1.53,-7.25,-52.26,-46.82
17.853226,1.0244,-0.1221,0.8701,-0.85,-15.32,0.18,-7.32,-52.58,-46.74
17.883246,0.9917,-0.1318,0.8496,-1.59,-15.14,-1.40,-7.38,-52.87,-46.70
17.883246,0.9980,-0.1108,0.8408,-1.59,-19.10,-1.53,-7.42,-53.21,-46.70
17.943259,1.0869,-0.0957,0.8350,-1.10,-23.32,-0.79,-7.48,-53.65,-46.65
17.943259,1.1411,-0.1089,0.8223,1.22,-21.30,-1.71,-7.52,-54.10,-46.61
17.973336,1.1304,-0.1143,0.7935,3.85,-18.01,-1.77,-7.47,-54.49,-46.60
17.973336,1.1201,-0.1030,0.7837,5.49,-14.59,-0.92,-7.38,-54.82,-46.59
18.003316,1.1021,-0.0957,0.7793,5.37,-12.27,0.12,-7.31,-55.08,-46.55
18.003316,1.0806,-0.0947,0.7769,4.27,-9.95,-0.67,-7.25,-55.30,-46.51
18.063335,1.0225,-0.0884,0.7573,3.48,-9.52,-2.75,-7.15,-55.49,-46.54
18.063335,1.0205,-0.0913,0.7397,3.66,-11.54,-3.42,-7.01,-55.71,-46.62
18.093277,1.0225,-0.0854,0.7334,4.70,-13.12,-1.65,-6.88,-55.95,-46.68
18.093277,1.0068,-0.0723,0.7207,5.25,-15.75,2.08,-6.84,-56.24,-46.61
18.123513,0.9438,-0.0684,0.7061,5.37,-16.85,3.05,-6.87,-56.57,-46.44
18.123513,0.8970,-0.0576,0.6865,4.88,-17.64,1.46,-6.90,-56.90,-46.29
18.183327,0.9136,-0.0542,0.6758,3.23,-18.55,-0.79,-6.88,-57.27,-46.22
18.183327,0.9390,-0.0659,0.6704,2.08,-16.48,-2.20,-6.83,-57.62,-46.21
18.213299,0.8867,-0.0415,0.6406,1.40,-16.24,-1.16,-6.78,-57.94,-46.24
18.213299,0.8506,-0.0400,0.6079,0.55,-21.24,2.08,-6.85,-58.31,-46.14
18.243271,0.8623,-0.0415,0.5679,1.10,-22.40,3.11,-7.00,-58.75,-45.94
18.243271,0.8032,-0.0396,0.4922,2.08,-21.18,2.62,-7.15,-59.17,-45.74
18.303297,0.8091,-0.0601,0.4517,2.20,-22.28,3.17,-7.28,-59.60,-45.54
18.303297,0.8672,-0.0732,0.4492,2.01,-18.74,3.91,-7.44,-60.00,-45.30
18.333211,0.8350,-0.0566,0.4292,0.12,-13.06,4.39,-7.64,-60.30,-45.05
18.333211,0.7354,-0.0415,0.3940,-2.20,-7.93,2.01,-7.83,-60.50,-44.86
18.363196,0.6558,-0.0513,0.3535,-2.99,-3.60,-3.54,-7.88,-60.61,-44.87
18.363196,0.6475,-0.0449,0.3188,-1.77,0.00,-7.32,-7.73,-60.66,-45.11
18.423541,0.7295,-0.0244,0.3081,0.06,1.71,-6.29,-7.48,-60.66,-45.41
18.423541,0.7651,-0.0596,0.3228,1.95,6.47,-2.56,-7.29,-60.58,-45.61
18.453285,0.6685,-0.0762,0.3447,3.48,5.31,2.93,-7.22,-60.45,-45.63
18.453285,0.5205,-0.0195,0.3447,4.39,-3.11,8.30,-7.35,-60.41,-45.38
18.483294,0.4751,0.0044,0.3379,3.36,-15.32,11.78,-7.69,-60.57,-44.90
18.483294,0.5269,-0.0229,0.3115,1.28,-20.02,10.68,-8.15,-60.91,-44.33
18.543239,0.6094,-0.0479,0.2925,-0.92,-16.97,6.16,-8.55,-61.27,-43.87
18.543239,0.5952,-0.0586,0.2822,-0.92,-6.47,0.85,-8.76,-61.50,-43.67
18.573350,0.4517,-0.0679,0.2852,0.49,-3.42,0.61,-8.78,-61.56,-43.64
18.573350,0.4111,-0.0713,0.3003,0.73,-14.28,8.18,-8.98,-61.72,-43.41
18.603285,0.4814,-0.0518,0.3071,-0.61,-30.46,16.78,-9.61,-62.13,-42.70
18.603285,0.6255,-0.0674,0.2969,-1.04,-38.02,17.03,-10.54,-62.78,-41.68
18.663674,0.7637,-0.0723,0.2627,0.00,-34.36,10.68,-11.37,-63.46,-40.78
18.663674,0.8389,-0.0889,0.2407,1.77,-26.79,4.39,-11.88,-64.03,-40.20
18.693285,0.9141,-0.1270,0.2432,2.62,-18.92,1.89,-12.12,-64.46,-39.87
18.693285,0.9873,-0.1133,0.2729,2.38,-11.60,2.93,-12.30,-64.75,-39.62
18.723535,1.0020,-0.1001,0.2979,1.53,-3.48,3.78,-12.48,-64.88,-39.38
18.723535,0.9727,-0.0894,0.3208,1.22,3.60,2.26,-12.60,-64.86,-39.23
18.783601,0.9189,-0.0830,0.3403,1.04,8.18,-0.61,-12.56,-64.73,-39.25
18.783601,0.8398,-0.0776,0.3481,0.79,5.80,-2.50,-12.40,-64.58,-39.40
18.813243,0.8291,-0.0693,0.3540,0.98,-2.44,-2.08,-12.27,-64.56,-39.53
18.813243,0.8633,-0.0757,0.3550,2.14,-9.40,-0.37,-12.24,-64.69,-39.53
18.873322,0.9146,-0.0845,0.3521,2.99,-13.31,1.22,-12.32,-64.91,-39.39
18.873322,0.9536,-0.0938,0.3403,3.48,-13.00,1.46,-12.43,-65.17,-39.19
18.903241,0.9790,-0.1006,0.3291,3.42,-8.85,0.31,-12.51,-65.39,-39.03
18.903241,0.9609,-0.0977,0.3228,2.32,-4.52,-0.67,-12.50,-65.51,-38.98
18.933508,0.9282,-0.0854,0.3271,0.55,-2.32,-1.34,-12.46,-65.58,-39.00
18.933508,0.9170,-0.0820,0.3340,-0.37,-0.79,-2.56,-12.39,-65.62,-39.07
18.993381,0.9155,-0.0845,0.3369,-0.92,-0.12,-3.17,-12.28,-65.63,-39.21
18.993381,0.9268,-0.0776,0.3276,-1.16,0.00,-3.23,-12.16,-65.65,-39.36
19.023517,0.9365,-0.0732,0.3213,-0.73,0.79,-3.17,-12.04,-65.65,-39.52
19.023517,0.9463,-0.0742,0.3184,-0.43,2.14,-2.93,-11.90,-65.63,-39.69
19.053268,0.9272,-0.0786,0.3145,-0.43,2.81,-2.44,-11.77,-65.59,-39.84
19.053268,0.9131,-0.0825,0.3120,-1.28,2.14,-1.46,-11.68,-65.55,-39.96
19.113417,0.9180,-0.0815,0.3120,-2.20,2.87,-1.53,-11.64,-65.51,-40.05
19.113417,0.9297,-0.0801,0.3037,-2.75,5.49,-2.69,-11.57,-65.43,-40.18
19.143346,0.9268,-0.0825,0.2808,-2.62,8.12,-3.60,-11.43,-65.31,-40.40
19.143346,0.8794,-0.0864,0.2539,-2.20,8.18,-2.75,-11.27,-65.15,-40.63
19.173119,0.8062,-0.0815,0.2446,-2.14,6.59,-0.92,-11.18,-65.02,-40.77
19.173119,0.7476,-0.0693,0.2554,-2.14,5.49,-0.12,-11.17,-64.90,-40.83
19.233189,0.7173,-0.0732,0.2705,-2.08,5.86,-1.04,-11.16,-64.80,-40.89
19.233189,0.7114,-0.0820,0.2920,-1.10,8.48,-2.81,-11.06,-64.67,-41.04
19.263149,0.7031,-0.0933,0.2935,0.31,10.74,-2.56,-10.88,-64.48,-41.25
19.263149,0.6470,-0.0957,0.2798,1.65,11.78,-0.61,-10.71,-64.26,-41.41
19.293244,0.6255,-0.0850,0.2695,1.95,9.64,0.98,-10.62,-64.05,-41.47
19.293244,0.6616,-0.0728,0.2798,2.20,11.23,0.00,-10.55,-63.85,-41.51
19.353061,0.6270,-0.0630,0.2876,2.14,15.14,-1.95,-10.38,-63.59,-41.65
19.353061,0.5137,-0.0708,0.2827,1.77,15.75,-3.72,-10.12,-63.29,-41.90
19.384278,0.4336,-0.0732,0.2739,1.28,10.19,-4.39,-9.84,-63.03,-42.17
19.384278,0.5278,-0.0527,0.2686,0.98,3.97,-5.25,-9.60,-62.92,-42.42
19.442969,0.6958,-0.0420,0.2778,1.34,4.46,-7.26,-9.31,-62.87,-42.71
19.442969,0.7622,-0.0347,0.3027,1.77,9.77,-9.83,-8.90,-62.75,-43.14
19.473046,0.6948,-0.0195,0.3008,1.34,11.96,-9.52,-8.42,-62.55,-43.65
19.473046,0.6533,-0.0229,0.2998,-0.37,6.10,-6.35,-8.06,-62.39,-44.04
19.503294,0.7764,-0.0322,0.3208,-1.34,3.97,-4.82,-7.86,-62.31,-44.29
19.503294,0.9453,-0.0229,0.3696,-0.92,12.82,-6.47,-7.64,-62.17,-44.57
19.533259,0.9497,-0.0449,0.4287,-0.12,23.38,-6.65,-7.31,-61.81,-44.95
19.533259,0.8838,-0.0869,0.4990,-1.77,25.27,-3.78,-7.03,-61.32,-45.29
19.593323,0.7988,-0.0923,0.5273,-5.00,21.06,-1.16,-6.94,-60.86,-45.47
19.593323,0.7280,-0.0581,0.5068,-6.96,13.24,-2.69,-6.95,-60.53,-45.60
19.623527,0.8008,-0.0518,0.4932,-5.13,9.89,-6.96,-6.87,-60.33,-45.85
19.623527,0.9810,-0.0806,0.5181,-2.44,13.00,-7.08,-6.64,-60.12,-46.20
19.653316,0.9941,-0.1025,0.5479,-1.95,14.65,-1.04,-6.49,-59.84,-46.42
19.653316,0.9673,-0.1045,0.5747,-1.95,13.85,4.21,-6.56,-59.56,-46.38
19.713339,0.9268,-0.0835,0.5830,-0.24,15.87,3.60,-6.70,-59.25,-46.25
19.713339,0.9253,-0.0342,0.6060,0.85,17.40,-1.22,-6.69,-58.93,-46.26
19.743274,0.9790,-0.0283,0.6387,1.53,21.06,-6.10,-6.47,-58.55,-46.48
19.743274,1.0151,-0.0586,0.6841,3.17,25.82,-7.87,-6.11,-58.09,-46.85
19.775234,1.0254,-0.0415,0.7163,3.97,26.55,-3.91,-5.77,-57.57,-47.16
19.775234,1.0288,-0.0342,0.7104,3.54,23.62,2.08,-5.62,-57.07,-47.25
19.833330,1.0352,-0.0444,0.7275,2.75,24.29,2.38,-5.60,-56.60,-47.21
19.833330,1.0239,-0.0527,0.7720,0.73,29.30,-2.14,-5.51,-56.07,-47.26
19.863204,0.9385,-0.0322,0.7949,-2.32,34.36,-6.71,-5.32,-55.43,-47.52
19.863204,0.8286,-0.0234,0.7915,-5.74,27.89,-7.63,-5.12,-54.80,-47.86
19.893355,0.9058,-0.0190,0.8037,-8.54,15.38,-5.62,-5.04,-54.39,-48.14
19.893355,1.0288,-0.0249,0.8130,-8.24,10.86,-4.27,-5.06,-54.15,-48.33
19.953225,1.0054,-0.0405,0.8179,-5.49,9.03,-2.87,-5.08,-53.95,-48.48
19.953225,0.9746,-0.0459,0.8477,-3.36,3.05,0.24,-5.11,-53.83,-48.54
19.983229,1.0376,-0.0605,0.8843,-2.69,-2.32,3.85,-5.25,-53.83,-48.45
19.983229,1.1221,-0.0776,0.9053,-2.75,-1.89,3.78,-5.43,-53.88,-48.30
20.013296,1.1274,-0.0859,0.9121,-3.17,1.46,1.34,-5.56,-53.87,-48.21
20.013296,1.0918,-0.0771,0.9214,-4.27,1.34,0.49,-5.66,-53.84,-48.19
20.073324,1.0771,-0.0737,0.9126,-4.46,0.00,0.92,-5.77,-53.82,-48.16
20.073324,1.0732,-0.0640,0.8984,-3.36,-2.38,0.98,-5.88,-53.84,-48.12
20.103278,1.0605,-0.0527,0.8804,-2.62,-6.65,1.46,-5.99,-53.93,-48.07
20.103278,1.0493,-0.0581,0.8574,-2.75,-13.37,2.44,-6.13,-54.13,-47.96
20.133248,1.0742,-0.0796,0.8394,-1.89,-17.52,2.69,-6.29,-54.44,-47.82
20.133248,1.0845,-0.0796,0.8047,-0.85,-17.94,3.11,-6.45,-54.79,-47.66
20.193225,1.1055,-0.0898,0.7798,-0.06,-16.97,3.30,-6.61,-55.14,-47.49
20.193225,1.1406,-0.0913,0.7627,0.43,-12.63,3.05,-6.74,-55.43,-47.32
20.223529,1.1069,-0.0859,0.7373,0.12,-9.03,2.87,-6.86,-55.63,-47.18
20.223529,1.0605,-0.0771,0.7031,-0.37,-7.08,1.59,-6.95,-55.79,-47.07
20.283473,0.9951,-0.0757,0.6748,-0.55,-6.35,0.61,-7.02,-55.91,-47.01
20.283473,0.9565,-0.0796,0.6514,-0.18,-7.08,0.79,-7.08,-56.04,-46.95
20.313406,0.9390,-0.0913,0.6392,0.37,-7.57,1.34,-7.13,-56.18,-46.88
20.313406,0.9097,-0.0830,0.6245,1.10,-7.93,1.83,-7.19,-56.34,-46.79
20.343280,0.8750,-0.0854,0.6162,1.53,-8.24,1.59,-7.25,-56.49,-46.69
20.343280,0.8315,-0.0801,0.6016,2.01,-10.19,0.73,-7.28,-56.67,-46.61
20.403295,0.8237,-0.0791,0.5972,2.69,-12.57,0.00,-7.28,-56.89,-46.55
20.403295,0.8325,-0.0791,0.5874,2.93,-13.12,-0.61,-7.27,-57.16,-46.51
20.433356,0.7993,-0.0669,0.5645,2.87,-13.06,-2.01,-7.21,-57.41,-46.51
20.433356,0.7861,-0.0615,0.5356,2.38,-13.49,-3.48,-7.11,-57.68,-46.56
20.463359,0.7939,-0.0605,0.5107,1.59,-12.76,-4.52,-6.99,-57.95,-46.67
20.463359,0.8062,-0.0469,0.5024,0.24,-12.88,-4.58,-6.86,-58.21,-46.80
20.523529,0.8086,-0.0444,0.4795,-1.46,-11.66,-4.39,-6.77,-58.46,-46.92
20.523529,0.7603,-0.0312,0.4414,-2.20,-9.58,-5.37,-6.68,-58.68,-47.07
20.554226,0.7422,-0.0239,0.4209,-1.22,-6.96,-6.29,-6.55,-58.85,-47.27
20.554226,0.7695,-0.0430,0.4111,0.61,-3.91,-6.65,-6.34,-58.97,-47.51
20.583386,0.7993,-0.0405,0.4106,1.83,-1.28,-5.37,-6.12,-59.03,-47.74
20.583386,0.7949,-0.0498,0.3999,2.32,2.50,-4.09,-5.92,-59.02,-47.92
20.643193,0.7192,-0.0371,0.3745,1.65,3.54,-2.08,-5.76,-58.95,-48.06
20.643193,0.7109,-0.0352,0.3906,0.06,1.53,0.43,-5.72,-58.91,-48.09
20.673044,0.7114,-0.0327,0.4160,-0.31,2.56,1.83,-5.77,-58.86,-48.04
20.673044,0.6499,-0.0093,0.4004,0.12,3.66,2.20,-5.84,-58.80,-47.96
20.703383,0.5850,-0.0151,0.3696,0.85,2.38,1.53,-5.89,-58.73,-47.89
20.703383,0.5786,-0.0488,0.3706,0.85,-2.20,0.43,-5.91,-58.73,-47.86
20.764428,0.6333,-0.0669,0.4038,0.92,-5.86,0.67,-5.93,-58.82,-47.82
20.764428,0.6235,-0.0586,0.4014,1.71,-5.37,2.56,-5.97,-58.93,-47.74
20.794837,0.5269,-0.0386,0.3784,0.98,-9.34,4.94,-6.10,-59.05,-47.55
20.794837,0.4839,-0.0371,0.3667,-0.18,-20.14,6.29,-6.34,-59.33,-47.28
20.824476,0.5508,-0.0371,0.3696,-0.24,-29.72,6.35,-6.66,-59.83,-46.92
20.824476,0.6533,-0.0474,0.3774,0.98,-32.10,4.70,-6.96,-60.45,-46.57
20.883250,0.7256,-0.0571,0.3472,2.14,-29.85,3.30,-7.19,-61.06,-46.27
20.883250,0.7808,-0.0645,0.3267,2.26,-28.14,3.11,-7.38,-61.62,-46.01
20.913600,0.8491,-0.0684,0.3271,2.01,-25.57,3.17,-7.57,-62.15,-45.75
20.913600,0.9062,-0.0747,0.3374,2.75,-19.17,2.56,-7.74,-62.59,-45.51
20.943210,0.9116,-0.0713,0.3530,3.48,-13.49,1.65,-7.83,-62.90,-45.33
20.943210,0.8936,-0.0679,0.3652,3.48,-9.34,1.71,-7.88,-63.12,-45.20
21.003282,0.8818,-0.0576,0.3721,2.38,-7.81,3.11,-7.97,-63.27,-45.05
21.003282,0.8618,-0.0562,0.3745,1.40,-9.77,4.94,-8.15,-63.44,-44.81
21.033357,0.8770,-0.0566,0.3711,1.28,-11.54,5.62,-8.41,-63.64,-44.49
21.033357,0.8960,-0.0659,0.3721,1.59,-11.05,4.33,-8.66,-63.85,-44.19
21.063810,0.8994,-0.0688,0.3643,1.40,-9.89,1.59,-8.81,-64.05,-43.98
21.063810,0.8984,-0.0581,0.3623,0.18,-9.64,-0.73,-8.86,-64.24,-43.91
21.123558,0.9136,-0.0571,0.3677,-1.28,-8.73,-1.46,-8.88,-64.43,-43.91
21.123558,0.9141,-0.0688,0.3677,-1.65,-6.10,-1.89,-8.89,-64.58,-43.93
21.153289,0.9180,-0.0640,0.3628,-1.22,-4.15,-2.01,-8.86,-64.68,-43.99
21.153289,0.9219,-0.0601,0.3628,-0.79,-2.93,-1.53,-8.83,-64.75,-44.06
21.183311,0.9146,-0.0596,0.3652,-0.24,-2.75,-1.22,-8.80,-64.81,-44.10
21.183311,0.9082,-0.0562,0.3774,0.73,-1.04,-1.95,-8.75,-64.86,-44.15
21.243297,0.9087,-0.0562,0.3901,1.59,0.55,-3.30,-8.61,-64.87,-44.28
21.243297,0.9004,-0.0591,0.3965,1.40,1.28,-4.09,-8.41,-64.85,-44.47
21.273290,0.9092,-0.0581,0.3984,0.43,0.49,-3.66,-8.22,-64.85,-44.66
21.273290,0.9072,-0.0527,0.3901,-0.37,0.79,-3.11,-8.07,-64.84,-44.82
21.303548,0.9028,-0.0566,0.3784,-1.28,-0.18,-1.83,-7.98,-64.84,-44.95
21.303548,0.9404,-0.0610,0.3765,-1.83,-0.98,-0.79,-7.97,-64.86,-44.99
21.365713,0.9619,-0.0591,0.3716,-1.77,0.98,-0.43,-7.99,-64.86,-45.02
21.365713,0.9482,-0.0557,0.3652,-1.65,2.93,-0.49,-8.01,-64.82,-45.04
21.394400,0.9263,-0.0610,0.3628,-1.28,5.13,-1.46,-7.98,-64.74,-45.11
21.394400,0.8965,-0.0625,0.3472,-1.16,5.31,-1.77,-7.90,-64.63,-45.23
21.423557,0.9019,-0.0591,0.3389,-1.22,3.60,-0.92,-7.86,-64.54,-45.31
21.423557,0.9243,-0.0620,0.3306,-1.40,3.85,-0.37,-7.84,-64.48,-45.35
21.483264,0.9229,-0.0596,0.3198,-1.53,5.98,-0.55,-7.84,-64.38,-45.39
21.483264,0.8999,-0.0581,0.3135,-1.53,7.08,-0.98,-7.81,-64.25,-45.46
21.514053,0.8838,-0.0649,0.3047,-0.98,8.67,-1.40,-7.75,-64.10,-45.55
21.514053,0.8555,-0.0645,0.2798,0.00,10.93,-1.34,-7.66,-63.90,-45.67
21.543328,0.8281,-0.0576,0.2695,0.49,10.80,-0.12,-7.57,-63.68,-45.76
21.543328,0.8350,-0.0552,0.2725,0.79,11.35,1.16,-7.55,-63.47,-45.77
21.603298,0.7881,-0.0527,0.2759,2.08,15.87,0.24,-7.50,-63.20,-45.80
21.603298,0.6821,-0.0410,0.2773,2.69,18.07,-0.31,-7.37,-62.85,-45.88
21.633286,0.6030,-0.0347,0.2969,1.46,14.22,-0.06,-7.26,-62.53,-45.97
21.633286,0.5723,-0.0225,0.2720,0.00,12.70,0.12,-7.20,-62.27,-46.02
21.693264,0.5464,-0.0308,0.2686,-1.95,10.80,-0.49,-7.19,-62.03,-46.07
21.693264,0.6060,-0.0562,0.2793,-2.69,10.38,-2.81,-7.14,-61.84,-46.18
21.723566,0.6528,-0.0410,0.2539,-1.10,15.81,-5.25,-6.98,-61.59,-46.41
21.723566,0.5786,-0.0303,0.2598,0.61,18.62,-5.25,-6.71,-61.24,-46.71
21.753275,0.5493,-0.0459,0.3096,1.65,14.28,-2.44,-6.49,-60.92,-46.94
21.753275,0.5400,-0.0493,0.3521,2.69,9.70,0.79,-6.39,-60.69,-47.01
21.814190,0.4956,-0.0293,0.3521,3.60,7.02,2.20,-6.37,-60.52,-46.96
21.814190,0.5264,-0.0430,0.3486,3.54,0.12,1.53,-6.37,-60.44,-46.88
21.843060,0.7422,-0.0503,0.3843,2.93,-1.95,-0.43,-6.33,-60.48,-46.85
21.843060,0.9878,-0.0322,0.4185,2.50,8.12,-2.75,-6.21,-60.44,-46.92
21.873284,0.9531,-0.0430,0.3901,2.20,21.73,-3.97,-5.99,-60.13,-47.12
21.873284,0.8081,-0.0464,0.3862,1.89,23.99,-2.69,-5.77,-59.66,-47.33
21.934637,0.7729,-0.0547,0.4272,1.53,21.18,0.12,-5.64,-59.21,-47.45
21.934637,0.7612,-0.0532,0.4575,0.24,18.74,3.48,-5.64,-58.81,-47.42
21.964192,0.8389,-0.0527,0.5107,-1.53,16.97,3.48,-5.75,-58.46,-47.31
21.964192,0.8770,-0.0674,0.5493,-2.44,23.86,-1.71,-5.78,-58.06,-47.33
21.993271,0.8389,-0.0596,0.5845,-3.48,27.22,-6.04,-5.64,-57.54,-47.57
21.993271,0.8408,-0.0532,0.6191,-2.56,28.20,-8.06,-5.42,-57.00,-47.92
22.053135,0.8232,-0.0420,0.6167,-1.10,25.33,-5.86,-5.17,-56.46,-48.25
22.053135,0.8784,-0.0352,0.6235,0.00,18.37,-1.46,-5.03,-56.04,-48.43
22.083240,0.9634,-0.0342,0.6465,1.95,18.19,0.37,-4.98,-55.70,-48.47
22.083240,0.9331,-0.0327,0.6602,3.48,22.52,-0.24,-4.89,-55.28,-48.51
22.113910,0.8550,-0.0151,0.6782,3.11,21.55,-1.40,-4.76,-54.84,-48.59
22.113910,0.8828,-0.0103,0.7158,1.46,18.55,-1.65,-4.64,-54.44,-48.69
22.173023,0.9102,-0.0425,0.7461,-0.85,17.46,-0.55,-4.58,-54.09,-48.76
22.173023,0.9292,-0.0503,0.7622,-2.56,17.88,0.85,-4.60,-53.74,-48.78
22.203242,0.8994,-0.0400,0.7729,-3.91,19.04,1.77,-4.67,-53.37,-48.77
22.203242,0.8960,-0.0552,0.7827,-5.07,17.27,2.87,-4.81,-53.00,-48.72
22.233648,0.9619,-0.0547,0.8154,-6.41,16.72,3.78,-4.99,-52.66,-48.64
22.233648,1.0029,-0.0518,0.8462,-7.02,19.29,3.11,-5.20,-52.30,-48.55
22.293010,0.9492,-0.0596,0.8472,-6.71,20.87,1.59,-5.36,-51.89,-48.52
22.293010,0.9302,-0.0640,0.8745,-7.02,17.27,1.04,-5.50,-51.50,-48.52
22.323415,0.9561,-0.0752,0.9126,-8.12,12.33,2.44,-5.67,-51.21,-48.50
22.323415,0.9912,-0.0635,0.9375,-10.07,7.32,5.37,-5.94,-51.01,-48.39
22.353256,1.0205,-0.0654,0.9473,-11.60,3.85,6.04,-6.31,-50.89,-48.21
22.353256,1.0449,-0.0864,0.9551,-11.54,4.46,3.36,-6.66,-50.81,-48.06
22.414401,1.0586,-0.1030,0.9639,-11.11,6.59,0.31,-6.92,-50.69,-48.03
22.414401,1.0420,-0.1216,0.9526,-11.11,6.59,-1.59,-7.11,-50.55,-48.07
22.443272,1.0420,-0.1309,0.9419,-9.46,6.41,-3.72,-7.23,-50.43,-48.17
22.443272,1.0151,-0.1274,0.9302,-6.90,5.00,-5.07,-7.27,-50.32,-48.33
22.473226,0.9634,-0.1128,0.9146,-4.64,-1.40,-4.27,-7.27,-50.29,-48.49
22.473226,0.9849,-0.1084,0.9009,-2.50,-8.61,-2.99,-7.27,-50.41,-48.58
22.532949,1.0200,-0.1079,0.8916,-0.12,-10.38,-2.20,-7.26,-50.61,-48.63
22.532949,1.0054,-0.1055,0.8696,1.71,-10.80,-1.77,-7.22,-50.82,-48.66
22.563519,0.9932,-0.0972,0.8560,2.99,-10.13,-1.77,-7.15,-51.03,-48.68
22.563519,0.9956,-0.0928,0.8560,3.17,-9.95,-1.59,-7.08,-51.23,-48.70
22.593661,0.9834,-0.0933,0.8438,3.23,-8.54,-2.08,-6.99,-51.42,-48.72
22.593661,0.9199,-0.0869,0.8130,2.81,-10.74,-2.38,-6.90,-51.61,-48.77
22.653488,0.9229,-0.0732,0.7832,2.56,-14.28,-2.69,-6.81,-51.87,-48.81
22.653488,0.9399,-0.0688,0.7695,2.87,-14.65,-2.20,-6.73,-52.16,-48.85
22.683282,0.9023,-0.0547,0.7432,2.87,-15.20,-0.31,-6.68,-52.45,-48.85
22.683282,0.8701,-0.0557,0.7241,2.62,-16.24,0.24,-6.67,-52.77,-48.79
22.714575,0.8555,-0.0640,0.7100,2.26,-16.85,0.18,-6.67,-53.10,-48.73
22.714575,0.8677,-0.0630,0.6997,1.04,-17.70,0.85,-6.70,-53.44,-48.66
22.773225,0.8857,-0.0635,0.6885,-0.92,-19.53,1.59,-6.78,-53.81,-48.55
22.773225,0.8979,-0.0630,0.6797,-1.22,-17.58,1.10,-6.90,-54.17,-48.43
22.803226,0.8804,-0.0645,0.6655,0.18,-12.88,-0.55,-6.97,-54.48,-48.37
22.803226,0.8335,-0.0786,0.6475,2.01,-9.46,-1.22,-6.95,-54.69,-48.37
22.833366,0.8013,-0.0708,0.6270,2.75,-9.09,-0.92,-6.89,-54.87,-48.38
22.833366,0.7715,-0.0708,0.6016,1.16,-12.88,0.24,-6.88,-55.08,-48.35
22.893285,0.7891,-0.0659,0.5942,-1.83,-17.82,1.22,-6.97,-55.39,-48.26
22.893285,0.8354,-0.0688,0.5972,-3.05,-15.93,-0.79,-7.09,-55.74,-48.18
22.923542,0.7856,-0.0591,0.5815,-2.32,-11.84,-3.66,-7.11,-56.01,-48.22
22.923542,0.6499,-0.0444,0.5142,-0.06,-12.63,-4.27,-7.04,-56.24,-48.32
22.953304,0.5430,-0.0459,0.4307,1.77,-23.62,-2.99,-6.97,-56.60,-48.39
22.953304,0.6313,-0.0503,0.4058,2.26,-35.83,-1.04,-6.95,-57.21,-48.36
23.014663,0.7905,-0.0947,0.4282,2.69,-36.13,-1.04,-7.00,-57.95,-48.25
23.014663,0.8882,-0.1157,0.4419,3.11,-22.16,-3.23,-6.97,-58.54,-48.21
23.043252,0.7949,-0.1011,0.4165,2.69,-5.19,-5.55,-6.80,-58.79,-48.35
23.043252,0.6646,-0.0864,0.3760,-0.31,-0.55,-5.19,-6.59,-58.84,-48.55
23.103176,0.6128,-0.0752,0.3550,-2.50,-1.77,-4.09,-6.48,-58.86,-48.73
23.103176,0.6250,-0.0405,0.3228,-1.77,0.67,-4.15,-6.40,-58.89,-48.88
23.133263,0.6064,-0.0269,0.3096,0.55,7.32,-5.92,-6.23,-58.82,-49.09
23.133263,0.4863,-0.0166,0.3057,0.85,-1.10,-4.21,-6.03,-58.74,-49.31
23.162984,0.4341,-0.0405,0.3276,1.04,-11.47,-1.95,-5.93,-58.88,-49.41
23.162984,0.4263,-0.0337,0.3247,1.77,-19.59,0.31,-5.93,-59.19,-49.38
23.223914,0.4272,-0.0137,0.3120,2.50,-27.47,1.59,-5.99,-59.66,-49.26
23.223914,0.5015,-0.0132,0.3091,1.77,-36.32,2.81,-6.12,-60.30,-49.06
23.253342,0.6323,-0.0195,0.3164,0.61,-39.98,2.93,-6.33,-61.07,-48.79
23.253342,0.7563,-0.0264,0.3140,0.55,-37.54,0.98,-6.54,-61.84,-48.55
23.283066,0.8521,-0.0547,0.3105,1.95,-30.52,-1.65,-6.62,-62.52,-48.43
23.283066,0.9204,-0.0669,0.3198,3.36,-22.22,-2.20,-6.58,-63.03,-48.42
23.343376,0.9282,-0.0640,0.3345,2.38,-18.55,0.98,-6.56,-63.43,-48.37
23.343376,0.9512,-0.0488,0.3569,-0.37,-18.74,6.23,-6.78,-63.79,-48.11
23.373325,0.9863,-0.0420,0.3745,-1.65,-14.83,8.85,-7.22,-64.12,-47.65
23.373325,0.9468,-0.0488,0.3638,-0.73,-7.57,7.02,-7.66,-64.32,-47.21
23.403291,0.8628,-0.0503,0.3472,0.18,-4.76,3.36,-7.92,-64.41,-46.93
23.403291,0.8403,-0.0425,0.3550,0.61,-6.77,-0.43,-7.99,-64.52,-46.83
23.463295,0.8677,-0.0508,0.3779,0.79,-8.06,-2.81,-7.94,-64.68,-46.88
23.463295,0.8945,-0.0581,0.3730,1.10,-9.58,-2.87,-7.84,-64.86,-46.98
23.493297,0.9229,-0.0596,0.3521,1.46,-10.99,-1.28,-7.77,-65.07,-47.02
23.493297,0.9502,-0.0581,0.3389,1.89,-11.41,-0.06,-7.78,-65.30,-46.98
23.523540,0.9683,-0.0640,0.3389,2.75,-8.00,-0.18,-7.79,-65.49,-46.92
23.523540,0.9375,-0.0698,0.3330,4.39,-3.42,-1.65,-7.71,-65.60,-46.93
23.583357,0.9062,-0.0552,0.3340,5.13,-2.99,-1.77,-7.54,-65.66,-47.01
23.583357,0.9297,-0.0464,0.3452,4.39,-4.15,-0.24,-7.42,-65.74,-47.04
23.613222,0.9497,-0.0464,0.3438,3.66,-3.30,0.73,-7.38,-65.81,-46.99
23.613222,0.9482,-0.0498,0.3379,3.78,-0.61,0.00,-7.35,-65.85,-46.95
23.643323,0.9551,-0.0430,0.3350,3.85,2.93,-1.16,-7.24,-65.83,-46.99
23.643323,0.9590,-0.0381,0.3296,3.42,6.23,-1.77,-7.08,-65.74,-47.08
23.703344,0.9551,-0.0327,0.3335,2.62,9.22,-2.26,-6.90,-65.58,-47.21
23.703344,0.9438,-0.0381,0.3335,1.34,10.56,-1.83,-6.73,-65.39,-47.36
23.733276,0.9238,-0.0400,0.3262,0.61,11.78,-1.34,-6.60,-65.17,-47.48
23.733276,0.9131,-0.0435,0.3247,1.10,13.49,-1.28,-6.48,-64.91,-47.60
23.763297,0.9023,-0.0474,0.3223,1.10,13.98,-0.12,-6.38,-64.64,-47.69
23.763297,0.8828,-0.0474,0.3135,0.43,12.27,2.69,-6.37,-64.37,-47.68
23.823625,0.8726,-0.0498,0.2900,0.06,10.25,5.25,-6.51,-64.14,-47.53
23.823625,0.8804,-0.0610,0.2759,0.49,11.29,6.53,-6.73,-63.92,-47.28
23.853288,0.8535,-0.0552,0.2617,1.34,16.60,5.62,-6.93,-63.64,-47.04
23.853288,0.7671,-0.0527,0.2510,1.89,21.18,3.17,-7.00,-63.24,-46.92
23.883604,0.7134,-0.0732,0.2729,1.89,23.93,0.61,-6.96,-62.79,-46.93
23.883604,0.6816,-0.0801,0.3027,2.56,26.37,-1.28,-6.81,-62.29,-47.05
23.943245,0.6333,-0.0649,0.3101,3.36,28.50,-2.75,-6.57,-61.74,-47.25
23.943245,0.5854,-0.0366,0.3198,2.75,26.12,-3.48,-6.30,-61.20,-47.49
23.973296,0.6006,-0.0249,0.3408,1.77,23.25,-3.66,-6.05,-60.72,-47.72
23.973296,0.5815,-0.0391,0.3477,1.83,22.52,-3.54,-5.83,-60.27,-47.94
24.003298,0.5059,-0.0474,0.3359,2.50,20.26,-3.60,-5.60,-59.85,-48.15
24.003298,0.4917,-0.0391,0.3174,2.75,14.04,-3.17,-5.39,-59.51,-48.34
24.063284,0.5898,-0.0220,0.3325,2.08,8.30,-2.08,-5.23,-59.30,-48.47
24.063284,0.7524,-0.0044,0.3633,1.71,11.11,-2.32,-5.11,-59.12,-48.57
24.093322,0.8335,-0.0190,0.3916,2.38,22.46,-4.88,-4.92,-58.79,-48.75
24.093322,0.7583,-0.0361,0.3848,3.05,32.96,-6.96,-4.60,-58.23,-49.05
24.123594,0.6157,-0.0244,0.3594,2.56,34.42,-7.20,-4.25,-57.55,-49.41
24.123594,0.5586,-0.0088,0.3682,0.67,26.67,-4.88,-3.98,-56.94,-49.69
24.183254,0.6401,-0.0039,0.4189,-0.49,18.92,-2.56,-3.85,-56.50,-49.85
24.183254,0.7891,-0.0034,0.4771,-0.37,18.43,-2.01,-3.77,-56.15,-49.95
24.213257,0.8628,-0.0034,0.4932,-0.31,22.64,-2.20,-3.69,-55.74,-50.06
24.213257,0.8159,-0.0098,0.4712,-0.61,25.02,-2.38,-3.60,-55.26,-50.17
24.243296,0.7695,-0.0083,0.4834,-0.98,24.17,-2.38,-3.53,-54.77,-50.29
24.243296,0.7939,-0.0190,0.5439,-1.28,24.60,-1.83,-3.47,-54.29,-50.39
24.303273,0.8105,-0.0244,0.6108,-1.53,27.77,-0.55,-3.44,-53.77,-50.47
24.303273,0.8057,-0.0308,0.6611,-1.46,31.07,0.67,-3.45,-53.17,-50.50
24.333320,0.8188,-0.0386,0.6948,-1.65,31.86,1.53,-3.49,-52.55,-50.49
24.333320,0.8462,-0.0664,0.7119,-0.98,34.18,1.16,-3.53,-51.89,-50.48
24.363263,0.8262,-0.0903,0.7212,-0.12,35.95,0.85,-3.54,-51.18,-50.49
24.363263,0.8311,-0.0889,0.7515,0.43,36.68,0.79,-3.52,-50.45,-50.50
24.423537,0.8799,-0.0630,0.8076,0.73,37.35,1.59,-3.51,-49.71,-50.50
24.423537,0.8696,-0.0498,0.8428,1.10,37.78,2.62,-3.52,-48.96,-50.48
24.453309,0.8125,-0.0552,0.8398,2.50,34.97,2.26,-3.52,-48.22,-50.43
24.453309,0.7920,-0.0488,0.8535,4.21,28.99,1.16,-3.46,-47.59,-50.42
24.513238,0.8604,-0.0439,0.9077,4.64,23.50,1.34,-3.38,-47.07,-50.41
24.513238,0.8911,-0.0303,0.9443,4.03,22.28,1.59,-3.31,-46.62,-50.38
24.543284,0.8052,-0.0107,0.9458,3.23,22.03,0.18,-3.25,-46.17,-50.37
24.543284,0.7920,0.0332,0.9751,0.49,17.33,-0.37,-3.19,-45.77,-50.39
24.573300,0.8257,0.0376,1.0122,-4.21,12.76,0.43,-3.22,-45.48,-50.41
24.573300,0.8726,0.0083,1.0283,-8.85,10.62,-0.67,-3.36,-45.25,-50.41
24.633303,0.8906,-0.0210,1.0347,-10.44,12.08,-2.87,-3.52,-45.03,-50.48
24.633303,0.8872,-0.0249,1.0469,-10.99,13.55,-2.81,-3.66,-44.77,-50.58
24.663360,0.8677,-0.0430,1.0439,-11.05,11.41,0.37,-3.85,-44.51,-50.63
24.663360,0.8921,-0.0679,1.0425,-10.62,7.87,3.17,-4.10,-44.32,-50.58
24.693301,0.9019,-0.0708,1.0513,-10.19,6.47,3.85,-4.38,-44.18,-50.48
24.693301,0.8706,-0.0762,1.0571,-10.56,3.11,2.81,-4.65,-44.07,-50.39
24.753297,0.8770,-0.0908,1.0625,-9.58,0.85,0.98,-4.89,-44.03,-50.34
24.753297,0.8481,-0.1035,1.0483,-7.87,-2.38,1.04,-5.09,-44.04,-50.32
24.783337,0.8560,-0.1064,1.0444,-7.39,-9.40,2.87,-5.28,-44.15,-50.25
24.783337,0.9048,-0.1045,1.0479,-6.84,-13.55,4.09,-5.52,-44.38,-50.12
24.813231,0.9170,-0.0991,1.0327,-5.74,-15.87,4.03,-5.76,-44.68,-49.97
24.813231,0.9053,-0.0942,1.0166,-3.30,-16.91,2.20,-5.95,-44.99,-49.83
24.873304,0.8760,-0.0869,0.9878,-0.49,-18.13,0.73,-6.04,-45.34,-49.75
24.873304,0.8730,-0.0811,0.9600,0.85,-21.42,0.92,-6.09,-45.73,-49.69
24.903284,0.8926,-0.0996,0.9321,0.85,-24.41,2.20,-6.14,-46.18,-49.58
24.903284,0.8950,-0.1055,0.9009,0.18,-25.02,2.26,-6.23,-46.68,-49.45
24.936328,0.8813,-0.1016,0.8677,-1.16,-23.99,1.71,-6.33,-47.15,-49.33
24.936328,0.8828,-0.0991,0.8418,-3.54,-22.52,1.28,-6.46,-47.61,-49.22
24.993331,0.8857,-0.1050,0.8237,-5.19,-19.35,0.43,-6.62,-48.03,-49.14
24.993331,0.8862,-0.0986,0.8047,-5.55,-16.60,-0.61,-6.77,-48.38,-49.09
25.023547,0.8867,-0.1006,0.7905,-4.33,-15.38,-1.71,-6.88,-48.70,-49.08
25.023547,0.8672,-0.1089,0.7686,-1.16,-12.82,-2.62,-6.92,-48.98,-49.10
25.053334,0.8179,-0.1104,0.7451,2.08,-12.33,-2.87,-6.86,-49.22,-49.15
25.053334,0.7817,-0.1079,0.7349,4.15,-16.11,-1.10,-6.78,-49.50,-49.17
25.113231,0.7764,-0.0947,0.7285,5.07,-19.59,0.61,-6.73,-49.87,-49.13
25.113231,0.7666,-0.0830,0.6992,5.68,-18.92,0.55,-6.69,-50.25,-49.04
25.143635,0.7510,-0.0967,0.6484,5.92,-16.24,-2.20,-6.60,-50.60,-49.01
25.143635,0.7319,-0.0981,0.6006,6.53,-12.27,-6.23,-6.39,-50.88,-49.11
25.173310,0.7002,-0.0591,0.5586,6.35,-12.15,-8.06,-6.10,-51.13,-49.31
25.173310,0.6875,-0.0366,0.5024,7.20,-11.96,-7.93,-5.80,-51.38,-49.54
25.233303,0.6943,-0.0435,0.4546,10.01,-6.90,-7.51,-5.44,-51.59,-49.77
25.233303,0.7173,-0.0503,0.4453,12.57,1.53,-7.45,-5.03,-51.64,-50.00
25.263205,0.7388,-0.0229,0.4595,11.66,8.73,-6.65,-4.59,-51.54,-50.25
25.263205,0.7104,-0.0142,0.4702,8.97,16.91,-6.84,-4.20,-51.28,-50.48
25.293426,0.5957,-0.0181,0.4478,5.86,21.91,-8.06,-3.85,-50.88,-50.75
25.293426,0.4800,0.0000,0.4155,2.75,16.97,-6.53,-3.55,-50.49,-51.02
25.353338,0.4229,-0.0059,0.3989,-0.73,4.94,-0.79,-3.43,-50.27,-51.15
25.353338,0.4434,0.0000,0.4141,-3.17,-7.57,6.59,-3.57,-50.30,-51.04
25.383271,0.4619,-0.0200,0.4473,-3.11,-13.06,11.84,-3.89,-50.51,-50.72
25.383271,0.4072,-0.0254,0.4312,-2.08,-18.49,13.24,-4.28,-50.81,-50.27
25.414250,0.3945,-0.0166,0.3994,-0.43,-24.48,10.19,-4.65,-51.23,-49.85
25.414250,0.4507,-0.0195,0.3892,2.08,-26.12,4.70,-4.87,-51.74,-49.56
25.473276,0.5029,-0.0220,0.3940,3.54,-25.88,0.79,-4.91,-52.25,-49.43
25.473276,0.5342,-0.0410,0.3989,1.46,-30.82,1.40,-4.93,-52.81,-49.34
25.503311,0.6255,-0.0576,0.4019,-1.53,-34.18,4.64,-5.08,-53.46,-49.16
25.503311,0.7231,-0.0605,0.4072,-3.11,-32.96,6.77,-5.36,-54.12,-48.88
25.533339,0.8457,-0.0649,0.4316,-3.11,-26.49,6.41,-5.69,-54.71,-48.57
25.533339,0.9419,-0.0669,0.4580,-2.20,-14.95,4.15,-5.95,-55.11,-48.31
25.593313,0.9287,-0.0625,0.4668,-0.67,-2.87,0.98,-6.08,-55.27,-48.20
25.593313,0.8579,-0.0571,0.4780,-0.18,2.81,-1.28,-6.08,-55.26,-48.21
25.623526,0.8086,-0.0586,0.4966,-0.73,3.30,-2.81,-6.02,-55.19,-48.30
25.623526,0.7695,-0.0571,0.5024,-1.95,0.24,-2.99,-5.95,-55.16,-48.41
25.653397,0.7588,-0.0532,0.5000,-2.75,-3.66,-2.56,-5.93,-55.20,-48.50
25.653397,0.7881,-0.0513,0.5015,-2.81,-7.14,-2.44,-5.93,-55.31,-48.57
25.713299,0.8525,-0.0576,0.5098,-2.32,-8.36,-2.75,-5.93,-55.48,-48.64
25.713299,0.9019,-0.0566,0.5093,-1.46,-4.88,-3.48,-5.89,-55.62,-48.72
25.743347,0.8672,-0.0542,0.4922,-0.37,-1.53,-3.91,-5.81,-55.68,-48.86
25.743347,0.8174,-0.0503,0.4829,-0.12,-2.87,-2.81,-5.72,-55.72,-48.97
25.773304,0.8257,-0.0449,0.4971,-0.24,-5.25,-1.40,-5.67,-55.81,-49.03
25.773304,0.8511,-0.0474,0.5083,0.00,-5.37,-0.61,-5.66,-55.91,-49.05
25.833355,0.8560,-0.0459,0.5078,0.85,-3.23,-0.61,-5.65,-56.00,-49.06
25.833355,0.8394,-0.0430,0.5010,1.22,-2.62,-0.31,-5.62,-56.06,-49.07
25.863283,0.8530,-0.0386,0.5078,0.55,-3.60,0.37,-5.61,-56.12,-49.06
25.863283,0.8750,-0.0439,0.5132,-0.12,-2.26,1.16,-5.65,-56.18,-49.02
25.923552,0.8486,-0.0474,0.4990,-0.24,-0.31,1.22,-5.70,-56.20,-48.97
25.923552,0.8311,-0.0396,0.4927,-0.24,0.31,0.85,-5.74,-56.20,-48.92
25.953204,0.8315,-0.0386,0.4966,-1.04,-0.18,0.73,-5.78,-56.19,-48.89
25.953204,0.8423,-0.0400,0.4956,-2.01,0.00,0.55,-5.84,-56.20,-48.86
25.983101,0.8403,-0.0439,0.4854,-2.56,1.83,0.00,-5.90,-56.17,-48.85
25.983101,0.8169,-0.0430,0.4653,-3.05,2.93,-0.31,-5.95,-56.12,-48.86
26.043266,0.7925,-0.0469,0.4517,-3.54,2.87,0.00,-6.00,-56.06,-48.88
26.043266,0.8008,-0.0532,0.4497,-3.91,2.62,1.04,-6.10,-56.01,-48.86
26.073247,0.8120,-0.0508,0.4341,-3.72,4.52,2.08,-6.22,-55.94,-48.81
26.073247,0.7725,-0.0493,0.4062,-2.56,8.48,1.22,-6.33,-55.80,-48.76
26.103242,0.6851,-0.0537,0.3784,-0.92,11.84,-0.79,-6.34,-55.59,-48.78
26.103242,0.5889,-0.0503,0.3755,-0.49,10.86,-2.08,-6.28,-55.36,-48.87
26.163290,0.5244,-0.0430,0.3818,-1.16,6.16,-1.95,-6.22,-55.20,-48.97
26.163290,0.4922,-0.0508,0.3765,-1.46,2.50,-1.40,-6.20,-55.11,-49.04
26.193304,0.4980,-0.0547,0.3706,-1.28,0.67,-0.98,-6.19,-55.09,-49.09
26.193304,0.5312,-0.0488,0.3638,-1.10,0.49,-1.40,-6.19,-55.09,-49.13
26.223573,0.6030,-0.0571,0.3657,0.31,5.55,-3.17,-6.12,-55.04,-49.21
26.223573,0.6299,-0.0742,0.3804,3.42,15.08,-6.16,-5.93,-54.83,-49.41
26.283620,0.5981,-0.0801,0.4014,5.80,21.55,-7.51,-5.58,-54.46,-49.71
26.283620,0.5669,-0.0493,0.4019,5.55,20.94,-4.70,-5.25,-54.04,-49.98
26.313243,0.5586,-0.0317,0.3877,4.33,16.91,0.06,-5.05,-53.66,-50.09
26.313243,0.6035,-0.0303,0.3740,2.81,12.51,3.48,-5.02,-53.37,-50.05
26.343298,0.7124,-0.0342,0.3877,1.34,11.96,4.33,-5.08,-53.13,-49.93
26.343298,0.8306,-0.0713,0.4434,1.16,19.04,2.14,-5.14,-52.83,-49.84
26.403394,0.8286,-0.0762,0.4902,3.72,32.23,-2.32,-5.04,-52.31,-49.90
26.403394,0.6875,-0.0249,0.4912,6.47,38.70,-5.07,-4.77,-51.58,-50.11
26.433879,0.5879,-0.0005,0.5044,6.53,32.59,-3.72,-4.47,-50.86,-50.32
26.433879,0.6772,-0.0278,0.5698,4.33,22.46,-0.55,-4.28,-50.32,-50.43
26.463680,0.8066,-0.0562,0.6289,3.36,22.22,0.55,-4.19,-49.89,-50.45
26.463680,0.8257,-0.0596,0.6543,3.85,28.14,0.12,-4.10,-49.39,-50.48
26.523562,0.7778,-0.0410,0.6650,4.15,31.86,0.18,-3.99,-48.78,-50.52
26.523562,0.7285,-0.0332,0.6812,4.09,32.90,1.28,-3.89,-48.13,-50.54
26.553552,0.7197,-0.0317,0.7041,3.60,32.35,2.87,-3.85,-47.48,-50.51
26.553552,0.7603,-0.0483,0.7432,3.17,33.26,2.62,-3.81,-46.82,-50.46
26.584077,0.8091,-0.0469,0.7759,2.99,37.48,0.85,-3.76,-46.12,-50.45
26.584077,0.7793,-0.0542,0.7959,3.11,41.26,-1.16,-3.67,-45.32,-50.50
26.643290,0.6934,-0.0566,0.8105,2.87,40.16,-1.83,-3.54,-44.50,-50.59
26.643290,0.6489,-0.0415,0.8394,1.83,32.84,-0.55,-3.44,-43.77,-50.66
26.673307,0.6831,-0.0229,0.8784,1.65,26.55,0.73,-3.40,-43.19,-50.69
26.673307,0.7314,-0.0308,0.9292,2.99,24.41,1.10,-3.36,-42.69,-50.68
26.703374,0.7485,-0.0415,0.9775,4.64,24.54,1.28,-3.29,-42.20,-50.67
26.703374,0.7041,-0.0356,0.9941,5.07,22.71,1.71,-3.21,-41.72,-50.65
26.763282,0.6738,-0.0215,1.0317,3.36,16.60,2.38,-3.15,-41.32,-50.60
26.763282,0.6943,-0.0220,1.0610,0.98,10.74,2.01,-3.15,-41.06,-50.55
26.793339,0.7329,-0.0186,1.1011,-0.12,8.00,0.85,-3.16,-40.86,-50.52
26.793339,0.7827,-0.0347,1.1392,-0.49,8.67,-0.24,-3.18,-40.70,-50.52
26.823530,0.7788,-0.0361,1.1455,-2.69,8.12,0.06,-3.20,-40.52,-50.53
26.823530,0.7407,-0.0317,1.1162,-6.65,3.72,0.67,-3.30,-40.40,-50.53
26.884004,0.7715,-0.0308,1.1016,-10.86,-3.17,1.40,-3.50,-40.40,-50.50
26.884004,0.9146,-0.0356,1.1455,-13.24,-3.23,1.04,-3.77,-40.47,-50.45
26.913712,0.9790,-0.0508,1.1743,-13.49,3.85,-0.73,-4.05,-40.47,-50.45
26.913712,0.8960,-0.0620,1.1606,-12.51,9.83,-3.48,-4.27,-40.31,-50.52
26.943288,0.8027,-0.0645,1.1519,-12.63,6.59,-4.64,-4.44,-40.14,-50.65
26.943288,0.8013,-0.0757,1.1553,-13.18,0.37,-3.97,-4.63,-40.08,-50.76
27.003198,0.7852,-0.0762,1.1230,-12.76,-6.29,-3.97,-4.82,-40.14,-50.86
27.003198,0.7896,-0.0898,1.0830,-10.99,-12.70,-5.86,-4.99,-40.34,-50.98
27.034291,0.8462,-0.0942,1.0752,-7.87,-15.38,-8.00,-5.07,-40.63,-51.14
27.034291,0.8633,-0.0957,1.0596,-5.43,-15.08,-6.90,-5.09,-40.95,-51.32
27.063296,0.8174,-0.0718,1.0166,-3.85,-17.70,-3.23,-5.11,-41.27,-51.43
27.063296,0.8315,-0.0723,0.9878,-2.20,-20.87,-0.24,-5.16,-41.66,-51.43
27.123551,0.9062,-0.0806,0.9741,-0.73,-20.75,1.34,-5.23,-42.08,-51.37
27.123551,0.9194,-0.0586,0.9448,0.98,-14.83,1.10,-5.28,-42.43,-51.30
27.153342,0.8696,-0.0371,0.9019,1.40,-10.44,0.79,-5.29,-42.67,-51.25
27.153342,0.8135,-0.0479,0.8804,0.18,-10.07,1.40,-5.31,-42.86,-51.20
27.184471,0.7983,-0.0698,0.8735,-1.65,-10.13,1.65,-5.37,-43.06,-51.14
27.184471,0.7900,-0.0786,0.8662,-3.36,-9.16,1.40,-5.47,-43.25,-51.07
27.243309,0.7563,-0.0732,0.8271,-3.23,-5.68,0.18,-5.56,-43.40,-51.03
27.243309,0.6978,-0.0542,0.7886,-2.56,-5.86,-0.73,-5.62,-43.49,-51.03
27.273291,0.7026,-0.0630,0.7832,-2.01,-9.34,-0.98,-5.67,-43.65,-51.04
27.273291,0.7251,-0.0781,0.7852,-0.98,-9.58,-0.98,-5.70,-43.84,-51.05
27.334451,0.6899,-0.0791,0.7681,0.18,-10.62,-0.98,-5.70,-44.04,-51.05
27.334451,0.6621,-0.0767,0.7417,1.77,-13.06,-1.34,-5.68,-44.27,-51.05
27.363320,0.6523,-0.0596,0.7207,3.60,-13.61,-2.38,-5.61,-44.54,-51.08
27.363320,0.6313,-0.0493,0.6948,3.91,-14.53,-2.69,-5.50,-44.82,-51.12
27.394215,0.6426,-0.0503,0.6675,2.99,-15.38,-3.66,-5.39,-45.13,-51.18
27.394215,0.6924,-0.0649,0.6318,1.95,-13.79,-5.92,-5.27,-45.43,-51.28
27.453290,0.7354,-0.0781,0.6016,2.38,-9.52,-8.24,-5.09,-45.66,-51.47
27.453290,0.7476,-0.0713,0.5850,5.00,-3.48,-10.25,-4.83,-45.81,-51.73
27.484634,0.7397,-0.0479,0.5708,8.42,3.85,-12.39,-4.45,-45.81,-52.06
27.484634,0.6987,-0.0566,0.5576,10.80,9.09,-13.18,-3.98,-45.68,-52.45
27.513194,0.6694,-0.0757,0.5522,12.27,12.45,-11.60,-3.48,-45.47,-52.82
27.513194,0.6436,-0.0542,0.5547,12.63,15.75,-8.18,-3.01,-45.18,-53.12
27.573275,0.5576,-0.0322,0.5376,10.93,14.65,-2.56,-2.66,-44.87,-53.28
27.573275,0.4932,-0.0298,0.5142,7.51,6.96,3.60,-2.48,-44.64,-53.27
27.603494,0.5312,-0.0391,0.5161,3.48,-1.95,7.87,-2.50,-44.60,-53.09
27.603494,0.6128,-0.0342,0.5361,1.77,-0.98,6.96,-2.63,-44.64,-52.86
27.634673,0.5952,-0.0264,0.5317,3.11,7.39,1.59,-2.67,-44.58,-52.74
27.634673,0.4937,-0.0156,0.5098,4.88,11.05,-2.69,-2.57,-44.37,-52.77
27.693298,0.3926,-0.0063,0.5015,4.94,5.55,-3.54,-2.40,-44.19,-52.87
27.693298,0.3130,-0.0088,0.4995,3.78,-6.10,-2.14,-2.25,-44.19,-52.95
27.723598,0.3271,-0.0127,0.4951,2.87,-18.49,0.06,-2.17,-44.45,-52.98
27.723598,0.3896,-0.0249,0.4907,2.14,-30.03,3.48,-2.17,-44.94,-52.92
27.753555,0.5029,-0.0308,0.4893,1.59,-37.84,7.45,-2.26,-45.63,-52.74
27.753555,0.6416,-0.0542,0.4951,2.50,-38.45,10.19,-2.43,-46.40,-52.45
27.813262,0.7358,-0.0483,0.4946,4.76,-32.59,10.19,-2.61,-47.10,-52.12
27.813262,0.7700,-0.0278,0.4912,6.84,-25.09,9.03,-2.72,-47.67,-51.82
27.843307,0.7705,-0.0229,0.5010,7.14,-19.04,8.36,-2.79,-48.10,-51.54
27.843307,0.7769,-0.0342,0.5244,6.35,-14.16,7.32,-2.85,-48.42,-51.28
27.873337,0.7871,-0.0430,0.5527,5.19,-9.40,5.92,-2.89,-48.65,-51.07
27.873337,0.7896,-0.0376,0.5811,3.36,-5.86,5.19,-2.95,-48.79,-50.89
27.939833,0.7812,-0.0215,0.5981,1.46,-3.36,4.58,-3.03,-48.88,-50.73
27.939833,0.7334,-0.0088,0.6001,0.12,-2.87,3.66,-3.11,-48.93,-50.60
27.963324,0.7124,-0.0239,0.5996,-0.55,-4.94,2.75,-3.20,-49.00,-50.50
27.963324,0.7520,-0.0405,0.6040,-0.61,-6.35,1.89,-3.28,-49.12,-50.42
27.993278,0.8110,-0.0400,0.6079,-0.06,-4.46,1.34,-3.33,-49.23,-50.36
27.993278,0.8325,-0.0308,0.5981,0.61,0.00,0.85,-3.36,-49.27,-50.32
28.084823,0.7798,-0.0269,0.5845,1.04,1.95,0.49,-3.36,-49.24,-50.30
28.084823,0.7363,-0.0239,0.5815,0.92,0.00,0.24,-3.35,-49.21,-50.29
28.084986,0.7666,-0.0254,0.6069,0.24,-0.79,-0.79,-3.33,-49.23,-50.30
28.084986,0.7808,-0.0337,0.6157,0.00,1.65,-1.71,-3.31,-49.22,-50.33
28.113263,0.7529,-0.0337,0.5967,0.12,3.30,-2.32,-3.26,-49.17,-50.41
28.113263,0.7578,-0.0273,0.5918,0.31,2.93,-1.65,-3.20,-49.10,-50.47
28.173359,0.7798,-0.0273,0.5967,0.12,2.81,-0.67,-3.18,-49.05,-50.50
28.173359,0.7891,-0.0327,0.5947,0.18,4.27,0.06,-3.17,-48.98,-50.52
28.203268,0.7852,-0.0283,0.5854,0.43,5.55,0.00,-3.16,-48.88,-50.52
28.203268,0.7817,-0.0273,0.5850,0.61,7.02,0.00,-3.15,-48.75,-50.52
28.235014,0.7441,-0.0288,0.5830,0.49,8.24,-0.37,-3.13,-48.59,-50.53
28.235014,0.6904,-0.0356,0.5830,0.31,8.48,-0.73,-3.11,-48.42,-50.55
28.323584,0.6582,-0.0254,0.5830,-0.06,6.71,-0.12,-3.09,-48.27,-50.58
28.323584,0.6265,-0.0215,0.5776,-1.04,3.36,1.53,-3.12,-48.16,-50.56
28.353470,0.6118,-0.0298,0.5786,-2.38,-0.61,2.75,-3.21,-48.14,-50.49
28.353470,0.6494,-0.0366,0.5737,-3.30,-1.53,2.50,-3.34,-48.18,-50.40
28.356032,0.6499,-0.0439,0.5444,-2.14,2.50,-0.06,-3.43,-48.16,-50.36
28.356032,0.5723,-0.0449,0.4893,0.37,6.59,-2.44,-3.41,-48.06,-50.41
28.413234,0.4810,-0.0283,0.4634,1.10,2.14,-1.59,-3.34,-47.97,-50.49
28.413234,0.5020,-0.0103,0.4932,-0.18,-4.15,1.34,-3.33,-47.99,-50.48
28.443285,0.5703,0.0039,0.5347,-1.65,-3.48,3.60,-3.42,-48.08,-50.39
28.443285,0.5254,0.0107,0.5137,-1.40,2.32,2.38,-3.54,-48.09,-50.30
28.474347,0.3838,0.0010,0.4546,-0.55,3.23,-1.28,-3.57,-48.02,-50.28
28.474347,0.3213,-0.0137,0.4351,-0.73,-4.39,-4.39,-3.51,-48.02,-50.38
28.534929,0.3916,-0.0283,0.4580,-1.83,-14.65,-4.03,-3.44,-48.23,-50.50
28.534929,0.5059,-0.0288,0.4814,-1.40,-18.13,-1.95,-3.43,-48.57,-50.58
28.563269,0.5381,-0.0205,0.4570,-0.12,-17.70,0.61,-3.44,-48.93,-50.58
28.563269,0.5254,-0.0166,0.4297,-0.55,-19.84,2.93,-3.52,-49.30,-50.49
28.593285,0.5796,-0.0410,0.4199,-2.08,-21.30,3.97,-3.65,-49.71,-50.36
28.593285,0.7051,-0.0645,0.4238,-3.85,-19.96,3.54,-3.83,-50.13,-50.21
28.653233,0.8403,-0.0542,0.4316,-3.66,-12.33,2.56,-4.01,-50.46,-50.08
28.653233,0.8862,-0.0493,0.4463,-1.28,0.24,1.95,-4.13,-50.57,-50.00
28.683327,0.8545,-0.0645,0.4756,0.67,9.58,2.87,-4.18,-50.45,-49.94
28.683327,0.7778,-0.0649,0.5156,1.16,11.72,5.37,-4.25,-50.22,-49.82
28.743252,0.7666,-0.0615,0.5952,1.71,11.90,6.84,-4.37,-49.98,-49.64
28.743252,0.7637,-0.0669,0.6611,2.44,13.98,5.68,-4.48,-49.72,-49.45
28.773243,0.7158,-0.0654,0.6899,3.23,15.69,2.01,-4.49,-49.41,-49.36
28.773243,0.6978,-0.0479,0.7061,3.48,13.43,-1.89,-4.41,-49.11,-49.38
28.803289,0.7681,-0.0298,0.7173,3.85,11.35,-4.64,-4.25,-48.88,-49.51
28.803289,0.8511,-0.0493,0.7520,5.07,14.16,-7.14,-4.00,-48.64,-49.71
28.863305,0.8740,-0.0518,0.7910,6.29,19.84,-7.81,-3.70,-48.30,-49.97
28.863305,0.8081,-0.0186,0.7974,6.35,21.73,-5.62,-3.39,-47.88,-50.20
28.893302,0.7549,-0.0010,0.8062,5.80,19.10,-2.62,-3.17,-47.47,-50.34
28.893302,0.7852,0.0024,0.8374,4.27,14.77,0.43,-3.04,-47.13,-50.39
28.923541,0.8154,0.0083,0.8633,1.59,11.84,2.93,-3.02,-46.87,-50.34
28.923541,0.8154,-0.0020,0.8677,0.00,12.15,2.38,-3.07,-46.63,-50.26
28.985309,0.8682,-0.0024,0.8940,-0.31,15.08,-0.24,-3.09,-46.36,-50.24
28.985309,0.8960,-0.0098,0.9160,-0.61,19.84,-1.40,-3.07,-46.01,-50.29
29.013157,0.8218,-0.0283,0.9316,-1.89,21.30,-0.67,-3.06,-45.58,-50.34
29.013157,0.7910,-0.0356,0.9673,-4.76,18.25,0.24,-3.11,-45.18,-50.36
29.043277,0.8438,-0.0112,1.0117,-7.75,15.38,0.12,-3.25,-44.85,-50.36
29.043277,0.8760,-0.0015,1.0244,-9.28,14.53,-0.98,-3.41,-44.55,-50.38
29.103177,0.8657,-0.0308,1.0195,-9.16,11.05,-0.85,-3.56,-44.29,-50.43
29.103177,0.8950,-0.0718,1.0503,-7.57,7.81,0.67,-3.72,-44.10,-50.44
29.135405,0.9312,-0.0713,1.0962,-6.04,7.20,2.08,-3.88,-43.96,-50.41
29.135405,0.9243,-0.0586,1.1191,-4.76,8.73,1.77,-4.03,-43.79,-50.36
29.163304,0.8931,-0.0601,1.1206,-4.52,5.92,0.06,-4.14,-43.63,-50.34
29.163304,0.9033,-0.0762,1.1221,-4.76,-0.24,-1.40,-4.21,-43.58,-50.37
29.223523,0.9238,-0.0879,1.1294,-4.09,-3.78,-2.69,-4.27,-43.63,-50.42
29.223523,0.8877,-0.0830,1.1025,-2.69,-8.30,-2.20,-4.30,-43.74,-50.49
29.253207,0.8779,-0.0664,1.0713,-1.77,-15.93,-0.73,-4.32,-43.98,-50.51
29.253207,0.9189,-0.0557,1.0464,-1.71,-22.28,0.49,-4.38,-44.37,-50.48
29.283317,0.9424,-0.0396,1.0200,-1.83,-25.02,0.24,-4.45,-44.85,-50.43
29.283317,0.9424,-0.0405,0.9932,-0.73,-23.44,-1.71,-4.50,-45.34,-50.41
29.343306,0.9438,-0.0552,0.9756,-0.24,-20.63,-2.99,-4.48,-45.77,-50.45
29.343306,0.9482,-0.0454,0.9463,-0.98,-18.13,-1.71,-4.46,-46.16,-50.49
29.373222,0.9150,-0.0371,0.8911,-2.32,-16.48,-0.61,-4.50,-46.50,-50.49
29.373222,0.8989,-0.0415,0.8525,-3.42,-15.38,-1.40,-4.56,-46.82,-50.49
29.403238,0.9185,-0.0537,0.8350,-4.21,-11.72,-2.01,-4.61,-47.09,-50.53
29.403238,0.8955,-0.0645,0.8115,-4.70,-8.54,-0.73,-4.69,-47.28,-50.55
29.463287,0.8540,-0.0576,0.7915,-4.70,-8.67,2.26,-4.81,-47.44,-50.52
29.463287,0.7969,-0.0527,0.7661,-4.09,-10.44,4.21,-4.99,-47.63,-50.39
29.493289,0.7705,-0.0615,0.7476,-3.11,-13.24,3.54,-5.18,-47.86,-50.25
29.493289,0.7798,-0.0776,0.7466,-2.26,-15.01,2.01,-5.32,-48.14,-50.13
29.523495,0.7876,-0.0947,0.7354,-0.79,-13.73,0.37,-5.41,-48.42,-50.06
29.523495,0.7593,-0.0942,0.7129,-0.18,-14.95,0.18,-5.44,-48.70,-50.02
29.583289,0.7681,-0.0811,0.6997,-0.49,-18.80,1.22,-5.50,-49.03,-49.96
29.583289,0.7822,-0.0806,0.6895,-0.06,-19.84,1.59,-5.58,-49.42,-49.87
29.613273,0.7822,-0.0723,0.6768,0.55,-19.10,0.85,-5.65,-49.80,-49.78
29.613273,0.7666,-0.0674,0.6650,1.46,-17.09,-0.55,-5.66,-50.16,-49.73
29.643312,0.7490,-0.0625,0.6367,2.32,-15.50,-1.65,-5.62,-50.48,-49.73
29.643312,0.7085,-0.0640,0.6016,2.08,-17.76,-0.31,-5.58,-50.80,-49.73
29.703294,0.7012,-0.0659,0.5669,1.53,-23.56,2.01,-5.61,-51.21,-49.65
29.703294,0.7534,-0.0630,0.5356,2.62,-23.93,2.14,-5.69,-51.69,-49.51
29.733327,0.7603,-0.0645,0.5088,5.80,-18.86,0.37,-5.68,-52.12,-49.41
29.733327,0.7212,-0.0479,0.4854,9.16,-11.78,-0.61,-5.55,-52.41,-49.38
29.763311,0.6377,-0.0410,0.4590,10.74,-8.12,-1.16,-5.34,-52.60,-49.39
29.763311,0.5674,-0.0464,0.4409,9.89,-9.09,-1.04,-5.12,-52.77,-49.41
29.823563,0.4976,-0.0366,0.4189,6.71,-14.16,-0.49,-4.95,-52.99,-49.41
29.823563,0.4902,-0.0122,0.4019,3.72,-16.72,-1.28,-4.86,-53.31,-49.40
29.853373,0.4917,-0.0298,0.3955,2.50,-16.11,-1.71,-4.79,-53.64,-49.42
29.853373,0.5220,-0.0859,0.3926,1.59,-15.32,-0.49,-4.75,-53.95,-49.43
29.883288,0.5332,-0.0723,0.3950,0.67,-14.71,2.26,-4.77,-54.24,-49.37
29.883288,0.4883,-0.0376,0.3877,0.37,-12.51,4.58,-4.89,-54.51,-49.21
29.973369,0.3799,-0.0151,0.3633,-0.43,-15.38,4.15,-5.05,-54.77,-49.02
29.973369,0.3779,-0.0073,0.3472,-1.71,-26.18,3.30,-5.23,-55.18,-48.83
29.975652,0.4932,-0.0288,0.3462,-1.89,-34.36,2.81,-5.43,-55.79,-48.65
29.975652,0.6660,-0.0273,0.3584,-1.95,-37.29,3.78,-5.65,-56.50,-48.43
30.003277,0.7910,-0.0513,0.3711,-1.89,-34.61,4.82,-5.93,-57.22,-48.16
30.003277,0.8896,-0.0732,0.3857,-1.16,-26.31,4.46,-6.20,-57.82,-47.88
30.063210,0.9336,-0.0664,0.3989,-0.31,-15.08,2.56,-6.39,-58.21,-47.68
30.063210,0.9258,-0.0615,0.4048,-0.61,-5.68,0.85,-6.49,-58.40,-47.58
30.093303,0.8433,-0.0498,0.3970,-2.38,-2.99,-0.31,-6.54,-58.47,-47.55
30.093303,0.8159,-0.0444,0.4072,-4.39,-5.19,-1.16,-6.60,-58.55,-47.57
30.153196,0.8447,-0.0488,0.4272,-4.76,-5.37,-2.44,-6.66,-58.67,-47.61
30.153196,0.8496,-0.0498,0.4409,-2.81,-2.32,-3.66,-6.65,-58.74,-47.72
30.183290,0.8398,-0.0474,0.4429,-0.92,-2.14,-3.48,-6.56,-58.79,-47.87
30.183290,0.8657,-0.0405,0.4502,0.06,-2.87,-2.99,-6.48,-58.84,-47.98
30.213230,0.8789,-0.0356,0.4487,0.06,-2.62,-3.17,-6.38,-58.90,-48.09
30.213230,0.8867,-0.0352,0.4492,-0.85,-2.20,-3.97,-6.28,-58.96,-48.22
30.273644,0.8896,-0.0303,0.4453,-0.73,0.61,-5.31,-6.15,-58.98,-48.40
30.273644,0.8677,-0.0239,0.4399,0.12,3.30,-5.92,-5.95,-58.94,-48.63
30.333400,0.8472,-0.0269,0.4438,-0.12,1.59,-4.46,-5.77,-58.89,-48.85
30.333400,0.8765,-0.0249,0.4517,-0.92,0.24,-2.99,-5.66,-58.89,-48.99
30.337330,0.8809,-0.0327,0.4551,-0.85,1.83,-2.62,-5.59,-58.87,-49.10
30.337330,0.8760,-0.0444,0.4600,-0.67,3.30,-2.14,-5.52,-58.82,-49.20
30.394166,0.8745,-0.0469,0.4678,-1.34,4.33,-0.31,-5.49,-58.74,-49.26
30.394166,0.8623,-0.0513,0.4629,-2.50,4.94,1.40,-5.55,-58.65,-49.24
30.423576,0.8477,-0.0596,0.4546,-3.17,6.23,1.59,-5.66,-58.53,-49.19
30.423576,0.8472,-0.0610,0.4492,-3.30,8.85,0.00,-5.74,-58.38,-49.17
30.453302,0.8291,-0.0576,0.4321,-3.17,11.54,-1.34,-5.76,-58.17,-49.23
30.453302,0.7925,-0.0625,0.4097,-2.81,13.18,-2.20,-5.73,-57.92,-49.33
30.513276,0.7515,-0.0591,0.3862,-2.62,11.72,-2.08,-5.69,-57.67,-49.45
30.513276,0.7217,-0.0654,0.3755,-2.32,9.46,-1.65,-5.66,-57.46,-49.55
30.544310,0.7007,-0.0649,0.3613,-0.85,9.40,-2.08,-5.61,-57.29,-49.65
30.544310,0.6240,-0.0483,0.3486,0.67,9.70,-2.38,-5.53,-57.09,-49.76
30.573341,0.5513,-0.0415,0.3311,1.83,7.08,-2.32,-5.41,-56.93,-49.87
30.573341,0.5171,-0.0444,0.3208,2.01,4.09,-2.01,-5.28,-56.82,-49.96
30.633263,0.5547,-0.0327,0.3184,2.08,3.91,-1.71,-5.19,-56.75,-50.04
30.633263,0.5742,-0.0269,0.3228,2.56,8.00,-2.32,-5.07,-56.63,-50.13
30.663296,0.5317,-0.0376,0.3140,2.87,12.02,-2.87,-4.91,-56.43,-50.25
30.663296,0.5249,-0.0532,0.3320,1.77,11.17,-2.38,-4.76,-56.20,-50.37
30.693247,0.6079,-0.0444,0.3701,0.61,10.44,-2.01,-4.66,-55.99,-50.47
30.693247,0.6265,-0.0371,0.3770,0.43,11.23,-2.38,-4.58,-55.77,-50.57
30.753326,0.6221,-0.0098,0.3613,0.61,7.51,-2.93,-4.47,-55.58,-50.68
30.753326,0.7051,-0.0005,0.3931,1.59,6.16,-4.82,-4.33,-55.46,-50.83
30.783358,0.7759,-0.0107,0.4590,1.89,12.08,-6.90,-4.10,-55.29,-51.06
30.783358,0.7334,-0.0264,0.4766,0.37,16.97,-6.16,-3.86,-54.99,-51.33
30.813180,0.6470,-0.0239,0.4458,0.00,19.17,-5.37,-3.68,-54.64,-51.55
30.813180,0.6655,-0.0283,0.4468,0.00,17.21,-5.37,-3.51,-54.27,-51.76
30.873436,0.8467,-0.0605,0.5205,-0.98,14.71,-4.27,-3.37,-53.96,-51.95
30.873436,1.0264,-0.1074,0.6235,0.06,21.61,-4.09,-3.26,-53.61,-52.11
30.903289,0.9546,-0.0850,0.6396,3.91,31.92,-3.36,-3.09,-53.06,-52.27
30.903289,0.7539,-0.0591,0.6318,8.06,31.25,0.55,-2.91,-52.42,-52.35
30.933351,0.7012,-0.0474,0.6582,10.25,22.89,6.16,-2.80,-51.88,-52.25
30.933351,0.7407,-0.0410,0.6777,10.13,16.11,9.64,-2.80,-51.49,-51.99
30.993329,0.8281,-0.0225,0.6938,9.28,13.85,7.63,-2.84,-51.20,-51.70
30.993329,0.8896,-0.0249,0.7266,9.89,19.84,0.31,-2.75,-50.87,-51.58
31.023635,0.8364,0.0073,0.7456,10.80,26.12,-5.62,-2.45,-50.40,-51.70
31.023635,0.7568,0.0244,0.7402,9.95,23.86,-5.49,-2.08,-49.89,-51.90
31.053022,0.7646,0.0298,0.7476,8.12,17.70,-2.20,-1.81,-49.48,-52.03
31.053022,0.8228,0.0317,0.7510,6.53,13.06,0.37,-1.65,-49.17,-52.05
31.113235,0.8848,0.0273,0.7671,5.68,13.00,1.04,-1.55,-48.92,-52.03
31.113235,0.8945,0.0127,0.7861,6.47,19.10,-0.92,-1.44,-48.60,-52.02
31.143187,0.7861,-0.0122,0.7710,6.65,22.34,-3.66,-1.26,-48.17,-52.09
31.143187,0.7241,-0.0386,0.7778,5.86,20.14,-6.59,-1.02,-47.74,-52.25
31.173355,0.7788,-0.0146,0.8184,5.68,19.47,-8.97,-0.73,-47.35,-52.49
31.173355,0.8926,0.0166,0.8760,5.98,21.67,-8.48,-0.43,-46.94,-52.74
31.233322,0.9448,0.0352,0.9229,7.20,26.06,-7.08,-0.14,-46.46,-52.95
31.233322,0.8896,0.0552,0.9468,7.87,27.04,-5.92,0.13,-45.91,-53.13
31.263256,0.8442,0.0977,1.0029,5.92,23.74,-3.97,0.36,-45.40,-53.25
31.263256,0.9365,0.0024,0.9097,5.55,21.24,-1.40,0.50,-44.93,-53.33
31.293325,0.8989,0.0381,1.0488,7.08,17.94,3.85,0.58,-44.55,-53.26
31.293325,0.8979,0.0498,1.0830,7.57,20.20,6.16,0.62,-44.17,-53.09
31.353546,0.8560,0.0454,1.1162,3.97,17.58,6.04,0.59,-43.79,-52.89
31.353546,0.8652,0.0444,1.1470,-1.04,12.57,3.66,0.51,-43.49,-52.74
31.383211,0.8647,0.0420,1.1514,-5.07,8.42,0.55,0.40,-43.28,-52.68
31.383211,0.8550,0.0327,1.1289,-7.20,1.65,0.00,0.26,-43.18,-52.67
31.413198,0.8804,0.0210,1.1089,-7.69,-7.20,2.44,0.09,-43.23,-52.65
31.413198,0.9043,0.0312,1.0879,-7.26,-15.56,5.98,-0.15,-43.47,-52.53
31.473208,0.9233,0.0059,1.0605,-6.47,-19.71,7.02,-0.42,-43.84,-52.35
31.473208,0.9346,-0.0059,1.0396,-5.49,-19.23,4.94,-0.65,-44.23,-52.19
31.503505,0.9492,-0.0078,1.0273,-5.55,-15.01,2.32,-0.83,-44.57,-52.09
31.503505,0.9277,-0.0239,1.0137,-6.77,-11.66,1.89,-0.99,-44.84,-52.04
31.563518,0.8950,-0.0342,0.9902,-7.32,-10.99,2.69,-1.19,-45.05,-51.97
31.563518,0.8862,-0.0337,0.9565,-7.39,-12.94,4.27,-1.41,-45.29,-51.87
31.593215,0.8569,-0.0332,0.9146,-6.71,-16.42,5.00,-1.65,-45.58,-51.73
31.593215,0.8354,-0.0327,0.8711,-5.19,-20.45,3.97,-1.87,-45.94,-51.59
31.623646,0.8564,-0.0210,0.8330,-2.81,-21.79,1.34,-2.02,-46.37,-51.50
31.623646,0.8433,-0.0381,0.7959,-1.22,-21.97,0.00,-2.08,-46.80,-51.49
31.683208,0.8198,-0.0522,0.7686,-0.55,-22.58,0.06,-2.10,-47.25,-51.48
31.683208,0.8115,-0.0605,0.7524,0.12,-22.16,0.24,-2.11,-47.70,-51.46
31.713229,0.8120,-0.0444,0.7319,0.49,-21.61,1.22,-2.13,-48.13,-51.43
31.713229,0.8140,-0.0410,0.7080,0.55,-19.65,1.40,-2.16,-48.54,-51.37
31.743260,0.8369,-0.0542,0.7012,1.10,-15.87,0.00,-2.18,-48.89,-51.34
31.743260,0.8735,-0.0479,0.7070,1.83,-10.13,-0.61,-2.14,-49.15,-51.34
31.803766,0.8184,-0.0312,0.6914,2.50,-5.13,-0.55,-2.09,-49.29,-51.36
31.803766,0.7324,-0.0327,0.6602,2.75,-7.02,1.16,-2.04,-49.39,-51.35
31.833268,0.6924,-0.0273,0.6348,2.32,-13.73,4.21,-2.07,-49.60,-51.26
31.833268,0.7222,-0.0234,0.6201,1.83,-18.49,6.47,-2.17,-49.93,-51.08
31.863246,0.7603,-0.0308,0.6006,0.43,-17.58,5.86,-2.31,-50.30,-50.86
31.863246,0.7905,-0.0425,0.5801,-1.53,-10.68,2.32,-2.44,-50.58,-50.71
31.923580,0.7607,-0.0479,0.5459,-1.83,0.43,-1.71,-2.48,-50.67,-50.71
31.923580,0.6685,-0.0220,0.5049,-0.85,6.04,-1.71,-2.46,-50.59,-50.78
31.953719,0.6274,-0.0181,0.4717,1.28,4.33,2.32,-2.47,-50.47,-50.77
31.953719,0.6309,-0.0303,0.4561,4.27,1.53,7.39,-2.53,-50.41,-50.61
31.983281,0.5757,-0.0400,0.4478,5.13,0.67,9.46,-2.66,-50.39,-50.33
31.983281,0.4839,-0.0249,0.4463,5.25,1.28,7.14,-2.77,-50.37,-50.05
32.043242,0.3662,-0.0127,0.4360,5.74,3.66,1.40,-2.77,-50.31,-49.92
32.043242,0.2573,-0.0088,0.4297,5.00,0.92,-2.69,-2.64,-50.25,-49.95
32.073103,0.2720,-0.0039,0.4209,2.50,-9.16,-2.32,-2.49,-50.33,-50.04
32.073103,0.3379,-0.0132,0.4092,0.43,-18.01,0.00,-2.45,-50.61,-50.06
32.104042,0.3936,-0.0161,0.3984,-0.79,-26.00,2.75,-2.50,-51.05,-50.00
32.104042,0.4600,-0.0093,0.3994,-2.01,-32.96,5.62,-2.67,-51.64,-49.84
32.163577,0.5498,-0.0161,0.4087,-2.56,-35.89,7.39,-2.92,-52.33,-49.59
32.163577,0.6479,-0.0176,0.4087,-2.32,-33.69,6.65,-3.20,-53.03,-49.31
32.193265,0.7446,-0.0205,0.4131,-1.28,-26.61,3.11,-3.40,-53.62,-49.10
32.193265,0.8022,-0.0254,0.4321,-0.73,-19.53,-0.43,-3.48,-54.07,-49.04
32.223535,0.8599,-0.0200,0.4692,-0.61,-12.57,-2.26,-3.47,-54.39,-49.07
32.223535,0.8608,-0.0229,0.4819,-1.83,-7.02,-1.16,-3.45,-54.58,-49.13
32.283220,0.8364,-0.0205,0.4937,-4.09,-6.71,0.37,-3.51,-54.71,-49.13
32.283220,0.8350,-0.0215,0.5029,-5.55,-7.14,0.92,-3.64,-54.84,-49.09
32.313277,0.8428,-0.0244,0.5137,-5.49,-6.29,0.37,-3.79,-54.98,-49.05
32.313277,0.8218,-0.0293,0.5151,-4.21,-4.15,-0.98,-3.89,-55.08,-49.05
32.343274,0.7925,-0.0283,0.5107,-2.14,-2.93,-2.75,-3.91,-55.14,-49.11
32.343274,0.7896,-0.0293,0.5107,-0.79,-4.82,-2.99,-3.85,-55.21,-49.22
32.404692,0.8081,-0.0205,0.5083,-0.79,-9.28,-1.95,-3.81,-55.35,-49.30
32.404692,0.8340,-0.0234,0.5059,-0.98,-10.99,-1.22,-3.80,-55.57,-49.33
32.433237,0.8530,-0.0205,0.5024,-1.04,-9.58,-2.20,-3.79,-55.77,-49.37
32.433237,0.8735,-0.0142,0.5093,-1.28,-5.80,-4.15,-3.73,-55.93,-49.48
32.463244,0.8438,-0.0010,0.5034,-1.89,-2.38,-5.49,-3.61,-56.01,-49.65
32.463244,0.8237,0.0015,0.5024,-2.99,-2.26,-5.31,-3.50,-56.05,-49.85
32.523449,0.8149,0.0034,0.4980,-3.97,-3.42,-4.88,-3.43,-56.11,-50.03
32.523449,0.8442,0.0039,0.5044,-4.70,-4.64,-4.15,-3.38,-56.20,-50.19
32.553204,0.8872,0.0029,0.5146,-4.15,-2.26,-4.09,-3.36,-56.27,-50.33
32.553204,0.8813,-0.0044,0.5024,-3.66,0.67,-3.60,-3.32,-56.28,-50.48
32.582907,0.8638,0.0000,0.4946,-4.64,0.12,-1.89,-3.32,-56.27,-50.58
32.582907,0.8662,0.0000,0.4956,-5.74,0.79,-0.92,-3.39,-56.26,-50.62
32.643238,0.8491,-0.0112,0.4917,-6.59,3.48,-1.46,-3.48,-56.22,-50.67
32.643238,0.8223,-0.0322,0.4854,-7.69,4.21,-2.62,-3.55,-56.13,-50.75
32.673311,0.8247,-0.0303,0.4761,-8.30,4.82,-3.42,-3.63,-56.05,-50.87
32.673311,0.8311,-0.0317,0.4653,-8.36,5.86,-3.17,-3.68,-55.94,-51.00
32.704256,0.8247,-0.0459,0.4541,-8.30,6.35,-1.65,-3.77,-55.82,-51.10
32.704256,0.7988,-0.0488,0.4360,-8.00,6.41,-0.37,-3.91,-55.69,-51.14
32.763230,0.7686,-0.0420,0.4170,-6.84,7.93,-0.49,-4.04,-55.55,-51.16
32.763230,0.7251,-0.0444,0.4033,-5.07,9.52,-1.83,-4.12,-55.37,-51.21
32.793188,0.6938,-0.0503,0.3989,-2.08,12.51,-4.39,-4.09,-55.15,-51.34
32.793188,0.6284,-0.0366,0.3813,1.65,16.17,-7.26,-3.89,-54.87,-51.58
32.823620,0.5249,-0.0356,0.3521,4.21,15.01,-8.42,-3.58,-54.55,-51.88
32.823620,0.4761,-0.0469,0.3394,4.70,7.51,-7.26,-3.26,-54.33,-52.17
32.884105,0.5332,-0.0479,0.3540,4.94,1.46,-5.86,-2.98,-54.26,-52.40
32.884105,0.6138,-0.0356,0.3774,6.35,1.95,-5.98,-2.70,-54.23,-52.60
32.913175,0.6094,-0.0195,0.3511,8.48,3.85,-6.47,-2.37,-54.17,-52.82
32.913175,0.5454,-0.0181,0.3062,10.74,4.21,-5.13,-2.01,-54.09,-53.03
32.973267,0.4707,-0.0068,0.3022,10.93,0.85,-3.23,-1.68,-54.03,-53.17
32.973267,0.4766,-0.0010,0.3428,8.12,-2.87,-1.16,-1.43,-54.06,-53.25
33.004416,0.5020,0.0112,0.3701,3.85,-3.91,-1.10,-1.29,-54.14,-53.28
33.004416,0.6167,0.0142,0.4019,0.49,-0.18,-3.91,-1.19,-54.18,-53.36
33.033223,0.7651,0.0020,0.4375,-1.22,8.73,-7.57,-1.03,-54.10,-53.57
33.033223,0.8936,0.0054,0.4834,-2.75,20.51,-8.85,-0.83,-53.80,-53.86
33.093241,0.8662,0.0117,0.4927,-4.21,30.94,-7.81,-0.69,-53.27,-54.14
33.093241,0.7642,0.0200,0.4946,-5.25,34.67,-5.55,-0.62,-52.60,-54.35
33.123558,0.6650,0.0225,0.4951,-6.53,30.52,-3.72,-0.63,-51.94,-54.48
33.123558,0.6987,0.0137,0.5220,-6.35,25.33,-3.54,-0.69,-51.38,-54.59
33.153828,0.8091,-0.0010,0.5742,-4.09,24.66,-5.07,-0.70,-50.89,-54.71
33.153828,0.8755,-0.0229,0.6338,-0.85,29.60,-6.29,-0.61,-50.36,-54.89
33.213369,0.8193,-0.0430,0.6733,2.20,33.39,-5.74,-0.46,-49.71,-55.07
33.213369,0.7368,-0.0386,0.6948,5.00,33.75,-2.93,-0.30,-49.04,-55.19
33.243282,0.6904,-0.0229,0.7236,5.98,29.97,0.61,-0.17,-48.39,-55.20
33.243282,0.7290,-0.0166,0.7539,5.19,24.41,3.54,-0.13,-47.86,-55.11
33.273337,0.7886,-0.0200,0.7739,5.13,23.50,4.09,-0.14,-47.40,-54.98
33.273337,0.7695,0.0024,0.7778,5.07,24.35,3.17,-0.13,-46.91,-54.85
33.333238,0.7837,0.0200,0.8027,3.91,22.58,2.01,-0.12,-46.45,-54.76
33.333238,0.7979,0.0181,0.8252,3.05,25.02,0.43,-0.08,-45.97,-54.71
33.363261,0.7754,0.0234,0.8271,1.22,25.21,-0.06,-0.05,-45.47,-54.68
33.363261,0.7749,0.0200,0.8320,-1.89,22.09,0.67,-0.08,-44.99,-54.66
33.395436,0.8438,0.0518,0.8682,-6.04,19.65,1.34,-0.20,-44.58,-54.62
33.395436,0.9263,0.0776,0.9331,-8.67,23.99,0.73,-0.39,-44.15,-54.57
33.454495,0.9551,0.0410,0.9995,-8.61,32.90,-0.98,-0.58,-43.59,-54.56
33.454495,0.8623,0.0303,1.0244,-8.00,40.10,-2.32,-0.72,-42.84,-54.60
33.483230,0.7676,0.0259,1.0688,-10.62,38.45,-2.14,-0.86,-42.04,-54.66
33.483230,0.7422,0.0361,1.1509,-16.72,33.57,-2.14,-1.11,-41.32,-54.71
33.513192,0.7671,0.0166,1.1416,-20.39,30.82,-4.33,-1.44,-40.68,-54.79
33.513192,0.7759,-0.0088,1.1309,-20.20,26.49,-6.71,-1.75,-40.09,-54.95
33.573275,0.7583,-0.0151,1.1919,-17.88,20.02,-5.86,-2.02,-39.64,-55.12
33.573275,0.7671,-0.0376,1.2065,-15.14,13.18,-3.11,-2.27,-39.30,-55.25
33.604648,0.7949,-0.0620,1.2158,-12.82,4.52,-0.55,-2.52,-39.13,-55.30
33.604648,0.8022,-0.0586,1.2080,-11.41,-4.58,0.06,-2.76,-39.14,-55.29
33.633206,0.8101,-0.0610,1.2007,-9.58,-9.83,-2.93,-2.95,-39.30,-55.32
33.633206,0.8018,-0.0498,1.1743,-7.08,-10.80,-6.90,-3.03,-39.51,-55.45
33.693235,0.7778,-0.0591,1.1416,-6.29,-14.53,-7.32,-3.04,-39.75,-55.64
33.693235,0.8105,-0.0645,1.1226,-6.77,-22.46,-3.17,-3.09,-40.13,-55.77
33.723501,0.8882,-0.0591,1.1167,-6.77,-26.73,1.89,-3.24,-40.63,-55.76
33.723501,0.9038,-0.0630,1.0884,-5.86,-26.37,3.66,-3.44,-41.16,-55.65
33.754950,0.8589,-0.0596,1.0425,-4.64,-24.60,1.34,-3.61,-41.67,-55.55
33.754950,0.8291,-0.0522,0.9990,-3.11,-21.91,-3.05,-3.69,-42.13,-55.55
33.813666,0.7925,-0.0649,0.9541,-3.85,-23.93,-4.21,-3.70,-42.57,-55.64
33.813666,0.8125,-0.0894,0.9282,-6.23,-29.79,-1.34,-3.77,-43.12,-55.68
33.843221,0.8364,-0.0928,0.8975,-6.47,-28.99,-1.04,-3.91,-43.71,-55.67
33.843221,0.8359,-0.0771,0.8540,-4.58,-24.41,-4.03,-4.00,-44.25,-55.71
33.873259,0.8271,-0.0767,0.8330,-2.69,-21.00,-6.35,-3.98,-44.69,-55.83
33.873259,0.8179,-0.0811,0.8237,-0.98,-20.20,-5.37,-3.92,-45.10,-55.98
33.933215,0.7983,-0.0757,0.8096,0.98,-20.51,-2.01,-3.86,-45.51,-56.06
33.933215,0.7656,-0.0620,0.7871,2.99,-22.40,0.85,-3.83,-45.94,-56.04
33.963290,0.7456,-0.0576,0.7681,3.78,-25.09,1.10,-3.82,-46.41,-55.97
33.963290,0.7710,-0.0610,0.7617,4.27,-24.17,-1.71,-3.75,-46.91,-55.94
33.993213,0.7915,-0.0405,0.7573,3.54,-19.53,-5.07,-3.61,-47.35,-56.02
33.993213,0.7681,-0.0498,0.7217,2.62,-13.37,-7.57,-3.43,-47.68,-56.20
34.054888,0.7446,-0.0498,0.6787,2.62,-6.53,-8.73,-3.19,-47.87,-56.44
34.054888,0.6992,-0.0483,0.6431,0.55,-4.88,-7.32,-2.98,-47.97,-56.68
34.083229,0.6733,-0.0381,0.6050,-1.77,-8.91,-4.21,-2.87,-48.10,-56.84
34.083229,0.6934,-0.0215,0.5806,0.06,-10.44,-1.95,-2.83,-48.31,-56.92
34.113614,0.6919,-0.0396,0.5742,3.48,-10.68,0.06,-2.79,-48.52,-56.94
34.113614,0.6719,-0.0601,0.5576,5.68,-11.66,3.72,-2.75,-48.73,-56.87
34.173261,0.6011,-0.0420,0.5181,6.90,-15.01,7.26,-2.76,-48.99,-56.68
34.173261,0.5601,-0.0293,0.4795,6.10,-21.55,9.52,-2.85,-49.35,-56.40
34.203284,0.5547,-0.0439,0.4624,4.03,-28.08,10.62,-3.02,-49.84,-56.05
34.203284,0.5981,-0.0498,0.4648,2.62,-28.75,9.40,-3.23,-50.42,-55.70
34.233271,0.6118,-0.0605,0.4790,3.23,-21.48,6.96,-3.40,-50.91,-55.41
34.233271,0.5435,-0.0347,0.4551,3.85,-16.91,6.10,-3.50,-51.27,-55.18
34.293237,0.4712,-0.0220,0.4175,4.15,-18.86,6.10,-3.61,-51.61,-54.95
34.293237,0.4336,-0.0083,0.3848,4.15,-25.45,6.16,-3.71,-52.05,-54.72
34.323562,0.4570,-0.0112,0.3745,4.58,-31.86,6.29,-3.83,-52.62,-54.47
34.323562,0.4873,-0.0278,0.3716,6.84,-32.35,6.10,-3.93,-53.26,-54.21
34.383204,0.4922,-0.0376,0.3706,8.85,-32.65,6.90,-3.99,-53.90,-53.94
34.383204,0.4907,-0.0303,0.3608,8.42,-34.30,8.67,-4.08,-54.56,-53.61
34.413175,0.5234,-0.0264,0.3560,5.92,-37.60,9.03,-4.26,-55.27,-53.22
34.413175,0.6265,-0.0195,0.3589,5.00,-34.18,6.16,-4.45,-55.99,-52.87
34.443223,0.7046,-0.0288,0.3633,4.70,-27.83,2.69,-4.54,-56.59,-52.65
34.443223,0.7954,-0.0410,0.3794,3.85,-23.07,1.95,-4.56,-57.09,-52.53
34.503244,0.8760,-0.0532,0.4038,3.66,-17.82,3.66,-4.62,-57.49,-52.38
34.503244,0.9160,-0.0254,0.4136,3.66,-13.67,6.41,-4.75,-57.79,-52.15
34.533220,0.9497,-0.0161,0.4287,3.36,-11.05,8.73,-4.96,-58.02,-51.81
34.533220,0.9312,-0.0278,0.4302,2.87,-7.69,8.61,-5.22,-58.20,-51.44
34.563167,0.9014,-0.0400,0.4468,3.05,-2.20,4.88,-5.41,-58.29,-51.16
34.563167,0.8325,-0.0435,0.4648,2.62,1.10,1.28,-5.45,-58.28,-51.04
34.623572,0.7949,-0.0200,0.4736,0.79,0.00,0.00,-5.43,-58.26,-51.03
34.623572,0.7983,-0.0171,0.4805,-0.73,-3.05,-0.06,-5.44,-58.29,-51.02
34.653198,0.8306,-0.0312,0.4790,-0.37,-3.54,-1.40,-5.44,-58.36,-51.04
34.653198,0.8843,-0.0400,0.4766,0.61,-3.05,-2.38,-5.38,-58.43,-51.11
34.683230,0.9092,-0.0381,0.4819,1.40,-2.14,-1.95,-5.30,-58.49,-51.19
34.683230,0.8975,-0.0356,0.4819,1.65,-0.31,-0.67,-5.23,-58.51,-51.23
34.743253,0.8428,-0.0400,0.4800,1.40,0.18,0.18,-5.19,-58.51,-51.23
34.743253,0.8413,-0.0464,0.4883,0.55,-0.06,0.73,-5.20,-58.51,-51.21
34.773320,0.8452,-0.0449,0.4946,-0.06,1.59,0.49,-5.22,-58.49,-51.19
34.773320,0.8477,-0.0396,0.4902,-1.77,0.67,0.61,-5.26,-58.46,-51.16
34.803225,0.9009,-0.0527,0.4927,-1.65,3.42,-0.85,-5.30,-58.43,-51.16
34.803225,0.8911,-0.0557,0.4902,-1.22,7.02,-2.01,-5.26,-58.31,-51.24
34.863252,0.8511,-0.0483,0.4619,-1.46,6.84,-1.16,-5.22,-58.17,-51.32
34.863252,0.8481,-0.0449,0.4424,-1.71,3.30,0.61,-5.25,-58.07,-51.34
34.893259,0.8940,-0.0557,0.4404,-1.04,3.60,1.10,-5.31,-58.00,-51.31
34.893259,0.8955,-0.0591,0.4346,-0.49,6.16,0.55,-5.34,-57.90,-51.28
34.927151,0.8477,-0.0547,0.4248,0.06,7.87,-1.04,-5.33,-57.76,-51.31
34.927151,0.7944,-0.0518,0.4150,0.85,8.30,-2.26,-5.25,-57.60,-51.40
34.983241,0.7534,-0.0479,0.4048,1.16,6.10,-2.01,-5.14,-57.45,-51.50
34.983241,0.7446,-0.0464,0.4028,1.28,4.03,-0.98,-5.06,-57.35,-51.56
35.013244,0.7383,-0.0547,0.3945,2.20,5.37,-0.18,-5.01,-57.27,-51.59
35.013244,0.6924,-0.0635,0.3774,3.60,8.12,0.00,-4.94,-57.12,-51.61
35.043294,0.6455,-0.0752,0.3589,4.39,9.46,0.12,-4.85,-56.95,-51.62
35.043294,0.5933,-0.0552,0.3359,4.64,9.46,0.37,-4.75,-56.76,-51.63
35.103216,0.5166,-0.0220,0.3105,3.97,6.53,0.79,-4.68,-56.59,-51.62
35.103216,0.4536,-0.0122,0.2886,2.81,2.01,0.06,-4.63,-56.51,-51.61
35.133023,0.4209,-0.0024,0.2812,2.01,-2.32,-1.71,-4.56,-56.51,-51.64
35.133023,0.4810,-0.0005,0.2905,1.65,-4.58,-3.23,-4.45,-56.59,-51.72
35.162949,0.6040,-0.0171,0.3252,2.26,-1.40,-4.64,-4.31,-56.66,-51.86
35.162949,0.6875,-0.0181,0.3340,3.17,6.41,-6.16,-4.08,-56.62,-52.07
35.224043,0.6338,-0.0107,0.2959,4.58,12.57,-6.53,-3.78,-56.41,-52.32
35.224043,0.6035,0.0000,0.2979,4.82,11.54,-5.13,-3.49,-56.17,-52.56
35.253217,0.6841,-0.0010,0.3745,4.03,11.41,-2.93,-3.27,-55.95,-52.73
35.253217,0.7339,-0.0049,0.4355,2.93,15.38,-0.24,-3.14,-55.69,-52.79
35.283228,0.6914,0.0034,0.4404,1.10,18.49,2.20,-3.12,-55.34,-52.77
35.283228,0.6885,0.0117,0.4478,-2.99,16.24,3.23,-3.22,-54.99,-52.68
35.343337,0.8540,-0.0215,0.5093,-7.87,19.47,1.59,-3.39,-54.65,-52.61
35.343337,1.0405,-0.0278,0.5791,-10.99,34.67,-3.42,-3.54,-54.12,-52.67
35.373325,1.0664,-0.0186,0.6104,-11.41,56.52,-8.85,-3.55,-53.20,-52.96
35.373325,0.8940,-0.0591,0.6182,-9.77,71.23,-10.31,-3.43,-51.89,-53.38
35.403584,0.7026,-0.0850,0.6387,-7.75,68.85,-5.49,-3.33,-50.47,-53.72
35.403584,0.6680,-0.0688,0.7144,-6.90,55.48,3.05,-3.41,-49.24,-53.82
35.463231,0.7183,-0.0244,0.7871,-5.37,44.31,8.73,-3.65,-48.25,-53.67
35.463231,0.7173,-0.0269,0.8096,-3.11,36.62,9.64,-3.92,-47.43,-53.43
35.493355,0.7080,-0.0469,0.8096,-0.43,30.76,6.53,-4.10,-46.76,-53.23
35.493355,0.6899,-0.0615,0.8018,2.14,26.55,3.11,-4.16,-46.19,-53.14
35.523607,0.7065,-0.0591,0.8008,3.36,22.22,2.08,-4.13,-45.70,-53.10
35.523607,0.7246,-0.0557,0.8091,3.05,18.98,1.95,-4.09,-45.29,-53.07
35.583236,0.7529,-0.0376,0.8252,2.14,17.40,1.71,-4.06,-44.93,-53.04
35.583236,0.7646,-0.0288,0.8447,1.95,18.01,0.18,-4.03,-44.58,-53.03
35.613249,0.8013,-0.0283,0.8872,2.08,19.35,-0.61,-3.97,-44.20,-53.06
35.613249,0.8208,-0.0303,0.9194,2.62,22.03,-0.12,-3.89,-43.79,-53.10
35.643240,0.7920,-0.0371,0.9365,2.26,23.19,1.28,-3.83,-43.33,-53.11
35.643240,0.7881,-0.0273,0.9741,-0.43,22.40,2.26,-3.84,-42.87,-53.09
35.703211,0.8242,-0.0327,1.0210,-3.54,24.96,-0.24,-3.89,-42.41,-53.08
35.703211,0.8101,-0.0459,1.0537,-5.19,31.86,-5.80,-3.90,-41.84,-53.20
35.733222,0.7261,-0.0576,1.0825,-8.06,32.29,-9.40,-3.86,-41.18,-53.45
35.733222,0.6738,-0.0698,1.0933,-12.39,24.72,-9.34,-3.88,-40.61,-53.74
35.793269,0.6660,-0.0674,1.0918,-15.26,13.37,-7.20,-4.01,-40.24,-53.98
35.793269,0.7617,-0.0684,1.1108,-14.71,4.76,-5.68,-4.20,-40.08,-54.16
35.823558,0.8394,-0.1050,1.1323,-11.17,2.56,-4.33,-4.37,-40.02,-54.30
35.823558,0.8501,-0.1050,1.1348,-8.00,0.92,-2.08,-4.50,-39.98,-54.39
35.853253,0.8623,-0.1035,1.1333,-6.41,-2.62,-0.49,-4.63,-40.00,-54.41
35.853253,0.8828,-0.1172,1.1426,-5.25,-5.80,-0.67,-4.75,-40.08,-54.42
35.913231,0.8887,-0.1089,1.1421,-3.91,-6.77,-2.20,-4.82,-40.21,-54.45
35.913231,0.8784,-0.1074,1.1333,-2.56,-7.75,-3.72,-4.84,-40.36,-54.51
35.943257,0.8779,-0.0962,1.1191,-1.28,-9.16,-3.85,-4.82,-40.53,-54.60
35.943257,0.8867,-0.0898,1.0957,0.12,-10.74,-3.42,-4.78,-40.73,-54.68
35.973249,0.9106,-0.0947,1.0791,2.26,-11.29,-3.66,-4.71,-40.96,-54.76
35.973249,0.9185,-0.0850,1.0669,4.88,-9.83,-4.70,-4.57,-41.17,-54.85
36.033236,0.8853,-0.0732,1.0596,6.10,-9.95,-4.70,-4.38,-41.36,-54.97
36.033236,0.8486,-0.0840,1.0522,6.29,-11.47,-3.78,-4.19,-41.58,-55.07
36.063245,0.7979,-0.0669,1.0269,6.10,-15.44,-2.38,-4.02,-41.85,-55.13
36.063245,0.7861,-0.0459,0.9976,4.52,-22.09,-0.61,-3.91,-42.23,-55.15
36.093286,0.8027,-0.0591,0.9668,3.48,-23.80,-1.53,-3.83,-42.69,-55.14
36.093286,0.7876,-0.0542,0.9258,3.60,-21.48,-4.33,-3.72,-43.14,-55.20
36.153233,0.7983,-0.0415,0.8926,3.23,-18.86,-6.23,-3.57,-43.55,-55.32
36.153233,0.8301,-0.0537,0.8862,2.44,-12.76,-7.26,-3.39,-43.87,-55.50
36.183136,0.8008,-0.0698,0.8691,1.34,-5.55,-6.84,-3.22,-44.05,-55.68
36.183136,0.7607,-0.0513,0.8540,-0.73,-1.65,-5.43,-3.10,-44.11,-55.85
36.213246,0.6875,-0.0332,0.8315,-3.60,-2.32,-3.78,-3.05,-44.14,-55.98
36.213246,0.6294,-0.0049,0.7939,-5.92,-10.25,-1.40,-3.11,-44.26,-56.04
36.273209,0.6143,0.0220,0.7617,-5.86,-18.01,-0.73,-3.23,-44.55,-56.05
36.273209,0.5942,-0.0020,0.7095,-3.36,-22.83,-1.71,-3.31,-44.96,-56.06
36.303233,0.5884,-0.0181,0.6514,-1.65,-30.33,-2.32,-3.33,-45.49,-56.10
36.303233,0.6099,-0.0259,0.6021,-1.40,-37.23,-1.16,-3.36,-46.17,-56.12
36.333284,0.6694,-0.0488,0.5620,-1.59,-39.55,0.00,-3.41,-46.94,-56.09
36.333284,0.7134,-0.0674,0.5225,-1.77,-35.71,0.73,-3.48,-47.70,-56.04
36.396103,0.6738,-0.0576,0.4805,-2.32,-30.94,1.46,-3.58,-48.35,-55.96
36.396103,0.6089,-0.0605,0.4546,-2.44,-28.50,2.14,-3.71,-48.94,-55.86
36.423513,0.5366,-0.0352,0.4282,-0.49,-26.31,1.89,-3.82,-49.48,-55.76
36.423513,0.4365,-0.0078,0.3867,1.10,-28.69,1.40,-3.88,-50.02,-55.67
36.453199,0.4141,-0.0142,0.3613,1.83,-34.00,0.49,-3.92,-50.65,-55.59
36.453199,0.4487,-0.0078,0.3550,2.26,-35.28,-1.28,-3.91,-51.34,-55.55
36.513335,0.4141,-0.0146,0.3291,1.83,-34.30,-2.69,-3.85,-52.03,-55.57
36.513335,0.3804,-0.0332,0.3101,1.65,-33.08,-4.58,-3.76,-52.71,-55.65
36.543859,0.3481,-0.0361,0.2993,1.22,-33.57,-5.13,-3.63,-53.37,-55.77
36.543859,0.3486,-0.0264,0.2881,-0.43,-37.96,-3.66,-3.54,-54.07,-55.88
36.573210,0.4243,-0.0063,0.2856,-1.65,-43.03,-1.89,-3.53,-54.89,-55.91
36.573210,0.5356,-0.0103,0.2886,-2.08,-46.45,-0.24,-3.59,-55.79,-55.90
36.633224,0.7319,-0.0156,0.3076,-1.59,-46.02,1.71,-3.72,-56.72,-55.79
36.633224,0.9028,-0.0151,0.3423,0.79,-36.13,2.38,-3.86,-57.55,-55.65
36.663569,0.9492,-0.0088,0.3525,2.32,-25.45,3.72,-3.96,-58.14,-55.49
36.663569,0.9434,-0.0010,0.3647,0.37,-22.52,7.39,-4.16,-58.60,-55.22
36.693328,0.9722,-0.0068,0.3965,-1.71,-18.19,10.19,-4.53,-59.00,-54.82
36.693328,0.9639,-0.0146,0.4253,-3.36,-10.86,10.80,-4.98,-59.27,-54.35
36.753235,0.9346,-0.0308,0.4307,-4.94,-6.29,9.70,-5.45,-59.42,-53.91
36.753235,0.9326,-0.0474,0.4385,-4.39,-0.55,5.49,-5.84,-59.48,-53.59
36.783283,0.8994,-0.0537,0.4609,-2.99,4.64,0.67,-6.01,-59.43,-53.48
36.783283,0.8594,-0.0571,0.4990,-1.77,7.63,-1.40,-6.02,-59.30,-53.52
36.813636,0.8115,-0.0601,0.5239,-0.06,8.61,-1.59,-5.96,-59.13,-53.61
36.813636,0.7808,-0.0508,0.5112,1.89,6.04,-0.67,-5.89,-58.98,-53.68
36.873308,0.8003,-0.0391,0.4868,2.62,-1.28,0.92,-5.84,-58.93,-53.68
36.873308,0.8901,-0.0483,0.4766,3.30,-5.00,1.34,-5.85,-59.01,-53.61
36.903252,0.8872,-0.0503,0.4546,4.21,-5.74,0.85,-5.82,-59.11,-53.55
36.903252,0.8838,-0.0532,0.4414,4.15,-6.96,1.71,-5.81,-59.23,-53.48
36.933255,0.8633,-0.0479,0.4268,5.00,-5.49,2.14,-5.81,-59.35,-53.37
36.933255,0.8608,-0.0522,0.4302,5.19,-4.76,1.95,-5.80,-59.45,-53.27
36.993399,0.9058,-0.0503,0.4390,4.52,-2.62,1.22,-5.77,-59.53,-53.18
36.993399,0.9092,-0.0439,0.4351,4.52,1.65,-0.37,-5.71,-59.53,-53.16
37.023569,0.8882,-0.0405,0.4399,5.07,5.07,-1.53,-5.57,-59.46,-53.21
37.023569,0.8799,-0.0361,0.4551,4.82,6.53,-1.59,-5.41,-59.34,-53.29
37.053248,0.8711,-0.0386,0.4502,4.58,8.42,-1.34,-5.24,-59.19,-53.37
37.053248,0.8633,-0.0288,0.4355,4.09,8.24,-1.04,-5.10,-59.02,-53.44
37.113228,0.8560,-0.0244,0.4360,3.30,6.65,-0.61,-4.99,-58.87,-53.49
37.113228,0.8701,-0.0396,0.4385,2.44,5.98,-0.18,-4.91,-58.75,-53.51
37.143279,0.8438,-0.0435,0.4243,2.26,6.41,0.06,-4.86,-58.62,-53.53
37.143279,0.7920,-0.0410,0.4102,2.75,5.31,0.55,-4.81,-58.50,-53.53
37.203215,0.7783,-0.0415,0.4248,3.42,4.15,1.46,-4.78,-58.41,-53.49
37.203215,0.7671,-0.0522,0.4326,4.09,4.94,2.20,-4.77,-58.32,-53.42
37.233157,0.7744,-0.0376,0.4321,4.46,7.32,2.08,-4.75,-58.19,-53.34
37.233157,0.7656,-0.0396,0.4160,3.72,9.28,0.67,-4.70,-58.02,-53.31
37.263163,0.7212,-0.0625,0.3848,3.66,12.51,-1.10,-4.61,-57.80,-53.34
37.263163,0.6147,-0.0508,0.3413,4.39,12.94,-2.44,-4.44,-57.55,-53.44
37.323663,0.5371,-0.0249,0.3281,4.46,8.36,-1.46,-4.27,-57.33,-53.54
37.323663,0.5415,-0.0176,0.3481,4.46,4.58,-0.49,-4.15,-57.21,-53.57
37.353229,0.6025,-0.0186,0.3799,5.37,6.53,-1.59,-4.02,-57.11,-53.62
37.353229,0.6226,-0.0107,0.3652,6.47,8.97,-2.69,-3.82,-56.95,-53.72
37.383228,0.5635,-0.0112,0.3169,7.26,8.85,-4.15,-3.57,-56.77,-53.86
37.383228,0.4678,-0.0078,0.2783,7.75,4.64,-4.39,-3.27,-56.63,-54.04
37.443310,0.4331,-0.0059,0.2891,7.02,-1.83,-2.75,-3.01,-56.61,-54.17
37.443310,0.5264,0.0088,0.3315,4.94,-5.00,-0.61,-2.85,-56.69,-54.23
37.473512,0.6841,0.0088,0.3726,2.26,0.55,-0.49,-2.77,-56.75,-54.24
37.473512,0.7847,-0.0288,0.3936,0.00,13.55,-2.50,-2.70,-56.61,-54.30
37.502997,0.7495,-0.0596,0.4155,-3.05,21.24,-1.71,-2.65,-56.24,-54.41
37.502997,0.7505,0.0127,0.4590,-6.53,18.68,2.32,-2.75,-55.83,-54.41
37.563220,0.8154,0.0269,0.5146,-6.96,16.85,5.00,-3.00,-55.48,-54.28
37.563220,0.8374,-0.0229,0.5225,-4.88,15.93,5.74,-3.28,-55.15,-54.10
37.593393,0.8716,-0.0591,0.5151,-1.89,14.40,4.88,-3.50,-54.84,-53.92
37.593393,0.9023,-0.0796,0.5254,0.67,14.95,3.60,-3.62,-54.55,-53.79
37.623836,0.8950,-0.0913,0.5439,1.65,17.64,3.23,-3.67,-54.22,-53.70
37.623836,0.8179,-0.0908,0.5645,0.61,18.13,4.88,-3.75,-53.85,-53.58
37.683211,0.8047,-0.0947,0.6094,0.00,18.49,5.62,-3.88,-53.49,-53.42
37.683211,0.8110,-0.0830,0.6514,0.31,21.36,4.70,-4.00,-53.09,-53.27
37.713272,0.7969,-0.0537,0.6758,0.92,23.80,2.87,-4.07,-52.63,-53.17
37.713272,0.7876,-0.0410,0.6890,2.08,24.17,0.37,-4.05,-52.15,-53.16
37.743409,0.8262,-0.0391,0.7046,3.54,23.86,-1.10,-3.96,-51.67,-53.21
37.743409,0.8633,-0.0479,0.7168,5.49,25.76,-1.95,-3.81,-51.17,-53.30
37.803223,0.8545,-0.0625,0.7427,7.81,28.44,-2.87,-3.59,-50.64,-53.41
37.803223,0.7852,-0.0405,0.7354,9.77,28.63,-2.44,-3.32,-50.05,-53.53
37.833316,0.7368,-0.0229,0.7593,9.34,21.42,0.18,-3.08,-49.55,-53.60
37.833316,0.7671,-0.0181,0.7778,6.53,12.94,4.03,-2.97,-49.22,-53.54
37.863362,0.8125,0.0142,0.8159,4.21,9.09,5.07,-2.98,-49.00,-53.39
37.863362,0.8843,-0.0137,0.8774,4.94,11.54,3.78,-2.99,-48.81,-53.26
37.928834,0.9331,-0.0371,0.9185,6.53,14.47,4.39,-2.97,-48.54,-53.15
37.928834,0.9170,-0.0474,0.9336,5.98,13.98,6.84,-2.96,-48.24,-52.99
37.953580,0.9258,-0.0366,0.9580,3.17,10.01,8.91,-3.04,-48.00,-52.76
37.953580,0.9565,-0.0308,0.9922,-0.12,11.54,8.54,-3.22,-47.79,-52.49
37.983614,0.9419,-0.0293,1.0244,-4.27,15.20,6.71,-3.43,-47.51,-52.27
37.983614,0.9448,-0.0449,1.0547,-8.73,18.49,4.88,-3.68,-47.16,-52.12
38.043243,0.9585,-0.0649,1.0879,-12.82,20.14,3.85,-3.98,-46.77,-52.02
38.043243,0.9512,-0.0820,1.0957,-15.56,18.01,2.75,-4.32,-46.37,-51.95
38.074230,0.9438,-0.0933,1.1138,-15.44,13.85,1.10,-4.67,-46.05,-51.92
38.074230,0.9209,-0.0947,1.1045,-12.33,7.75,-0.12,-4.95,-45.83,-51.92
38.103290,0.9189,-0.0859,1.0840,-8.06,-0.55,-0.37,-5.14,-45.76,-51.93
38.103290,0.9507,-0.0874,1.0635,-4.58,-10.07,0.18,-5.27,-45.87,-51.92
38.163319,0.9878,-0.1162,1.0381,-1.22,-14.65,-0.43,-5.35,-46.13,-51.90
38.163319,0.9478,-0.1123,1.0103,1.77,-16.36,-1.59,-5.34,-46.44,-51.90
38.193336,0.9263,-0.0991,0.9849,3.36,-19.10,-1.95,-5.28,-46.80,-51.92
38.193336,0.9263,-0.0771,0.9492,4.94,-21.00,-2.62,-5.18,-47.20,-51.94
38.224232,0.9580,-0.0679,0.9219,6.96,-22.40,-2.69,-5.03,-47.64,-51.98
38.224232,0.9756,-0.0679,0.8970,8.85,-23.86,-1.65,-4.86,-48.10,-52.00
38.283207,0.9722,-0.0420,0.8647,11.23,-22.64,-0.85,-4.66,-48.57,-52.00
38.283207,0.9248,-0.0356,0.8320,13.12,-22.52,0.06,-4.43,-49.01,-51.97
38.313192,0.9170,-0.0361,0.8174,13.85,-22.52,0.98,-4.21,-49.46,-51.91
38.313192,0.9180,-0.0347,0.8076,13.00,-22.58,2.01,-4.00,-49.90,-51.83
38.343345,0.9189,-0.0308,0.8022,10.86,-23.56,2.93,-3.86,-50.36,-51.71
38.343345,0.8906,-0.0195,0.8013,8.79,-23.56,2.62,-3.76,-50.83,-51.59
38.403240,0.8359,-0.0015,0.7812,6.35,-24.54,2.50,-3.70,-51.30,-51.47
38.403240,0.7896,0.0044,0.7500,3.54,-29.05,3.17,-3.71,-51.83,-51.34
38.433281,0.7905,-0.0034,0.6958,2.32,-31.74,2.75,-3.77,-52.44,-51.20
38.433281,0.8291,0.0015,0.6548,2.26,-32.53,0.98,-3.82,-53.07,-51.09
38.463294,0.8789,-0.0029,0.6250,1.95,-31.62,-0.61,-3.82,-53.71,-51.04
38.463294,0.8521,-0.0186,0.5879,2.26,-28.32,-2.69,-3.77,-54.31,-51.05
38.524390,0.7891,-0.0024,0.5386,3.05,-26.61,-4.27,-3.64,-54.85,-51.14
38.524390,0.7632,0.0088,0.4868,3.78,-27.04,-4.15,-3.47,-55.39,-51.26
38.554750,0.7515,-0.0093,0.4575,5.49,-26.25,-2.50,-3.31,-55.93,-51.34
38.554750,0.7803,-0.0430,0.4277,8.12,-22.77,-0.12,-3.16,-56.41,-51.36
38.613259,0.7803,-0.0430,0.4009,9.46,-19.84,4.09,-3.06,-56.83,-51.27
38.613259,0.7305,-0.0093,0.3574,7.51,-20.51,8.42,-3.12,-57.22,-50.99
38.643421,0.6880,-0.0034,0.3447,4.82,-20.75,7.81,-3.31,-57.63,-50.64
38.643421,0.6709,-0.0166,0.3535,5.62,-12.39,2.38,-3.40,-57.96,-50.41
38.674315,0.5898,-0.0068,0.3457,6.77,-5.86,-0.79,-3.29,-58.12,-50.39
38.674315,0.5400,0.0117,0.3394,4.64,-9.95,1.65,-3.19,-58.27,-50.37
38.733289,0.5288,0.0190,0.3384,1.16,-17.46,6.29,-3.30,-58.55,-50.19
38.733289,0.5200,0.0205,0.3164,-0.85,-21.42,7.57,-3.58,-58.93,-49.87
38.763277,0.4927,0.0112,0.2949,-1.53,-22.16,4.82,-3.85,-59.36,-49.58
38.763277,0.4692,0.0044,0.2847,-2.38,-21.91,2.01,-4.05,-59.80,-49.41
38.793356,0.4502,-0.0083,0.2852,-4.15,-21.55,0.85,-4.20,-60.23,-49.31
38.793356,0.4468,-0.0137,0.2949,-7.02,-23.38,2.69,-4.41,-60.67,-49.20
38.853268,0.4951,-0.0093,0.2886,-10.86,-28.14,6.04,-4.82,-61.17,-48.95
38.853268,0.5981,-0.0122,0.2588,-13.79,-32.35,6.90,-5.41,-61.77,-48.57
38.883271,0.7847,-0.0430,0.2515,-14.10,-31.80,4.64,-6.02,-62.41,-48.20
38.883271,1.0054,-0.0566,0.2891,-11.47,-21.18,0.12,-6.47,-62.95,-47.99
38.913199,1.0605,-0.0527,0.3159,-7.81,-4.64,-4.33,-6.61,-63.19,-48.05
38.913199,0.9819,-0.0557,0.3223,-5.86,5.80,-6.59,-6.51,-63.17,-48.32
38.973634,0.8892,-0.0522,0.3403,-5.80,7.87,-6.84,-6.32,-63.02,-48.66
38.973634,0.8516,-0.0508,0.3716,-6.65,6.23,-6.16,-6.17,-62.90,-48.97
39.003056,0.8467,-0.0527,0.4043,-7.20,4.88,-6.53,-6.04,-62.80,-49.27
39.003056,0.8486,-0.0596,0.4141,-6.84,4.88,-6.90,-5.90,-62.70,-49.59
39.033285,0.8701,-0.0479,0.4033,-6.35,3.78,-6.65,-5.75,-62.63,-49.91
39.033285,0.9160,-0.0479,0.3965,-5.19,3.66,-6.90,-5.60,-62.57,-50.22
39.093349,0.9482,-0.0552,0.4019,-3.23,5.74,-6.90,-5.39,-62.48,-50.54
39.093349,0.9414,-0.0630,0.4155,-1.34,7.45,-5.55,-5.17,-62.35,-50.84
39.124615,0.9116,-0.0513,0.4292,0.12,8.24,-3.60,-4.99,-62.20,-51.06
39.124615,0.8662,-0.0415,0.4395,0.55,6.16,-0.73,-4.88,-62.05,-51.18
39.153291,0.8413,-0.0249,0.4399,-0.06,0.98,2.14,-4.91,-61.97,-51.15
39.153291,0.8716,-0.0239,0.4414,-0.49,-2.38,2.93,-5.03,-62.00,-51.02
39.213296,0.8999,-0.0522,0.4390,-0.24,-1.46,1.28,-5.14,-62.03,-50.92
39.213296,0.9102,-0.0469,0.4268,-0.24,1.04,-0.49,-5.15,-62.03,-50.91
39.243697,0.8906,-0.0444,0.4062,-1.22,0.79,-1.16,-5.13,-62.01,-50.95
39.243697,0.9272,-0.0625,0.4062,-2.01,1.46,-0.98,-5.13,-62.00,-50.99
39.274835,0.9136,-0.0620,0.4087,-1.65,4.58,-0.98,-5.12,-61.93,-51.05
39.274835,0.9092,-0.0576,0.4263,-2.44,5.74,0.43,-5.14,-61.83,-51.08
39.333298,0.9048,-0.0493,0.4365,-2.50,8.30,1.34,-5.22,-61.69,-51.05
39.333298,0.8496,-0.0439,0.4199,-2.44,9.22,1.16,-5.31,-61.50,-51.02
39.363323,0.8535,-0.0439,0.4092,-2.20,8.54,0.18,-5.37,-61.33,-51.00
39.363323,0.8926,-0.0454,0.4199,-1.16,11.05,-1.40,-5.36,-61.13,-51.06
39.396135,0.8677,-0.0347,0.4131,-1.16,12.76,-1.83,-5.28,-60.89,-51.17
39.396135,0.8389,-0.0337,0.3940,-1.89,12.21,-1.46,-5.23,-60.64,-51.27
39.454329,0.8423,-0.0332,0.3940,-2.44,12.21,-1.53,-5.20,-60.40,-51.36
39.454329,0.8301,-0.0293,0.4004,-3.11,13.79,-1.83,-5.16,-60.14,-51.47
39.483302,0.7881,-0.0322,0.3911,-2.93,15.62,-2.44,-5.13,-59.85,-51.59
39.483302,0.7383,-0.0298,0.3823,-2.44,16.36,-2.87,-5.05,-59.53,-51.74
39.513282,0.7393,-0.0273,0.3916,-2.93,14.77,-1.95,-4.99,-59.23,-51.88
39.513282,0.7202,-0.0239,0.4033,-3.48,14.28,-0.55,-4.98,-58.94,-51.96
39.573288,0.6621,-0.0229,0.4019,-3.72,14.40,-0.24,-5.02,-58.65,-52.01
39.573288,0.5889,-0.0234,0.3916,-4.58,12.82,-0.18,-5.07,-58.38,-52.05
39.603278,0.5215,-0.0259,0.3750,-6.10,7.45,-0.24,-5.16,-58.17,-52.08
39.603278,0.5283,-0.0410,0.3774,-5.49,6.90,-1.40,-5.25,-58.04,-52.12
39.633289,0.5669,-0.0571,0.3682,-4.27,7.93,-2.20,-5.27,-57.89,-52.21
39.633289,0.6108,-0.0635,0.3320,-3.78,6.53,-1.59,-5.27,-57.74,-52.31
39.693326,0.7451,-0.0718,0.3354,-4.21,5.00,-0.43,-5.31,-57.64,-52.36
39.693326,0.8179,-0.0747,0.3774,-2.69,12.57,-1.77,-5.34,-57.48,-52.41
39.725142,0.6982,-0.0508,0.3701,-0.79,21.42,-4.58,-5.23,-57.12,-52.59
39.725142,0.5728,0.0000,0.3516,-1.53,17.46,-5.19,-5.05,-56.72,-52.82
39.753308,0.6025,0.0063,0.3716,-3.42,9.77,-5.19,-4.92,-56.47,-53.04
39.753308,0.6660,-0.0098,0.3867,-3.85,6.10,-6.16,-4.82,-56.33,-53.27
39.813291,0.7534,-0.0371,0.4102,-2.08,8.36,-7.93,-4.65,-56.20,-53.54
39.813291,0.7192,-0.0483,0.4160,-0.06,12.70,-9.83,-4.38,-55.99,-53.89
39.843706,0.6108,-0.0356,0.3960,0.00,10.44,-9.52,-4.06,-55.76,-54.28
39.843706,0.6143,-0.0225,0.3989,-0.24,6.16,-7.93,-3.80,-55.60,-54.61
39.873326,0.7139,-0.0327,0.4238,-1.46,3.85,-5.13,-3.61,-55.51,-54.85
39.873326,0.8623,-0.0557,0.4731,-2.81,5.07,-2.14,-3.55,-55.44,-54.98
39.933307,0.9727,-0.0703,0.5264,-2.20,17.40,-1.53,-3.54,-55.22,-55.06
39.933307,0.9790,-0.0479,0.5444,-1.53,29.24,0.00,-3.54,-54.74,-55.12
39.963348,0.9087,-0.0288,0.5518,-2.75,33.63,3.54,-3.60,-54.10,-55.10
39.963348,0.8408,-0.0293,0.5874,-4.52,32.17,7.02,-3.80,-53.43,-54.95
40.025351,0.8457,-0.0322,0.6729,-4.39,31.98,6.59,-4.05,-52.79,-54.75
40.025351,0.8125,-0.0356,0.7075,-1.04,39.49,1.95,-4.19,-52.08,-54.66
40.053312,0.6924,-0.0117,0.6997,1.95,40.53,-2.50,-4.11,-51.26,-54.75
40.053312,0.6641,-0.0112,0.7061,1.89,28.08,-1.77,-3.96,-50.56,-54.89
40.083282,0.7959,-0.0464,0.7480,0.00,14.04,3.05,-3.94,-50.16,-54.89
40.083282,0.8916,-0.0762,0.7754,-1.34,8.79,6.65,-4.08,-49.95,-54.74
40.143415,0.8599,-0.0776,0.7593,-1.46,8.12,7.20,-4.27,-49.78,-54.53
40.143415,0.8462,-0.0605,0.7397,-0.98,9.28,5.43,-4.45,-49.60,-54.34
40.173274,0.8457,-0.0645,0.7183,-0.31,12.70,2.01,-4.54,-49.38,-54.24
40.173274,0.8511,-0.0688,0.7324,0.67,15.93,-1.10,-4.53,-49.09,-54.26
40.203292,0.8657,-0.0786,0.7705,2.38,19.47,-1.83,-4.43,-48.74,-54.34
40.203292,0.8418,-0.0874,0.8047,3.97,22.40,0.06,-4.32,-48.31,-54.41
40.263326,0.7891,-0.0825,0.8154,4.39,22.16,3.23,-4.26,-47.86,-54.39
40.263326,0.7783,-0.0698,0.8237,4.27,20.02,5.19,-4.25,-47.44,-54.28
40.293367,0.8018,-0.0649,0.8359,4.21,19.35,4.70,-4.26,-47.04,-54.16
40.293367,0.8335,-0.0674,0.8545,3.42,20.75,3.42,-4.26,-46.64,-54.07
40.323547,0.8320,-0.0747,0.8711,2.32,21.42,1.95,-4.24,-46.21,-54.01
40.323547,0.7993,-0.0820,0.8843,3.05,23.13,-1.28,-4.17,-45.76,-54.04
40.383303,0.7578,-0.0840,0.9062,4.64,19.29,-1.65,-4.04,-45.33,-54.12
40.383303,0.8091,-0.0635,0.9438,5.68,12.08,2.14,-3.93,-45.03,-54.14
40.413310,0.8726,-0.0522,0.9492,7.63,8.85,4.27,-3.86,-44.82,-54.04
40.413310,0.8872,-0.0396,0.9604,9.40,7.02,3.48,-3.76,-44.66,-53.94
40.443350,0.8647,-0.0405,0.9922,8.91,4.58,2.87,-3.64,-44.54,-53.86
40.443350,0.8472,-0.0498,1.0146,7.69,3.60,2.20,-3.53,-44.46,-53.79
40.503664,0.8516,-0.0435,1.0186,7.14,2.01,1.34,-3.42,-44.39,-53.74
40.503664,0.9312,-0.0293,1.0366,5.92,-0.61,0.37,-3.31,-44.38,-53.72
40.534346,0.9443,-0.0312,1.0474,5.07,-0.67,-0.73,-3.20,-44.40,-53.72
40.534346,0.9331,-0.0186,1.0566,3.78,-1.34,-0.37,-3.09,-44.42,-53.74
40.564358,0.9448,-0.0200,1.0640,2.14,-3.17,0.98,-3.05,-44.46,-53.73
40.564358,0.9712,-0.0215,1.0767,0.67,-3.72,0.98,-3.05,-44.53,-53.68
40.623608,0.9526,-0.0190,1.0791,-0.43,-4.09,-0.24,-3.06,-44.60,-53.67
40.623608,0.9468,-0.0181,1.0742,-1.95,-6.35,-0.24,-3.08,-44.71,-53.68
40.653305,0.9219,-0.0234,1.0459,-3.48,-9.03,0.43,-3.15,-44.86,-53.67
40.653305,0.9121,-0.0317,0.9785,-4.39,-12.15,0.37,-3.25,-45.08,-53.65
40.683355,0.9458,-0.0498,0.9214,-5.07,-12.27,-0.18,-3.36,-45.32,-53.62
40.683355,0.9844,-0.0713,0.9067,-6.16,-7.87,-1.10,-3.47,-45.53,-53.64
40.743357,0.9092,-0.0732,0.8750,-6.23,-0.31,-2.62,-3.56,-45.60,-53.68
40.743357,0.8384,-0.0635,0.8550,-4.70,3.42,-5.31,-3.59,-45.57,-53.79
40.773393,0.8325,-0.0508,0.8633,-2.69,5.37,-6.90,-3.53,-45.48,-53.98
40.773393,0.7954,-0.0464,0.8535,-1.34,3.05,-6.53,-3.43,-45.39,-54.18
40.803343,0.7925,-0.0479,0.8447,0.24,-0.55,-6.47,-3.30,-45.37,-54.37
40.803343,0.8179,-0.0454,0.8379,0.49,-3.85,-5.37,-3.17,-45.41,-54.54
40.863285,0.7974,-0.0454,0.8247,0.24,-5.55,-4.09,-3.07,-45.51,-54.67
40.863285,0.7793,-0.0405,0.8159,1.53,-3.97,-4.21,-2.98,-45.62,-54.78
40.893471,0.7490,-0.0337,0.8062,2.01,-4.09,-2.26,-2.87,-45.69,-54.88
40.893471,0.7329,-0.0156,0.7866,0.79,-7.45,0.67,-2.83,-45.80,-54.88
40.923645,0.7510,-0.0244,0.7603,0.73,-8.79,0.31,-2.85,-45.97,-54.85
40.923645,0.7388,-0.0371,0.7183,2.08,-6.47,-1.71,-2.81,-46.12,-54.87
40.983330,0.6885,-0.0337,0.6577,4.03,-5.43,-2.01,-2.71,-46.24,-54.92
40.983330,0.6792,-0.0303,0.6294,4.70,-6.10,-0.12,-2.60,-46.35,-54.95
41.013410,0.7109,-0.0005,0.6484,3.85,-2.26,1.40,-2.53,-46.43,-54.92
41.013410,0.6729,0.0269,0.6250,0.43,1.04,2.32,-2.53,-46.44,-54.85
41.043467,0.6162,0.0000,0.6055,-2.81,2.44,2.01,-2.61,-46.40,-54.79
41.043467,0.5679,-0.0088,0.5845,-3.72,3.36,1.16,-2.72,-46.33,-54.74
41.103320,0.5308,-0.0093,0.5557,-3.23,1.16,1.28,-2.82,-46.27,-54.71
41.103320,0.5361,-0.0205,0.5444,-3.36,-4.09,2.75,-2.93,-46.30,-54.65
41.133285,0.5620,-0.0337,0.5508,-3.11,-7.14,4.76,-3.08,-46.42,-54.53
41.133285,0.5361,-0.0229,0.5420,-2.62,-9.95,6.23,-3.27,-46.59,-54.35
41.163363,0.4561,-0.0273,0.5225,-1.95,-12.02,5.62,-3.47,-46.80,-54.15
41.163363,0.4121,-0.0386,0.5156,-1.04,-14.53,3.91,-3.61,-47.07,-54.00
41.223616,0.3867,-0.0278,0.4878,-1.40,-19.71,3.48,-3.73,-47.40,-53.87
41.223616,0.3843,-0.0132,0.4341,-2.81,-27.22,3.54,-3.88,-47.86,-53.73
41.253329,0.4219,-0.0181,0.4004,-4.39,-33.08,2.20,-4.06,-48.47,-53.60
41.253329,0.4175,-0.0508,0.3823,-3.23,-34.67,0.92,-4.21,-49.15,-53.50
41.283348,0.3960,-0.0308,0.3750,-0.92,-35.77,2.81,-4.33,-49.84,-53.40
41.283348,0.3994,-0.0078,0.3706,-0.85,-40.16,7.26,-4.53,-50.59,-53.17
41.343207,0.4814,-0.0225,0.3608,-3.36,-46.88,10.01,-4.87,-51.45,-52.79
41.343207,0.6553,-0.0566,0.3643,-3.78,-44.74,6.47,-5.26,-52.38,-52.41
41.373310,0.7876,-0.0708,0.3755,-1.34,-33.39,-0.06,-5.46,-53.15,-52.22
41.373310,0.8672,-0.0845,0.4048,0.55,-22.71,-2.69,-5.47,-53.70,-52.22
41.433330,0.9082,-0.0786,0.4526,1.28,-14.40,-0.67,-5.43,-54.05,-52.24
41.433330,0.8643,-0.0601,0.4771,0.43,-11.29,2.56,-5.48,-54.29,-52.17
41.463467,0.8306,-0.0415,0.4868,-0.85,-11.96,4.03,-5.62,-54.52,-52.01
41.463467,0.8330,-0.0396,0.4971,-1.16,-9.95,2.01,-5.76,-54.73,-51.87
41.493255,0.8003,-0.0415,0.4985,-0.73,-7.87,-2.08,-5.80,-54.90,-51.84
41.493255,0.7832,-0.0356,0.5020,-0.37,-8.00,-4.76,-5.72,-55.06,-51.95
41.553380,0.8052,-0.0322,0.5078,-0.67,-10.25,-3.85,-5.62,-55.25,-52.09
41.553380,0.8311,-0.0400,0.5029,-1.10,-12.08,-0.79,-5.60,-55.48,-52.14
41.583337,0.8481,-0.0479,0.5000,-1.28,-12.15,0.92,-5.66,-55.72,-52.10
41.583337,0.8716,-0.0488,0.5073,-1.89,-9.89,1.16,-5.76,-55.94,-52.03
41.613405,0.8413,-0.0479,0.5093,-3.11,-6.77,0.49,-5.87,-56.10,-51.97
41.613405,0.8125,-0.0474,0.5112,-3.78,-4.58,-1.10,-5.94,-56.21,-51.96
41.673537,0.8408,-0.0522,0.5210,-4.21,-2.44,-1.83,-5.99,-56.28,-52.01
41.673537,0.8623,-0.0557,0.5161,-4.21,-0.85,-1.65,-6.03,-56.32,-52.06
41.707394,0.8574,-0.0562,0.5044,-3.66,0.24,-1.53,-6.06,-56.32,-52.12
41.707394,0.8291,-0.0571,0.5015,-2.69,1.10,-1.71,-6.08,-56.31,-52.18
41.763336,0.8081,-0.0435,0.4980,-1.95,1.34,-1.59,-6.08,-56.28,-52.25
41.763336,0.8076,-0.0405,0.4902,-2.08,-0.12,-1.28,-6.08,-56.27,-52.30
41.793652,0.8452,-0.0498,0.4790,-2.26,-1.40,-1.04,-6.09,-56.29,-52.33
41.793652,0.8799,-0.0547,0.4785,-2.38,-0.31,-1.22,-6.11,-56.32,-52.37
41.823677,0.8818,-0.0615,0.4814,-2.14,2.81,-1.34,-6.11,-56.29,-52.43
41.823677,0.8569,-0.0527,0.4751,-2.26,4.58,-0.61,-6.12,-56.22,-52.47
41.853345,0.8062,-0.0518,0.4639,-2.81,5.31,-0.37,-6.15,-56.11,-52.50
41.853345,0.7578,-0.0493,0.4399,-2.99,4.58,-1.10,-6.18,-56.01,-52.54
41.913407,0.7686,-0.0483,0.4292,-2.44,5.07,-1.89,-6.18,-55.91,-52.61
41.913407,0.7769,-0.0522,0.4292,-2.20,5.98,-1.89,-6.15,-55.81,-52.70
41.943375,0.7573,-0.0474,0.4175,-2.50,6.65,-0.85,-6.15,-55.68,-52.77
41.943375,0.6812,-0.0469,0.3877,-2.01,8.97,-0.79,-6.16,-55.52,-52.82
41.973381,0.6313,-0.0469,0.3691,-2.14,10.01,-0.61,-6.15,-55.34,-52.87
41.973381,0.5962,-0.0381,0.3530,-2.81,12.70,0.43,-6.17,-55.11,-52.91
42.033679,0.5073,-0.0225,0.3340,-4.09,13.24,2.62,-6.26,-54.84,-52.89
42.033679,0.5010,-0.0103,0.3379,-4.70,12.88,3.85,-6.43,-54.57,-52.81
42.063564,0.5132,-0.0093,0.3560,-5.07,13.79,4.27,-6.61,-54.31,-52.71
42.063564,0.4990,-0.0220,0.3599,-4.70,14.65,3.60,-6.80,-54.01,-52.61
42.094593,0.4648,-0.0396,0.3389,-2.93,14.71,2.69,-6.92,-53.71,-52.55
42.094593,0.4951,-0.0410,0.3174,-1.22,12.02,3.36,-7.01,-53.44,-52.49
42.153480,0.5908,-0.0425,0.3291,0.55,12.21,4.15,-7.10,-53.20,-52.40
42.153480,0.6284,-0.0596,0.3516,1.53,15.44,3.97,-7.15,-52.92,-52.31
42.183324,0.5547,-0.0718,0.3789,1.28,18.31,2.99,-7.17,-52.56,-52.25
42.183324,0.5229,-0.0605,0.4058,0.24,18.43,1.77,-7.18,-52.19,-52.23
42.213469,0.6021,-0.0376,0.4346,-1.28,17.70,0.31,-7.17,-51.83,-52.26
42.213469,0.7368,-0.0410,0.4819,-1.89,21.12,-3.36,-7.13,-51.46,-52.37
42.273378,0.8442,-0.0479,0.5156,-0.85,31.68,-8.54,-6.94,-50.94,-52.65
42.273378,0.7964,-0.0835,0.5278,-0.12,39.92,-11.84,-6.60,-50.23,-53.10
42.303371,0.7725,-0.0933,0.5718,0.12,41.38,-10.80,-6.23,-49.43,-53.58
42.303371,0.7432,-0.0747,0.6113,1.89,40.59,-6.53,-5.93,-48.63,-53.95
42.334751,0.6836,-0.0493,0.6406,3.36,35.71,-1.16,-5.72,-47.87,-54.16
42.334751,0.6821,-0.0400,0.6934,0.67,26.43,4.64,-5.67,-47.25,-54.17
42.394806,0.7480,-0.0464,0.7402,-3.17,21.67,6.41,-5.81,-46.79,-54.04
42.394806,0.7847,-0.0698,0.7646,-4.70,26.37,2.56,-5.96,-46.31,-53.95
42.423357,0.7856,-0.0884,0.7798,-4.46,33.87,-3.42,-5.99,-45.70,-54.04
42.423357,0.7461,-0.0737,0.7847,-4.15,36.74,-5.98,-5.91,-44.99,-54.28
42.453396,0.7285,-0.0771,0.8003,-4.46,32.65,-3.66,-5.84,-44.30,-54.50
42.453396,0.7739,-0.0879,0.8447,-4.21,28.69,-0.12,-5.86,-43.70,-54.61
42.513493,0.7852,-0.1138,0.8755,-3.05,27.59,2.56,-5.92,-43.14,-54.64
42.513493,0.7529,-0.1191,0.8994,-1.83,26.98,2.81,-5.98,-42.59,-54.61
42.543477,0.7017,-0.1123,0.9185,-2.26,24.96,1.65,-6.03,-42.07,-54.61
42.543477,0.6782,-0.0898,0.9209,-3.30,21.30,-0.85,-6.06,-41.61,-54.65
42.574411,0.7358,-0.1016,0.9336,-3.17,20.81,-4.58,-6.05,-41.20,-54.77
42.574411,0.7646,-0.1348,0.9336,-2.44,21.06,-6.35,-5.98,-40.79,-54.96
42.633639,0.7651,-0.1226,0.9243,-0.67,20.87,-6.59,-5.87,-40.38,-55.18
42.633639,0.7383,-0.1152,0.9282,1.71,19.29,-5.25,-5.73,-39.98,-55.39
42.663572,0.7275,-0.1226,0.9644,4.88,17.58,-3.48,-5.57,-39.63,-55.54
42.663572,0.6968,-0.1226,0.9893,8.48,17.88,-1.89,-5.37,-39.28,-55.64
42.693635,0.6587,-0.0962,0.9863,10.56,14.83,0.49,-5.15,-38.95,-55.68
42.693635,0.6816,-0.0786,0.9980,11.11,9.16,2.01,-4.94,-38.70,-55.67
42.753392,0.7671,-0.0596,1.0430,10.93,8.18,0.79,-4.74,-38.54,-55.64
42.753392,0.7808,-0.0518,1.0781,10.50,10.13,-0.55,-4.52,-38.36,-55.65
42.783398,0.7368,-0.0190,1.0811,10.50,10.31,-1.16,-4.29,-38.14,-55.69
42.783398,0.7759,-0.0132,1.1030,10.44,8.42,-1.53,-4.05,-37.96,-55.73
42.843602,0.7866,-0.0283,1.1211,10.13,8.06,-1.10,-3.82,-37.79,-55.78
42.843602,0.7983,-0.0161,1.1338,9.16,5.43,0.18,-3.61,-37.66,-55.81
42.873410,0.8159,-0.0142,1.1401,8.91,4.76,0.92,-3.44,-37.56,-55.79
42.873410,0.7866,-0.0122,1.1392,8.91,2.62,1.83,-3.28,-37.47,-55.76
42.903518,0.7715,-0.0103,1.1440,7.81,-0.98,4.09,-3.16,-37.45,-55.68
42.903518,0.7900,-0.0156,1.1553,5.25,-5.37,6.59,-3.13,-37.51,-55.54
42.963379,0.8022,-0.0156,1.1562,2.99,-8.00,6.71,-3.16,-37.64,-55.36
42.963379,0.8052,-0.0093,1.1714,1.40,-10.74,6.04,-3.22,-37.83,-55.19
42.993665,0.8184,-0.0254,1.1865,-0.06,-12.63,6.41,-3.32,-38.06,-55.02
42.993665,0.7964,-0.0283,1.1841,-2.01,-14.40,7.02,-3.46,-38.32,-54.83
43.023406,0.8008,-0.0376,1.1753,-4.27,-16.66,7.39,-3.65,-38.63,-54.63
43.023406,0.8140,-0.0591,1.1597,-7.26,-18.74,7.45,-3.91,-38.97,-54.42
43.083792,0.7544,-0.0605,1.1177,-9.52,-20.63,6.59,-4.21,-39.36,-54.21
43.083792,0.7222,-0.0566,1.0728,-11.35,-25.51,6.10,-4.55,-39.81,-54.01
43.113410,0.7441,-0.0723,1.0366,-12.76,-29.11,5.31,-4.93,-40.35,-53.81
43.113410,0.7383,-0.0879,0.9702,-13.12,-30.46,3.23,-5.30,-40.94,-53.64
43.143758,0.7373,-0.0864,0.9062,-12.08,-31.19,0.61,-5.63,-41.55,-53.53
43.143758,0.7520,-0.0938,0.8667,-9.89,-31.01,-1.95,-5.88,-42.17,-53.49
43.203406,0.7905,-0.0938,0.8589,-7.45,-29.42,-4.09,-6.04,-42.78,-53.50
43.203406,0.7656,-0.0957,0.8467,-6.10,-28.75,-5.07,-6.13,-43.35,-53.56
43.233695,0.7617,-0.0854,0.8384,-6.41,-29.42,-5.80,-6.20,-43.95,-53.64
43.233695,0.7612,-0.0850,0.8208,-6.59,-26.92,-8.67,-6.23,-44.52,-53.78
43.263423,0.7554,-0.0928,0.8071,-7.02,-24.35,-9.95,-6.22,-45.03,-53.99
43.263423,0.7393,-0.0693,0.7852,-8.61,-25.76,-7.69,-6.23,-45.54,-54.18
43.323326,0.7222,-0.0557,0.7510,-10.31,-29.30,-3.91,-6.36,-46.09,-54.28
43.323326,0.7134,-0.0776,0.7124,-9.89,-32.84,-2.08,-6.57,-46.72,-54.27
43.353301,0.7529,-0.0923,0.6831,-7.51,-32.78,-3.48,-6.76,-47.38,-54.26
43.353301,0.7871,-0.1035,0.6606,-4.70,-28.38,-6.23,-6.83,-48.00,-54.32
43.383344,0.7725,-0.1201,0.6265,-1.10,-21.12,-8.06,-6.78,-48.50,-54.46
43.383344,0.7021,-0.1055,0.5894,1.10,-19.10,-7.20,-6.63,-48.89,-54.66
43.443912,0.6606,-0.0898,0.5498,1.04,-23.86,-3.23,-6.54,-49.33,-54.75
43.443912,0.6826,-0.0942,0.5347,1.34,-26.43,0.00,-6.54,-49.84,-54.71
43.473359,0.6724,-0.0952,0.5054,3.30,-23.13,-1.28,-6.55,-50.34,-54.65
43.473359,0.6519,-0.0786,0.4780,5.37,-17.27,-5.13,-6.42,-50.74,-54.70
43.503409,0.6016,-0.0518,0.4487,5.92,-13.61,-7.32,-6.17,-51.04,-54.86
43.503409,0.5449,-0.0713,0.4131,3.91,-16.11,-6.41,-5.93,-51.34,-55.05
43.563466,0.5513,-0.0972,0.4028,4.15,-15.26,-4.76,-5.75,-51.67,-55.18
43.563466,0.5010,-0.0752,0.3765,6.35,-13.12,-2.14,-5.57,-51.95,-55.27
43.593777,0.4355,-0.0430,0.3545,5.92,-17.40,1.71,-5.48,-52.25,-55.23
43.593777,0.4233,-0.0493,0.3569,4.58,-21.00,2.99,-5.49,-52.64,-55.09
43.623444,0.3911,-0.0630,0.3599,6.23,-19.71,2.20,-5.49,-53.04,-54.95
43.623444,0.3384,-0.0488,0.3452,8.06,-23.19,3.42,-5.47,-53.44,-54.81
43.683384,0.3892,-0.0317,0.3389,8.12,-32.47,6.47,-5.51,-53.99,-54.56
43.683384,0.4888,-0.0366,0.3335,8.61,-36.99,7.81,-5.64,-54.68,-54.21
43.713417,0.5537,-0.0293,0.3276,9.52,-36.56,5.98,-5.75,-55.42,-53.85
43.713417,0.6152,-0.0278,0.3354,9.58,-32.84,1.83,-5.76,-56.10,-53.61
43.744054,0.6997,-0.0327,0.3613,8.30,-25.76,-2.56,-5.63,-56.68,-53.55
43.744054,0.7549,-0.0620,0.3813,6.53,-17.94,-4.46,-5.41,-57.11,-53.64
43.803412,0.7759,-0.0283,0.3657,3.91,-15.62,-1.65,-5.24,-57.44,-53.72
43.803412,0.8491,-0.0220,0.3662,0.85,-18.07,2.62,-5.26,-57.77,-53.65
43.833710,0.9331,-0.0293,0.3896,-0.61,-15.56,4.39,-5.44,-58.11,-53.45
43.833710,0.9414,-0.0195,0.4097,-0.43,-8.42,2.50,-5.60,-58.34,-53.27
43.863378,0.9102,-0.0200,0.4268,0.24,-1.28,-1.28,-5.64,-58.43,-53.23
43.863378,0.8696,-0.0269,0.4326,0.92,4.03,-4.09,-5.53,-58.39,-53.35
43.923385,0.8364,-0.0352,0.4355,-0.31,2.62,-3.60,-5.38,-58.32,-53.52
43.923385,0.8521,-0.0229,0.4551,-2.56,-0.37,-1.40,-5.33,-58.30,-53.61
43.953400,0.8838,-0.0386,0.4727,-3.60,1.10,-1.46,-5.36,-58.30,-53.66
43.953400,0.8721,-0.0322,0.4712,-3.78,2.81,-2.62,-5.37,-58.26,-53.75
43.983415,0.8647,-0.0415,0.4688,-4.03,2.75,-3.78,-5.33,-58.20,-53.88
43.983415,0.8823,-0.0469,0.4600,-3.85,2.87,-4.46,-5.28,-58.15,-54.05
44.044186,0.8740,-0.0469,0.4512,-3.17,2.75,-4.21,-5.20,-58.09,-54.22
44.044186,0.8696,-0.0483,0.4541,-2.99,1.77,-2.87,-5.14,-58.05,-54.37
44.073343,0.8491,-0.0591,0.4478,-2.93,0.92,-1.53,-5.14,-58.02,-54.44
44.073343,0.8604,-0.0581,0.4502,-2.56,1.16,-1.04,-5.15,-58.01,-54.49
44.103381,0.8765,-0.0635,0.4565,-3.23,1.59,-0.37,-5.19,-57.97,-54.53
44.103381,0.8887,-0.0708,0.4453,-3.60,3.72,-0.24,-5.25,-57.93,-54.54
44.163456,0.8418,-0.0796,0.4199,-3.36,4.39,-0.31,-5.31,-57.84,-54.56
44.163456,0.8628,-0.0820,0.4224,-3.05,5.19,0.00,-5.36,-57.74,-54.57
44.194200,0.8521,-0.0845,0.4204,-2.38,8.00,0.31,-5.41,-57.61,-54.58
44.194200,0.7910,-0.0679,0.4033,-1.77,7.57,1.04,-5.46,-57.45,-54.57
44.253363,0.7485,-0.0625,0.4014,-1.16,4.64,2.50,-5.54,-57.32,-54.52
44.253363,0.7114,-0.0518,0.4072,0.06,2.69,3.30,-5.65,-57.25,-54.41
44.283381,0.6987,-0.0400,0.4106,2.44,3.54,2.38,-5.72,-57.18,-54.31
44.283381,0.7119,-0.0229,0.4185,4.27,5.74,0.06,-5.68,-57.10,-54.27
44.344242,0.7168,-0.0195,0.4155,5.31,10.68,-2.99,-5.52,-56.93,-54.34
44.344242,0.6592,-0.0049,0.3979,4.03,13.06,-5.55,-5.26,-56.69,-54.54
44.373337,0.5908,0.0073,0.3726,0.98,11.66,-6.71,-5.00,-56.45,-54.80
44.373337,0.5317,0.0073,0.3643,-1.71,9.58,-7.69,-4.77,-56.24,-55.09
44.433786,0.4624,0.0117,0.3481,-3.30,6.47,-7.69,-4.58,-56.09,-55.39
44.433786,0.4434,0.0029,0.3232,-3.60,1.40,-6.84,-4.42,-56.02,-55.67
44.436003,0.5122,-0.0063,0.3110,-2.99,-2.75,-4.88,-4.32,-56.05,-55.88
44.436003,0.6548,-0.0215,0.3218,-1.71,-1.22,-3.05,-4.26,-56.10,-56.01
44.496281,0.7241,-0.0171,0.3184,-0.49,5.98,-2.08,-4.20,-56.06,-56.10
44.496281,0.6929,-0.0137,0.3022,0.31,14.53,-1.59,-4.14,-55.85,-56.19
44.523353,0.6841,-0.0190,0.3169,0.49,22.64,-1.65,-4.05,-55.48,-56.28
44.523353,0.7520,-0.0420,0.3516,-0.12,32.59,-1.77,-3.97,-54.93,-56.39
44.553422,0.7720,-0.0469,0.3628,-1.40,43.33,-2.56,-3.88,-54.16,-56.52
44.553422,0.7271,-0.0488,0.3647,-3.30,48.58,-3.23,-3.79,-53.23,-56.69
44.613541,0.7134,-0.0264,0.3965,-4.88,48.28,-2.87,-3.74,-52.26,-56.87
44.613541,0.7188,-0.0298,0.4727,-4.88,45.41,-1.77,-3.74,-51.32,-57.00
44.644444,0.7773,-0.0562,0.5698,-2.81,43.76,-0.31,-3.75,-50.44,-57.10
44.644444,0.7905,-0.0674,0.6611,0.98,45.53,1.53,-3.75,-49.55,-57.13
44.673420,0.7500,-0.0791,0.7139,4.70,47.18,3.11,-3.70,-48.63,-57.12
44.673420,0.7188,-0.0811,0.7441,6.53,46.51,4.33,-3.64,-47.68,-57.06
44.734067,0.6846,-0.0659,0.7617,6.71,45.53,4.33,-3.57,-46.76,-56.97
44.734067,0.6729,-0.0532,0.7896,6.04,44.80,1.83,-3.47,-45.85,-56.93
44.763487,0.6543,-0.0571,0.8159,3.97,40.83,-0.24,-3.36,-44.99,-56.96
44.763487,0.6406,-0.0435,0.8247,1.46,33.45,-0.24,-3.27,-44.25,-57.00
44.794483,0.6216,-0.0088,0.8174,1.10,24.23,0.43,-3.24,-43.68,-57.03
44.794483,0.6416,-0.0107,0.8154,3.23,15.56,1.16,-3.21,-43.29,-57.02
44.853334,0.6865,-0.0347,0.8379,5.62,8.67,2.14,-3.14,-43.06,-56.99
44.853334,0.7446,-0.0596,0.8433,6.23,5.19,1.71,-3.07,-42.92,-56.94
44.883355,0.7861,-0.0684,0.8555,6.90,8.67,-2.08,-2.93,-42.80,-56.94
44.883355,0.8032,-0.0752,0.8799,7.75,15.08,-6.35,-2.70,-42.56,-57.07
44.913440,0.8105,-0.0151,0.9316,7.63,19.47,-6.10,-2.41,-42.20,-57.27
44.913440,0.7583,0.0239,0.9487,6.23,19.29,-1.59,-2.19,-41.81,-57.39
44.973372,0.6870,0.0127,0.9419,3.85,13.37,3.36,-2.11,-41.48,-57.36
44.973372,0.6904,-0.0059,0.9424,2.32,8.61,3.85,-2.13,-41.27,-57.26
45.003360,0.7661,0.0015,0.9604,2.32,9.52,0.92,-2.13,-41.10,-57.19
45.003360,0.8149,0.0083,1.0049,1.65,12.82,0.43,-2.09,-40.86,-57.19
45.033686,0.8047,-0.0093,1.0234,-0.85,14.53,3.11,-2.11,-40.59,-57.15
45.033686,0.7451,-0.0327,1.0215,-4.21,13.85,3.91,-2.24,-40.30,-57.05
45.095308,0.7354,-0.0352,1.0361,-7.26,12.57,1.71,-2.41,-40.03,-56.98
45.095308,0.8403,0.0039,1.0957,-8.79,14.59,-2.14,-2.57,-39.77,-56.99
45.123413,0.8872,0.0166,1.1323,-8.97,18.62,-3.42,-2.69,-39.43,-57.08
45.123413,0.8086,-0.0112,1.1392,-7.69,18.01,-1.10,-2.81,-39.05,-57.16
45.153400,0.7456,-0.0308,1.1396,-5.37,8.61,4.03,-2.97,-38.78,-57.12
45.153400,0.7871,-0.0430,1.1528,-1.83,0.00,7.63,-3.14,-38.70,-56.96
45.213473,0.8198,-0.0752,1.1528,2.01,-3.42,6.04,-3.26,-38.74,-56.77
45.213473,0.8184,-0.0605,1.1538,3.23,-5.07,3.05,-3.27,-38.82,-56.66
45.244262,0.8203,-0.0679,1.1460,1.10,-8.12,1.59,-3.27,-38.95,-56.59
45.244262,0.8345,-0.0776,1.1270,-0.18,-9.03,-0.24,-3.29,-39.13,-56.56
45.273435,0.8423,-0.0747,1.1099,1.04,-8.85,-1.40,-3.27,-39.30,-56.58
45.273435,0.8467,-0.0586,1.0981,3.91,-9.34,-0.37,-3.21,-39.48,-56.60
45.333693,0.8335,-0.0420,1.0889,7.20,-10.86,1.77,-3.12,-39.68,-56.57
45.333693,0.8022,-0.0356,1.0674,8.67,-16.24,5.62,-3.03,-39.94,-56.46
45.363448,0.8315,-0.0469,1.0522,8.91,-20.94,7.51,-2.98,-40.33,-56.26
45.363448,0.8218,-0.0449,1.0278,9.64,-19.90,5.74,-2.93,-40.73,-56.06
45.394368,0.7944,-0.0410,1.0068,8.36,-20.14,3.85,-2.84,-41.12,-55.93
45.394368,0.7817,-0.0376,0.9727,7.02,-21.00,3.91,-2.77,-41.53,-55.81
45.453389,0.7598,-0.0347,0.9390,6.41,-22.46,5.07,-2.72,-41.95,-55.67
45.453389,0.7700,-0.0234,0.9102,4.46,-27.34,7.87,-2.75,-42.45,-55.47
45.483405,0.7915,-0.0234,0.8892,3.17,-27.40,8.06,-2.85,-43.00,-55.22
45.483405,0.7739,-0.0308,0.8608,2.93,-22.89,4.15,-2.93,-43.50,-55.03
45.513499,0.7202,-0.0312,0.8208,2.44,-21.06,0.61,-2.93,-43.93,-54.94
45.513499,0.7310,-0.0293,0.7988,1.95,-21.18,-0.98,-2.89,-44.35,-54.94
45.573345,0.7378,-0.0420,0.7720,1.77,-21.12,-0.06,-2.85,-44.76,-54.94
45.573345,0.7368,-0.0620,0.7505,0.98,-23.86,2.69,-2.87,-45.21,-54.88
45.603374,0.7334,-0.0430,0.7500,0.31,-24.11,3.91,-2.94,-45.69,-54.76
45.603374,0.7051,-0.0259,0.7432,-1.65,-22.89,3.17,-3.05,-46.16,-54.63
45.693551,0.7275,-0.0132,0.7192,-4.52,-19.90,-0.92,-3.16,-46.59,-54.56
45.693551,0.7803,-0.0283,0.6904,-6.35,-9.64,-8.85,-3.18,-46.89,-54.70
45.697547,0.8203,-0.0503,0.6611,-8.18,4.46,-15.01,-3.05,-46.93,-55.06
45.697547,0.7451,-0.0591,0.6372,-10.93,11.47,-14.40,-2.90,-46.76,-55.52
45.723387,0.6729,-0.0186,0.6138,-13.18,8.79,-7.26,-2.91,-46.55,-55.85
45.723387,0.6367,-0.0015,0.5728,-12.15,3.11,0.61,-3.10,-46.43,-55.94
45.783411,0.6094,-0.0210,0.5381,-7.93,-3.97,4.70,-3.38,-46.44,-55.84
45.783411,0.6357,-0.0254,0.5366,-4.39,-9.03,4.27,-3.61,-46.58,-55.68
45.813508,0.5977,-0.0332,0.5132,-1.22,-7.87,0.31,-3.74,-46.75,-55.60
45.813508,0.4917,-0.0508,0.4771,2.38,-7.75,-4.64,-3.67,-46.90,-55.66
45.843367,0.4502,-0.0444,0.4780,4.88,-10.93,-6.35,-3.48,-47.09,-55.82
45.843367,0.4312,-0.0288,0.4863,5.07,-15.93,-3.05,-3.28,-47.36,-55.95
45.903422,0.3984,-0.0273,0.4663,4.27,-23.32,2.01,-3.19,-47.75,-55.94
45.903422,0.4121,-0.0229,0.4497,2.20,-32.96,6.35,-3.25,-48.31,-55.78
45.933750,0.4321,-0.0244,0.4287,2.01,-36.50,6.71,-3.41,-49.02,-55.52
45.933750,0.3608,0.0000,0.3945,3.66,-35.95,3.48,-3.51,-49.74,-55.32
45.993395,0.3267,0.0210,0.3618,3.60,-39.31,0.06,-3.51,-50.48,-55.23
45.993395,0.4438,0.0205,0.3696,1.77,-42.60,-1.89,-3.47,-51.30,-55.22
46.023403,0.5430,0.0073,0.3765,-0.31,-42.18,-2.50,-3.43,-52.15,-55.24
46.023403,0.6235,0.0137,0.3770,-1.53,-38.21,-2.62,-3.43,-52.96,-55.28
46.053393,0.6816,0.0137,0.3735,-1.89,-32.84,-2.14,-3.43,-53.66,-55.32
46.053393,0.7729,0.0010,0.3823,-2.56,-28.26,-0.55,-3.47,-54.27,-55.33
46.083395,0.8677,-0.0010,0.4009,-3.85,-22.40,0.85,-3.58,-54.77,-55.29
46.083395,0.9395,-0.0059,0.4272,-5.19,-15.99,1.95,-3.74,-55.15,-55.21
46.143665,0.9233,-0.0112,0.4409,-5.86,-9.22,2.32,-3.93,-55.39,-55.11
46.143665,0.8755,-0.0142,0.4453,-6.29,-4.94,1.71,-4.13,-55.52,-55.03
46.173441,0.8071,-0.0073,0.4429,-6.84,-4.15,0.61,-4.31,-55.60,-54.98
46.173441,0.7998,-0.0269,0.4497,-7.57,-6.47,-1.34,-4.45,-55.71,-54.98
46.203415,0.8433,-0.0361,0.4536,-6.53,-6.90,-3.91,-4.53,-55.85,-55.07
46.203415,0.8711,-0.0420,0.4707,-3.78,-4.52,-6.29,-4.48,-55.97,-55.25
46.263449,0.8760,-0.0439,0.4814,-1.40,-2.75,-6.71,-4.34,-56.05,-55.48
46.263449,0.8638,-0.0420,0.4858,-0.37,-1.46,-5.49,-4.17,-56.09,-55.71
46.293364,0.8604,-0.0322,0.4863,-0.18,-0.61,-3.72,-4.04,-56.12,-55.87
46.293364,0.8369,-0.0439,0.4888,-0.06,0.31,-2.87,-3.95,-56.12,-55.99
46.323348,0.8545,-0.0352,0.5127,-0.67,0.55,-2.08,-3.88,-56.11,-56.08
46.323348,0.8535,-0.0249,0.5259,-1.83,1.65,-0.61,-3.87,-56.09,-56.13
46.383403,0.8154,-0.0181,0.5073,-2.62,1.22,0.79,-3.93,-56.06,-56.12
46.383403,0.8047,-0.0337,0.4922,-2.44,-0.49,1.04,-4.02,-56.05,-56.09
46.417316,0.8799,-0.0391,0.5161,-2.32,-0.55,1.22,-4.10,-56.06,-56.04
46.417316,0.8809,-0.0371,0.5244,-2.14,2.87,0.73,-4.18,-56.04,-56.00
46.443131,0.8271,-0.0488,0.5190,-1.46,5.92,-0.37,-4.22,-55.95,-56.00
46.443131,0.7866,-0.0532,0.5171,-0.55,7.45,-1.46,-4.20,-55.81,-56.05
46.503397,0.8052,-0.0547,0.5171,-0.49,7.14,-1.28,-4.16,-55.66,-56.12
46.503397,0.8228,-0.0605,0.5063,-0.79,7.14,-0.67,-4.14,-55.52,-56.16
46.533687,0.7866,-0.0586,0.4834,-0.85,6.29,-0.98,-4.13,-55.39,-56.20
46.533687,0.7305,-0.0522,0.4644,-0.73,4.82,-1.95,-4.10,-55.27,-56.26
46.563946,0.6626,-0.0435,0.4409,-1.10,2.01,-2.62,-4.04,-55.21,-56.35
46.563946,0.5801,-0.0479,0.4067,-1.22,-0.61,-3.23,-3.98,-55.20,-56.46
46.623346,0.5054,-0.0508,0.3726,-1.10,-4.58,-3.11,-3.92,-55.25,-56.57
46.623346,0.5254,-0.0342,0.3545,-0.12,-6.04,-1.10,-3.88,-55.36,-56.63
46.653422,0.6021,-0.0239,0.3423,0.24,-5.92,1.89,-3.91,-55.48,-56.61
46.653422,0.6943,-0.0166,0.3159,0.49,-2.20,3.05,-3.99,-55.57,-56.49
46.683417,0.6909,-0.0356,0.2852,2.32,6.35,-0.85,-4.01,-55.53,-56.45
46.683417,0.5791,-0.0337,0.2676,4.27,12.94,-6.53,-3.81,-55.32,-56.61
46.743415,0.5107,-0.0098,0.2959,4.76,13.06,-8.67,-3.47,-55.06,-56.92
46.743415,0.5059,0.0059,0.3389,4.64,9.70,-5.92,-3.15,-54.84,-57.19
46.773490,0.5352,0.0015,0.3403,4.88,8.67,-3.23,-2.92,-54.67,-57.35
46.773490,0.5083,-0.0029,0.3120,5.86,9.16,-3.42,-2.72,-54.49,-57.47
46.803480,0.5557,0.0078,0.3193,5.86,7.14,-5.43,-2.47,-54.33,-57.64
46.803480,0.7300,0.0234,0.3892,3.42,7.08,-7.26,-2.20,-54.20,-57.86
46.863344,0.8530,-0.0039,0.4590,0.92,16.30,-8.48,-1.93,-53.98,-58.15
46.863344,0.8164,-0.0552,0.5005,-0.55,27.04,-7.57,-1.69,-53.53,-58.45
46.893388,0.7583,-0.0630,0.5381,-3.11,30.15,-3.42,-1.58,-52.95,-58.64
46.893388,0.7397,-0.0190,0.5708,-6.65,29.91,1.40,-1.66,-52.34,-58.67
46.923724,0.7764,-0.0024,0.6157,-9.52,26.61,3.85,-1.91,-51.78,-58.58
46.923724,0.8662,-0.0195,0.6802,-9.64,25.45,3.36,-2.20,-51.27,-58.46
46.983418,0.9043,-0.0435,0.7104,-7.69,29.36,1.89,-2.43,-50.72,-58.40
46.983418,0.8145,-0.0605,0.6958,-5.62,31.43,0.31,-2.58,-50.10,-58.38
47.013405,0.6899,-0.0479,0.6797,-3.60,27.47,-0.98,-2.65,-49.51,-58.42
47.013405,0.6724,-0.0474,0.7002,-2.08,20.20,-1.10,-2.66,-49.04,-58.47
47.073425,0.7192,-0.0474,0.7227,-1.22,14.65,0.24,-2.68,-48.70,-58.50
47.073425,0.7378,-0.0474,0.7153,-0.43,9.64,1.89,-2.72,-48.46,-58.47
47.103384,0.8003,-0.0532,0.7119,1.34,7.26,2.75,-2.78,-48.30,-58.40
47.103384,0.8574,-0.0894,0.7188,4.46,9.52,2.56,-2.78,-48.13,-58.33
47.133721,0.8804,-0.0967,0.7212,6.65,12.02,3.54,-2.73,-47.92,-58.24
47.133721,0.8330,-0.0918,0.7236,8.85,13.98,4.82,-2.67,-47.65,-58.12
47.193368,0.7539,-0.0913,0.7275,10.93,15.56,6.04,-2.59,-47.35,-57.97
47.193368,0.7134,-0.0884,0.7212,10.44,14.16,6.10,-2.51,-47.05,-57.79
47.223386,0.7700,-0.0352,0.7593,8.97,15.75,2.26,-2.41,-46.76,-57.67
47.223386,0.8770,0.0063,0.8232,7.75,22.03,-3.23,-2.23,-46.39,-57.69
47.253738,0.9131,0.0195,0.8687,8.24,31.80,-7.87,-1.94,-45.84,-57.88
47.253738,0.8188,0.0220,0.8789,9.16,34.18,-9.16,-1.58,-45.16,-58.15
47.313347,0.7456,0.0469,0.8960,9.58,27.71,-6.65,-1.24,-44.54,-58.37
47.313347,0.7388,0.0908,0.9263,8.79,20.26,-4.82,-0.94,-44.07,-58.52
47.343490,0.7695,0.1025,0.9697,6.71,16.78,-5.92,-0.69,-43.70,-58.66
47.343490,0.7754,0.0610,0.9937,4.39,18.80,-10.38,-0.43,-43.35,-58.89
47.373381,0.7529,0.0542,1.0073,0.61,17.52,-11.96,-0.16,-42.97,-59.21
47.373381,0.8394,0.0410,1.0435,-5.31,13.61,-9.22,-0.01,-42.66,-59.50
47.433729,0.8945,0.0352,1.0649,-9.64,13.43,-5.00,-0.04,-42.39,-59.68
47.433729,0.9141,0.0098,1.0713,-10.68,15.75,-1.95,-0.20,-42.09,-59.77
47.463425,0.8696,0.0068,1.0771,-9.22,18.01,0.55,-0.40,-41.74,-59.78
47.463425,0.8394,0.0049,1.0991,-8.73,14.47,4.46,-0.63,-41.41,-59.69
47.493328,0.8389,0.0093,1.1323,-9.16,9.52,6.59,-0.92,-41.18,-59.53
47.493328,0.8076,0.0015,1.1235,-9.46,4.46,5.25,-1.22,-41.04,-59.36
47.553168,0.7910,-0.0234,1.1094,-7.45,-1.59,0.73,-1.45,-41.01,-59.29
47.553168,0.8242,-0.0444,1.1001,-4.52,-7.81,-1.59,-1.55,-41.11,-59.30
47.583513,0.8555,-0.0576,1.0879,-1.28,-12.76,-0.85,-1.59,-41.31,-59.34
47.583513,0.8711,-0.0596,1.0703,0.98,-18.01,1.59,-1.60,-41.63,-59.33
47.613732,0.8936,-0.0552,1.0640,3.11,-20.45,3.17,-1.61,-42.02,-59.25
47.613732,0.8989,-0.0361,1.0479,5.55,-20.02,2.56,-1.59,-42.42,-59.17
47.673420,0.8872,-0.0200,1.0371,7.75,-18.74,0.92,-1.48,-42.81,-59.12
47.673420,0.8691,-0.0103,1.0264,9.03,-17.88,0.37,-1.33,-43.17,-59.10
47.703422,0.8257,0.0005,1.0024,8.18,-20.45,1.77,-1.18,-43.54,-59.07
47.703422,0.8301,0.0073,0.9775,6.29,-23.13,3.11,-1.08,-43.98,-59.00
47.733828,0.8188,0.0122,0.9404,3.30,-25.51,3.72,-1.05,-44.47,-58.90
47.733828,0.8164,0.0156,0.9077,0.12,-26.67,3.97,-1.10,-44.99,-58.79
47.793441,0.8062,0.0151,0.8735,-2.62,-27.83,3.78,-1.21,-45.54,-58.68
47.793441,0.8306,0.0063,0.8438,-4.46,-27.77,3.23,-1.36,-46.09,-58.57
47.823333,0.8633,0.0034,0.8179,-5.43,-26.61,2.38,-1.52,-46.63,-58.49
47.823333,0.8691,-0.0107,0.7935,-5.37,-25.27,2.20,-1.69,-47.15,-58.42
47.853396,0.8521,-0.0288,0.7676,-4.27,-23.68,2.99,-1.85,-47.64,-58.33
47.853396,0.8433,-0.0415,0.7456,-3.11,-22.16,3.97,-2.01,-48.09,-58.22
47.913876,0.8477,-0.0371,0.7290,-3.42,-22.28,4.58,-2.19,-48.53,-58.07
47.913876,0.8335,-0.0400,0.7095,-3.30,-19.23,2.38,-2.35,-48.94,-57.94
47.943525,0.8452,-0.0527,0.7036,-2.62,-12.63,-0.73,-2.43,-49.26,-57.91
47.943525,0.8506,-0.0601,0.7021,-2.75,-5.25,-1.40,-2.46,-49.43,-57.94
47.973375,0.7939,-0.0347,0.6860,-2.75,0.00,-1.83,-2.49,-49.48,-57.99
47.973375,0.7251,-0.0464,0.6548,-2.26,3.66,-3.23,-2.48,-49.43,-58.07
48.033801,0.6499,-0.0659,0.6152,-1.40,2.50,-2.81,-2.43,-49.36,-58.17
48.033801,0.6045,-0.0503,0.5693,-0.18,-4.76,1.89,-2.44,-49.37,-58.18
48.063943,0.5908,-0.0254,0.5322,0.73,-14.16,7.57,-2.57,-49.57,-58.01
48.063943,0.6094,-0.0225,0.4907,1.46,-20.26,9.58,-2.77,-49.92,-57.71
48.093361,0.6572,-0.0225,0.4790,2.20,-18.49,6.23,-2.96,-50.31,-57.43
48.093361,0.6392,-0.0293,0.4634,3.05,-10.62,-0.18,-2.99,-50.60,-57.32
48.153476,0.5557,-0.0464,0.4434,3.85,-4.27,-4.88,-2.85,-50.73,-57.40
48.153476,0.4858,-0.0361,0.4243,5.07,-1.16,-5.80,-2.63,-50.78,-57.58
48.183843,0.4131,-0.0186,0.3906,5.86,-2.50,-1.77,-2.41,-50.80,-57.71
48.183843,0.3945,0.0254,0.3716,2.75,-12.70,4.70,-2.37,-50.95,-57.64
48.214225,0.3882,0.0181,0.3652,-1.28,-21.24,7.39,-2.55,-51.30,-57.41
48.214225,0.3301,-0.0073,0.3564,-2.44,-23.01,4.27,-2.77,-51.75,-57.19
48.273399,0.2417,0.0073,0.3291,-0.98,-23.93,0.24,-2.87,-52.21,-57.11
48.273399,0.2295,0.0137,0.3022,0.43,-31.68,0.67,-2.90,-52.75,-57.08
48.303426,0.3804,0.0000,0.3062,0.12,-42.60,5.68,-3.01,-53.50,-56.94
48.303426,0.6245,0.0000,0.3335,-1.10,-46.57,10.93,-3.31,-54.40,-56.59
48.364355,0.8325,0.0059,0.3452,-0.98,-39.25,11.66,-3.73,-55.26,-56.12
48.364355,0.9370,0.0039,0.3472,0.37,-25.39,8.18,-4.08,-55.89,-55.71
48.394552,0.9590,-0.0098,0.3687,0.98,-11.23,3.85,-4.27,-56.23,-55.46
48.394552,0.9087,-0.0254,0.4048,-0.67,-4.46,1.83,-4.36,-56.37,-55.35
48.423431,0.8877,-0.0200,0.4453,-3.30,-0.67,1.46,-4.46,-56.40,-55.28
48.423431,0.8628,-0.0171,0.4683,-5.49,1.95,0.61,-4.59,-56.38,-55.24
48.483450,0.8154,-0.0146,0.4805,-6.96,1.16,0.37,-4.73,-56.34,-55.23
48.483450,0.7817,-0.0493,0.4951,-7.20,-1.59,-0.06,-4.88,-56.35,-55.22
48.513202,0.7944,-0.0605,0.5059,-5.55,-3.97,-0.55,-5.02,-56.41,-55.23
48.513202,0.8057,-0.0547,0.5112,-3.17,-5.07,-0.55,-5.09,-56.50,-55.24
48.543341,0.8423,-0.0547,0.4976,-1.71,-8.30,0.06,-5.15,-56.63,-55.23
48.543341,0.9019,-0.0464,0.4917,-0.85,-9.28,-0.24,-5.20,-56.81,-55.21
48.603389,0.8950,-0.0527,0.4888,-0.24,-7.08,-2.01,-5.20,-56.98,-55.23
48.603389,0.8706,-0.0566,0.4980,-0.06,-4.39,-3.66,-5.12,-57.09,-55.33
48.634920,0.8008,-0.0435,0.4902,0.06,-3.17,-4.33,-5.00,-57.16,-55.48
48.634920,0.7959,-0.0488,0.4937,-0.55,-5.43,-3.48,-4.88,-57.25,-55.62
48.664532,0.8330,-0.0322,0.5000,-2.56,-9.22,-0.67,-4.87,-57.40,-55.68
48.664532,0.8979,-0.0464,0.5054,-3.23,-7.08,0.37,-4.95,-57.58,-55.65
48.723405,0.8965,-0.0479,0.4980,-3.30,-2.75,0.00,-5.04,-57.67,-55.63
48.723405,0.8804,-0.0425,0.4946,-3.78,-0.24,-0.18,-5.11,-57.69,-55.63
48.753382,0.8540,-0.0410,0.4917,-3.60,1.40,-0.79,-5.18,-57.68,-55.65
48.753382,0.8711,-0.0493,0.4990,-3.48,2.87,-1.34,-5.21,-57.63,-55.70
48.783376,0.8682,-0.0518,0.4927,-2.75,4.46,-1.83,-5.22,-57.56,-55.77
48.783376,0.8564,-0.0459,0.4995,-2.75,4.33,-1.53,-5.21,-57.47,-55.85
48.843388,0.8257,-0.0469,0.4863,-3.72,2.56,-0.43,-5.24,-57.40,-55.89
48.843388,0.8057,-0.0518,0.4644,-3.91,0.24,-0.12,-5.32,-57.38,-55.90
48.873440,0.8262,-0.0469,0.4507,-3.48,-0.79,-0.55,-5.38,-57.38,-55.91
48.873440,0.8237,-0.0386,0.4209,-2.75,-0.43,-0.98,-5.43,-57.40,-55.93
48.903406,0.7900,-0.0498,0.3936,-1.83,-0.31,-1.59,-5.44,-57.40,-55.98
48.903406,0.7622,-0.0464,0.3853,-1.59,-0.98,-1.40,-5.42,-57.42,-56.04
48.964845,0.7422,-0.0488,0.3867,-1.83,-0.18,-0.24,-5.44,-57.44,-56.07
48.964845,0.7251,-0.0410,0.3823,-2.20,2.38,0.67,-5.49,-57.41,-56.06
48.993393,0.6924,-0.0337,0.3589,-2.50,6.71,0.43,-5.55,-57.32,-56.05
48.993393,0.6509,-0.0220,0.3428,-2.69,11.78,-1.04,-5.58,-57.13,-56.08
49.023383,0.5894,-0.0112,0.3135,-3.66,14.04,-1.34,-5.57,-56.87,-56.17
49.023383,0.5195,0.0078,0.2642,-5.07,10.07,-0.37,-5.61,-56.62,-56.23
49.083437,0.4868,0.0020,0.2251,-4.70,6.04,-0.49,-5.69,-56.47,-56.27
49.083437,0.4912,-0.0166,0.2412,-2.75,7.08,-1.65,-5.72,-56.35,-56.33
49.114763,0.5078,-0.0381,0.2734,-1.34,12.15,-1.40,-5.69,-56.17,-56.41
49.114763,0.5190,-0.0381,0.2861,-0.73,19.10,-0.43,-5.65,-55.85,-56.49
49.143363,0.5415,-0.0220,0.2725,-1.59,24.29,-0.12,-5.62,-55.40,-56.56
49.143363,0.5708,-0.0435,0.2808,-2.81,23.86,0.00,-5.61,-54.92,-56.63
49.203395,0.6250,-0.0503,0.3291,-1.65,25.15,0.00,-5.61,-54.43,-56.69
49.203395,0.6133,-0.0054,0.3687,0.00,28.81,0.18,-5.58,-53.89,-56.76
49.233699,0.5903,-0.0107,0.4287,-1.59,26.43,2.20,-5.56,-53.33,-56.79
49.233699,0.6841,-0.0767,0.4829,-4.21,26.18,3.11,-5.66,-52.81,-56.76
49.265050,0.7070,-0.0879,0.5200,-3.85,33.08,0.85,-5.75,-52.21,-56.76
49.265050,0.7344,-0.0771,0.5518,-3.54,35.95,-0.24,-5.76,-51.51,-56.85
49.323103,0.8223,-0.0903,0.6094,-2.81,38.57,0.12,-5.76,-50.78,-56.94
49.323103,0.8340,-0.1123,0.6562,0.55,45.04,-0.73,-5.71,-49.95,-57.05
49.353431,0.7993,-0.1201,0.6968,3.91,50.72,-2.44,-5.54,-48.99,-57.21
49.353431,0.7480,-0.0981,0.7495,3.11,50.42,-2.75,-5.32,-47.98,-57.41
49.383497,0.7441,-0.0894,0.7842,-1.34,44.01,-1.16,-5.19,-47.04,-57.56
49.383497,0.8008,-0.1113,0.8154,-4.15,41.26,-1.40,-5.17,-46.20,-57.68
49.443450,0.7920,-0.1152,0.8164,-3.42,43.52,-3.11,-5.15,-45.36,-57.83
49.443450,0.7227,-0.1143,0.8188,0.61,42.79,-5.07,-5.04,-44.50,-58.02
49.473788,0.6943,-0.0859,0.8345,5.19,38.27,-5.55,-4.82,-43.70,-58.26
49.473788,0.6865,-0.0591,0.8628,8.06,31.86,-4.21,-4.55,-43.01,-58.45
49.503772,0.6909,-0.0547,0.8823,9.70,26.86,-4.03,-4.27,-42.43,-58.60
49.503772,0.6924,-0.0571,0.8979,11.11,25.15,-6.16,-3.96,-41.92,-58.77
49.563345,0.7129,-0.0264,0.9185,11.23,24.17,-8.61,-3.57,-41.43,-59.00
49.563345,0.7480,-0.0088,0.9556,9.03,22.95,-8.73,-3.20,-40.97,-59.26
49.593357,0.7290,-0.0220,0.9717,6.41,23.13,-8.12,-2.88,-40.51,-59.51
49.593357,0.6782,-0.0024,0.9727,3.97,20.57,-7.14,-2.64,-40.08,-59.73
49.623365,0.6782,0.0337,0.9961,0.73,16.97,-6.41,-2.48,-39.70,-59.91
49.623365,0.7524,0.0410,1.0342,-1.46,17.58,-6.35,-2.38,-39.37,-60.09
49.683445,0.7803,0.0054,1.0493,-1.53,21.91,-6.90,-2.30,-38.97,-60.28
49.683445,0.6934,-0.0073,1.0239,-2.99,21.85,-5.25,-2.23,-38.52,-60.45
49.713446,0.6377,-0.0088,1.0195,-7.75,13.31,-1.16,-2.28,-38.17,-60.54
49.713446,0.6895,-0.0210,1.0400,-12.15,6.90,1.28,-2.49,-37.98,-60.53
49.743406,0.7437,-0.0264,1.0508,-12.39,8.54,0.12,-2.76,-37.84,-60.51
49.743406,0.7310,-0.0347,1.0410,-10.62,10.38,-1.46,-2.98,-37.64,-60.54
49.803405,0.7754,-0.0396,1.0845,-8.54,11.54,-1.83,-3.14,-37.41,-60.60
49.803405,0.7998,-0.0518,1.1211,-5.92,13.12,-1.34,-3.26,-37.17,-60.64
49.833711,0.7686,-0.0571,1.1348,-2.69,12.70,0.12,-3.32,-36.90,-60.67
49.833711,0.7773,-0.0664,1.1665,-0.37,9.28,2.32,-3.37,-36.68,-60.65
49.893389,0.8252,-0.0615,1.2007,1.04,8.79,4.03,-3.41,-36.50,-60.57
49.893389,0.8003,-0.0435,1.2051,1.71,9.09,3.72,-3.44,-36.32,-60.47
49.923420,0.7188,-0.0303,1.1851,1.83,5.98,0.49,-3.43,-36.15,-60.42
49.923420,0.7061,-0.0337,1.1909,1.77,-1.40,-3.05,-3.37,-36.10,-60.46
49.953419,0.7686,-0.0410,1.1948,2.75,-6.10,-4.58,-3.27,-36.19,-60.56
49.953419,0.7603,-0.0493,1.1685,4.46,-10.01,-2.75,-3.15,-36.35,-60.65
50.013619,0.7910,-0.0596,1.1616,5.07,-14.04,2.08,-3.05,-36.60,-60.65
50.013619,0.8052,-0.0396,1.1646,2.81,-18.07,7.26,-3.05,-36.91,-60.51
50.043368,0.8076,-0.0332,1.1538,0.67,-19.04,8.18,-3.16,-37.29,-60.28
50.043368,0.7759,-0.0459,1.1206,0.24,-15.14,5.07,-3.27,-37.62,-60.10
50.073345,0.7100,-0.0469,1.0776,-0.43,-14.65,2.14,-3.33,-37.91,-60.00
50.073345,0.7231,-0.0557,1.0610,-1.53,-16.24,2.20,-3.39,-38.22,-59.93
50.133704,0.7090,-0.0518,1.0190,-3.17,-20.14,5.92,-3.52,-38.57,-59.81
50.133704,0.6997,-0.0483,0.9766,-4.88,-26.43,10.25,-3.76,-39.03,-59.56
50.163367,0.7466,-0.0615,0.9414,-5.37,-29.05,10.93,-4.07,-39.58,-59.24
50.163367,0.7930,-0.0845,0.9351,-4.82,-25.88,7.02,-4.36,-40.12,-58.96
50.193535,0.7544,-0.0605,0.9004,-3.48,-17.76,1.40,-4.53,-40.55,-58.82
50.193535,0.6274,-0.0596,0.8613,-3.97,-18.80,-2.01,-4.61,-40.89,-58.81
50.253510,0.6343,-0.0952,0.8599,-5.43,-25.27,-2.32,-4.69,-41.34,-58.83
50.253510,0.6611,-0.0918,0.8496,-6.23,-29.48,-0.55,-4.81,-41.89,-58.83
50.283493,0.6626,-0.0708,0.8081,-7.26,-35.77,0.92,-4.99,-42.54,-58.76
50.283493,0.7324,-0.0840,0.7695,-7.02,-37.84,-0.79,-5.19,-43.28,-58.68
50.313499,0.7749,-0.0684,0.7197,-6.35,-35.16,-4.09,-5.33,-44.01,-58.68
50.313499,0.7588,-0.0723,0.6729,-5.00,-30.09,-7.20,-5.37,-44.66,-58.78
50.373421,0.7139,-0.0820,0.6245,-2.75,-23.56,-8.85,-5.32,-45.20,-58.96
50.373421,0.6797,-0.0742,0.6060,-1.83,-20.51,-7.20,-5.22,-45.64,-59.14
50.403391,0.6870,-0.0601,0.6025,-2.99,-18.86,-3.42,-5.19,-46.04,-59.25
50.403391,0.6543,-0.0771,0.5889,-4.27,-15.81,-1.77,-5.25,-46.38,-59.28
50.433753,0.5688,-0.0664,0.5483,-2.99,-12.21,-3.23,-5.29,-46.66,-59.33
50.433753,0.5205,-0.0352,0.5010,-2.20,-13.92,-2.87,-5.29,-46.91,-59.39
50.493444,0.5210,-0.0093,0.4492,-4.33,-20.45,0.00,-5.35,-47.26,-59.40
50.493444,0.5435,-0.0215,0.3960,-7.69,-22.89,1.28,-5.54,-47.69,-59.32
50.523438,0.5552,-0.0825,0.3784,-7.14,-15.32,-2.50,-5.72,-48.09,-59.28
50.523438,0.4443,-0.0571,0.3423,-3.97,-1.89,-6.35,-5.74,-48.26,-59.40
50.558119,0.2471,-0.0273,0.3027,-3.42,-1.53,-6.29,-5.65,-48.26,-59.60
50.558119,0.1436,-0.0073,0.3003,-6.47,-14.34,-2.44,-5.66,-48.42,-59.72
50.613353,0.1621,-0.0308,0.3276,-8.54,-26.79,0.31,-5.85,-48.85,-59.68
50.613353,0.2383,-0.0347,0.3364,-6.59,-30.40,-1.16,-6.06,-49.43,-59.61
50.644457,0.3379,-0.0249,0.3188,-3.17,-31.62,-4.27,-6.15,-50.05,-59.62
50.644457,0.4800,-0.0205,0.2871,-1.40,-34.61,-4.70,-6.14,-50.72,-59.69
50.673414,0.7056,-0.0537,0.3071,-2.14,-36.44,-1.46,-6.17,-51.44,-59.69
50.673414,0.9614,-0.0669,0.3706,-3.54,-28.93,3.11,-6.33,-52.10,-59.57
50.733799,1.0815,-0.0840,0.4229,-5.19,-14.10,7.51,-6.62,-52.51,-59.32
50.733799,1.0122,-0.0957,0.4370,-5.98,0.12,9.95,-7.00,-52.62,-59.00
50.763781,0.9292,-0.0464,0.4507,-5.86,8.73,10.62,-7.39,-52.50,-58.66
50.763781,0.8247,-0.0576,0.5161,-5.13,15.69,8.00,-7.73,-52.22,-58.39
50.793383,0.7319,-0.0967,0.5952,-5.37,19.29,2.01,-7.91,-51.85,-58.29
50.793383,0.6001,-0.0830,0.5957,-9.70,17.03,-6.65,-7.94,-51.47,-58.43
50.853421,0.6260,-0.0801,0.6289,-9.52,5.55,-8.91,-7.89,-51.27,-58.73
50.853421,0.7153,-0.0933,0.6265,-7.39,-3.30,-9.52,-7.83,-51.28,-59.02
50.883344,0.8027,-0.0967,0.6240,-4.52,-4.52,-9.22,-7.72,-51.39,-59.31
50.883344,0.8398,-0.0898,0.6226,-4.27,-4.21,-7.51,-7.61,-51.49,-59.57
50.913398,0.8413,-0.1045,0.6284,-5.07,-4.03,-4.64,-7.56,-51.59,-59.75
50.913398,0.8047,-0.0835,0.6123,-4.70,-2.75,-3.23,-7.59,-51.66,-59.85
50.973376,0.7793,-0.0654,0.6348,-3.60,-0.61,-4.27,-7.58,-51.70,-59.96
50.973376,0.7759,-0.0664,0.6597,-4.21,0.37,-5.92,-7.53,-51.71,-60.13
51.003373,0.7349,-0.0654,0.6616,-6.35,-1.46,-6.59,-7.47,-51.72,-60.34
51.003373,0.6948,-0.0630,0.6357,-6.96,-5.86,-8.30,-7.43,-51.81,-60.56
51.033691,0.7207,-0.0469,0.6138,-5.49,-9.40,-10.01,-7.34,-51.99,-60.84
51.033691,0.7690,-0.0444,0.5991,-4.15,-12.15,-8.73,-7.21,-52.22,-61.12
51.093411,0.7974,-0.0474,0.5894,-4.21,-16.11,-5.25,-7.16,-52.51,-61.30
51.093411,0.8228,-0.0591,0.5806,-4.46,-18.31,-1.46,-7.21,-52.87,-61.35
51.124679,0.8223,-0.0718,0.5767,-4.33,-18.19,0.98,-7.35,-53.23,-61.28
51.124679,0.8262,-0.0703,0.5786,-4.09,-16.36,1.59,-7.53,-53.57,-61.17
51.153547,0.7988,-0.0635,0.5698,-3.72,-15.14,0.98,-7.70,-53.88,-61.06
51.153547,0.7876,-0.0654,0.5518,-3.11,-14.89,-0.49,-7.83,-54.17,-61.00
51.213418,0.8174,-0.0645,0.5400,-2.56,-15.20,-1.22,-7.91,-54.48,-60.96
51.213418,0.8682,-0.0898,0.5278,-2.26,-13.55,-1.95,-7.96,-54.77,-60.96
51.243419,0.8989,-0.0845,0.5137,-2.14,-9.77,-3.05,-7.98,-55.00,-61.00
51.243419,0.9102,-0.0996,0.4873,-2.08,-2.44,-4.94,-7.92,-55.13,-61.12
51.303455,0.8999,-0.0908,0.4741,-2.38,2.38,-4.76,-7.82,-55.13,-61.30
51.303455,0.8828,-0.1035,0.4683,-2.62,2.32,-2.01,-7.77,-55.09,-61.43
51.334936,0.8579,-0.1426,0.5190,-2.14,4.58,0.18,-7.79,-55.03,-61.46
51.334936,0.8174,-0.1602,0.4644,2.14,8.67,0.37,-7.80,-54.89,-61.46
51.363396,0.5786,0.0469,0.6841,3.17,12.88,-4.39,-7.62,-54.61,-61.60
51.363396,0.6401,0.0366,0.6743,-3.97,8.73,-17.03,-7.27,-54.44,-62.05
51.423419,0.9165,-0.0840,0.5752,-10.38,0.00,-10.44,-6.98,-54.38,-62.59
51.423419,0.9302,-0.1357,0.3794,-4.64,-5.25,2.99,-7.09,-54.45,-62.67
51.453517,0.8062,-0.0835,0.5513,2.81,-3.23,4.88,-7.25,-54.53,-62.47
51.453517,0.8149,-0.0713,0.5981,1.16,2.32,0.24,-7.28,-54.53,-62.39
51.483764,0.8633,-0.0723,0.5225,2.75,5.86,0.00,-7.22,-54.44,-62.41
51.483764,0.8560,-0.0928,0.5518,4.09,4.52,2.75,-7.18,-54.33,-62.37
51.543412,0.8340,-0.0898,0.5425,5.86,2.44,4.88,-7.19,-54.25,-62.25
51.543412,0.8154,-0.0811,0.5479,8.00,0.98,6.71,-7.22,-54.20,-62.05
51.574916,0.8013,-0.0869,0.5464,10.25,0.92,7.02,-7.23,-54.17,-61.80
51.574916,0.7832,-0.0811,0.5415,11.78,-0.49,7.45,-7.22,-54.15,-61.55
51.603362,0.7842,-0.1089,0.5186,13.37,-2.69,7.20,-7.19,-54.17,-61.28
51.603362,0.8076,-0.1104,0.5400,14.53,-2.75,5.37,-7.10,-54.21,-61.05
51.663390,0.8477,-0.0918,0.5615,14.89,0.00,3.85,-6.95,-54.23,-60.88
51.663390,0.8159,-0.0693,0.5820,15.26,4.70,1.71,-6.72,-54.18,-60.79
51.693397,0.7871,-0.0264,0.6147,13.73,6.90,-0.55,-6.43,-54.05,-60.79
51.693397,0.7935,-0.0171,0.6250,11.60,6.16,-0.43,-6.15,-53.92,-60.83
51.723364,0.7529,-0.0659,0.5791,12.27,4.09,0.00,-5.91,-53.82,-60.84
51.723364,0.7666,-0.0688,0.5913,13.24,0.85,0.24,-5.65,-53.76,-60.85
51.783904,0.7881,-0.0596,0.5938,12.51,-3.30,2.20,-5.43,-53.79,-60.80
51.783904,0.7954,-0.0610,0.5942,12.21,-5.31,2.69,-5.28,-53.88,-60.69
51.813435,0.8779,-0.1108,0.6157,10.86,-4.64,3.78,-5.13,-53.98,-60.58
51.813435,0.8364,-0.1133,0.5151,10.80,-5.19,8.61,-5.13,-54.07,-60.33
51.843455,0.7646,-0.1201,0.4697,14.22,-6.16,8.12,-5.14,-54.17,-60.02
51.843455,0.7607,-0.0171,0.6123,13.61,-2.93,3.23,-5.03,-54.26,-59.80
51.903547,0.7837,0.0244,0.6519,9.46,2.56,-1.04,-4.83,-54.26,-59.77
51.903547,0.7622,0.0400,0.5928,7.63,6.10,-3.78,-4.58,-54.16,-59.88
51.938464,0.7808,0.0015,0.6094,7.20,5.31,-4.21,-4.32,-54.05,-60.03
51.938464,0.8564,0.0283,0.6450,8.12,8.91,-4.09,-4.04,-53.92,-60.18
51.963419,0.9175,0.0835,0.7559,6.71,16.54,-1.77,-3.78,-53.66,-60.31
51.963419,0.8374,0.1211,0.8433,-4.39,19.04,3.54,-3.76,-53.28,-60.30
52.023725,0.6997,0.0962,0.7900,-18.86,13.61,6.41,-4.14,-52.95,-60.14
52.023725,0.6318,0.0522,0.6372,-28.26,6.29,5.31,-4.79,-52.75,-59.95
52.053423,0.7334,-0.0112,0.5518,-29.24,2.87,1.83,-5.47,-52.66,-59.84
52.053423,0.9868,-0.0713,0.5718,-25.15,5.19,2.93,-6.05,-52.58,-59.79
52.084148,1.1416,-0.1157,0.6006,-19.71,10.86,9.77,-6.66,-52.41,-59.60
52.084148,1.1763,-0.0757,0.6211,-14.53,17.03,18.49,-7.34,-52.10,-59.17
52.143382,1.1064,-0.0005,0.7134,-12.51,22.71,25.82,-8.15,-51.65,-58.49
52.143382,1.0112,0.0010,0.7891,-15.08,30.76,25.76,-9.00,-51.05,-57.74
52.173395,0.9849,0.0015,0.7534,-18.13,36.87,24.23,-9.84,-50.30,-57.11
52.173395,0.9639,-0.0273,0.7163,-20.08,38.94,26.67,-10.69,-49.47,-56.50
52.203863,0.9038,-0.1021,0.6558,-21.55,38.94,31.01,-11.63,-48.60,-55.82
52.203863,0.7988,-0.1426,0.5581,-18.43,40.28,32.29,-12.60,-47.70,-55.07
52.263408,0.6968,-0.1699,0.4912,-12.21,43.52,29.36,-13.40,-46.75,-54.42
52.263408,0.6167,-0.2354,0.4404,-5.49,43.03,25.82,-13.95,-45.78,-53.90
52.293387,0.5977,-0.2964,0.3970,2.56,37.17,25.09,-14.31,-44.88,-53.44
52.293387,0.6055,-0.3369,0.3848,12.82,29.97,26.43,-14.51,-44.12,-52.94
52.323373,0.5918,-0.3149,0.4883,22.77,23.13,29.85,-14.56,-43.48,-52.33
52.323373,0.5352,-0.2930,0.6333,25.21,16.72,31.98,-14.57,-42.96,-51.61
52.413557,0.4521,-0.2681,0.6831,23.93,9.95,31.43,-14.62,-42.56,-50.83
52.413557,0.3691,-0.2466,0.6646,23.01,1.89,27.10,-14.66,-42.30,-50.08
52.415798,0.3999,-0.2642,0.6670,22.34,-9.58,22.71,-14.68,-42.27,-49.39
52.415798,0.5278,-0.2656,0.6694,23.07,-16.66,19.59,-14.67,-42.45,-48.75
52.443404,0.6787,-0.2354,0.6821,25.45,-18.80,19.29,-14.62,-42.70,-48.12
52.443404,0.8594,-0.1821,0.7378,25.27,-18.80,25.39,-14.60,-42.97,-47.41
52.503457,1.0137,-0.1489,0.7808,23.25,-14.16,36.62,-14.78,-43.16,-46.46
52.503457,1.0229,-0.1465,0.8208,21.61,-2.38,45.90,-15.16,-43.12,-45.27
52.534579,0.8936,-0.1655,0.8350,17.58,10.62,49.01,-15.63,-42.80,-44.01
52.534579,0.7666,-0.2046,0.7441,12.70,18.49,47.79,-16.16,-42.26,-42.81
52.563366,0.7100,-0.2432,0.5684,13.12,21.00,47.79,-16.67,-41.62,-41.70
52.563366,0.6821,-0.2803,0.4551,20.08,19.96,49.68,-17.09,-40.96,-40.58
52.623353,0.6772,-0.3252,0.4385,27.83,16.42,53.65,-17.39,-40.33,-39.39
52.623353,0.6851,-0.3208,0.4429,34.06,9.70,61.46,-17.67,-39.76,-38.02
52.654562,0.6494,-0.2910,0.4556,40.16,4.70,68.97,-17.97,-39.27,-36.41
52.654562,0.5859,-0.2720,0.5181,47.55,11.90,66.53,-18.15,-38.73,-34.76
52.713420,0.4502,-0.2515,0.5962,52.73,23.56,56.15,-18.01,-38.02,-33.37
52.713420,0.3472,-0.2471,0.6304,53.10,25.94,44.19,-17.59,-37.24,-32.34
52.743417,0.3809,-0.2349,0.6567,49.01,11.17,41.08,-17.10,-36.64,-31.46
52.743417,0.4800,-0.1846,0.7065,44.25,-12.76,48.46,-16.84,-36.43,-30.38
52.773396,0.5303,-0.1182,0.8027,42.48,-22.46,53.59,-16.82,-36.52,-28.99
52.773396,0.5166,-0.0625,0.9883,41.75,-18.31,47.24,-16.81,-36.66,-27.61
52.834769,0.5850,0.0244,1.2314,31.56,-2.50,32.96,-16.71,-36.65,-26.56
52.834769,0.6519,0.0361,1.2632,13.12,18.55,18.01,-16.61,-36.35,-26.02
52.863374,0.6089,0.0015,1.0273,3.36,39.31,3.48,-16.51,-35.72,-25.96
52.863374,0.5654,-0.1377,0.9336,-0.31,49.87,-9.40,-16.25,-34.85,-26.34
52.893362,0.7236,-0.2280,0.9058,-6.29,53.65,-13.06,-15.97,-33.91,-26.96
52.893362,0.8770,-0.2759,0.8252,-10.74,54.63,-3.30,-15.85,-32.90,-27.50
52.953540,0.8550,-0.2812,0.7222,-12.08,53.47,12.63,-15.97,-31.82,-27.71
52.953540,0.6616,-0.2476,0.6602,-11.11,46.14,26.37,-16.29,-30.74,-27.54
52.984924,0.4673,-0.2827,0.6543,-9.77,35.77,30.58,-16.72,-29.79,-27.12
52.984924,0.4072,-0.3154,0.6577,-7.63,27.40,27.10,-17.13,-29.04,-26.66
53.013393,0.4443,-0.3135,0.6753,-5.00,26.92,21.91,-17.44,-28.40,-26.29
53.013393,0.4658,-0.3042,0.6714,-3.60,31.13,18.98,-17.64,-27.73,-26.04
53.073418,0.4204,-0.3125,0.6479,-4.09,29.79,19.41,-17.83,-27.03,-25.82
53.073418,0.3604,-0.3521,0.6084,-6.65,22.28,22.46,-18.07,-26.40,-25.54
53.103443,0.2783,-0.3438,0.5308,-5.80,6.65,26.12,-18.40,-25.98,-25.10
53.103443,0.2163,-0.3354,0.4868,-0.67,-8.12,25.02,-18.73,-25.86,-24.53
53.135109,0.1807,-0.3325,0.4263,8.12,-15.56,15.26,-18.89,-25.98,-24.01
53.135109,0.1982,-0.3242,0.3877,18.92,-15.99,-1.46,-18.72,-26.25,-23.77
53.193497,0.2788,-0.2109,0.3594,35.40,-7.45,-19.04,-18.11,-26.54,-23.92
53.193497,0.3691,-0.0762,0.4180,53.59,0.55,-31.31,-16.95,-26.74,-24.48
53.223317,0.4653,-0.0610,0.5654,63.23,5.98,-33.75,-15.41,-26.85,-25.22
53.223317,0.4434,-0.0942,0.7002,64.27,13.49,-36.44,-13.75,-26.80,-26.05
53.253247,0.4590,-0.1133,0.8101,58.35,18.98,-38.82,-12.10,-26.61,-26.97
53.253247,0.9326,0.0298,1.1333,31.86,-7.14,-19.10,-10.96,-26.81,-27.51
53.313795,0.4141,0.0664,1.0396,0.85,27.34,-16.36,-10.31,-26.33,-28.14
53.313795,0.4912,0.1064,1.0488,-29.36,15.50,-7.63,-10.52,-26.08,-28.39
53.343736,0.4043,0.0752,0.9580,-49.68,25.21,-12.88,-11.25,-25.74,-28.65
53.343736,0.3784,-0.0283,0.8140,-51.03,64.64,-35.22,-11.96,-24.91,-29.39
53.373508,0.4697,-0.1226,0.5483,-37.66,88.07,-49.44,-12.33,-23.53,-30.67
53.373508,0.5620,-0.0903,0.4331,-17.46,91.25,-38.82,-12.32,-21.90,-32.04
53.435378,0.5571,-0.1294,0.5156,-6.23,70.25,-8.36,-12.22,-20.37,-32.88
53.435378,0.3740,-0.0884,0.6421,-3.60,48.16,19.53,-12.28,-19.20,-32.94
53.463436,0.0806,-0.0796,0.7144,-6.53,25.63,27.65,-12.51,-18.42,-32.55
53.463436,-0.0952,-0.0459,0.6787,-5.92,21.48,17.03,-12.78,-17.90,-32.17
53.494478,-0.1338,-0.0767,0.6040,-1.04,6.04,5.68,-12.89,-17.54,-32.03
53.494478,-0.0669,-0.0962,0.5469,4.82,-30.88,6.29,-12.90,-17.78,-31.86
53.553460,-0.0591,-0.0938,0.5010,14.16,-67.87,9.89,-12.84,-18.76,-31.47
53.553460,0.0723,-0.1270,0.5059,29.72,-73.91,4.46,-12.58,-20.20,-31.00
53.583367,0.2759,-0.1138,0.6187,50.78,-42.79,-7.63,-11.82,-21.34,-30.82
53.583367,0.6826,-0.0723,0.8237,60.24,17.52,-9.95,-10.61,-21.62,-31.01
53.615957,0.5972,0.0181,0.9214,60.91,42.97,8.97,-9.33,-20.91,-31.15
53.615957,0.2891,-0.0010,0.9131,47.61,27.22,32.90,-8.39,-20.14,-30.77
53.673425,-0.0469,0.0332,0.7500,42.54,10.99,36.68,-7.78,-19.70,-30.04
53.673425,-0.0386,0.0083,0.6680,47.85,-3.72,27.89,-7.10,-19.56,-29.38
53.703427,0.3140,-0.0220,0.6665,54.02,-5.49,26.31,-6.28,-19.66,-28.82
53.703427,0.5161,0.0391,0.7041,67.93,8.61,35.52,-5.28,-19.57,-28.17
53.733673,0.5273,0.0698,0.8652,75.13,15.50,49.50,-4.15,-19.32,-27.27
53.733673,0.2500,0.1211,1.0225,76.05,58.29,49.93,-2.98,-18.51,-26.22
53.793418,0.1011,0.1792,1.1123,68.36,79.04,44.43,-1.83,-17.08,-25.27
53.793418,-0.0776,0.2168,1.1328,61.65,70.92,45.23,-0.82,-15.53,-24.35
53.823390,-0.1538,0.1494,1.1147,51.94,41.32,43.52,0.05,-14.44,-23.41
53.823390,-0.0405,0.1206,1.0293,49.07,31.01,34.67,0.84,-13.77,-22.58
53.853422,0.2754,0.0078,1.0034,51.57,28.63,33.69,1.66,-13.26,-21.88
53.853422,0.2378,0.0303,1.0112,69.15,58.90,36.25,2.67,-12.41,-21.10
53.913387,0.1558,0.0957,1.2148,78.92,64.76,37.29,4.02,-11.20,-20.26
53.913387,-0.0874,0.1987,1.2783,71.66,55.05,38.39,5.36,-10.04,-19.36
53.943424,-0.2432,0.2695,1.3062,66.04,39.43,27.53,6.58,-9.23,-18.56
53.943424,-0.0933,0.2256,1.3906,57.62,30.03,12.21,7.73,-8.61,-18.10
53.973385,0.1128,0.1831,1.4175,53.83,32.78,7.14,8.80,-8.02,-17.83
53.973385,0.1772,0.2295,1.4492,49.50,30.40,10.93,9.80,-7.42,-17.54
54.033652,0.1558,0.2563,1.4409,37.78,27.10,15.38,10.62,-6.93,-17.17
54.033652,0.1006,0.3110,1.3696,29.17,28.32,14.16,11.23,-6.43,-16.76
54.063423,0.1719,0.2700,1.2344,14.95,29.42,15.26,11.62,-5.94,-16.36
54.063423,0.0776,0.2686,0.9429,13.06,26.12,13.92,11.82,-5.44,-15.94
54.123771,0.1807,0.1938,0.8218,28.69,6.90,14.22,12.20,-5.19,-15.61
54.123771,0.2515,0.2031,0.8579,47.36,0.31,19.04,12.94,-5.23,-15.28
54.153408,0.2446,0.3203,1.0122,62.01,7.57,20.57,14.03,-5.25,-14.88
54.153408,0.2920,0.3848,1.1357,61.65,14.04,25.33,15.23,-5.16,-14.39
54.183382,0.2632,0.4517,1.1235,57.50,17.58,32.04,16.37,-5.01,-13.74
54.183382,0.2778,0.4619,1.0059,47.73,10.80,42.24,17.34,-4.99,-12.96
54.243446,0.1479,0.4712,0.7964,46.02,8.48,46.33,18.17,-5.09,-12.04
54.243446,0.1270,0.4629,0.7427,64.03,11.66,45.90,19.14,-5.28,-11.12
54.273430,0.0562,0.5591,0.9307,76.66,10.99,41.75,20.52,-5.32,-10.22
54.273430,0.1440,0.5854,1.0698,74.77,19.84,41.75,21.95,-5.39,-9.35
54.303480,0.0923,0.5938,0.9824,70.74,17.94,42.79,23.30,-5.35,-8.43
54.303480,-0.0269,0.6377,1.0078,72.02,18.37,45.53,24.63,-5.41,-7.47
54.363387,-0.1860,0.6455,1.0815,67.08,7.51,40.83,25.93,-5.58,-6.59
54.363387,-0.3457,0.6997,1.1006,63.17,6.10,24.35,27.17,-5.76,-5.95
54.394790,-0.2104,0.6299,1.0220,56.76,-1.10,8.42,28.32,-5.88,-5.69
54.394790,-0.0391,0.6060,0.9146,56.70,-12.21,3.23,29.46,-6.03,-5.67
54.423402,0.1431,0.5747,0.8882,60.30,-16.97,6.29,30.63,-6.37,-5.80
54.423402,0.0049,0.6772,0.9990,65.73,-8.30,4.21,31.93,-6.60,-5.83
54.483385,-0.0049,0.7466,1.1685,56.95,-18.92,-1.77,33.19,-6.86,-5.99
54.483385,0.1030,0.7397,1.2236,43.52,-12.33,-9.22,34.23,-7.06,-6.31
54.513392,0.2373,0.7095,1.2163,31.74,-5.00,-9.89,35.01,-7.06,-6.59
54.513392,0.2861,0.6772,1.1689,19.23,-5.19,-3.78,35.55,-7.06,-6.78
54.543390,0.2734,0.6177,1.1206,10.86,0.67,0.73,35.84,-7.08,-6.84
54.543390,0.2017,0.6313,1.0122,2.62,0.79,3.48,35.96,-7.09,-6.81
54.603677,0.2085,0.6196,0.9473,1.16,10.19,3.23,35.98,-7.05,-6.71
54.603677,0.1650,0.6260,0.9102,0.31,21.18,2.50,35.97,-6.82,-6.48
54.640024,0.1089,0.6421,0.8818,-2.26,23.07,2.99,35.91,-6.48,-6.16
54.640024,0.0059,0.6548,0.8384,-4.88,14.47,1.83,35.80,-6.21,-5.91
54.693344,0.0117,0.6392,0.7920,-6.71,7.69,-2.32,35.67,-6.04,-5.81
54.693344,0.0337,0.6108,0.7173,-6.47,4.52,-5.13,35.54,-5.90,-5.81
54.723356,0.0122,0.6025,0.6602,-1.89,3.66,-8.30,35.46,-5.74,-5.89
54.723356,0.0518,0.6162,0.7144,2.26,-4.21,-10.74,35.50,-5.63,-6.07
