t,ax,ay,az,gx,gy,gz,wx,wy,wz
-0.015347,0.0015,0.0630,1.0015,0.00,0.00,-0.06,-1.46,0.78,0.00
-0.015347,0.0024,0.0630,1.0015,0.00,0.00,0.00,-1.46,0.78,0.00
0.013801,0.0020,0.0635,1.0029,0.00,0.00,-0.06,-1.46,0.78,0.00
0.013801,0.0034,0.0635,1.0020,0.00,0.00,0.00,-1.46,0.78,0.00
0.043969,0.0034,0.0630,1.0010,0.00,0.00,-0.06,-1.46,0.78,0.00
0.043969,0.0039,0.0630,1.0024,0.00,0.00,-0.06,-1.46,0.78,0.00
0.103285,0.0024,0.0630,1.0029,0.00,0.00,0.00,2.15,0.63,48.99
0.103285,0.0029,0.0620,1.0020,0.06,0.00,-0.06,2.15,0.63,48.98
0.133964,0.0029,0.0625,1.0020,0.06,0.00,0.00,2.16,0.63,48.98
0.133964,0.0029,0.0630,1.0010,0.06,0.00,0.00,2.16,0.63,48.98
0.163099,0.0020,0.0625,1.0010,0.00,0.00,0.00,2.16,0.63,48.98
0.163099,0.0024,0.0635,1.0020,0.00,0.00,0.00,2.16,0.63,48.98
0.224777,0.0029,0.0630,1.0020,0.00,0.00,0.00,2.16,0.63,48.98
0.224777,0.0020,0.0630,1.0015,0.00,0.00,0.00,2.16,0.63,48.98
0.253135,0.0020,0.0630,1.0010,0.06,0.00,0.00,2.16,0.64,48.98
0.253135,0.0020,0.0635,1.0015,0.00,0.00,-0.06,2.16,0.64,48.98
0.285984,0.0020,0.0635,1.0024,0.06,0.00,0.00,2.16,0.64,48.98
0.285984,0.0015,0.0635,1.0020,0.00,0.00,0.00,2.16,0.64,48.98
0.344053,0.0015,0.0630,1.0015,0.06,0.00,-0.06,2.16,0.64,48.98
0.344053,0.0005,0.0630,1.0010,0.00,0.00,0.00,2.16,0.64,48.98
0.373181,0.0010,0.0630,1.0020,0.00,0.00,0.00,1.40,0.05,49.22
0.373181,0.0020,0.0630,1.0020,0.00,0.00,0.00,1.68,0.31,49.32
0.403985,0.0015,0.0630,1.0024,0.00,0.00,0.00,1.87,0.47,49.40
0.403985,0.0015,0.0630,1.0020,0.00,0.00,0.00,1.96,0.54,49.47
0.464093,0.0020,0.0625,1.0020,0.00,0.00,0.00,2.01,0.58,49.53
0.464093,0.0020,0.0630,1.0024,0.06,0.00,-0.06,2.04,0.60,49.58
0.495931,0.0015,0.0625,1.0020,0.00,0.00,0.00,2.05,0.61,49.62
0.495931,0.0015,0.0630,1.0015,0.00,0.00,0.00,2.07,0.62,49.66
0.525532,0.0024,0.0630,1.0020,0.00,-0.06,0.00,2.08,0.62,49.70
0.525532,0.0024,0.0625,1.0020,0.00,0.00,0.00,2.08,0.62,49.74
0.583996,0.0020,0.0620,1.0024,0.00,0.00,-0.12,2.09,0.62,49.76
0.583996,0.0034,0.0620,1.0024,0.00,0.00,-0.06,2.09,0.63,49.80
0.613169,0.0029,0.0630,1.0020,0.00,0.00,0.00,2.09,0.62,49.82
0.613169,0.0029,0.0625,1.0029,0.00,0.00,0.00,2.09,0.62,49.84
0.643880,0.0029,0.0630,1.0024,0.00,0.00,0.00,2.09,0.62,49.87
0.643880,0.0039,0.0630,1.0024,0.00,0.00,0.00,2.10,0.62,49.89
0.704014,0.0029,0.0630,1.0029,0.00,0.00,0.00,2.10,0.62,49.91
0.704014,0.0020,0.0640,1.0029,0.00,0.00,-0.06,2.10,0.62,49.93
0.733206,0.0029,0.0630,1.0024,0.00,0.00,0.00,2.10,0.62,49.95
0.733206,0.0029,0.0635,1.0029,0.00,0.00,0.00,2.11,0.62,49.97
0.793923,0.0024,0.0630,1.0015,0.00,0.00,-0.06,2.11,0.61,49.99
0.793923,0.0015,0.0630,1.0024,0.00,0.00,-0.06,2.11,0.62,50.00
0.824141,0.0015,0.0625,1.0024,0.00,0.00,0.00,2.11,0.62,50.02
0.824141,0.0005,0.0625,1.0010,0.00,0.00,0.00,2.11,0.62,50.03
0.853224,0.0015,0.0620,1.0020,0.00,0.06,0.00,2.11,0.62,50.05
0.853224,0.0015,0.0635,1.0020,0.00,0.00,0.00,2.11,0.62,50.06
0.913970,0.0010,0.0640,1.0010,0.00,0.00,-0.06,2.11,0.63,50.08
0.913970,0.0020,0.0635,1.0020,0.00,0.00,0.00,2.11,0.63,50.09
0.943151,0.0015,0.0630,1.0015,0.00,0.00,0.00,2.12,0.63,50.10
0.943151,0.0015,0.0630,1.0010,0.00,0.00,-0.06,2.12,0.63,50.11
0.973171,0.0015,0.0625,1.0020,0.00,0.00,-0.06,2.12,0.63,50.13
0.973171,0.0010,0.0630,1.0020,0.00,0.00,-0.06,2.13,0.63,50.14
1.033988,0.0015,0.0630,1.0024,0.00,0.00,0.00,2.13,0.64,50.14
1.033988,0.0020,0.0625,1.0029,0.00,0.00,0.00,2.13,0.64,50.15
1.063285,0.0020,0.0635,1.0024,0.00,0.00,-0.06,2.13,0.64,50.16
1.063285,0.0020,0.0630,1.0020,0.00,0.00,0.00,2.13,0.64,50.17
1.093106,0.0024,0.0635,1.0015,0.00,0.00,0.00,2.13,0.64,50.18
1.093106,0.0024,0.0635,1.0024,0.00,0.00,0.00,2.13,0.64,50.19
1.154007,0.0024,0.0630,1.0020,0.00,0.00,0.00,2.13,0.64,50.20
1.154007,0.0020,0.0625,1.0029,0.00,0.00,0.00,2.13,0.64,50.20
1.183190,0.0034,0.0620,1.0020,0.00,0.00,-0.06,2.13,0.64,50.21
1.183190,0.0029,0.0625,1.0020,0.00,0.00,-0.06,2.13,0.64,50.22
1.214052,0.0020,0.0630,1.0024,0.06,0.00,-0.06,2.13,0.64,50.22
1.214052,0.0034,0.0630,1.0024,0.00,0.00,0.00,2.13,0.64,50.23
1.273962,0.0020,0.0625,1.0029,0.00,0.00,0.00,2.13,0.64,50.23
1.273962,0.0020,0.0635,1.0024,0.00,0.00,0.00,2.13,0.64,50.24
1.303033,0.0020,0.0640,1.0020,0.00,0.00,-0.06,2.13,0.64,50.25
1.303033,0.0024,0.0630,1.0015,0.00,0.00,0.00,2.13,0.64,50.26
1.334061,0.0024,0.0630,1.0015,0.00,0.00,0.00,2.13,0.64,50.26
1.334061,0.0024,0.0630,1.0024,0.00,0.00,-0.06,2.13,0.64,50.27
1.393975,0.0024,0.0625,1.0029,0.00,0.00,-0.06,2.13,0.64,50.27
1.393975,0.0020,0.0630,1.0024,0.00,0.00,0.00,2.13,0.64,50.28
1.423399,0.0015,0.0630,1.0020,0.00,0.00,0.00,2.13,0.64,50.28
1.423399,0.0010,0.0630,1.0015,0.06,0.06,-0.06,2.13,0.64,50.28
1.453172,0.0015,0.0640,1.0020,0.00,0.00,-0.06,2.13,0.64,50.29
1.453172,0.0015,0.0630,1.0029,0.00,0.00,0.00,2.13,0.64,50.30
1.514016,0.0015,0.0625,1.0020,0.00,0.00,-0.06,2.13,0.64,50.30
1.514016,0.0024,0.0630,1.0020,0.00,0.00,0.00,2.13,0.64,50.31
1.543221,0.0015,0.0625,1.0020,0.00,0.00,0.00,2.14,0.64,50.31
1.543221,0.0015,0.0625,1.0024,0.00,0.00,-0.06,2.14,0.64,50.32
1.575894,0.0020,0.0635,1.0005,0.06,0.00,0.00,2.14,0.64,50.32
1.575894,0.0015,0.0635,1.0015,0.00,0.00,-0.06,2.14,0.64,50.32
1.635928,0.0020,0.0625,1.0015,0.00,0.00,0.00,2.14,0.64,50.33
1.635928,0.0029,0.0630,1.0029,0.00,0.00,0.00,2.14,0.64,50.33
1.664248,0.0024,0.0630,1.0024,0.06,0.00,0.00,2.14,0.64,50.33
1.664248,0.0029,0.0630,1.0020,0.00,0.00,0.00,2.14,0.64,50.34
1.693043,0.0020,0.0625,1.0024,0.00,0.00,0.00,2.14,0.64,50.34
1.693043,0.0024,0.0640,1.0024,0.00,0.00,0.00,2.14,0.64,50.34
1.753966,0.0029,0.0635,1.0015,0.00,0.00,0.00,2.14,0.64,50.35
1.753966,0.0024,0.0635,1.0020,0.00,0.00,-0.06,2.14,0.64,50.35
1.783294,0.0024,0.0625,1.0015,0.00,0.00,0.00,2.14,0.64,50.36
1.783294,0.0029,0.0630,1.0029,0.00,0.00,-0.06,2.14,0.64,50.36
1.812977,0.0034,0.0635,1.0020,0.00,0.00,0.00,2.14,0.64,50.36
1.812977,0.0029,0.0635,1.0024,0.06,0.00,-0.06,2.14,0.64,50.37
1.873941,0.0029,0.0635,1.0024,0.00,0.00,0.00,2.14,0.64,50.37
1.873941,0.0024,0.0630,1.0020,0.00,0.00,0.00,2.14,0.64,50.37
1.903063,0.0020,0.0625,1.0015,0.00,0.00,0.00,2.14,0.64,50.37
1.903063,0.0029,0.0630,1.0015,0.00,0.00,0.00,2.14,0.64,50.37
1.933878,0.0015,0.0630,1.0020,0.00,0.00,0.00,2.14,0.64,50.38
1.933878,0.0020,0.0620,1.0024,0.00,0.00,-0.06,2.14,0.64,50.38
1.993946,0.0020,0.0625,1.0029,0.00,0.00,0.00,2.14,0.64,50.38
1.993946,0.0020,0.0625,1.0020,0.00,0.00,0.00,2.14,0.64,50.38
2.023427,0.0015,0.0625,1.0015,0.06,0.00,0.00,2.14,0.64,50.39
2.023427,0.0015,0.0635,1.0015,0.00,0.00,-0.06,2.14,0.64,50.39
2.053858,0.0015,0.0635,1.0015,0.00,0.00,0.00,2.14,0.64,50.39
2.053858,0.0010,0.0630,1.0015,0.00,0.00,0.00,2.14,0.64,50.39
2.113245,0.0024,0.0640,1.0020,0.00,0.00,-0.06,2.14,0.64,50.40
2.113245,0.0010,0.0635,1.0024,0.00,0.00,0.00,2.14,0.64,50.40
2.143923,0.0029,0.0630,1.0024,0.00,0.00,0.00,2.14,0.64,50.40
2.143923,0.0020,0.0630,1.0024,0.00,0.00,-0.06,2.14,0.64,50.41
2.203123,0.0020,0.0625,1.0020,0.06,0.00,0.00,2.14,0.64,50.41
2.203123,0.0024,0.0630,1.0020,0.00,0.00,0.00,2.14,0.64,50.41
2.233923,0.0024,0.0630,1.0015,0.00,0.00,0.00,2.14,0.64,50.41
2.233923,0.0029,0.0630,1.0015,0.00,0.00,-0.12,2.14,0.64,50.41
2.263126,0.0024,0.0625,1.0015,0.00,-0.06,-0.06,2.14,0.64,50.42
2.263126,0.0024,0.0630,1.0005,0.00,0.00,0.00,2.14,0.64,50.42
2.324788,0.0024,0.0635,1.0010,0.00,0.00,-0.06,2.14,0.64,50.42
2.324788,0.0020,0.0635,1.0015,0.06,0.00,-0.06,2.14,0.64,50.42
2.356007,0.0029,0.0630,1.0020,0.06,0.00,-0.12,2.14,0.64,50.42
2.356007,0.0029,0.0630,1.0020,0.00,0.00,0.00,2.14,0.64,50.42
2.385828,0.0029,0.0630,1.0024,0.00,0.00,0.00,2.14,0.64,50.43
2.385828,0.0029,0.0630,1.0015,0.00,0.00,0.00,2.14,0.64,50.43
2.443969,0.0024,0.0635,1.0010,0.00,0.00,0.00,2.14,0.64,50.43
2.443969,0.0010,0.0625,1.0005,0.00,0.00,0.00,2.14,0.64,50.43
2.475328,0.0020,0.0625,1.0024,0.00,0.00,0.00,2.14,0.64,50.43
2.475328,0.0015,0.0635,1.0020,0.00,0.00,0.00,2.14,0.64,50.43
2.503358,0.0015,0.0630,1.0024,0.00,0.00,-0.06,2.14,0.64,50.44
2.503358,0.0020,0.0625,1.0024,0.00,0.00,0.00,2.14,0.64,50.44
2.564583,0.0020,0.0630,1.0020,0.06,0.00,0.00,2.14,0.64,50.44
2.564583,0.0024,0.0630,1.0010,0.06,0.00,0.00,2.14,0.64,50.44
2.593133,0.0024,0.0625,1.0020,0.06,0.00,-0.06,2.14,0.64,50.44
2.593133,0.0024,0.0640,1.0015,0.00,0.00,-0.06,2.14,0.64,50.44
2.623432,0.0024,0.0630,1.0010,0.00,0.00,0.00,2.14,0.64,50.44
2.623432,0.0024,0.0630,1.0015,0.00,0.00,-0.06,2.14,0.64,50.44
2.683950,0.0024,0.0635,1.0015,0.00,0.00,-0.06,2.14,0.64,50.45
2.683950,0.0024,0.0630,1.0020,0.00,0.00,0.00,2.14,0.64,50.45
2.713181,0.0029,0.0625,1.0020,0.00,0.00,0.00,2.14,0.64,50.45
2.713181,0.0029,0.0630,1.0020,0.00,0.00,-0.06,2.14,0.64,50.45
2.743858,0.0029,0.0630,1.0029,0.00,0.00,-0.06,2.14,0.64,50.45
2.743858,0.0024,0.0620,1.0020,0.00,0.00,0.00,2.14,0.64,50.45
2.803846,0.0024,0.0620,1.0020,0.00,0.00,-0.06,2.14,0.64,50.45
2.803846,0.0020,0.0625,1.0020,0.00,0.00,-0.06,2.14,0.64,50.45
2.833065,0.0024,0.0630,1.0020,0.00,0.00,0.00,2.14,0.64,50.46
2.833065,0.0015,0.0630,1.0024,0.00,0.00,0.00,2.14,0.64,50.46
2.863839,0.0020,0.0635,1.0024,0.00,0.00,0.00,2.14,0.64,50.46
2.863839,0.0024,0.0625,1.0024,0.00,0.00,0.00,2.14,0.64,50.46
2.924314,0.0020,0.0625,1.0024,0.00,0.00,0.00,2.14,0.64,50.46
2.924314,0.0010,0.0625,1.0024,0.06,0.00,0.00,2.14,0.64,50.47
2.953142,0.0020,0.0630,1.0029,0.00,0.00,0.00,2.14,0.64,50.47
2.953142,0.0029,0.0630,1.0024,0.06,0.00,-0.06,2.14,0.64,50.47
2.983856,0.0024,0.0630,1.0029,0.00,0.00,0.00,2.14,0.64,50.47
2.983856,0.0024,0.0620,1.0024,0.00,0.00,-0.06,2.14,0.64,50.47
3.043214,0.0015,0.0635,1.0029,0.00,0.00,0.00,2.14,0.64,50.47
3.043214,0.0020,0.0630,1.0015,0.00,0.00,0.00,2.14,0.64,50.47
3.073869,0.0015,0.0630,1.0024,0.06,0.00,-0.06,2.14,0.64,50.47
3.073869,0.0024,0.0625,1.0034,0.00,0.00,0.00,2.14,0.64,50.47
3.103253,0.0020,0.0635,1.0020,0.00,0.00,0.00,2.14,0.64,50.48
3.103253,0.0024,0.0625,1.0015,0.00,0.00,0.00,2.14,0.64,50.48
3.163988,0.0015,0.0625,1.0024,0.00,0.00,0.00,2.14,0.64,50.48
3.163988,0.0015,0.0625,1.0020,0.00,0.00,0.00,2.14,0.64,50.48
3.193099,0.0024,0.0625,1.0020,0.00,-0.06,0.00,2.14,0.64,50.48
3.193099,0.0024,0.0620,1.0024,0.00,0.00,-0.06,2.14,0.64,50.48
3.224571,0.0024,0.0620,1.0015,0.00,0.00,-0.06,2.14,0.64,50.48
3.224571,0.0010,0.0635,1.0020,0.00,0.00,-0.06,2.14,0.64,50.48
3.283976,0.0029,0.0625,1.0020,0.00,0.00,-0.06,2.14,0.64,50.48
3.283976,0.0029,0.0630,1.0024,0.00,0.00,0.00,2.14,0.64,50.48
3.313096,0.0020,0.0630,1.0024,0.06,0.00,0.00,2.14,0.64,50.48
3.313096,0.0020,0.0630,1.0015,0.00,0.00,-0.06,2.14,0.64,50.48
3.343890,0.0020,0.0635,1.0024,0.00,0.00,-0.06,2.14,0.64,50.49
3.343890,0.0020,0.0635,1.0024,0.00,0.00,0.00,2.14,0.64,50.49
3.404000,0.0024,0.0620,1.0020,0.00,0.00,0.00,2.14,0.64,50.49
3.404000,0.0029,0.0625,1.0029,0.00,0.00,-0.06,2.14,0.64,50.49
3.433092,0.0024,0.0625,1.0024,0.06,0.00,0.00,2.14,0.64,50.49
3.433092,0.0020,0.0620,1.0024,0.00,0.00,-0.06,2.14,0.64,50.49
3.463901,0.0024,0.0630,1.0024,0.00,0.00,-0.06,2.14,0.64,50.49
3.463901,0.0020,0.0620,1.0024,0.00,0.00,0.00,2.14,0.64,50.49
3.523494,0.0020,0.0635,1.0010,0.06,0.00,0.00,2.14,0.64,50.49
3.523494,0.0024,0.0630,1.0024,0.00,0.00,0.00,2.14,0.64,50.49
3.553160,0.0020,0.0625,1.0015,0.00,0.00,0.00,2.14,0.64,50.49
3.553160,0.0024,0.0620,1.0005,0.00,0.00,0.00,2.14,0.64,50.49
3.613873,0.0020,0.0630,1.0020,0.00,0.00,0.00,2.14,0.64,50.49
3.613873,0.0024,0.0630,1.0010,0.06,0.00,0.00,2.14,0.64,50.50
3.643180,0.0024,0.0625,1.0015,0.00,0.00,-0.06,2.14,0.64,50.50
3.643180,0.0024,0.0625,1.0024,0.00,0.00,0.00,2.14,0.64,50.50
3.673936,0.0020,0.0625,1.0024,0.00,0.00,-0.06,2.14,0.64,50.50
3.673936,0.0024,0.0625,1.0034,0.06,0.00,0.00,2.14,0.64,50.50
3.734015,0.0015,0.0640,1.0024,0.00,0.00,0.00,2.14,0.64,50.50
3.734015,0.0020,0.0635,1.0024,0.00,0.00,0.00,2.14,0.64,50.50
3.763225,0.0020,0.0635,1.0020,0.06,0.00,0.00,2.14,0.64,50.50
3.763225,0.0020,0.0630,1.0024,0.00,0.00,0.00,2.14,0.64,50.50
3.793816,0.0024,0.0625,1.0020,0.06,0.00,-0.06,2.14,0.64,50.50
3.793816,0.0029,0.0635,1.0020,0.00,0.00,0.00,2.14,0.64,50.50
3.854207,0.0024,0.0630,1.0020,0.00,0.00,0.00,2.14,0.64,50.50
3.854207,0.0024,0.0635,1.0020,0.00,0.00,0.00,2.14,0.64,50.50
3.885946,0.0015,0.0625,1.0015,0.00,0.00,0.00,2.14,0.64,50.50
3.885946,0.0020,0.0625,1.0024,0.00,0.00,-0.06,2.14,0.64,50.50
3.915818,0.0020,0.0630,1.0015,0.06,0.00,0.00,2.14,0.64,50.51
3.915818,0.0034,0.0630,1.0024,0.00,0.00,0.00,2.14,0.64,50.51
3.973924,0.0015,0.0625,1.0034,0.00,0.00,-0.06,2.14,0.64,50.51
3.973924,0.0020,0.0635,1.0020,0.00,0.00,0.00,2.14,0.64,50.51
4.003898,0.0015,0.0635,1.0020,0.00,0.00,0.00,2.14,0.64,50.51
4.003898,0.0015,0.0620,1.0015,0.00,0.00,0.00,2.14,0.64,50.51
4.033079,0.0024,0.0625,1.0024,0.00,0.00,-0.06,2.14,0.64,50.51
4.033079,0.0029,0.0630,1.0020,0.00,0.00,-0.06,2.14,0.64,50.51
4.093175,0.0015,0.0630,1.0024,0.00,0.00,0.00,2.14,0.64,50.51
4.093175,0.0015,0.0620,1.0029,0.00,0.00,0.00,2.14,0.64,50.52
4.123376,0.0015,0.0625,1.0024,0.06,0.00,0.00,2.14,0.64,50.52
4.123376,0.0020,0.0630,1.0020,0.00,0.00,0.00,2.14,0.64,50.52
4.153892,0.0029,0.0635,1.0024,0.06,0.00,-0.06,2.14,0.64,50.52
4.153892,0.0024,0.0625,1.0015,0.00,0.00,0.00,2.14,0.64,50.52
4.214118,0.0029,0.0635,1.0029,0.00,0.00,0.00,2.14,0.64,50.52
4.214118,0.0020,0.0630,1.0024,0.00,0.00,0.00,2.14,0.64,50.52
4.243147,0.0024,0.0625,1.0020,0.00,0.00,-0.06,2.14,0.64,50.52
4.243147,0.0029,0.0625,1.0024,0.00,0.00,-0.06,2.14,0.64,50.52
4.273861,0.0029,0.0630,1.0024,0.00,0.00,-0.06,2.14,0.64,50.52
4.273861,0.0024,0.0630,1.0034,0.00,0.00,-0.06,2.14,0.64,50.52
4.333916,0.0020,0.0630,1.0020,0.00,0.00,0.00,2.14,0.64,50.52
4.333916,0.0020,0.0625,1.0015,0.00,0.00,0.00,2.14,0.64,50.52
4.363292,0.0029,0.0625,1.0020,0.00,0.00,0.00,2.14,0.64,50.52
4.363292,0.0029,0.0630,1.0024,0.00,0.00,-0.06,2.14,0.64,50.52
4.393895,0.0015,0.0635,1.0024,0.00,0.00,-0.06,2.14,0.64,50.52
4.393895,0.0024,0.0625,1.0034,0.00,0.00,-0.06,2.14,0.64,50.52
4.454349,0.0020,0.0630,1.0029,0.06,0.00,0.00,2.14,0.64,50.52
4.454349,0.0020,0.0625,1.0020,0.00,0.00,-0.06,2.14,0.64,50.52
4.483297,0.0024,0.0635,1.0020,0.06,0.00,0.00,2.14,0.64,50.52
4.483297,0.0029,0.0630,1.0020,0.00,0.00,0.00,2.14,0.64,50.53
4.513201,0.0020,0.0630,1.0015,0.00,0.00,0.00,2.14,0.64,50.53
4.513201,0.0015,0.0620,1.0020,0.00,0.00,0.00,2.14,0.64,50.53
4.574035,0.0024,0.0635,1.0005,0.00,0.00,-0.06,2.14,0.64,50.53
4.574035,0.0020,0.0630,1.0005,0.00,0.00,-0.06,2.14,0.64,50.53
4.603019,0.0039,0.0635,1.0015,0.00,0.00,-0.12,2.14,0.64,50.53
4.603019,0.0015,0.0635,1.0024,0.00,0.00,0.00,2.14,0.64,50.53
4.633892,0.0024,0.0635,1.0020,0.00,0.00,-0.12,2.14,0.64,50.53
4.633892,0.0020,0.0640,1.0024,0.00,0.00,0.00,2.14,0.64,50.53
4.693934,0.0020,0.0630,1.0024,0.00,0.00,0.00,2.14,0.64,50.53
4.693934,0.0020,0.0625,1.0024,0.00,0.00,-0.06,2.14,0.64,50.53
4.723478,0.0024,0.0625,1.0034,0.00,0.00,-0.06,2.14,0.64,50.53
4.723478,0.0020,0.0620,1.0024,0.06,0.00,0.00,2.14,0.64,50.53
4.753878,0.0029,0.0620,1.0020,0.00,0.00,0.00,2.14,0.64,50.53
4.753878,0.0024,0.0625,1.0020,0.00,0.00,0.00,2.14,0.64,50.53
4.813875,0.0024,0.0625,1.0020,0.06,0.00,0.00,2.14,0.64,50.53
4.813875,0.0029,0.0625,1.0020,0.00,0.00,-0.06,2.14,0.64,50.53
4.843073,0.0020,0.0620,1.0015,0.00,0.00,-0.06,2.14,0.64,50.53
4.843073,0.0024,0.0625,1.0024,0.00,0.00,0.00,2.14,0.64,50.53
4.873780,0.0020,0.0630,1.0020,0.00,0.00,-0.12,2.14,0.64,50.53
4.873780,0.0020,0.0630,1.0020,0.00,0.00,0.00,2.14,0.64,50.53
4.933946,0.0020,0.0630,1.0015,0.00,0.00,0.00,2.14,0.64,50.53
4.933946,0.0020,0.0635,1.0024,0.00,0.00,0.00,2.14,0.64,50.53
4.963105,0.0034,0.0630,1.0024,0.00,0.00,0.00,2.14,0.64,50.53
4.963105,0.0020,0.0625,1.0024,0.00,0.00,-0.06,2.14,0.64,50.53
5.024276,0.0020,0.0630,1.0024,0.00,0.00,-0.06,2.14,0.64,50.54
5.024276,0.0024,0.0630,1.0024,0.00,0.00,0.00,2.14,0.64,50.54
5.053181,0.0024,0.0630,1.0029,0.00,0.00,-0.06,2.14,0.64,50.54
5.053181,0.0020,0.0630,1.0020,0.00,0.00,-0.12,2.14,0.64,50.54
5.083299,0.0024,0.0620,1.0015,0.00,0.00,0.00,2.14,0.64,50.54
5.083299,0.0029,0.0625,1.0024,0.06,0.00,0.00,2.14,0.64,50.54
5.144021,0.0020,0.0635,1.0020,0.00,0.00,0.00,2.14,0.64,50.54
5.144021,0.0029,0.0635,1.0029,0.00,0.00,0.00,2.14,0.64,50.54
5.173085,0.0015,0.0630,1.0020,0.00,0.00,0.00,2.14,0.64,50.54
5.173085,0.0015,0.0630,1.0015,0.00,0.00,-0.12,2.14,0.64,50.54
5.203213,0.0020,0.0635,1.0020,0.06,0.00,0.00,2.14,0.64,50.54
5.203213,0.0029,0.0630,1.0020,0.06,0.00,0.00,2.14,0.64,50.54
5.263978,0.0029,0.0625,1.0020,0.00,0.00,0.00,2.14,0.64,50.54
5.263978,0.0024,0.0625,1.0034,0.06,0.00,-0.06,2.14,0.64,50.54
5.293166,0.0029,0.0635,1.0029,0.06,0.00,-0.06,2.14,0.64,50.54
5.293166,0.0024,0.0630,1.0029,0.00,0.00,0.00,2.14,0.64,50.54
5.324130,0.0015,0.0620,1.0034,0.00,0.00,0.00,2.14,0.64,50.54
5.324130,0.0020,0.0630,1.0024,0.00,0.00,-0.06,2.14,0.64,50.54
5.383906,0.0020,0.0620,1.0034,0.00,0.00,-0.06,2.14,0.64,50.54
5.383906,0.0020,0.0620,1.0029,0.00,0.00,0.00,2.14,0.64,50.54
5.413242,0.0024,0.0635,1.0024,0.00,0.00,-0.06,2.14,0.64,50.54
5.413242,0.0015,0.0630,1.0020,0.00,0.00,0.00,2.14,0.64,50.54
5.443875,0.0024,0.0625,1.0024,0.00,0.00,-0.06,2.14,0.64,50.54
5.443875,0.0024,0.0625,1.0015,0.00,0.00,0.00,2.14,0.64,50.54
5.503995,0.0020,0.0630,1.0010,0.00,0.00,-0.12,2.14,0.64,50.54
5.503995,0.0024,0.0625,1.0020,0.00,-0.06,0.00,2.14,0.64,50.54
5.533122,0.0020,0.0630,1.0020,0.00,0.00,0.00,2.14,0.64,50.54
5.533122,0.0010,0.0630,1.0024,0.06,0.00,-0.12,2.14,0.64,50.54
5.563985,0.0029,0.0630,1.0034,0.00,0.00,-0.06,2.14,0.64,50.54
5.563985,0.0024,0.0630,1.0029,0.00,0.00,-0.06,2.14,0.64,50.54
5.624154,0.0020,0.0635,1.0020,0.00,0.00,-0.06,2.14,0.64,50.54
5.624154,0.0020,0.0635,1.0020,0.06,0.00,-0.06,2.14,0.64,50.55
5.653186,0.0020,0.0640,1.0020,0.00,0.00,-0.06,2.14,0.64,50.55
5.653186,0.0020,0.0630,1.0029,0.00,0.00,0.00,2.14,0.64,50.55
5.683154,0.0029,0.0635,1.0024,0.00,0.00,0.00,2.14,0.64,50.55
5.683154,0.0015,0.0620,1.0034,0.00,0.00,0.00,2.14,0.64,50.55
5.744097,0.0024,0.0630,1.0024,0.00,0.00,-0.06,2.14,0.64,50.55
5.744097,0.0024,0.0630,1.0020,0.06,0.00,0.00,2.14,0.64,50.55
5.773102,0.0029,0.0625,1.0024,0.00,0.00,0.00,2.14,0.64,50.55
5.773102,0.0029,0.0620,1.0020,0.00,0.00,0.00,2.14,0.64,50.55
5.803982,0.0029,0.0630,1.0024,0.00,0.00,-0.12,2.14,0.64,50.55
5.803982,0.0024,0.0625,1.0024,0.00,0.00,-0.06,2.14,0.64,50.55
5.863957,0.0020,0.0625,1.0024,0.00,0.00,0.00,2.14,0.64,50.55
5.863957,0.0024,0.0625,1.0034,0.00,0.00,0.00,2.14,0.64,50.55
5.893147,0.0020,0.0625,1.0015,0.00,0.00,0.00,2.14,0.64,50.55
5.893147,0.0024,0.0630,1.0029,0.06,0.00,0.00,2.14,0.64,50.55
5.924337,0.0015,0.0635,1.0024,0.00,0.00,0.00,2.14,0.64,50.55
5.924337,0.0024,0.0625,1.0024,0.00,0.00,0.00,2.14,0.64,50.55
5.984031,0.0020,0.0630,1.0020,0.06,0.00,0.00,2.14,0.64,50.55
5.984031,0.0024,0.0630,1.0020,0.06,0.00,-0.06,2.14,0.64,50.55
6.013210,0.0020,0.0625,1.0015,0.00,0.00,-0.12,2.14,0.64,50.55
6.013210,0.0024,0.0630,1.0029,0.00,0.00,-0.06,2.14,0.64,50.55
6.043877,0.0020,0.0635,1.0015,0.00,0.00,0.00,2.14,0.64,50.55
6.043877,0.0015,0.0630,1.0024,0.00,0.00,0.00,2.14,0.64,50.55
6.103981,0.0024,0.0620,1.0020,0.00,0.00,-0.06,2.14,0.64,50.55
6.103981,0.0024,0.0620,1.0029,0.00,0.00,-0.12,2.14,0.64,50.55
6.133164,0.0020,0.0625,1.0024,0.06,0.00,0.00,2.14,0.64,50.55
6.133164,0.0020,0.0625,1.0029,0.06,0.00,0.00,2.14,0.64,50.55
6.164010,0.0020,0.0625,1.0024,0.06,0.00,0.00,2.14,0.64,50.55
6.164010,0.0024,0.0625,1.0020,0.00,0.00,0.00,2.14,0.64,50.55
6.223559,0.0024,0.0635,1.0015,0.06,0.00,-0.06,2.14,0.64,50.55
6.223559,0.0020,0.0635,1.0010,0.00,0.00,0.00,2.14,0.64,50.55
6.253156,0.0015,0.0630,1.0020,0.00,0.00,0.00,2.14,0.64,50.55
6.253156,0.0020,0.0630,1.0034,0.00,-0.06,0.00,2.14,0.64,50.55
6.313932,0.0020,0.0625,1.0029,0.00,0.00,0.00,2.14,0.64,50.55
6.313932,0.0015,0.0625,1.0020,0.00,0.00,-0.06,2.14,0.64,50.55
6.343110,0.0015,0.0630,1.0024,0.06,0.00,-0.06,2.14,0.64,50.55
6.343110,0.0024,0.0625,1.0024,0.00,0.00,0.00,2.14,0.64,50.55
6.374354,0.0020,0.0630,1.0015,0.00,0.00,0.00,2.14,0.64,50.55
6.374354,0.0020,0.0625,1.0024,0.00,0.00,0.00,2.14,0.64,50.55
6.434004,0.0020,0.0630,1.0024,0.00,0.00,0.00,2.14,0.64,50.55
6.434004,0.0020,0.0615,1.0020,0.00,0.00,-0.06,2.14,0.64,50.56
6.463277,0.0020,0.0635,1.0024,0.00,0.00,0.00,2.14,0.64,50.56
6.463277,0.0020,0.0630,1.0024,0.00,0.00,-0.06,2.14,0.64,50.56
6.494001,0.0015,0.0625,1.0020,0.00,0.00,-0.06,2.14,0.64,50.56
6.494001,0.0020,0.0630,1.0020,0.00,0.00,-0.06,2.14,0.64,50.56
6.555182,0.0015,0.0630,1.0024,0.00,0.06,-0.06,2.14,0.64,50.56
6.555182,0.0020,0.0635,1.0020,0.00,0.00,-0.12,2.14,0.64,50.56
6.583343,0.0024,0.0625,1.0020,0.00,0.00,0.00,2.14,0.64,50.56
6.583343,0.0024,0.0625,1.0020,0.00,0.00,0.00,2.14,0.64,50.56
6.613878,0.0020,0.0625,1.0024,0.00,0.00,-0.06,2.14,0.64,50.56
6.613878,0.0024,0.0625,1.0020,0.00,0.00,0.00,2.14,0.64,50.56
6.674157,0.0020,0.0625,1.0020,0.00,0.00,0.00,2.14,0.64,50.56
6.674157,0.0020,0.0630,1.0010,0.00,0.00,-0.06,2.14,0.64,50.56
6.703266,0.0020,0.0630,1.0015,0.00,0.00,-0.06,2.14,0.64,50.56
6.703266,0.0020,0.0630,1.0024,0.06,0.00,-0.06,2.14,0.64,50.56
6.734062,0.0029,0.0635,1.0020,0.00,0.00,0.00,2.14,0.64,50.56
6.734062,0.0020,0.0635,1.0020,0.00,0.00,-0.06,2.14,0.64,50.56
6.794050,0.0020,0.0635,1.0024,0.00,0.00,0.00,2.14,0.64,50.56
6.794050,0.0024,0.0630,1.0010,0.00,0.00,0.00,2.14,0.64,50.56
6.824250,0.0024,0.0625,1.0020,0.00,0.00,-0.06,2.14,0.64,50.56
6.824250,0.0024,0.0635,1.0015,0.06,0.00,0.00,2.14,0.64,50.56
6.853097,0.0034,0.0645,1.0024,0.00,0.00,-0.06,2.14,0.64,50.56
6.853097,0.0020,0.0640,1.0024,0.00,0.00,0.00,2.14,0.64,50.56
6.913287,0.0020,0.0630,1.0020,0.00,0.00,0.00,2.14,0.64,50.56
6.913287,0.0024,0.0630,1.0029,0.00,0.00,0.00,2.14,0.64,50.56
6.943890,0.0029,0.0630,1.0020,0.00,0.00,0.00,2.14,0.64,50.56
6.943890,0.0029,0.0625,1.0015,0.00,0.00,0.00,2.14,0.64,50.56
6.973199,0.0015,0.0625,1.0015,0.00,0.00,-0.06,2.14,0.64,50.56
6.973199,0.0020,0.0635,1.0015,0.00,0.00,0.00,2.14,0.64,50.56
7.034002,0.0010,0.0630,1.0024,0.00,0.00,0.00,2.14,0.64,50.56
7.034002,0.0020,0.0630,1.0015,0.00,0.00,-0.06,2.14,0.64,50.56
7.063151,0.0020,0.0625,1.0010,0.00,0.00,-0.12,2.14,0.64,50.56
7.063151,0.0024,0.0630,1.0020,0.00,0.00,0.00,2.14,0.64,50.56
7.093941,0.0020,0.0630,1.0020,0.00,0.00,-0.06,2.14,0.64,50.56
7.093941,0.0020,0.0630,1.0010,0.00,0.06,0.00,2.14,0.64,50.56
7.154025,0.0024,0.0625,1.0015,0.06,0.00,0.00,2.14,0.64,50.56
7.154025,0.0029,0.0630,1.0010,0.00,0.00,-0.06,2.14,0.64,50.56
7.183159,0.0015,0.0630,1.0020,0.00,0.00,-0.06,2.14,0.64,50.56
7.183159,0.0020,0.0630,1.0020,0.00,0.00,0.00,2.14,0.64,50.56
7.213998,0.0015,0.0625,1.0015,0.00,0.00,-0.06,2.14,0.64,50.56
7.213998,0.0029,0.0620,1.0010,0.00,0.00,-0.06,2.14,0.64,50.56
7.273995,0.0024,0.0625,1.0010,0.00,0.00,-0.12,2.14,0.64,50.56
7.273995,0.0020,0.0630,1.0015,0.00,0.00,0.00,2.14,0.64,50.56
7.303185,0.0020,0.0625,1.0020,0.00,0.00,-0.06,2.14,0.64,50.56
7.303185,0.0024,0.0625,1.0010,0.00,0.00,-0.06,2.14,0.64,50.56
7.333865,0.0015,0.0625,1.0015,0.00,0.00,0.00,2.14,0.64,50.56
7.333865,0.0010,0.0625,1.0005,0.00,0.00,0.00,2.14,0.64,50.56
7.394029,0.0015,0.0620,1.0015,0.00,0.00,-0.06,2.14,0.64,50.56
7.394029,0.0024,0.0625,1.0020,0.06,0.00,-0.06,2.14,0.64,50.57
7.423868,0.0024,0.0630,1.0020,0.00,0.00,0.00,2.14,0.64,50.57
7.423868,0.0020,0.0635,1.0015,0.00,0.00,0.00,2.14,0.64,50.57
7.453930,0.0015,0.0620,1.0010,0.00,-0.06,0.00,2.14,0.64,50.57
7.453930,0.0015,0.0630,1.0024,0.00,0.00,0.00,2.14,0.64,50.57
7.514018,0.0015,0.0625,1.0024,0.06,0.00,0.00,2.14,0.64,50.57
7.514018,0.0020,0.0630,1.0015,0.00,0.00,0.00,2.14,0.64,50.57
7.544691,0.0015,0.0625,1.0010,0.06,0.00,-0.06,2.14,0.64,50.57
7.544691,0.0020,0.0630,1.0015,0.00,0.00,-0.12,2.14,0.64,50.57
7.573275,0.0024,0.0630,1.0024,0.00,0.00,0.00,2.14,0.64,50.57
7.573275,0.0020,0.0635,1.0020,0.00,0.00,-0.06,2.14,0.64,50.57
7.634076,0.0024,0.0630,1.0010,0.00,0.00,0.00,2.14,0.64,50.57
7.634076,0.0015,0.0630,1.0015,0.00,0.00,-0.06,2.14,0.64,50.57
7.664349,0.0020,0.0630,1.0010,0.06,0.00,-0.06,2.14,0.64,50.57
7.664349,0.0020,0.0630,1.0020,0.00,0.00,0.00,2.14,0.64,50.57
7.693236,0.0020,0.0625,1.0015,0.00,0.00,0.00,2.14,0.64,50.57
7.693236,0.0024,0.0625,1.0020,0.06,0.00,0.00,2.14,0.64,50.57
7.753982,0.0024,0.0625,1.0024,0.06,0.00,-0.06,2.14,0.64,50.57
7.753982,0.0029,0.0630,1.0020,0.00,0.00,-0.06,2.14,0.64,50.57
7.783163,0.0029,0.0625,1.0020,0.06,0.00,0.00,2.14,0.64,50.57
7.783163,0.0020,0.0625,1.0005,0.06,0.00,-0.06,2.14,0.64,50.57
7.843193,0.0020,0.0635,1.0024,0.00,0.00,0.00,2.14,0.64,50.57
7.843193,0.0029,0.0635,1.0015,0.00,0.00,0.00,2.14,0.64,50.57
7.873977,0.0015,0.0625,1.0015,0.00,0.00,0.00,2.14,0.64,50.57
7.873977,0.0015,0.0625,1.0024,0.00,0.00,0.00,2.14,0.64,50.57
7.903193,0.0015,0.0620,1.0015,0.00,0.00,0.00,2.14,0.64,50.57
7.903193,0.0020,0.0620,1.0024,0.00,0.00,0.00,2.14,0.64,50.57
7.963927,0.0015,0.0620,1.0010,0.00,0.00,0.00,2.14,0.64,50.57
7.963927,0.0020,0.0625,1.0015,0.06,0.00,0.00,2.14,0.64,50.57
7.993970,0.0015,0.0635,1.0020,0.00,0.00,-0.06,2.14,0.64,50.57
7.993970,0.0029,0.0625,1.0005,0.00,0.00,0.00,2.14,0.65,50.57
8.024166,0.0020,0.0630,1.0015,0.00,0.00,-0.12,2.14,0.64,50.58
8.024166,0.0015,0.0630,1.0015,0.00,0.00,0.00,2.14,0.64,50.58
8.085878,0.0020,0.0630,1.0024,0.00,0.00,0.00,2.14,0.65,50.58
8.085878,0.0024,0.0620,1.0015,0.00,0.00,-0.06,2.14,0.65,50.58
8.115825,0.0029,0.0625,1.0015,0.06,0.00,-0.12,2.14,0.65,50.58
8.115825,0.0015,0.0620,1.0015,0.00,0.00,0.00,2.14,0.64,50.58
8.143272,0.0015,0.0630,1.0020,0.00,0.00,0.00,2.14,0.64,50.58
8.143272,0.0015,0.0620,1.0024,0.00,0.00,0.00,2.14,0.65,50.58
8.203995,0.0015,0.0620,1.0010,0.00,0.00,0.00,2.14,0.65,50.58
8.203995,0.0020,0.0625,1.0024,0.00,0.00,0.00,2.14,0.65,50.58
8.233544,0.0020,0.0630,1.0015,0.00,0.00,0.00,2.14,0.65,50.58
8.233544,0.0020,0.0625,1.0020,0.00,0.00,0.00,2.14,0.65,50.58
8.263332,0.0020,0.0630,1.0024,0.00,0.00,-0.06,2.14,0.65,50.58
8.263332,0.0020,0.0625,1.0020,0.00,0.00,-0.06,2.14,0.65,50.58
8.324386,0.0015,0.0635,1.0015,0.00,0.00,0.00,2.14,0.65,50.58
8.324386,0.0020,0.0630,1.0020,0.00,0.00,0.00,2.14,0.65,50.58
8.353403,0.0020,0.0635,1.0020,0.00,0.00,-0.06,2.14,0.65,50.58
8.353403,0.0020,0.0630,1.0015,0.00,0.00,-0.06,2.14,0.65,50.58
8.384354,0.0029,0.0630,1.0020,0.06,0.00,-0.06,2.14,0.65,50.58
8.384354,0.0015,0.0625,1.0015,0.00,0.00,-0.06,2.14,0.65,50.58
8.443978,0.0020,0.0620,1.0005,0.06,0.00,0.00,2.14,0.65,50.58
8.443978,0.0020,0.0630,1.0020,0.00,0.00,-0.06,2.14,0.65,50.58
8.474897,0.0015,0.0630,1.0020,0.00,0.00,-0.06,2.14,0.65,50.58
8.474897,0.0015,0.0620,1.0024,0.00,0.00,-0.06,2.14,0.65,50.58
8.503260,0.0024,0.0620,1.0024,0.00,0.00,0.00,2.14,0.65,50.58
8.503260,0.0024,0.0620,1.0015,0.00,0.00,0.00,2.14,0.65,50.58
8.563941,0.0024,0.0620,1.0015,0.06,0.00,0.00,2.14,0.65,50.58
8.563941,0.0024,0.0620,1.0020,0.06,0.00,-0.06,2.14,0.65,50.58
8.593250,0.0024,0.0625,1.0010,0.06,0.00,-0.06,2.14,0.65,50.58
8.593250,0.0015,0.0620,1.0015,0.00,-0.06,0.00,2.14,0.65,50.58
8.624244,0.0020,0.0630,1.0015,0.00,0.00,-0.06,2.14,0.65,50.58
8.624244,0.0020,0.0630,1.0020,0.00,0.00,-0.06,2.14,0.65,50.58
8.683982,0.0020,0.0620,1.0020,0.06,0.00,-0.06,2.14,0.65,50.58
8.683982,0.0029,0.0625,1.0020,0.00,0.00,-0.06,2.14,0.65,50.58
8.713228,0.0020,0.0630,1.0024,0.00,0.00,-0.06,2.14,0.65,50.58
8.713228,0.0024,0.0625,1.0020,0.00,0.00,-0.06,2.14,0.65,50.58
8.743962,0.0015,0.0630,1.0020,0.00,0.00,-0.06,2.14,0.65,50.58
8.743962,0.0020,0.0615,1.0015,0.00,0.00,0.00,2.14,0.65,50.58
8.803994,0.0015,0.0615,1.0020,0.00,0.00,0.00,2.14,0.65,50.58
8.803994,0.0020,0.0625,1.0020,0.00,0.00,0.00,2.14,0.65,50.58
8.833140,0.0024,0.0620,1.0020,0.00,0.00,0.00,2.14,0.65,50.58
8.833140,0.0020,0.0615,1.0020,0.00,0.00,-0.06,2.14,0.65,50.58
8.863204,0.0020,0.0620,1.0020,0.00,0.00,-0.06,2.14,0.65,50.58
8.863204,0.0029,0.0620,1.0015,0.00,0.00,0.00,2.14,0.65,50.58
8.924567,0.0024,0.0625,1.0010,0.06,0.00,0.00,2.14,0.65,50.58
8.924567,0.0024,0.0625,1.0015,0.06,0.00,-0.06,2.14,0.65,50.58
8.953621,0.0020,0.0630,1.0020,0.00,0.00,0.00,2.14,0.65,50.58
8.953621,0.0020,0.0625,1.0024,0.00,0.00,-0.06,2.14,0.65,50.58
8.983213,0.0015,0.0635,1.0020,0.00,0.00,0.00,2.14,0.65,50.58
8.983213,0.0010,0.0635,1.0015,0.00,0.00,0.00,2.14,0.65,50.58
9.043985,0.0024,0.0630,1.0015,0.00,0.00,-0.06,2.14,0.65,50.58
9.043985,0.0015,0.0630,1.0010,0.00,0.00,0.00,2.14,0.65,50.58
9.073166,0.0024,0.0625,1.0015,0.06,0.00,0.00,2.14,0.65,50.58
9.073166,0.0029,0.0625,1.0020,0.06,0.00,-0.06,2.14,0.65,50.58
9.103993,0.0015,0.0630,1.0020,0.00,0.00,0.00,2.14,0.65,50.58
9.103993,0.0015,0.0625,1.0024,0.00,0.00,-0.06,2.14,0.65,50.58
9.163220,0.0015,0.0630,1.0020,0.00,0.00,0.00,2.14,0.65,50.58
9.163220,0.0024,0.0630,1.0024,0.00,0.00,-0.06,2.14,0.65,50.58
9.193893,0.0020,0.0630,1.0020,0.00,0.00,0.00,2.14,0.65,50.58
9.193893,0.0020,0.0620,1.0020,0.06,0.00,-0.06,2.14,0.65,50.58
9.255846,0.0024,0.0620,1.0020,0.00,0.00,0.00,2.14,0.65,50.58
9.255846,0.0015,0.0625,1.0024,0.00,0.00,0.00,2.14,0.65,50.58
9.284093,0.0029,0.0625,1.0020,0.00,0.00,-0.06,2.14,0.65,50.58
9.284093,0.0024,0.0620,1.0024,0.00,0.00,0.00,2.14,0.65,50.58
9.313114,0.0020,0.0625,1.0015,0.00,0.00,-0.06,2.14,0.65,50.58
9.313114,0.0020,0.0625,1.0020,0.00,0.00,-0.06,2.14,0.65,50.58
9.373073,0.0024,0.0625,1.0034,0.06,0.00,-0.06,2.14,0.65,50.58
9.373073,0.0020,0.0630,1.0034,0.00,0.00,0.00,2.14,0.65,50.58
9.403970,0.0024,0.0630,1.0015,0.00,0.00,-0.06,2.14,0.65,50.58
9.403970,0.0020,0.0625,1.0020,0.00,0.00,-0.12,2.14,0.65,50.58
9.433162,0.0029,0.0625,1.0020,0.00,0.00,-0.06,2.14,0.65,50.58
9.433162,0.0015,0.0625,1.0029,0.00,0.00,-0.06,2.14,0.65,50.58
9.493995,0.0020,0.0625,1.0024,0.00,0.00,0.00,2.14,0.65,50.58
9.493995,0.0020,0.0620,1.0020,0.00,0.00,0.00,2.14,0.65,50.58
9.523436,0.0024,0.0625,1.0024,0.06,0.00,-0.06,2.14,0.65,50.58
9.523436,0.0020,0.0630,1.0020,0.00,0.00,0.00,2.14,0.65,50.58
9.553310,0.0010,0.0630,1.0020,0.00,0.00,-0.12,2.14,0.65,50.58
9.553310,0.0015,0.0620,1.0010,0.00,0.00,0.00,2.14,0.65,50.58
9.613210,0.0015,0.0630,1.0020,0.00,0.00,-0.06,2.14,0.65,50.58
9.613210,0.0015,0.0625,1.0020,0.00,0.00,0.00,2.14,0.65,50.58
9.644012,0.0020,0.0630,1.0020,0.00,0.00,-0.06,2.14,0.65,50.58
9.644012,0.0024,0.0625,1.0015,0.00,0.00,-0.06,2.14,0.65,50.58
9.673178,0.0015,0.0625,1.0020,0.00,0.00,-0.06,2.14,0.65,50.58
9.673178,0.0020,0.0625,1.0020,0.00,0.00,-0.06,2.14,0.65,50.58
9.733987,0.0020,0.0625,1.0029,0.00,0.00,0.00,2.14,0.65,50.58
9.733987,0.0020,0.0630,1.0020,0.06,0.00,-0.06,2.14,0.65,50.58
9.763219,0.0020,0.0625,1.0020,0.00,0.00,0.00,2.14,0.65,50.58
9.763219,0.0015,0.0630,1.0010,0.00,0.00,-0.06,2.14,0.65,50.59
9.794099,0.0024,0.0615,1.0015,0.00,0.00,-0.06,2.14,0.65,50.59
9.794099,0.0015,0.0620,1.0015,0.06,0.00,-0.06,2.14,0.65,50.59
9.854002,0.0015,0.0630,1.0024,0.00,0.00,-0.06,2.14,0.65,50.59
9.854002,0.0024,0.0635,1.0020,0.00,0.00,0.00,2.14,0.65,50.59
9.884309,0.0020,0.0630,1.0024,0.00,-0.06,0.00,2.14,0.65,50.59
9.884309,0.0024,0.0620,1.0020,0.00,-0.06,-0.06,2.14,0.65,50.59
9.913883,0.0024,0.0635,1.0015,0.00,0.00,0.00,2.14,0.65,50.59
9.913883,0.0024,0.0640,1.0024,0.00,0.00,-0.06,2.14,0.65,50.59
9.973962,0.0020,0.0625,1.0024,0.00,0.00,0.00,2.14,0.65,50.59
9.973962,0.0024,0.0625,1.0024,0.00,0.00,0.00,2.14,0.65,50.59
10.003248,0.0020,0.0630,1.0015,0.00,0.00,0.00,2.14,0.65,50.59
10.003248,0.0020,0.0635,1.0020,0.00,0.00,0.00,2.14,0.65,50.59
10.033991,0.0020,0.0630,1.0015,0.00,0.00,-0.06,2.14,0.65,50.59
10.033991,0.0024,0.0635,1.0015,0.00,0.00,0.00,2.14,0.65,50.59
10.093910,0.0015,0.0625,1.0024,0.00,0.00,0.00,2.14,0.65,50.59
10.093910,0.0020,0.0620,1.0020,0.00,0.00,-0.06,2.14,0.65,50.59
10.124130,0.0020,0.0630,1.0015,0.06,0.00,-0.06,2.14,0.65,50.59
10.124130,0.0024,0.0630,1.0020,0.00,0.00,0.00,2.14,0.65,50.59
10.153117,0.0015,0.0635,1.0029,0.00,0.00,-0.06,2.14,0.65,50.59
10.153117,0.0024,0.0620,1.0015,0.06,0.00,-0.12,2.14,0.65,50.59
10.213699,0.0015,0.0625,1.0020,0.00,0.00,0.00,2.14,0.65,50.59
10.213699,0.0015,0.0630,1.0020,0.06,0.00,0.00,2.14,0.65,50.59
10.243547,0.0015,0.0630,1.0015,0.00,0.00,0.00,2.14,0.65,50.59
10.243547,0.0020,0.0630,1.0015,0.00,-0.06,0.00,2.14,0.65,50.59
10.273935,0.0024,0.0625,1.0020,0.00,0.00,-0.06,2.14,0.65,50.59
10.273935,0.0020,0.0620,1.0005,0.00,0.00,0.00,2.14,0.65,50.59
10.334029,0.0024,0.0620,1.0024,0.00,0.00,-0.06,2.14,0.65,50.59
10.334029,0.0020,0.0630,1.0020,0.06,0.00,0.00,2.14,0.65,50.59
10.363129,0.0024,0.0625,1.0020,0.06,0.00,-0.06,2.14,0.65,50.59
10.363129,0.0020,0.0625,1.0020,0.00,0.00,0.00,2.14,0.65,50.59
10.393118,0.0015,0.0615,1.0020,0.00,0.00,-0.06,2.14,0.65,50.59
10.393118,0.0020,0.0635,1.0015,0.00,0.00,0.00,2.14,0.65,50.59
10.455917,0.0015,0.0630,1.0020,0.06,0.00,-0.06,2.14,0.65,50.59
10.455917,0.0015,0.0625,1.0015,0.00,0.00,0.00,2.14,0.65,50.59
10.485794,0.0020,0.0620,1.0015,0.00,0.00,-0.06,2.14,0.65,50.59
10.485794,0.0015,0.0625,1.0020,0.00,0.00,0.00,2.14,0.65,50.59
10.515998,0.0020,0.0630,1.0010,0.06,0.00,-0.06,2.14,0.65,50.59
10.515998,0.0029,0.0625,1.0015,0.06,0.00,0.00,2.14,0.65,50.59
10.573991,0.0024,0.0630,1.0020,0.00,0.00,-0.06,2.14,0.65,50.59
10.573991,0.0020,0.0625,1.0015,0.00,0.00,-0.06,2.14,0.65,50.59
10.604297,0.0020,0.0635,1.0010,0.06,0.00,-0.06,2.14,0.65,50.59
10.604297,0.0015,0.0640,1.0015,0.00,0.00,0.00,2.14,0.65,50.59
10.663814,0.0020,0.0635,1.0015,0.00,0.00,-0.06,2.14,0.65,50.59
10.663814,0.0015,0.0630,1.0024,0.00,0.00,-0.06,2.14,0.65,50.59
10.692998,0.0020,0.0630,1.0010,0.00,0.00,0.00,2.14,0.65,50.59
10.692998,0.0015,0.0635,1.0015,0.00,0.00,0.00,2.14,0.65,50.59
10.723508,0.0020,0.0625,1.0020,0.00,0.00,-0.06,2.14,0.65,50.59
10.723508,0.0015,0.0630,1.0015,0.00,0.00,-0.06,2.14,0.65,50.59
10.783174,0.0015,0.0630,1.0020,0.06,0.00,-0.06,2.14,0.65,50.59
10.783174,0.0020,0.0630,1.0020,0.00,0.00,0.00,2.14,0.65,50.59
10.814003,0.0020,0.0625,1.0020,0.00,0.00,-0.06,2.14,0.65,50.59
10.814003,0.0015,0.0630,1.0020,0.00,0.00,-0.06,2.14,0.65,50.59
10.843193,0.0020,0.0630,1.0010,0.06,0.00,0.00,2.14,0.65,50.59
10.843193,0.0024,0.0620,1.0010,0.00,0.00,-0.06,2.14,0.65,50.59
10.903141,0.0015,0.0635,1.0020,0.06,0.00,0.00,2.14,0.65,50.59
10.903141,0.0024,0.0630,1.0010,0.06,0.00,-0.06,2.14,0.65,50.59
10.933906,0.0024,0.0635,1.0015,0.06,0.00,0.00,2.14,0.65,50.59
10.933906,0.0020,0.0635,1.0010,0.00,0.00,-0.06,2.14,0.65,50.59
10.963076,0.0029,0.0635,1.0020,0.00,0.00,-0.06,2.14,0.65,50.59
10.963076,0.0015,0.0630,1.0020,0.00,0.00,0.00,2.14,0.65,50.59
11.024183,0.0020,0.0635,1.0020,0.00,0.00,0.00,2.14,0.65,50.59
11.024183,0.0020,0.0620,1.0015,0.00,-0.06,0.00,2.14,0.65,50.59
11.053217,0.0015,0.0630,1.0020,0.00,0.00,-0.06,2.14,0.65,50.59
11.053217,0.0024,0.0625,1.0024,0.00,0.00,-0.06,2.14,0.65,50.59
11.083958,0.0020,0.0625,1.0015,0.00,0.00,0.00,2.14,0.65,50.59
11.083958,0.0010,0.0630,1.0029,0.00,0.00,0.00,2.14,0.65,50.59
11.143899,0.0010,0.0630,1.0010,0.00,0.00,-0.06,2.14,0.65,50.59
11.143899,0.0020,0.0625,1.0015,0.00,0.00,-0.12,2.14,0.65,50.59
11.173119,0.0015,0.0620,1.0020,0.00,0.00,0.00,2.14,0.65,50.59
11.173119,0.0020,0.0635,1.0020,0.00,0.00,-0.06,2.14,0.65,50.59
11.203862,0.0024,0.0620,1.0024,0.00,0.00,-0.06,2.14,0.65,50.59
11.203862,0.0020,0.0625,1.0020,0.00,0.00,0.00,2.14,0.65,50.59
11.263962,0.0020,0.0630,1.0020,0.12,0.00,0.00,2.14,0.65,50.59
11.263962,0.0020,0.0625,1.0020,0.00,0.00,0.00,2.14,0.65,50.59
11.293111,0.0020,0.0625,1.0029,0.00,0.00,0.00,2.14,0.65,50.59
11.293111,0.0024,0.0625,1.0029,0.00,0.00,-0.06,2.14,0.65,50.59
11.323611,0.0020,0.0630,1.0029,0.06,0.00,-0.06,2.14,0.65,50.59
11.323611,0.0029,0.0625,1.0029,0.00,0.00,0.00,2.14,0.65,50.59
11.383936,0.0020,0.0630,1.0024,0.00,0.00,-0.06,2.14,0.65,50.59
11.383936,0.0024,0.0635,1.0029,0.00,0.00,0.00,2.14,0.65,50.59
11.413173,0.0005,0.0625,1.0024,0.00,0.00,-0.06,2.14,0.65,50.59
11.413173,0.0020,0.0635,1.0020,0.00,0.00,-0.06,2.14,0.65,50.59
11.443869,0.0024,0.0620,1.0010,0.06,0.00,0.00,2.14,0.65,50.59
11.443869,0.0015,0.0620,1.0020,0.00,0.00,0.00,2.14,0.65,50.59
11.504566,0.0015,0.0620,1.0010,0.00,0.00,0.00,2.14,0.65,50.59
11.504566,0.0020,0.0625,1.0010,0.00,0.00,-0.06,2.14,0.65,50.59
11.533464,0.0020,0.0630,1.0024,0.00,0.00,-0.06,2.14,0.65,50.59
11.533464,0.0015,0.0620,1.0020,0.00,0.00,-0.06,2.14,0.65,50.59
11.563998,0.0015,0.0625,1.0020,0.00,0.00,0.00,2.14,0.65,50.59
11.563998,0.0024,0.0630,1.0020,0.00,0.00,0.00,2.14,0.65,50.59
11.623460,0.0020,0.0625,1.0020,0.00,0.00,0.00,2.14,0.65,50.59
11.623460,0.0029,0.0630,1.0024,0.06,0.00,-0.06,2.14,0.65,50.59
11.654106,0.0020,0.0625,1.0020,0.00,0.00,-0.06,2.14,0.65,50.59
11.654106,0.0020,0.0625,1.0020,0.00,0.00,-0.06,2.14,0.65,50.59
11.683190,0.0024,0.0625,1.0024,0.06,0.00,-0.06,2.14,0.65,50.59
11.683190,0.0024,0.0625,1.0020,0.06,0.00,-0.12,2.14,0.65,50.59
11.744144,0.0015,0.0635,1.0020,0.00,0.00,-0.06,2.14,0.65,50.59
11.744144,0.0024,0.0625,1.0024,0.00,0.00,-0.06,2.14,0.65,50.59
11.773195,0.0015,0.0620,1.0015,0.00,0.00,-0.06,2.14,0.65,50.59
11.773195,0.0020,0.0625,1.0015,0.00,0.00,-0.06,2.14,0.65,50.59
11.804325,0.0005,0.0625,1.0020,0.06,0.00,0.00,2.14,0.65,50.59
11.804325,0.0010,0.0630,1.0024,0.00,0.00,-0.06,2.14,0.65,50.59
11.863978,0.0020,0.0625,1.0024,0.00,0.00,-0.06,2.14,0.65,50.59
11.863978,0.0020,0.0625,1.0024,0.06,0.00,-0.06,2.14,0.65,50.59
11.893101,0.0024,0.0635,1.0024,0.00,0.00,0.00,2.14,0.65,50.59
11.893101,0.0024,0.0625,1.0015,0.06,0.00,-0.06,2.14,0.65,50.59
11.924299,0.0020,0.0620,1.0015,0.00,0.00,0.00,2.14,0.65,50.59
11.924299,0.0029,0.0635,1.0015,0.06,0.00,0.00,2.14,0.65,50.59
11.984152,0.0024,0.0625,1.0020,0.00,0.00,-0.06,2.14,0.65,50.59
11.984152,0.0024,0.0630,1.0010,0.06,0.00,-0.06,2.14,0.65,50.59
12.043935,0.0020,0.0630,1.0015,0.06,0.00,-0.06,2.14,0.65,50.60
12.043935,0.0020,0.0630,1.0020,0.12,0.00,-0.06,2.14,0.65,50.60
12.073139,0.0020,0.0630,1.0020,0.00,0.00,0.00,2.14,0.65,50.60
12.073139,0.0020,0.0630,1.0020,0.00,0.00,-0.12,2.14,0.65,50.60
12.103846,0.0024,0.0635,1.0024,0.00,0.00,0.00,2.14,0.65,50.60
12.103846,0.0015,0.0630,1.0020,0.00,0.00,-0.06,2.14,0.65,50.60
12.133053,0.0029,0.0630,1.0015,0.00,0.00,0.00,2.14,0.65,50.60
12.133053,0.0024,0.0630,1.0020,0.00,0.00,-0.06,2.14,0.65,50.60
12.194015,0.0015,0.0625,1.0015,0.00,0.00,0.00,2.14,0.65,50.60
12.194015,0.0024,0.0635,1.0015,0.00,0.00,-0.06,2.14,0.65,50.60
12.224160,0.0015,0.0630,1.0020,0.00,0.00,-0.06,2.14,0.65,50.60
12.224160,0.0020,0.0625,1.0020,0.00,0.06,-0.06,2.14,0.65,50.60
12.253047,0.0024,0.0625,1.0020,0.00,0.00,-0.06,2.14,0.65,50.60
12.253047,0.0024,0.0625,1.0015,0.00,0.00,0.00,2.14,0.65,50.60
12.313967,0.0015,0.0635,1.0024,0.00,0.00,-0.06,2.14,0.65,50.60
12.313967,0.0024,0.0635,1.0015,0.00,0.00,0.00,2.14,0.65,50.60
12.343129,0.0020,0.0625,1.0010,0.06,0.00,0.00,2.14,0.65,50.60
12.343129,0.0020,0.0630,1.0010,0.00,0.00,-0.06,2.14,0.65,50.60
12.373903,0.0015,0.0635,1.0020,0.00,0.00,-0.06,2.14,0.65,50.60
12.373903,0.0015,0.0630,1.0005,0.06,0.00,-0.06,2.14,0.65,50.60
12.433883,0.0015,0.0640,1.0010,0.00,0.00,-0.06,2.14,0.65,50.60
12.433883,0.0024,0.0630,1.0020,0.06,0.00,0.00,2.14,0.65,50.60
12.463162,0.0024,0.0630,1.0015,0.00,0.00,-0.06,2.14,0.65,50.60
12.463162,0.0020,0.0625,1.0020,0.06,0.00,0.00,2.14,0.65,50.60
12.495995,0.0015,0.0620,1.0015,0.00,0.00,0.00,2.14,0.65,50.60
12.495995,0.0015,0.0640,1.0015,0.00,0.00,0.00,2.14,0.65,50.60
12.555852,0.0024,0.0630,1.0029,0.00,0.00,-0.06,2.14,0.65,50.60
12.555852,0.0020,0.0630,1.0015,0.00,0.00,-0.06,2.14,0.65,50.60
12.584774,0.0010,0.0625,1.0015,0.06,0.00,0.00,2.14,0.65,50.60
12.584774,0.0020,0.0635,1.0034,0.00,0.00,0.00,2.14,0.65,50.60
12.618865,0.0015,0.0625,1.0029,0.00,0.00,0.00,2.14,0.65,50.60
12.618865,0.0020,0.0630,1.0020,0.06,0.00,0.00,2.14,0.65,50.60
12.673870,0.0029,0.0630,1.0015,0.06,0.00,-0.06,2.14,0.65,50.60
12.673870,0.0020,0.0620,1.0020,0.00,0.00,0.00,2.14,0.65,50.60
12.703113,0.0020,0.0630,1.0020,0.00,0.00,0.00,2.14,0.65,50.60
12.703113,0.0024,0.0635,1.0015,0.00,0.00,0.00,2.14,0.65,50.60
12.733909,0.0029,0.0630,1.0029,0.00,0.00,0.00,2.14,0.65,50.60
12.733909,0.0015,0.0630,1.0024,0.00,0.00,-0.06,2.14,0.65,50.60
12.793315,0.0015,0.0625,1.0024,0.00,0.00,-0.06,2.14,0.65,50.60
12.793315,0.0015,0.0635,1.0010,0.00,0.00,-0.06,2.14,0.65,50.60
12.823123,0.0024,0.0635,1.0015,0.00,0.00,-0.06,2.14,0.65,50.60
12.823123,0.0015,0.0630,1.0020,0.00,0.00,-0.06,2.14,0.65,50.60
12.883956,0.0020,0.0625,1.0015,0.00,0.00,0.00,2.14,0.65,50.60
12.883956,0.0024,0.0625,1.0029,0.06,0.00,0.00,2.14,0.65,50.60
12.913091,0.0020,0.0625,1.0024,0.06,0.00,-0.06,2.14,0.65,50.60
12.913091,0.0024,0.0620,1.0020,0.00,0.00,-0.06,2.14,0.65,50.60
12.944111,0.0020,0.0620,1.0020,0.00,0.00,0.00,2.14,0.65,50.60
12.944111,0.0015,0.0625,1.0024,0.00,0.00,-0.06,2.14,0.65,50.60
12.973086,0.0015,0.0620,1.0015,0.00,0.00,0.00,2.14,0.65,50.60
12.973086,0.0020,0.0620,1.0020,0.00,0.00,-0.06,2.14,0.65,50.60
13.033916,0.0010,0.0635,1.0024,0.00,0.00,-0.06,2.14,0.65,50.60
13.033916,0.0020,0.0625,1.0010,0.00,0.00,0.00,2.14,0.65,50.60
13.063154,0.0020,0.0625,1.0024,0.00,0.00,0.00,2.14,0.65,50.60
13.063154,0.0024,0.0625,1.0015,0.00,0.00,-0.12,2.14,0.65,50.60
13.093837,0.0029,0.0625,1.0024,0.00,0.00,-0.06,2.14,0.65,50.60
13.093837,0.0020,0.0630,1.0015,0.00,0.00,-0.06,2.14,0.65,50.60
13.153902,0.0024,0.0630,1.0015,0.00,0.00,-0.06,2.14,0.65,50.60
13.153902,0.0024,0.0635,1.0020,0.00,0.00,-0.06,2.14,0.65,50.60
13.183128,0.0020,0.0630,1.0015,0.06,0.00,0.00,2.14,0.65,50.60
13.183128,0.0020,0.0625,1.0020,0.00,0.00,-0.06,2.14,0.65,50.60
13.213152,0.0015,0.0625,1.0020,0.00,0.00,0.00,2.14,0.65,50.60
13.213152,0.0020,0.0625,1.0020,0.06,0.00,0.00,2.14,0.65,50.60
13.274303,0.0024,0.0620,1.0029,0.00,0.00,0.00,2.14,0.65,50.60
13.274303,0.0015,0.0625,1.0020,0.00,0.00,0.00,2.14,0.65,50.60
13.304303,0.0024,0.0620,1.0024,0.00,-0.06,0.00,2.14,0.65,50.60
13.304303,0.0015,0.0625,1.0024,0.00,0.00,-0.06,2.14,0.65,50.60
13.333098,0.0024,0.0635,1.0020,0.00,0.00,-0.06,2.14,0.65,50.60
13.333098,0.0020,0.0630,1.0024,0.00,0.00,0.00,2.14,0.65,50.60
13.394035,0.0024,0.0630,1.0024,0.00,0.00,0.00,2.14,0.65,50.60
13.394035,0.0029,0.0630,1.0020,0.00,0.00,0.00,2.14,0.65,50.60
13.423191,0.0020,0.0635,1.0015,0.00,0.00,0.00,2.14,0.65,50.60
13.423191,0.0020,0.0630,1.0010,0.00,0.00,0.00,2.14,0.65,50.60
13.484015,0.0034,0.0620,1.0010,0.00,0.00,-0.06,2.14,0.65,50.60
13.484015,0.0024,0.0630,1.0015,0.00,0.00,0.00,2.14,0.65,50.60
13.513207,0.0020,0.0625,1.0024,0.06,-0.06,-0.06,2.14,0.65,50.60
13.513207,0.0015,0.0630,1.0005,0.00,0.00,0.00,2.14,0.65,50.60
13.544463,0.0015,0.0630,1.0020,0.00,0.00,-0.06,2.14,0.65,50.60
13.544463,0.0015,0.0625,1.0024,0.00,0.00,0.00,2.14,0.65,50.60
13.603121,0.0020,0.0610,1.0034,0.00,0.00,0.00,2.14,0.65,50.60
13.603121,0.0015,0.0625,1.0015,0.00,0.00,0.00,2.14,0.65,50.60
13.633986,0.0015,0.0620,1.0010,0.12,0.00,-0.06,2.14,0.65,50.60
13.633986,0.0024,0.0630,1.0010,0.12,0.00,0.00,2.14,0.65,50.60
13.663148,0.0015,0.0625,1.0020,0.06,0.00,-0.06,2.14,0.65,50.60
13.663148,0.0015,0.0630,1.0024,0.00,0.00,0.00,2.14,0.65,50.60
13.724554,0.0005,0.0625,1.0029,0.00,0.00,0.00,2.14,0.65,50.60
13.724554,0.0024,0.0630,1.0015,0.00,0.00,-0.06,2.14,0.65,50.60
13.753185,0.0015,0.0630,1.0020,0.06,-0.06,-0.06,2.14,0.65,50.60
13.753185,0.0015,0.0635,1.0024,0.00,0.00,-0.06,2.14,0.65,50.60
13.784029,0.0010,0.0630,1.0020,0.00,0.00,0.00,2.14,0.65,50.60
13.784029,0.0015,0.0630,1.0020,0.06,0.00,0.00,2.14,0.65,50.60
13.844166,0.0020,0.0630,1.0020,0.00,0.00,0.00,2.14,0.65,50.60
13.844166,0.0024,0.0630,1.0024,0.00,0.00,0.00,2.14,0.65,50.60
13.873077,0.0020,0.0635,1.0024,0.00,0.00,-0.06,2.14,0.65,50.60
13.873077,0.0020,0.0620,1.0020,0.00,0.00,0.00,2.14,0.65,50.60
13.903832,0.0024,0.0630,1.0020,0.06,0.00,-0.06,2.14,0.65,50.60
13.903832,0.0020,0.0625,1.0029,0.00,0.00,-0.06,2.14,0.65,50.60
13.963989,0.0020,0.0630,1.0010,0.06,0.00,-0.06,2.14,0.65,50.60
13.963989,0.0020,0.0625,1.0020,0.06,0.00,0.00,2.14,0.65,50.60
13.993118,0.0015,0.0635,1.0015,0.00,0.00,0.00,2.14,0.65,50.60
13.993118,0.0024,0.0635,1.0015,0.00,0.00,0.00,2.14,0.65,50.60
14.023861,0.0020,0.0625,1.0010,0.00,0.00,0.00,2.14,0.65,50.60
14.023861,0.0015,0.0610,1.0005,0.06,0.00,-0.06,2.14,0.65,50.60
14.083504,0.0000,0.0615,0.9985,0.43,0.24,-0.12,2.14,0.65,50.60
14.083504,0.0039,0.0674,1.0024,0.12,0.06,0.00,2.14,0.65,50.60
14.113856,0.0015,0.0625,1.0034,0.18,-0.06,0.00,2.14,0.65,50.60
14.113856,0.0015,0.0640,1.0024,-0.31,0.00,0.00,2.14,0.65,50.60
14.143356,0.0020,0.0625,1.0024,-0.06,0.00,-0.06,2.14,0.65,50.60
14.143356,0.0015,0.0640,1.0015,0.06,0.00,0.00,2.14,0.65,50.60
14.203980,0.0015,0.0630,1.0029,-0.12,0.00,0.00,2.14,0.65,50.60
14.203980,0.0020,0.0620,1.0020,-0.18,0.00,-0.06,2.14,0.65,50.60
14.233105,0.0034,0.0620,1.0024,0.24,0.00,-0.06,2.14,0.65,50.60
14.233105,0.0020,0.0605,1.0000,0.00,0.00,-0.06,2.14,0.65,50.60
14.264031,0.0005,0.0635,1.0024,0.12,0.00,-0.06,2.14,0.65,50.60
14.264031,0.0024,0.0630,1.0010,0.00,0.00,-0.06,2.14,0.65,50.60
14.323999,0.0020,0.0630,1.0029,0.00,0.00,0.00,2.14,0.65,50.60
14.323999,0.0020,0.0635,1.0039,0.12,0.00,0.00,2.14,0.65,50.60
14.353202,0.0015,0.0640,1.0015,0.18,0.00,0.00,2.14,0.65,50.60
14.353202,0.0034,0.0615,1.0034,0.49,0.06,-0.06,2.14,0.65,50.60
14.383992,0.0034,0.0669,0.9995,-0.55,-0.06,0.00,2.14,0.65,50.60
14.383992,0.0005,0.0620,1.0005,0.00,-0.06,-0.06,2.14,0.65,50.60
14.446185,0.0029,0.0605,1.0029,-0.18,0.00,0.00,2.14,0.65,50.60
14.446185,0.0015,0.0605,1.0024,0.49,0.12,-0.06,2.14,0.65,50.60
14.476270,0.0024,0.0679,1.0044,0.00,-0.12,0.00,2.14,0.65,50.60
14.476270,0.0010,0.0615,1.0029,-0.18,0.00,0.00,2.14,0.65,50.60
14.504392,0.0020,0.0615,1.0024,-0.12,0.00,0.00,2.14,0.65,50.60
14.504392,-0.0117,0.1201,1.0024,4.09,3.60,-0.31,2.15,0.68,50.60
14.563995,0.0576,0.0439,0.8989,1.10,0.73,-0.18,2.14,0.62,50.61
14.563995,-0.0132,0.0811,0.9712,-2.56,-1.65,0.31,2.15,0.64,50.61
14.593297,-0.0146,0.1001,1.1074,3.17,-0.55,0.67,2.16,0.66,50.61
14.593297,0.0234,0.0425,1.0098,2.26,1.46,-0.92,2.14,0.63,50.61
14.624499,0.0093,0.0601,1.0342,-1.46,-1.22,-0.37,2.15,0.63,50.61
14.624499,-0.0049,0.0674,1.0146,0.85,0.37,0.06,2.15,0.64,50.61
14.683264,0.0024,0.0581,1.0020,0.37,0.55,-0.06,2.14,0.63,50.61
14.683264,0.0059,0.0649,1.0005,0.24,0.00,-0.24,2.15,0.63,50.61
14.713098,0.0039,0.0635,1.0005,-0.06,-0.18,-0.18,2.15,0.63,50.61
14.713098,0.0000,0.0630,1.0020,-0.55,0.00,-0.06,2.14,0.63,50.61
14.743320,0.0005,0.0645,1.0020,0.12,0.00,0.00,2.15,0.63,50.61
14.743320,0.0015,0.0630,1.0020,0.31,0.00,0.00,2.15,0.63,50.61
14.803227,0.0029,0.0630,1.0029,-0.18,0.00,-0.06,2.15,0.63,50.61
14.803227,0.0024,0.0630,1.0039,0.00,0.00,-0.06,2.15,0.63,50.61
14.833014,0.0029,0.0635,1.0029,0.31,0.00,0.00,2.14,0.64,50.61
14.833014,0.0020,0.0630,1.0024,0.06,0.00,-0.06,2.14,0.64,50.61
14.894062,0.0015,0.0625,1.0020,-0.12,0.00,-0.06,2.14,0.64,50.61
14.894062,0.0020,0.0620,1.0020,-0.06,0.00,0.00,2.14,0.64,50.61
14.923245,0.0024,0.0625,1.0020,0.18,0.00,-0.06,2.14,0.64,50.61
14.923245,0.0029,0.0640,1.0020,0.00,0.00,-0.06,2.14,0.64,50.61
14.954129,0.0029,0.0625,1.0010,-0.06,0.00,0.00,2.14,0.64,50.61
14.954129,0.0015,0.0625,1.0015,0.00,0.00,-0.06,2.14,0.64,50.61
15.013285,0.0029,0.0630,1.0020,0.00,0.00,0.00,2.14,0.64,50.61
15.013285,0.0015,0.0625,1.0024,-0.06,0.00,-0.06,2.15,0.64,50.61
15.043312,0.0029,0.0620,1.0039,-0.06,0.00,0.00,2.15,0.64,50.61
15.043312,0.0020,0.0620,1.0034,0.12,0.00,-0.06,2.15,0.64,50.61
15.073044,0.0020,0.0635,1.0034,0.12,0.00,-0.06,2.15,0.64,50.61
15.073044,0.0020,0.0630,1.0029,0.06,0.00,0.00,2.15,0.64,50.61
15.134041,0.0020,0.0620,1.0034,0.00,0.00,-0.06,2.15,0.64,50.61
15.134041,0.0015,0.0625,1.0015,0.12,0.00,-0.06,2.15,0.64,50.61
15.163279,0.0010,0.0625,1.0015,0.06,0.06,-0.06,2.15,0.64,50.61
15.163279,0.0015,0.0635,1.0015,0.00,0.00,-0.06,2.15,0.64,50.61
15.193285,0.0020,0.0625,1.0020,0.00,0.00,0.00,2.15,0.64,50.61
15.193285,0.0015,0.0635,1.0024,0.12,0.00,0.00,2.15,0.64,50.61
15.253278,0.0010,0.0640,1.0015,0.06,0.00,-0.06,2.15,0.64,50.61
15.253278,0.0024,0.0630,1.0020,0.00,0.00,-0.06,2.15,0.64,50.61
15.283244,0.0024,0.0630,1.0020,0.00,0.00,0.00,2.15,0.64,50.61
15.283244,0.0024,0.0635,1.0024,0.00,0.00,-0.06,2.15,0.64,50.61
15.313286,0.0024,0.0630,1.0020,0.00,0.00,-0.06,2.15,0.64,50.61
15.313286,0.0020,0.0625,1.0015,0.00,0.00,-0.06,2.15,0.64,50.61
15.373284,0.0015,0.0625,1.0020,0.06,0.00,-0.06,2.15,0.64,50.61
15.373284,0.0020,0.0630,1.0010,0.06,0.00,-0.06,2.15,0.64,50.61
15.403528,0.0020,0.0625,1.0029,0.00,0.00,0.00,2.15,0.64,50.61
15.403528,0.0020,0.0625,1.0024,0.00,0.00,-0.06,2.15,0.64,50.61
15.433303,0.0020,0.0630,1.0024,0.06,0.00,0.00,2.15,0.64,50.61
15.433303,0.0020,0.0630,1.0024,0.06,0.00,-0.12,2.15,0.64,50.61
15.493360,0.0024,0.0620,1.0024,0.00,0.00,-0.12,2.15,0.64,50.61
15.493360,0.0024,0.0625,1.0020,0.06,0.00,-0.06,2.15,0.64,50.61
15.523274,0.0015,0.0630,1.0020,0.12,0.00,0.00,2.15,0.64,50.61
15.523274,0.0020,0.0635,1.0015,0.06,0.00,0.00,2.15,0.64,50.61
15.553225,0.0020,0.0625,1.0020,0.00,0.00,-0.06,2.15,0.64,50.61
15.553225,0.0020,0.0635,1.0015,0.00,0.00,0.00,2.15,0.64,50.61
15.613268,0.0020,0.0635,1.0024,0.00,0.00,0.00,2.15,0.64,50.61
15.613268,0.0024,0.0630,1.0029,0.06,0.00,0.00,2.15,0.64,50.61
15.644628,0.0024,0.0630,1.0024,0.00,0.00,-0.06,2.15,0.64,50.61
15.644628,0.0020,0.0635,1.0029,0.00,0.00,-0.06,2.15,0.64,50.61
15.674069,0.0020,0.0635,1.0034,0.00,0.00,0.00,2.15,0.64,50.61
15.674069,0.0020,0.0635,1.0029,0.00,0.00,0.00,2.15,0.64,50.62
15.733236,0.0024,0.0630,1.0015,0.00,0.00,-0.06,2.15,0.64,50.62
15.733236,0.0015,0.0620,1.0024,0.00,0.00,-0.06,2.15,0.64,50.62
15.763234,0.0020,0.0625,1.0024,0.06,0.00,-0.06,2.14,0.64,50.62
15.763234,0.0020,0.0625,1.0029,0.00,0.00,0.00,2.14,0.64,50.62
15.794027,0.0024,0.0620,1.0015,0.06,0.00,-0.06,2.14,0.64,50.62
15.794027,0.0020,0.0630,1.0029,0.00,0.00,0.00,2.14,0.64,50.63
15.853285,0.0015,0.0640,1.0024,0.00,0.00,0.00,2.14,0.64,50.63
15.853285,0.0020,0.0635,1.0015,0.00,0.00,-0.06,2.14,0.64,50.63
15.883296,0.0010,0.0635,1.0020,0.00,0.00,0.00,2.14,0.64,50.64
15.883296,0.0020,0.0630,1.0020,0.00,-0.06,-0.06,2.14,0.64,50.64
15.913540,0.0015,0.0630,1.0020,0.06,0.00,0.00,2.14,0.64,50.64
15.913540,0.0015,0.0620,1.0024,0.06,0.00,-0.06,2.14,0.64,50.64
15.973291,0.0024,0.0625,1.0020,0.06,0.00,-0.06,2.14,0.64,50.64
15.973291,0.0015,0.0630,1.0034,0.00,0.00,0.00,2.14,0.64,50.64
16.003256,0.0020,0.0625,1.0029,0.00,0.00,0.00,2.14,0.64,50.64
16.003256,0.0020,0.0625,1.0024,0.00,0.00,0.00,2.14,0.64,50.65
16.033267,0.0020,0.0615,1.0020,0.00,0.00,0.00,2.14,0.64,50.65
16.033267,0.0020,0.0635,1.0020,0.00,0.00,-0.06,2.14,0.64,50.65
16.093240,0.0024,0.0630,1.0020,0.00,0.00,-0.06,2.14,0.64,50.65
16.093240,0.0020,0.0635,1.0024,0.00,0.00,0.00,2.14,0.64,50.65
16.123948,0.0020,0.0630,1.0024,0.00,0.00,-0.06,2.14,0.64,50.65
16.123948,0.0020,0.0635,1.0015,0.06,0.00,0.00,2.14,0.64,50.66
16.183275,0.0020,0.0635,1.0020,0.00,0.00,0.00,2.14,0.64,50.66
16.183275,0.0020,0.0635,1.0024,0.00,0.00,0.00,2.14,0.64,50.66
16.213268,0.0020,0.0630,1.0020,0.00,0.00,-0.06,2.14,0.64,50.66
16.213268,0.0020,0.0635,1.0010,0.00,0.00,-0.06,2.14,0.64,50.66
16.244817,0.0024,0.0645,1.0020,0.00,0.00,0.00,2.14,0.64,50.66
16.244817,0.0010,0.0630,1.0024,0.00,0.00,0.00,2.14,0.64,50.66
16.304034,0.0020,0.0630,1.0029,0.00,0.00,-0.06,2.14,0.64,50.67
16.304034,0.0024,0.0630,1.0020,0.00,0.00,-0.06,2.14,0.64,50.67
16.333211,0.0020,0.0635,1.0015,0.00,0.00,-0.06,2.14,0.64,50.67
16.333211,0.0020,0.0630,1.0020,0.00,0.00,-0.06,2.14,0.64,50.67
16.364008,0.0010,0.0630,1.0029,0.00,0.00,-0.06,2.14,0.64,50.67
16.364008,0.0020,0.0635,1.0024,0.00,0.00,0.00,2.14,0.64,50.67
16.423995,0.0010,0.0630,1.0024,0.00,0.00,0.00,2.14,0.64,50.68
16.423995,0.0024,0.0635,1.0024,0.00,0.00,0.00,2.14,0.64,50.68
16.453170,0.0024,0.0625,1.0010,0.06,0.00,-0.06,2.14,0.64,50.68
16.453170,0.0024,0.0635,1.0020,0.00,0.00,0.00,2.14,0.64,50.68
16.484006,0.0020,0.0630,1.0024,0.06,0.00,0.00,2.14,0.64,50.69
16.484006,0.0020,0.0630,1.0020,0.06,0.00,-0.06,2.14,0.64,50.69
16.543607,0.0024,0.0635,1.0020,0.00,-0.06,-0.06,2.14,0.64,50.69
16.543607,0.0020,0.0635,1.0029,0.06,0.00,-0.06,2.14,0.64,50.69
16.574021,0.0020,0.0630,1.0020,0.00,0.00,0.00,2.14,0.64,50.69
16.574021,0.0020,0.0625,1.0024,0.00,0.00,-0.06,2.14,0.64,50.69
16.603200,0.0029,0.0620,1.0020,0.00,0.00,-0.06,2.14,0.64,50.69
16.603200,0.0024,0.0635,1.0029,0.00,0.00,-0.06,2.14,0.64,50.70
16.663998,0.0020,0.0630,1.0020,0.00,0.00,-0.06,2.14,0.64,50.70
16.663998,0.0020,0.0630,1.0020,0.00,0.00,0.00,2.14,0.64,50.70
16.694142,0.0020,0.0625,1.0020,0.00,0.00,-0.06,2.14,0.64,50.70
16.694142,0.0020,0.0630,1.0034,0.00,0.00,-0.06,2.14,0.64,50.70
16.723267,0.0020,0.0625,1.0024,0.00,0.00,0.00,2.14,0.64,50.70
16.723267,0.0020,0.0630,1.0015,0.00,0.00,0.00,2.14,0.64,50.70
16.784124,0.0020,0.0630,1.0005,0.00,0.00,0.00,2.14,0.64,50.71
16.784124,0.0029,0.0635,1.0020,0.00,0.00,0.00,2.14,0.64,50.71
16.813259,0.0024,0.0635,1.0029,0.00,0.00,-0.06,2.14,0.64,50.71
16.813259,0.0020,0.0625,1.0020,0.00,0.00,0.00,2.14,0.64,50.71
16.843551,0.0024,0.0630,1.0020,0.00,0.00,0.00,2.14,0.64,50.71
16.843551,0.0024,0.0635,1.0020,0.00,0.00,0.00,2.14,0.64,50.71
16.903998,0.0024,0.0630,1.0020,0.00,0.00,-0.06,2.14,0.64,50.71
16.903998,0.0015,0.0630,1.0020,0.06,0.00,-0.06,2.14,0.64,50.72
16.933224,0.0020,0.0625,1.0034,0.06,0.00,-0.06,2.14,0.64,50.72
16.933224,0.0020,0.0625,1.0020,0.00,0.00,-0.06,2.14,0.64,50.72
16.963943,0.0024,0.0630,1.0024,0.00,0.00,0.00,2.14,0.64,50.72
16.963943,0.0015,0.0635,1.0024,0.00,0.00,-0.06,2.14,0.64,50.72
17.024001,0.0024,0.0625,1.0024,0.00,0.00,0.00,2.14,0.64,50.72
17.024001,0.0020,0.0630,1.0020,0.06,0.00,0.00,2.14,0.64,50.72
17.053224,0.0015,0.0630,1.0020,0.00,0.00,0.00,2.14,0.64,50.73
17.053224,0.0015,0.0635,1.0020,0.00,0.00,-0.06,2.14,0.64,50.73
17.083975,0.0010,0.0635,1.0020,0.00,0.00,0.00,2.14,0.64,50.73
17.083975,0.0020,0.0625,1.0010,0.12,0.00,0.00,2.14,0.64,50.73
17.144644,0.0020,0.0630,1.0024,0.00,0.00,-0.06,2.14,0.64,50.73
17.144644,0.0029,0.0625,1.0020,0.00,0.00,-0.06,2.14,0.64,50.73
17.173497,0.0024,0.0630,1.0020,0.00,0.00,0.00,2.14,0.64,50.73
17.173497,0.0020,0.0635,1.0020,0.00,0.00,0.00,2.14,0.64,50.73
17.204005,0.0020,0.0630,1.0024,0.00,0.00,0.00,2.14,0.64,50.74
17.204005,0.0024,0.0635,1.0015,0.00,0.00,0.00,2.14,0.64,50.74
17.263971,0.0020,0.0630,1.0015,0.00,0.00,0.00,2.14,0.64,50.74
17.263971,0.0024,0.0635,1.0024,0.00,0.00,0.00,2.14,0.64,50.74
17.293180,0.0015,0.0640,1.0024,0.00,0.00,0.00,2.14,0.64,50.75
17.293180,0.0020,0.0630,1.0020,0.00,0.00,-0.06,2.14,0.64,50.75
17.324016,0.0020,0.0635,1.0024,0.00,0.00,0.00,2.14,0.64,50.75
17.324016,0.0024,0.0630,1.0029,0.00,0.00,0.00,2.14,0.64,50.75
17.384012,0.0015,0.0635,1.0034,0.00,0.00,-0.06,2.14,0.64,50.75
17.384012,0.0020,0.0635,1.0029,0.00,0.00,0.00,2.14,0.64,50.75
17.413233,0.0024,0.0630,1.0010,0.00,0.00,0.00,2.14,0.64,50.75
17.413233,0.0024,0.0630,1.0024,0.00,0.00,0.00,2.14,0.64,50.76
17.444392,0.0020,0.0635,1.0024,0.06,0.00,0.00,2.14,0.64,50.76
17.444392,0.0020,0.0630,1.0024,0.00,0.00,-0.06,2.14,0.64,50.76
17.504832,0.0020,0.0630,1.0015,0.00,0.00,-0.06,2.14,0.64,50.76
17.504832,0.0020,0.0635,1.0024,0.06,0.00,0.00,2.14,0.64,50.76
17.533711,0.0020,0.0635,1.0020,0.00,0.00,0.00,2.14,0.64,50.76
17.533711,0.0029,0.0625,1.0015,0.00,0.00,-0.06,2.14,0.64,50.76
17.594145,0.0020,0.0630,1.0010,0.00,0.00,0.00,2.14,0.64,50.76
17.594145,0.0024,0.0630,1.0024,0.06,0.00,-0.06,2.14,0.64,50.77
17.623309,0.0020,0.0635,1.0020,0.06,0.00,0.00,2.14,0.64,50.77
17.623309,0.0020,0.0635,1.0020,0.00,0.00,-0.06,2.14,0.64,50.77
17.654026,0.0024,0.0635,1.0015,0.00,0.00,-0.06,2.14,0.64,50.77
17.654026,0.0015,0.0635,1.0015,0.06,0.00,-0.06,2.14,0.64,50.77
17.713281,0.0020,0.0635,1.0020,0.00,0.00,-0.06,2.14,0.64,50.77
17.713281,0.0015,0.0635,1.0024,0.00,0.00,0.00,2.14,0.64,50.77
17.743501,0.0020,0.0630,1.0015,0.00,0.00,0.00,2.14,0.64,50.77
17.743501,0.0015,0.0630,1.0029,0.00,0.00,-0.06,2.14,0.64,50.78
17.774036,0.0020,0.0625,1.0015,0.00,0.00,-0.06,2.14,0.64,50.78
17.774036,0.0010,0.0630,1.0020,0.00,0.00,-0.06,2.14,0.64,50.78
17.834032,0.0020,0.0630,1.0029,0.00,0.00,0.00,2.14,0.64,50.78
17.834032,0.0010,0.0635,1.0020,0.00,0.00,-0.06,2.14,0.64,50.78
17.863232,0.0024,0.0635,1.0015,0.00,0.00,-0.06,2.14,0.64,50.78
17.863232,0.0020,0.0625,1.0015,0.00,0.00,0.00,2.14,0.64,50.78
17.894180,0.0024,0.0630,1.0034,0.00,0.00,-0.06,2.14,0.64,50.78
17.894180,0.0010,0.0630,1.0020,0.00,0.00,-0.06,2.14,0.64,50.79
17.953981,0.0020,0.0630,1.0020,0.06,0.00,-0.06,2.14,0.64,50.79
17.953981,0.0020,0.0630,1.0015,0.00,0.00,-0.06,2.14,0.64,50.79
17.983212,0.0020,0.0630,1.0024,0.00,0.00,0.00,2.14,0.64,50.79
17.983212,0.0024,0.0635,1.0020,0.06,0.06,-0.06,2.14,0.64,50.80
18.013079,0.0020,0.0625,1.0020,0.00,0.00,0.00,2.14,0.64,50.80
18.013079,0.0015,0.0630,1.0015,0.00,0.00,0.00,2.14,0.64,50.80
18.073257,0.0020,0.0630,1.0029,0.06,0.00,-0.06,2.14,0.64,50.80
18.073257,0.0015,0.0635,1.0024,0.00,0.00,-0.06,2.14,0.64,50.80
18.103174,0.0020,0.0640,1.0024,0.06,0.00,0.00,2.14,0.64,50.80
18.103174,0.0015,0.0630,1.0024,0.00,0.00,-0.06,2.14,0.64,50.80
18.134079,0.0029,0.0635,1.0029,0.06,0.00,0.00,2.14,0.64,50.80
18.134079,0.0029,0.0630,1.0020,0.00,0.00,-0.06,2.14,0.64,50.80
18.194036,0.0015,0.0625,1.0020,0.00,0.00,-0.06,2.14,0.64,50.81
18.194036,0.0020,0.0635,1.0024,0.00,0.00,-0.06,2.14,0.64,50.81
18.223293,0.0015,0.0630,1.0024,0.06,0.00,0.00,2.14,0.64,50.81
18.223293,0.0024,0.0630,1.0024,0.00,0.00,-0.06,2.14,0.64,50.81
18.254031,0.0020,0.0635,1.0020,0.00,0.00,0.00,2.14,0.64,50.81
18.254031,0.0020,0.0635,1.0015,0.06,0.00,0.00,2.14,0.64,50.81
18.314025,0.0015,0.0635,1.0015,0.00,0.00,-0.12,2.14,0.64,50.81
18.314025,0.0024,0.0635,1.0024,0.00,0.00,-0.06,2.14,0.64,50.81
18.343545,0.0015,0.0635,1.0020,0.00,0.06,-0.06,2.14,0.64,50.82
18.343545,0.0020,0.0620,1.0020,0.00,0.00,-0.06,2.14,0.64,50.82
18.374028,0.0020,0.0625,1.0015,0.00,0.00,0.00,2.14,0.64,50.82
18.374028,0.0020,0.0635,1.0024,0.00,0.00,-0.06,2.14,0.64,50.82
18.434054,0.0015,0.0630,1.0020,0.00,0.00,0.00,2.14,0.64,50.82
18.434054,0.0015,0.0625,1.0020,0.00,0.00,-0.12,2.14,0.64,50.82
18.463252,0.0020,0.0625,1.0020,0.06,0.00,-0.06,2.14,0.64,50.82
18.463252,0.0020,0.0625,1.0020,0.00,0.00,-0.06,2.14,0.64,50.82
18.493317,0.0024,0.0625,1.0024,0.00,0.00,-0.06,2.14,0.64,50.82
18.493317,0.0024,0.0635,1.0015,0.00,0.00,-0.06,2.14,0.64,50.83
18.553369,0.0024,0.0640,1.0024,0.00,0.00,-0.06,2.14,0.64,50.83
18.553369,0.0015,0.0635,1.0015,0.00,0.00,0.00,2.14,0.64,50.83
18.583344,0.0024,0.0625,1.0020,0.00,0.00,-0.06,2.14,0.64,50.83
18.583344,0.0024,0.0630,1.0029,0.00,0.00,-0.06,2.14,0.64,50.83
18.613403,0.0024,0.0640,1.0020,0.00,0.00,-0.06,2.14,0.64,50.83
18.613403,0.0020,0.0630,1.0020,0.00,0.00,0.00,2.14,0.64,50.83
18.673876,0.0020,0.0630,1.0015,0.00,0.00,0.00,2.14,0.64,50.83
18.673876,0.0015,0.0635,1.0015,0.00,0.00,0.00,2.14,0.64,50.83
18.703317,0.0024,0.0640,1.0020,0.00,0.00,-0.06,2.14,0.64,50.84
18.703317,0.0024,0.0630,1.0020,0.00,0.00,-0.06,2.14,0.64,50.84
18.733342,0.0020,0.0630,1.0020,0.00,0.00,0.00,2.14,0.64,50.84
18.733342,0.0015,0.0630,1.0024,0.00,0.00,-0.06,2.14,0.64,50.84
18.793322,0.0015,0.0620,1.0020,0.06,0.00,-0.06,2.14,0.64,50.84
18.793322,0.0024,0.0620,1.0020,0.00,0.00,-0.06,2.14,0.64,50.84
18.823291,0.0024,0.0625,1.0020,0.00,0.00,-0.06,2.14,0.64,50.84
18.823291,0.0015,0.0635,1.0015,0.00,0.00,-0.06,2.14,0.64,50.84
18.853304,0.0020,0.0635,1.0024,0.00,0.00,0.00,2.14,0.64,50.84
18.853304,0.0024,0.0635,1.0020,0.00,0.00,0.00,2.14,0.64,50.85
18.914055,0.0020,0.0630,1.0020,0.06,0.00,0.00,2.14,0.64,50.85
18.914055,0.0010,0.0630,1.0020,0.00,0.00,0.00,2.14,0.64,50.85
18.944246,0.0020,0.0630,1.0015,0.00,0.00,-0.06,2.14,0.64,50.85
18.944246,0.0015,0.0635,1.0005,0.00,0.00,-0.06,2.14,0.64,50.85
19.004076,0.0015,0.0630,1.0015,0.00,0.00,-0.06,2.14,0.64,50.86
19.004076,0.0024,0.0640,1.0029,0.00,0.00,0.00,2.14,0.64,50.86
19.033287,0.0020,0.0630,1.0020,0.00,0.00,0.00,2.14,0.64,50.86
19.033287,0.0024,0.0625,1.0029,0.00,0.00,-0.06,2.14,0.64,50.86
19.064055,0.0020,0.0625,1.0024,0.00,0.00,0.00,2.14,0.64,50.86
19.064055,0.0020,0.0630,1.0024,0.06,0.00,-0.06,2.14,0.64,50.86
19.124057,0.0020,0.0635,1.0029,0.00,0.00,-0.06,2.14,0.64,50.86
19.124057,0.0020,0.0630,1.0015,0.00,0.00,0.00,2.14,0.64,50.86
19.153278,0.0020,0.0635,1.0015,0.00,0.00,0.00,2.14,0.64,50.86
19.153278,0.0020,0.0630,1.0020,0.00,0.00,-0.06,2.14,0.64,50.87
19.184438,0.0020,0.0625,1.0010,0.00,0.00,-0.06,2.14,0.64,50.87
19.184438,0.0020,0.0630,1.0020,0.00,0.00,-0.06,2.14,0.64,50.87
19.244429,0.0020,0.0620,1.0020,0.00,0.00,-0.06,2.14,0.64,50.87
19.244429,0.0015,0.0625,1.0020,0.00,0.00,0.00,2.14,0.64,50.87
19.273208,0.0010,0.0630,1.0020,0.00,0.00,-0.06,2.14,0.64,50.87
19.273208,0.0015,0.0630,1.0020,0.00,0.00,0.00,2.14,0.64,50.87
19.303344,0.0020,0.0635,1.0020,0.00,0.00,-0.06,2.14,0.64,50.87
19.303344,0.0015,0.0635,1.0024,0.00,0.00,-0.06,2.14,0.64,50.87
19.364169,0.0024,0.0630,1.0020,0.00,0.00,-0.06,2.14,0.64,50.87
19.364169,0.0020,0.0630,1.0024,0.00,0.00,0.00,2.14,0.64,50.88
19.393211,0.0020,0.0635,1.0015,0.06,0.00,0.00,2.14,0.64,50.88
19.393211,0.0024,0.0645,1.0020,0.06,0.00,0.00,2.14,0.64,50.88
19.424071,0.0010,0.0630,1.0024,0.00,0.00,-0.06,2.14,0.64,50.88
19.424071,0.0010,0.0620,1.0020,0.00,0.00,-0.06,2.14,0.64,50.88
19.484285,0.0024,0.0630,1.0024,0.00,0.00,-0.06,2.14,0.64,50.88
19.484285,0.0010,0.0625,1.0024,0.00,0.00,0.00,2.14,0.64,50.88
19.513290,0.0015,0.0620,1.0015,0.00,0.00,-0.12,2.14,0.64,50.88
19.513290,0.0015,0.0625,1.0010,0.00,0.00,-0.06,2.14,0.64,50.88
19.544515,0.0015,0.0630,1.0020,0.00,0.00,0.00,2.14,0.64,50.88
19.544515,0.0024,0.0625,1.0020,0.00,0.00,0.00,2.14,0.64,50.89
19.604029,0.0024,0.0630,1.0024,0.00,0.00,-0.06,2.14,0.64,50.89
19.604029,0.0020,0.0640,1.0015,0.00,0.00,0.00,2.14,0.64,50.89
19.633296,0.0020,0.0630,1.0015,0.00,0.00,0.00,2.14,0.64,50.89
19.633296,0.0024,0.0635,1.0015,0.00,0.00,0.00,2.14,0.64,50.89
19.664008,0.0020,0.0630,1.0010,0.00,0.00,0.00,2.14,0.64,50.89
19.664008,0.0024,0.0635,1.0015,0.00,0.00,-0.06,2.14,0.64,50.89
19.724066,0.0015,0.0625,1.0020,0.00,0.00,-0.06,2.14,0.64,50.89
19.724066,0.0020,0.0635,1.0015,0.00,0.00,0.00,2.14,0.64,50.89
19.753315,0.0015,0.0635,1.0020,0.00,0.00,0.00,2.14,0.64,50.89
19.753315,0.0015,0.0635,1.0020,0.00,0.00,0.00,2.14,0.64,50.90
19.783360,0.0015,0.0635,1.0020,0.00,0.00,0.00,2.14,0.64,50.90
19.783360,0.0015,0.0645,1.0005,0.06,0.00,0.00,2.14,0.64,50.90
19.873538,0.0020,0.0630,1.0020,0.00,0.00,0.00,2.14,0.64,50.90
19.873538,0.0015,0.0620,1.0015,0.00,0.00,-0.06,2.14,0.64,50.90
19.875701,0.0020,0.0635,1.0005,0.00,0.00,-0.06,2.14,0.64,50.91
19.875701,0.0020,0.0635,1.0015,0.00,0.00,-0.06,2.14,0.64,50.91
19.903325,0.0024,0.0635,1.0010,0.00,0.00,-0.06,2.14,0.64,50.91
19.903325,0.0020,0.0625,1.0010,0.00,0.00,0.00,2.14,0.64,50.91
19.963140,0.0024,0.0625,1.0015,0.00,0.00,0.00,2.14,0.64,50.91
19.963140,0.0024,0.0635,1.0020,0.00,0.00,-0.06,2.14,0.64,50.91
19.993348,0.0024,0.0625,1.0015,0.00,0.00,-0.06,2.14,0.64,50.91
19.993348,0.0024,0.0625,1.0010,0.00,0.00,-0.06,2.14,0.64,50.91
20.023279,0.0020,0.0630,1.0010,0.00,0.00,0.00,2.14,0.64,50.91
20.023279,0.0020,0.0635,1.0010,0.00,0.00,-0.06,2.14,0.64,50.91
20.084083,0.0024,0.0620,1.0020,0.00,0.00,0.00,2.14,0.64,50.91
20.084083,0.0024,0.0630,1.0020,0.00,0.00,0.00,2.14,0.64,50.92
20.113368,0.0020,0.0635,1.0020,0.00,0.00,-0.06,2.14,0.64,50.92
20.113368,0.0034,0.0625,1.0015,0.00,0.00,0.00,2.14,0.64,50.92
20.144363,0.0024,0.0635,1.0024,0.00,0.00,0.00,2.14,0.64,50.92
20.144363,0.0020,0.0630,1.0015,0.00,0.00,-0.06,2.14,0.64,50.92
20.204085,0.0024,0.0630,1.0010,0.00,0.00,-0.06,2.14,0.64,50.92
20.204085,0.0015,0.0630,1.0015,0.00,0.00,0.00,2.14,0.64,50.92
20.233317,0.0015,0.0625,1.0010,0.00,0.00,-0.06,2.14,0.64,50.92
20.233317,0.0024,0.0625,1.0020,0.00,0.00,0.00,2.14,0.64,50.92
20.264164,0.0015,0.0625,1.0005,0.00,0.00,-0.06,2.14,0.64,50.92
20.264164,0.0020,0.0635,1.0000,0.00,0.00,-0.06,2.14,0.64,50.92
20.324169,0.0015,0.0625,1.0020,0.00,0.00,-0.06,2.14,0.64,50.93
20.324169,0.0024,0.0625,1.0015,0.06,0.00,0.00,2.14,0.64,50.93
20.354098,0.0024,0.0635,1.0015,0.00,0.00,-0.06,2.14,0.64,50.93
20.354098,0.0015,0.0640,1.0015,0.00,0.00,-0.06,2.14,0.64,50.93
20.414096,0.0015,0.0630,1.0015,0.00,0.00,-0.06,2.14,0.64,50.93
20.414096,0.0015,0.0630,1.0020,0.00,0.00,0.00,2.14,0.64,50.93
20.444809,0.0020,0.0630,1.0024,0.00,0.00,-0.06,2.14,0.64,50.93
20.444809,0.0029,0.0635,1.0020,0.00,0.00,0.00,2.14,0.64,50.93
20.475856,0.0020,0.0625,1.0034,0.00,0.00,-0.06,2.14,0.64,50.93
20.475856,0.0020,0.0630,1.0015,0.00,0.00,0.00,2.14,0.64,50.93
20.533320,0.0015,0.0630,1.0015,0.00,0.00,0.00,2.14,0.64,50.93
20.533320,0.0024,0.0625,1.0015,0.00,0.00,-0.06,2.14,0.64,50.94
20.564117,0.0029,0.0630,1.0020,0.00,0.00,-0.06,2.14,0.64,50.94
20.564117,0.0024,0.0625,1.0024,0.00,0.00,0.00,2.14,0.64,50.94
20.593311,0.0020,0.0630,1.0020,0.00,0.00,0.00,2.14,0.64,50.94
20.593311,0.0015,0.0630,1.0024,0.00,0.00,0.00,2.14,0.64,50.94
20.654131,0.0020,0.0625,1.0010,0.00,0.00,0.00,2.14,0.64,50.94
20.654131,0.0020,0.0625,1.0015,0.00,0.00,-0.06,2.14,0.64,50.94
20.685355,0.0020,0.0620,1.0020,0.00,0.00,-0.06,2.14,0.64,50.94
20.685355,0.0020,0.0625,1.0015,0.00,0.00,-0.06,2.14,0.64,50.94
20.713655,0.0020,0.0635,1.0024,0.00,0.00,0.00,2.14,0.64,50.94
20.713655,0.0020,0.0630,1.0010,0.00,0.00,-0.06,2.14,0.64,50.94
20.774285,0.0024,0.0625,1.0024,0.00,0.00,0.00,2.14,0.64,50.95
20.774285,0.0020,0.0625,1.0020,0.00,0.00,0.00,2.14,0.64,50.95
20.803337,0.0010,0.0630,1.0024,0.00,0.00,0.00,2.14,0.64,50.95
20.803337,0.0029,0.0640,1.0020,0.00,0.06,-0.06,2.14,0.64,50.95
20.834111,0.0015,0.0630,1.0020,0.00,0.00,0.00,2.14,0.64,50.95
20.834111,0.0020,0.0630,1.0024,0.00,0.00,-0.06,2.14,0.64,50.95
20.894098,0.0029,0.0625,1.0020,0.06,0.00,0.00,2.14,0.64,50.95
20.894098,0.0024,0.0630,1.0024,0.00,0.06,-0.06,2.14,0.64,50.95
20.923355,0.0020,0.0625,1.0010,0.00,0.00,0.00,2.14,0.64,50.95
20.923355,0.0029,0.0625,1.0020,0.00,0.00,0.00,2.14,0.64,50.95
20.954111,0.0020,0.0630,1.0020,0.00,0.00,-0.06,2.14,0.64,50.95
20.954111,0.0020,0.0625,1.0034,0.00,0.00,0.00,2.14,0.64,50.95
21.014173,0.0024,0.0635,1.0024,0.00,0.00,-0.06,2.14,0.64,50.96
21.014173,0.0020,0.0630,1.0020,0.00,0.06,0.00,2.14,0.64,50.96
21.043652,0.0020,0.0630,1.0015,0.00,0.00,0.00,2.14,0.64,50.96
21.043652,0.0015,0.0630,1.0029,0.00,0.00,-0.06,2.14,0.64,50.96
21.074113,0.0020,0.0630,1.0024,0.00,0.00,0.00,2.14,0.64,50.96
21.074113,0.0010,0.0630,1.0020,0.00,0.00,-0.06,2.14,0.64,50.96
21.134157,0.0024,0.0635,1.0020,0.00,0.00,0.00,2.14,0.64,50.97
21.134157,0.0015,0.0635,1.0015,0.00,0.00,-0.06,2.14,0.64,50.97
21.163340,0.0024,0.0635,1.0020,0.06,0.06,-0.06,2.14,0.64,50.97
21.163340,0.0015,0.0625,1.0015,0.00,0.00,-0.06,2.14,0.64,50.97
21.194116,0.0024,0.0630,1.0005,0.00,0.00,-0.06,2.14,0.64,50.97
21.194116,0.0020,0.0630,1.0020,0.00,0.00,-0.06,2.14,0.64,50.97
21.254054,0.0015,0.0625,1.0020,0.00,0.00,0.00,2.14,0.64,50.97
21.254054,0.0020,0.0625,1.0020,0.00,0.06,0.00,2.14,0.64,50.97
21.283356,0.0029,0.0630,1.0010,0.00,0.00,-0.06,2.14,0.64,50.97
21.283356,0.0020,0.0620,1.0020,0.00,0.00,0.00,2.14,0.64,50.97
21.314095,0.0020,0.0635,1.0020,0.06,0.00,0.00,2.14,0.64,50.97
21.314095,0.0020,0.0625,1.0024,0.00,0.00,0.00,2.14,0.64,50.97
21.374115,0.0020,0.0635,1.0029,0.00,0.00,0.00,2.14,0.64,50.98
21.374115,0.0015,0.0630,1.0015,0.00,0.00,-0.06,2.14,0.64,50.98
21.403301,0.0020,0.0635,1.0020,0.00,0.00,-0.06,2.14,0.64,50.98
21.403301,0.0020,0.0630,1.0024,0.00,0.00,0.00,2.14,0.64,50.98
21.434167,0.0020,0.0630,1.0024,0.00,0.00,0.00,2.14,0.64,50.98
21.434167,0.0015,0.0635,1.0010,0.00,0.00,0.00,2.14,0.64,50.98
21.494117,0.0015,0.0630,1.0024,0.00,0.00,0.00,2.14,0.64,50.98
21.494117,0.0015,0.0630,1.0015,0.00,0.00,-0.06,2.14,0.64,50.98
21.523342,0.0020,0.0630,1.0024,0.00,0.00,0.00,2.14,0.64,50.98
21.523342,0.0015,0.0625,1.0020,0.00,0.00,-0.06,2.14,0.64,50.98
21.553363,0.0015,0.0630,1.0010,0.00,0.00,0.00,2.14,0.64,50.98
21.553363,0.0010,0.0630,1.0020,0.00,0.00,-0.06,2.14,0.64,50.98
21.614267,0.0020,0.0620,1.0034,0.00,0.00,-0.06,2.14,0.64,50.99
21.614267,0.0015,0.0625,1.0024,0.00,0.00,0.00,2.14,0.64,50.99
21.644350,0.0015,0.0630,1.0024,0.00,0.00,0.00,2.14,0.64,50.99
21.644350,0.0020,0.0635,1.0010,0.00,0.00,-0.06,2.14,0.64,50.99
21.673489,0.0020,0.0635,1.0024,0.00,0.00,-0.06,2.14,0.64,50.99
21.673489,0.0024,0.0635,1.0020,0.00,0.00,-0.06,2.14,0.64,50.99
21.734532,0.0020,0.0640,1.0020,0.00,0.00,0.00,2.14,0.64,50.99
21.734532,0.0015,0.0630,1.0015,0.00,0.00,0.00,2.14,0.64,50.99
21.763714,0.0029,0.0630,1.0020,0.00,0.00,-0.06,2.14,0.64,50.99
21.763714,0.0020,0.0635,1.0024,0.00,0.00,0.00,2.14,0.64,50.99
21.823500,0.0020,0.0640,1.0020,0.00,0.00,0.00,2.14,0.64,50.99
21.823500,0.0020,0.0630,1.0020,0.00,0.00,0.00,2.14,0.64,50.99
21.854158,0.0024,0.0640,1.0015,0.00,0.00,-0.06,2.14,0.64,51.00
21.854158,0.0020,0.0635,1.0020,0.00,0.00,0.00,2.14,0.64,51.00
21.883312,0.0015,0.0630,1.0020,0.00,0.00,-0.06,2.14,0.64,51.00
21.883312,0.0010,0.0625,1.0024,0.00,0.00,-0.06,2.14,0.64,51.00
21.974320,0.0015,0.0630,1.0015,0.00,0.00,-0.12,2.14,0.64,51.00
21.974320,0.0015,0.0630,1.0020,0.00,0.00,-0.06,2.14,0.64,51.00
21.976426,0.0015,0.0630,1.0024,0.00,0.00,-0.06,2.14,0.64,51.00
21.976426,0.0015,0.0625,1.0024,0.00,0.00,0.00,2.14,0.64,51.00
22.006097,0.0015,0.0635,1.0020,0.00,0.00,0.00,2.14,0.64,51.00
22.006097,0.0020,0.0635,1.0010,0.06,0.00,-0.06,2.14,0.64,51.00
22.064141,0.0020,0.0620,1.0024,0.06,0.00,-0.06,2.14,0.64,51.00
22.064141,0.0024,0.0625,1.0015,0.00,0.00,-0.06,2.14,0.64,51.00
22.093396,0.0020,0.0630,1.0015,0.00,0.00,0.00,2.14,0.64,51.00
22.093396,0.0024,0.0635,1.0029,0.00,0.00,0.00,2.14,0.64,51.01
22.123418,0.0020,0.0640,1.0029,0.00,0.00,-0.06,2.14,0.64,51.01
22.123418,0.0020,0.0625,1.0020,0.00,0.00,0.00,2.14,0.64,51.01
22.183411,0.0029,0.0630,1.0020,0.00,0.00,0.00,2.14,0.64,51.01
22.183411,0.0029,0.0630,1.0005,0.00,0.00,0.00,2.14,0.64,51.01
22.214137,0.0020,0.0625,1.0015,0.00,0.00,-0.06,2.14,0.64,51.01
22.214137,0.0020,0.0630,1.0015,0.00,0.00,-0.06,2.14,0.64,51.01
22.244353,0.0020,0.0630,1.0010,0.00,0.00,-0.06,2.14,0.64,51.02
22.244353,0.0015,0.0625,1.0024,0.00,0.00,0.00,2.14,0.64,51.02
22.304129,0.0020,0.0630,1.0020,0.00,0.00,0.00,2.14,0.64,51.02
22.304129,0.0015,0.0630,1.0020,0.00,0.00,-0.06,2.14,0.64,51.02
22.333343,0.0020,0.0625,1.0020,0.06,0.00,-0.06,2.14,0.64,51.02
22.333343,0.0020,0.0625,1.0010,0.06,0.00,-0.06,2.14,0.64,51.02
22.364185,0.0020,0.0635,1.0024,0.00,0.00,-0.06,2.14,0.64,51.02
22.364185,0.0015,0.0635,1.0020,0.00,0.00,0.00,2.14,0.64,51.02
22.424296,0.0020,0.0625,1.0010,0.00,0.00,0.00,2.14,0.64,51.02
22.424296,0.0024,0.0630,1.0015,0.00,0.00,0.00,2.14,0.64,51.02
22.453341,0.0024,0.0630,1.0029,0.00,0.00,0.00,2.14,0.64,51.02
22.453341,0.0015,0.0630,1.0020,0.00,0.00,0.00,2.14,0.64,51.02
22.483681,0.0015,0.0620,1.0015,0.00,0.00,-0.06,2.14,0.64,51.02
22.483681,0.0024,0.0640,1.0010,0.00,0.00,-0.06,2.14,0.64,51.03
22.544768,0.0024,0.0630,1.0010,0.00,0.00,-0.06,2.14,0.64,51.03
22.544768,0.0020,0.0625,1.0015,0.00,0.00,0.00,2.14,0.64,51.03
22.573386,0.0005,0.0635,1.0020,0.00,0.00,0.00,2.14,0.64,51.03
22.573386,0.0020,0.0630,1.0015,0.00,0.00,0.00,2.14,0.64,51.03
22.604531,0.0020,0.0620,1.0010,0.00,0.00,-0.06,2.14,0.64,51.03
22.604531,0.0020,0.0625,1.0024,0.06,0.00,0.00,2.14,0.64,51.03
22.664158,0.0015,0.0625,1.0015,0.06,0.00,-0.06,2.14,0.64,51.03
22.664158,0.0015,0.0625,1.0015,0.06,0.00,-0.06,2.14,0.64,51.03
22.696037,0.0015,0.0635,1.0020,0.06,0.00,0.00,2.14,0.64,51.03
22.696037,0.0015,0.0625,1.0010,0.06,0.06,-0.12,2.14,0.64,51.03
22.724042,0.0015,0.0635,1.0005,0.06,0.00,0.00,2.14,0.64,51.03
22.724042,0.0020,0.0640,1.0015,0.00,0.00,0.00,2.14,0.64,51.03
22.783356,0.0020,0.0645,1.0015,0.00,0.00,-0.06,2.14,0.64,51.03
22.783356,0.0010,0.0640,1.0005,0.00,0.00,0.00,2.14,0.64,51.04
22.813403,0.0015,0.0640,1.0010,0.06,0.00,-0.06,2.14,0.64,51.04
22.813403,0.0029,0.0635,1.0024,0.00,0.00,-0.06,2.14,0.64,51.04
22.843715,0.0010,0.0635,1.0029,0.00,0.00,-0.06,2.14,0.64,51.04
22.843715,0.0029,0.0625,1.0024,0.00,0.00,-0.06,2.14,0.64,51.04
22.903570,0.0015,0.0620,1.0029,0.00,0.00,-0.06,2.14,0.64,51.04
22.903570,0.0020,0.0620,1.0024,0.00,0.00,-0.06,2.14,0.64,51.04
22.933455,0.0024,0.0620,1.0020,0.00,-0.06,-0.06,2.14,0.64,51.04
22.933455,0.0029,0.0625,1.0020,0.00,0.00,-0.06,2.14,0.64,51.04
22.963433,0.0020,0.0625,1.0024,0.00,0.00,0.00,2.14,0.64,51.04
22.963433,0.0034,0.0630,1.0010,0.00,0.00,-0.06,2.14,0.64,51.04
23.023785,0.0029,0.0635,1.0015,0.00,0.00,0.00,2.14,0.64,51.04
23.023785,0.0034,0.0625,1.0010,0.00,0.00,-0.06,2.14,0.64,51.04
23.053401,0.0029,0.0635,1.0005,0.00,0.00,0.00,2.14,0.64,51.04
23.053401,0.0020,0.0625,1.0005,0.06,0.00,-0.06,2.14,0.64,51.05
23.083432,0.0020,0.0630,1.0020,0.00,0.00,0.00,2.14,0.64,51.05
23.083432,0.0020,0.0625,1.0020,0.00,0.00,-0.06,2.14,0.64,51.05
23.144512,0.0015,0.0630,1.0020,0.06,0.00,-0.06,2.14,0.64,51.05
23.144512,0.0020,0.0625,1.0024,0.06,0.06,0.00,2.14,0.64,51.05
23.173387,0.0015,0.0630,1.0024,0.06,0.00,-0.06,2.14,0.64,51.05
23.173387,0.0010,0.0630,1.0010,0.00,0.00,0.00,2.14,0.64,51.05
23.233488,0.0010,0.0630,1.0024,0.06,0.00,0.00,2.14,0.64,51.05
23.233488,0.0020,0.0630,1.0020,0.00,0.00,-0.06,2.14,0.64,51.05
23.263462,0.0015,0.0630,1.0029,0.00,0.00,0.00,2.14,0.64,51.05
23.263462,0.0020,0.0610,0.9976,0.12,0.06,-0.06,2.14,0.64,51.05
23.293461,0.0010,0.0669,1.0054,0.31,-0.06,0.00,2.14,0.64,51.05
23.293461,0.0010,0.0615,1.0010,0.06,0.00,0.00,2.14,0.64,51.05
23.354199,0.0010,0.0654,1.0015,-0.12,0.00,-0.06,2.14,0.64,51.05
23.354199,0.0010,0.0635,1.0020,0.00,-0.06,0.00,2.14,0.65,51.05
23.383371,0.0010,0.0615,1.0015,0.00,0.00,-0.06,2.14,0.65,51.06
23.383371,0.0015,0.0630,1.0005,-0.06,0.00,-0.06,2.14,0.65,51.06
23.413513,0.0020,0.0640,1.0005,0.00,-0.06,0.00,2.14,0.65,51.06
23.413513,0.0015,0.0625,1.0005,0.00,0.00,-0.06,2.14,0.65,51.06
23.503563,0.0024,0.0620,1.0005,0.12,0.00,0.00,2.14,0.65,51.06
23.503563,0.0020,0.0640,1.0015,0.06,0.00,-0.06,2.14,0.65,51.06
23.505888,0.0029,0.0630,1.0029,0.00,0.06,-0.06,2.14,0.65,51.06
23.505888,0.0020,0.0640,1.0029,0.18,0.06,0.00,2.14,0.65,51.06
23.533370,0.0029,0.0635,1.0024,0.18,0.06,-0.12,2.14,0.65,51.06
23.533370,0.0112,0.0591,1.0015,0.18,0.00,-0.06,2.14,0.65,51.06
23.594183,0.0078,0.0615,0.9946,0.37,-0.31,-0.12,2.14,0.65,51.06
23.594183,-0.0029,0.0615,1.0024,-0.61,-0.43,-0.18,2.14,0.65,51.06
23.623432,0.0034,0.0654,0.9990,-0.18,-0.06,-0.12,2.14,0.65,51.06
23.623432,0.0024,0.0625,1.0029,0.37,0.00,-0.06,2.14,0.65,51.06
23.653394,0.0005,0.0620,1.0024,-0.24,-0.06,0.00,2.14,0.65,51.06
23.653394,0.0000,0.0664,1.0029,-0.18,0.00,0.00,2.14,0.65,51.07
23.713494,0.0015,0.0635,1.0034,0.00,-0.12,0.00,2.14,0.65,51.07
23.713494,0.0015,0.0630,1.0034,-0.06,-0.06,-0.06,2.14,0.65,51.07
23.743715,0.0020,0.0645,1.0010,-0.12,-0.06,0.00,2.14,0.65,51.07
23.743715,0.0020,0.0625,0.9990,-0.31,0.00,0.00,2.14,0.65,51.07
23.774173,0.0015,0.0625,0.9966,-0.37,0.00,0.00,2.14,0.65,51.07
23.774173,0.0005,0.0620,1.0015,0.06,-0.12,0.00,2.14,0.65,51.07
23.834204,0.0000,0.0625,1.0020,0.06,0.00,-0.06,2.14,0.65,51.08
23.834204,0.0010,0.0635,1.0010,-0.06,0.00,-0.06,2.14,0.65,51.08
23.864169,0.0020,0.0630,1.0005,0.00,0.00,-0.12,2.14,0.65,51.08
23.864169,0.0020,0.0625,1.0020,0.18,0.00,-0.06,2.14,0.65,51.08
23.894146,0.0015,0.0635,1.0015,0.00,0.00,-0.06,2.14,0.65,51.08
23.894146,0.0005,0.0635,1.0010,-0.12,0.00,0.00,2.14,0.65,51.08
23.953460,0.0024,0.0635,1.0020,-0.06,0.00,0.00,2.14,0.65,51.08
23.953460,0.0020,0.0625,1.0020,0.06,0.00,0.00,2.14,0.65,51.08
23.983433,0.0029,0.0640,1.0029,0.00,0.00,0.00,2.14,0.65,51.08
23.983433,0.0024,0.0630,1.0024,0.00,0.00,0.00,2.14,0.65,51.08
24.013471,0.0020,0.0635,1.0015,0.00,0.00,-0.06,2.14,0.65,51.08
24.013471,0.0024,0.0635,1.0015,0.06,0.00,-0.06,2.14,0.65,51.08
24.074229,0.0020,0.0630,1.0015,0.00,0.00,-0.06,2.14,0.65,51.08
24.074229,0.0029,0.0630,1.0015,-0.06,0.00,-0.06,2.14,0.65,51.08
24.106164,0.0024,0.0635,1.0020,0.00,0.00,0.00,2.14,0.65,51.08
24.106164,0.0029,0.0630,1.0024,0.06,0.00,0.00,2.14,0.65,51.09
24.134369,0.0024,0.0635,1.0024,0.00,0.00,-0.12,2.14,0.65,51.09
24.134369,0.0024,0.0635,1.0020,0.00,0.00,0.00,2.14,0.65,51.09
24.194188,0.0020,0.0625,1.0029,0.06,0.00,-0.06,2.14,0.65,51.09
24.194188,0.0029,0.0640,1.0010,0.00,0.00,-0.06,2.14,0.65,51.09
24.223438,0.0029,0.0635,1.0020,-0.06,0.00,-0.06,2.14,0.65,51.09
24.223438,0.0015,0.0625,1.0020,0.00,0.00,0.00,2.14,0.65,51.09
24.254234,0.0015,0.0620,1.0020,0.06,0.06,0.00,2.14,0.65,51.09
24.254234,0.0020,0.0625,1.0029,0.00,0.00,-0.06,2.14,0.65,51.09
24.314258,0.0020,0.0620,1.0010,0.00,0.00,0.00,2.14,0.65,51.09
24.314258,0.0015,0.0625,1.0010,0.00,0.00,-0.06,2.14,0.65,51.09
24.343698,0.0020,0.0635,1.0015,0.00,0.00,-0.06,2.14,0.65,51.09
24.343698,0.0020,0.0630,1.0015,0.00,0.00,-0.06,2.14,0.65,51.09
24.373509,0.0020,0.0630,1.0010,0.00,0.00,0.00,2.14,0.65,51.09
24.373509,0.0024,0.0630,1.0020,0.00,0.00,-0.06,2.14,0.65,51.09
24.434225,0.0020,0.0630,1.0029,0.06,0.00,0.00,2.14,0.65,51.09
24.434225,0.0005,0.0630,1.0010,0.00,0.00,0.00,2.14,0.65,51.09
24.463416,0.0024,0.0620,1.0020,0.00,0.00,-0.06,2.14,0.65,51.10
24.463416,0.0034,0.0630,1.0024,0.00,0.00,-0.06,2.14,0.65,51.10
24.494197,0.0024,0.0625,1.0029,0.00,0.00,-0.06,2.14,0.65,51.10
24.494197,0.0024,0.0625,1.0000,0.00,0.00,0.00,2.14,0.65,51.10
24.554217,0.0020,0.0620,1.0020,0.00,0.00,-0.06,2.14,0.65,51.10
24.554217,0.0020,0.0630,1.0020,0.00,0.00,-0.06,2.14,0.65,51.10
24.583379,0.0020,0.0625,1.0010,0.06,0.00,-0.06,2.14,0.65,51.10
24.583379,0.0024,0.0630,1.0020,0.00,0.00,-0.12,2.14,0.65,51.10
24.644483,0.0029,0.0625,1.0020,0.00,0.00,-0.06,2.14,0.65,51.10
24.644483,0.0034,0.0630,1.0020,0.00,0.00,0.00,2.14,0.65,51.10
24.673447,0.0029,0.0630,1.0024,0.00,0.00,-0.06,2.14,0.65,51.10
24.673447,0.0020,0.0625,1.0020,0.00,0.00,-0.06,2.14,0.65,51.10
24.706130,0.0024,0.0630,1.0020,0.00,0.00,0.00,2.14,0.65,51.10
24.706130,0.0020,0.0630,1.0024,0.00,0.00,-0.06,2.14,0.65,51.10
24.763447,0.0015,0.0630,1.0029,0.00,0.06,-0.06,2.14,0.65,51.10
24.763447,0.0024,0.0630,1.0015,0.00,0.00,-0.06,2.14,0.65,51.10
24.794224,0.0020,0.0625,1.0020,0.06,0.00,0.00,2.14,0.65,51.10
24.794224,0.0020,0.0620,1.0024,0.00,0.00,0.00,2.14,0.65,51.11
24.823435,0.0015,0.0625,1.0020,0.00,0.00,0.00,2.14,0.65,51.11
24.823435,0.0024,0.0625,1.0024,0.00,0.00,-0.06,2.14,0.65,51.11
24.883450,0.0024,0.0625,1.0020,0.00,0.00,-0.06,2.14,0.65,51.11
24.883450,0.0015,0.0630,1.0015,0.00,0.00,-0.06,2.14,0.65,51.11
24.914231,0.0024,0.0640,1.0024,0.00,0.00,-0.06,2.14,0.65,51.11
24.914231,0.0029,0.0625,1.0020,0.00,0.00,-0.06,2.14,0.65,51.11
24.943736,0.0015,0.0630,1.0005,0.00,0.00,0.00,2.14,0.65,51.11
24.943736,0.0015,0.0620,1.0015,0.06,0.00,0.00,2.14,0.65,51.11
25.004217,0.0015,0.0635,1.0015,0.00,0.00,0.00,2.14,0.65,51.11
25.004217,0.0015,0.0630,1.0010,0.00,0.00,0.00,2.14,0.65,51.11
25.033410,0.0020,0.0635,1.0015,0.06,0.00,-0.06,2.14,0.65,51.11
25.033410,0.0010,0.0625,1.0015,0.00,0.00,-0.06,2.14,0.65,51.11
25.064252,0.0020,0.0620,1.0020,0.00,0.00,-0.12,2.14,0.65,51.11
25.064252,0.0020,0.0630,1.0010,0.00,0.00,-0.06,2.14,0.65,51.11
25.124230,0.0024,0.0625,1.0010,0.06,0.00,-0.06,2.14,0.65,51.11
25.124230,0.0015,0.0630,1.0015,0.00,0.00,-0.06,2.14,0.65,51.11
25.153518,0.0024,0.0620,1.0010,0.00,0.00,0.00,2.14,0.65,51.12
25.153518,0.0029,0.0630,1.0020,0.00,0.00,0.00,2.14,0.65,51.12
25.183479,0.0015,0.0625,1.0020,0.00,0.00,-0.06,2.14,0.65,51.12
25.183479,0.0024,0.0625,1.0024,0.00,0.00,-0.06,2.14,0.65,51.12
25.243739,0.0020,0.0625,1.0015,0.06,0.06,0.00,2.14,0.65,51.12
25.243739,0.0010,0.0625,1.0024,0.00,0.00,0.00,2.14,0.65,51.12
25.274239,0.0010,0.0635,1.0020,0.06,0.00,-0.06,2.14,0.65,51.12
25.274239,0.0020,0.0625,1.0020,0.00,0.00,0.00,2.14,0.65,51.12
25.306133,0.0020,0.0635,1.0024,0.00,0.00,0.00,2.14,0.65,51.12
25.306133,0.0024,0.0625,1.0020,0.00,0.00,0.00,2.14,0.65,51.12
25.364213,0.0020,0.0635,1.0015,0.00,0.06,-0.06,2.14,0.65,51.12
25.364213,0.0015,0.0630,1.0015,0.00,0.00,0.00,2.14,0.65,51.12
25.393494,0.0020,0.0625,1.0015,0.00,0.00,-0.06,2.14,0.65,51.12
25.393494,0.0010,0.0625,1.0015,0.00,0.00,0.00,2.14,0.65,51.12
25.424149,0.0024,0.0620,1.0005,0.00,0.00,0.00,2.14,0.65,51.12
25.424149,0.0024,0.0625,1.0020,0.06,0.00,-0.06,2.14,0.65,51.12
25.484232,0.0024,0.0615,1.0034,0.00,0.00,-0.06,2.14,0.65,51.12
25.484232,0.0024,0.0620,1.0020,0.00,0.00,0.00,2.14,0.65,51.12
25.513483,0.0024,0.0620,1.0015,0.00,-0.06,0.00,2.14,0.65,51.13
25.513483,0.0024,0.0625,1.0020,0.00,0.00,0.00,2.14,0.65,51.13
25.544569,0.0029,0.0625,1.0020,0.06,0.00,0.00,2.14,0.65,51.13
25.544569,0.0024,0.0630,1.0020,0.00,0.00,0.00,2.14,0.65,51.13
25.603959,0.0024,0.0620,1.0020,0.00,0.00,-0.06,2.14,0.65,51.13
25.603959,0.0020,0.0625,1.0015,0.06,0.00,0.00,2.14,0.65,51.13
25.633537,0.0029,0.0630,1.0010,0.00,0.00,0.00,2.14,0.65,51.13
25.633537,0.0020,0.0630,1.0020,0.06,0.00,-0.06,2.14,0.65,51.13
25.663494,0.0020,0.0625,1.0020,0.00,0.00,-0.06,2.14,0.65,51.13
25.663494,0.0020,0.0625,1.0010,0.00,0.00,-0.06,2.14,0.65,51.13
25.723263,0.0020,0.0630,1.0024,0.00,0.00,-0.06,2.14,0.65,51.14
25.723263,0.0020,0.0635,1.0020,0.00,0.00,-0.06,2.14,0.65,51.14
25.753344,0.0015,0.0620,1.0024,0.00,0.00,0.00,2.14,0.65,51.14
25.753344,0.0020,0.0625,1.0020,0.00,0.00,-0.06,2.14,0.65,51.14
25.783460,0.0015,0.0625,1.0020,0.00,0.00,0.00,2.14,0.65,51.14
25.783460,0.0024,0.0635,1.0024,0.00,0.00,-0.12,2.14,0.65,51.14
25.843569,0.0020,0.0635,1.0015,0.00,0.00,0.00,2.14,0.65,51.14
25.843569,0.0020,0.0640,1.0015,0.00,0.00,0.00,2.14,0.65,51.14
25.873360,0.0015,0.0625,1.0024,0.00,0.00,0.00,2.14,0.65,51.14
25.873360,0.0015,0.0620,1.0015,0.00,0.00,-0.06,2.14,0.65,51.14
25.903317,0.0024,0.0625,1.0005,0.06,0.00,0.00,2.14,0.65,51.14
25.903317,0.0015,0.0625,1.0020,0.00,0.00,-0.06,2.14,0.65,51.14
25.963367,0.0020,0.0625,1.0024,0.00,0.00,-0.06,2.14,0.65,51.14
25.963367,0.0024,0.0625,1.0010,0.00,0.00,-0.06,2.14,0.65,51.14
25.993491,0.0020,0.0640,1.0015,0.06,0.00,0.00,2.14,0.65,51.14
25.993491,0.0020,0.0635,1.0015,0.00,0.00,0.00,2.14,0.65,51.14
26.053425,0.0024,0.0630,1.0015,0.00,0.00,-0.06,2.14,0.65,51.14
26.053425,0.0020,0.0630,1.0020,0.06,0.00,-0.06,2.14,0.65,51.14
26.083524,0.0020,0.0630,1.0020,0.00,-0.06,0.00,2.14,0.65,51.14
26.083524,0.0020,0.0630,1.0024,0.00,0.00,0.00,2.14,0.65,51.15
26.113466,0.0020,0.0625,1.0020,0.00,0.00,0.00,2.14,0.65,51.15
26.113466,0.0020,0.0630,1.0029,0.00,0.00,0.00,2.14,0.65,51.15
26.173497,0.0024,0.0625,1.0015,0.00,0.00,-0.06,2.14,0.65,51.15
26.173497,0.0024,0.0635,1.0020,0.00,0.00,0.00,2.14,0.65,51.15
26.203462,0.0020,0.0630,1.0020,0.00,0.00,0.00,2.14,0.65,51.15
26.203462,0.0015,0.0620,1.0024,0.06,0.00,-0.06,2.14,0.65,51.15
26.233521,0.0020,0.0635,1.0024,0.00,0.00,-0.06,2.14,0.65,51.15
26.233521,0.0020,0.0630,1.0020,0.00,0.00,0.00,2.14,0.65,51.15
26.293604,0.0029,0.0630,1.0015,0.00,0.00,0.00,2.14,0.65,51.15
26.293604,0.0020,0.0635,1.0015,0.00,0.00,0.00,2.14,0.65,51.15
26.323530,0.0020,0.0635,1.0024,0.00,0.00,0.00,2.14,0.65,51.15
26.323530,0.0020,0.0630,1.0020,0.00,0.00,-0.06,2.14,0.65,51.15
26.353514,0.0020,0.0640,1.0015,0.00,0.00,0.00,2.14,0.65,51.15
26.353514,0.0015,0.0640,1.0024,0.00,0.00,-0.06,2.14,0.65,51.15
26.413531,0.0024,0.0640,1.0024,0.06,0.00,0.00,2.14,0.65,51.15
26.413531,0.0010,0.0630,1.0020,0.00,0.00,0.00,2.14,0.65,51.15
26.443776,0.0020,0.0630,1.0010,0.00,0.00,-0.06,2.14,0.65,51.15
26.443776,0.0020,0.0625,1.0010,0.00,0.00,0.00,2.14,0.65,51.15
26.474796,0.0015,0.0640,1.0020,0.00,0.00,-0.06,2.14,0.65,51.16
26.474796,0.0015,0.0630,1.0015,0.00,0.00,0.00,2.14,0.65,51.16
26.533376,0.0020,0.0635,1.0024,0.00,0.00,0.00,2.14,0.65,51.16
26.533376,0.0024,0.0630,1.0015,0.00,0.00,-0.06,2.14,0.65,51.16
26.563513,0.0024,0.0635,1.0024,0.00,0.00,0.00,2.14,0.65,51.16
26.563513,0.0024,0.0625,1.0020,0.00,0.00,-0.06,2.14,0.65,51.16
26.594288,0.0015,0.0630,1.0010,0.00,0.00,0.00,2.14,0.65,51.16
26.594288,0.0020,0.0625,1.0015,0.00,0.00,-0.06,2.14,0.65,51.16
26.654356,0.0015,0.0625,1.0015,0.00,0.00,-0.06,2.14,0.65,51.16
26.654356,0.0020,0.0615,1.0024,0.00,0.00,0.00,2.14,0.65,51.16
26.683488,0.0024,0.0630,1.0020,0.06,0.00,0.00,2.14,0.65,51.16
26.683488,0.0029,0.0630,1.0029,0.06,0.06,-0.06,2.14,0.65,51.16
26.716235,0.0024,0.0625,1.0029,0.00,0.00,0.00,2.14,0.65,51.16
26.716235,0.0024,0.0630,1.0020,0.00,0.00,0.00,2.14,0.65,51.16
26.774457,0.0015,0.0620,1.0010,0.06,0.00,0.00,2.14,0.65,51.16
26.774457,0.0024,0.0630,1.0020,0.00,0.00,-0.06,2.14,0.65,51.16
26.804271,0.0024,0.0620,1.0010,0.00,0.00,0.00,2.14,0.65,51.16
26.804271,0.0015,0.0635,1.0015,0.00,0.00,0.00,2.14,0.65,51.16
26.833575,0.0020,0.0630,1.0015,0.00,0.00,0.00,2.14,0.65,51.16
26.833575,0.0015,0.0620,1.0015,0.00,0.00,-0.06,2.14,0.65,51.16
26.893539,0.0020,0.0620,1.0015,0.00,0.00,0.00,2.14,0.65,51.17
26.893539,0.0015,0.0630,1.0020,0.00,0.00,-0.06,2.14,0.65,51.17
26.924315,0.0029,0.0625,1.0010,0.06,0.00,-0.06,2.14,0.65,51.17
26.924315,0.0020,0.0625,1.0020,0.00,0.00,-0.06,2.14,0.65,51.17
26.953527,0.0029,0.0625,1.0020,0.06,0.00,-0.06,2.14,0.65,51.17
26.953527,0.0020,0.0630,1.0015,0.00,0.00,-0.06,2.14,0.65,51.17
27.013533,0.0015,0.0630,1.0010,0.00,0.00,-0.06,2.14,0.65,51.17
27.013533,0.0024,0.0630,1.0015,0.00,0.00,0.00,2.14,0.65,51.17
27.044181,0.0015,0.0625,1.0024,0.00,0.00,-0.06,2.14,0.65,51.17
27.044181,0.0020,0.0625,1.0015,0.00,0.00,-0.06,2.14,0.65,51.17
27.074297,0.0020,0.0635,1.0020,0.00,0.00,-0.06,2.14,0.65,51.17
27.074297,0.0020,0.0630,1.0015,0.00,0.00,-0.06,2.14,0.65,51.17
27.134403,0.0020,0.0625,1.0015,0.06,0.00,0.00,2.14,0.65,51.17
27.134403,0.0024,0.0630,1.0015,0.00,0.00,0.00,2.14,0.65,51.17
27.163500,0.0015,0.0635,1.0020,0.00,0.00,-0.06,2.14,0.65,51.17
27.163500,0.0015,0.0630,1.0015,0.00,0.06,-0.06,2.14,0.65,51.17
27.194283,0.0020,0.0635,1.0015,0.00,0.00,-0.06,2.14,0.65,51.17
27.194283,0.0024,0.0620,1.0010,0.00,0.00,0.00,2.14,0.65,51.17
27.254422,0.0020,0.0630,1.0020,0.00,0.00,0.00,2.14,0.65,51.17
27.254422,0.0015,0.0640,1.0024,0.00,0.00,-0.06,2.14,0.65,51.17
27.283449,0.0020,0.0630,1.0010,0.06,0.00,0.00,2.14,0.65,51.17
27.283449,0.0024,0.0625,1.0024,0.00,0.00,0.00,2.14,0.65,51.18
27.314292,0.0015,0.0630,1.0024,0.00,0.00,0.00,2.14,0.65,51.18
27.314292,0.0010,0.0625,1.0015,0.00,0.00,-0.06,2.14,0.65,51.18
27.374403,0.0015,0.0635,1.0015,0.00,0.00,-0.06,2.14,0.65,51.18
27.374403,0.0010,0.0625,1.0010,0.00,0.00,0.00,2.14,0.65,51.18
27.404453,0.0024,0.0630,1.0029,0.06,0.00,0.00,2.14,0.65,51.18
27.404453,0.0024,0.0635,1.0015,0.00,0.00,0.00,2.14,0.65,51.18
27.464294,0.0015,0.0630,1.0024,0.00,0.00,0.00,2.14,0.65,51.18
27.464294,0.0015,0.0630,1.0015,0.00,0.00,0.00,2.14,0.65,51.18
27.493422,0.0020,0.0640,1.0010,0.00,0.00,-0.06,2.14,0.65,51.18
27.493422,0.0020,0.0635,1.0015,0.00,0.00,0.00,2.14,0.65,51.19
27.524278,0.0015,0.0630,1.0010,0.00,0.00,-0.06,2.14,0.65,51.19
27.524278,0.0020,0.0620,1.0010,0.00,0.00,0.00,2.14,0.65,51.19
27.583528,0.0024,0.0635,1.0015,0.00,0.00,-0.06,2.14,0.65,51.19
27.583528,0.0015,0.0630,1.0020,0.00,0.00,0.00,2.14,0.65,51.19
27.614314,0.0020,0.0635,1.0015,0.00,0.00,0.00,2.14,0.65,51.19
27.614314,0.0029,0.0630,1.0020,0.00,0.00,-0.06,2.14,0.65,51.19
27.643833,0.0020,0.0630,1.0020,0.00,0.00,0.00,2.14,0.65,51.19
27.643833,0.0029,0.0635,1.0029,0.00,0.00,0.00,2.14,0.65,51.19
27.704291,0.0020,0.0625,1.0024,0.00,0.00,-0.06,2.14,0.65,51.19
27.704291,0.0020,0.0625,1.0024,0.00,0.00,-0.06,2.14,0.65,51.19
27.734065,0.0020,0.0625,1.0020,0.00,0.00,-0.06,2.14,0.65,51.19
27.734065,0.0020,0.0635,1.0020,0.00,0.00,0.00,2.14,0.65,51.19
27.763962,0.0015,0.0625,1.0015,0.00,0.00,0.00,2.14,0.65,51.19
27.763962,0.0020,0.0625,1.0010,0.00,0.00,-0.06,2.14,0.65,51.19
27.823696,0.0020,0.0630,1.0015,0.00,0.00,0.00,2.14,0.65,51.19
27.823696,0.0020,0.0635,1.0010,0.00,0.00,0.00,2.14,0.65,51.19
27.854247,0.0015,0.0635,1.0010,0.00,0.00,-0.06,2.14,0.65,51.19
27.854247,0.0015,0.0630,1.0005,0.00,0.00,-0.06,2.14,0.65,51.19
27.883551,0.0024,0.0635,1.0020,0.00,0.00,-0.06,2.14,0.65,51.19
27.883551,0.0020,0.0630,1.0015,0.00,0.00,0.00,2.14,0.65,51.19
27.944600,0.0024,0.0630,1.0010,0.00,0.00,-0.06,2.14,0.65,51.19
27.944600,0.0020,0.0625,1.0010,0.00,0.00,-0.06,2.14,0.65,51.20
27.973559,0.0024,0.0630,1.0005,0.00,0.00,-0.06,2.14,0.65,51.20
27.973559,0.0015,0.0635,1.0000,0.00,0.00,0.00,2.14,0.65,51.20
28.004358,0.0020,0.0635,1.0005,0.00,0.00,-0.06,2.14,0.65,51.20
28.004358,0.0029,0.0635,1.0005,0.00,0.00,-0.06,2.14,0.65,51.20
28.064361,0.0029,0.0630,1.0010,0.00,0.00,-0.06,2.14,0.65,51.20
28.064361,0.0024,0.0630,1.0020,0.00,0.00,-0.06,2.14,0.65,51.20
28.093576,0.0010,0.0630,1.0020,0.00,0.00,0.00,2.14,0.65,51.20
28.093576,0.0020,0.0630,1.0010,0.00,0.00,-0.06,2.14,0.65,51.20
28.123550,0.0029,0.0630,1.0015,0.00,0.00,-0.06,2.14,0.65,51.20
28.123550,0.0020,0.0625,1.0015,0.00,0.00,0.00,2.14,0.65,51.20
28.184453,0.0024,0.0635,1.0005,0.00,0.00,-0.06,2.14,0.65,51.20
28.184453,0.0029,0.0625,1.0015,0.00,0.00,0.00,2.14,0.65,51.20
28.244512,0.0020,0.0625,1.0010,0.00,0.00,-0.06,2.14,0.65,51.20
28.244512,0.0020,0.0640,1.0015,0.00,0.00,0.00,2.14,0.65,51.20
28.248769,0.0015,0.0630,1.0010,0.00,0.00,0.00,2.14,0.65,51.20
28.248769,0.0020,0.0625,1.0020,0.00,0.00,-0.06,2.14,0.65,51.20
28.304399,0.0015,0.0630,1.0010,0.00,0.00,0.00,2.14,0.65,51.20
28.304399,0.0020,0.0630,1.0015,0.00,0.00,-0.06,2.14,0.65,51.20
28.333614,0.0020,0.0630,1.0015,0.00,0.00,0.00,2.14,0.65,51.20
28.333614,0.0024,0.0630,1.0000,0.00,0.00,0.00,2.14,0.65,51.20
28.364210,0.0029,0.0625,1.0010,0.00,0.00,-0.06,2.14,0.65,51.20
28.364210,0.0015,0.0620,1.0005,0.06,0.00,0.00,2.14,0.65,51.20
28.424395,0.0020,0.0630,0.9995,0.00,0.00,0.00,2.14,0.65,51.21
28.424395,0.0024,0.0630,1.0005,0.00,0.00,0.00,2.14,0.65,51.21
28.453579,0.0024,0.0630,1.0010,0.00,0.00,0.00,2.14,0.65,51.21
28.453579,0.0015,0.0625,1.0020,0.06,0.00,0.00,2.14,0.65,51.21
28.484332,0.0020,0.0635,1.0020,0.00,0.00,-0.06,2.14,0.65,51.21
28.484332,0.0020,0.0630,1.0015,0.00,0.06,0.00,2.14,0.65,51.21
28.547164,0.0024,0.0625,1.0020,0.00,0.00,-0.06,2.14,0.65,51.21
28.547164,0.0020,0.0625,1.0010,0.00,0.00,-0.06,2.14,0.65,51.21
28.576249,0.0024,0.0625,1.0015,0.00,0.00,-0.06,2.14,0.65,51.21
28.576249,0.0024,0.0635,1.0015,0.00,0.00,-0.06,2.14,0.65,51.21
28.604486,0.0029,0.0635,1.0010,0.00,0.00,-0.06,2.14,0.65,51.21
28.604486,0.0024,0.0620,1.0015,0.00,0.06,0.00,2.14,0.65,51.21
28.664321,0.0029,0.0630,1.0015,0.00,0.00,0.00,2.14,0.65,51.21
28.664321,0.0020,0.0625,1.0005,0.00,0.00,-0.06,2.14,0.65,51.21
28.693573,0.0020,0.0630,1.0015,0.00,0.00,0.00,2.14,0.65,51.21
28.693573,0.0029,0.0625,1.0015,0.00,0.00,0.00,2.14,0.65,51.21
28.723594,0.0020,0.0630,1.0020,0.00,0.00,0.00,2.14,0.65,51.21
28.723594,0.0015,0.0630,1.0024,0.00,0.00,0.00,2.14,0.65,51.21
28.783641,0.0029,0.0630,1.0020,0.00,0.00,-0.06,2.14,0.65,51.21
28.783641,0.0015,0.0625,1.0015,0.00,0.00,0.00,2.14,0.65,51.21
28.814345,0.0024,0.0630,1.0015,0.00,0.00,0.00,2.14,0.65,51.21
28.814345,0.0024,0.0630,1.0024,0.00,0.00,-0.06,2.14,0.65,51.21
28.874365,0.0015,0.0625,1.0010,0.00,0.00,0.00,2.14,0.65,51.21
28.874365,0.0020,0.0625,1.0010,0.00,0.00,-0.06,2.14,0.65,51.21
28.903554,0.0029,0.0635,1.0015,0.00,0.00,0.00,2.14,0.65,51.22
28.903554,0.0020,0.0630,1.0020,0.00,0.00,-0.06,2.14,0.65,51.22
28.933597,0.0029,0.0630,1.0015,0.00,0.00,0.00,2.14,0.65,51.22
28.933597,0.0024,0.0620,1.0010,0.00,0.00,0.00,2.14,0.65,51.22
28.994352,0.0029,0.0630,1.0020,0.00,0.00,-0.06,2.14,0.64,51.22
28.994352,0.0010,0.0630,1.0015,0.00,0.00,-0.06,2.14,0.64,51.22
29.023607,0.0020,0.0625,1.0024,0.00,0.00,-0.06,2.14,0.64,51.22
29.023607,0.0024,0.0630,1.0024,0.00,0.00,-0.06,2.14,0.64,51.22
29.054363,0.0024,0.0630,1.0029,0.06,0.00,0.00,2.14,0.64,51.22
29.054363,0.0029,0.0630,1.0020,0.00,0.00,-0.06,2.14,0.64,51.22
29.114278,0.0024,0.0630,1.0020,0.00,0.00,-0.06,2.14,0.64,51.22
29.114278,0.0020,0.0630,1.0020,0.00,0.00,-0.06,2.14,0.64,51.22
29.146653,0.0024,0.0630,1.0015,0.06,0.00,0.00,2.14,0.64,51.22
29.146653,0.0020,0.0630,1.0020,0.00,0.00,0.00,2.14,0.64,51.22
29.176264,0.0015,0.0630,1.0010,0.00,0.00,0.00,2.14,0.64,51.22
29.176264,0.0020,0.0630,1.0010,0.00,0.00,0.00,2.14,0.64,51.22
29.233584,0.0015,0.0630,1.0010,0.00,0.00,0.00,2.14,0.64,51.22
29.233584,0.0015,0.0625,1.0010,0.00,0.00,-0.06,2.14,0.64,51.22
29.263595,0.0015,0.0625,1.0020,0.00,0.00,0.00,2.14,0.64,51.22
29.263595,0.0020,0.0630,1.0015,0.06,0.00,0.00,2.14,0.64,51.22
29.293613,0.0010,0.0630,1.0015,0.00,0.00,-0.06,2.14,0.64,51.22
29.293613,0.0015,0.0640,1.0020,0.00,0.00,-0.06,2.14,0.65,51.22
29.354576,0.0015,0.0635,1.0015,0.00,0.00,-0.06,2.14,0.65,51.22
29.354576,0.0015,0.0625,1.0020,0.00,0.00,0.00,2.14,0.65,51.22
29.383530,0.0024,0.0635,1.0015,0.00,0.00,0.00,2.14,0.65,51.23
29.383530,0.0020,0.0630,1.0015,0.00,0.00,0.00,2.14,0.65,51.23
29.414710,0.0015,0.0635,1.0020,0.00,0.00,-0.06,2.14,0.65,51.23
29.414710,0.0020,0.0630,1.0015,0.00,0.00,0.00,2.14,0.65,51.23
29.476316,0.0020,0.0635,1.0015,0.00,0.00,-0.06,2.14,0.65,51.23
29.476316,0.0020,0.0630,1.0020,0.00,0.00,0.00,2.14,0.65,51.23
29.504140,0.0029,0.0625,1.0010,0.06,0.00,0.00,2.14,0.65,51.23
29.504140,0.0029,0.0630,1.0010,0.00,0.00,0.00,2.14,0.65,51.23
29.534434,0.0015,0.0625,1.0015,0.00,0.00,-0.12,2.14,0.65,51.23
29.534434,0.0024,0.0630,1.0020,0.00,0.00,0.00,2.14,0.65,51.23
29.594363,0.0015,0.0620,1.0010,0.00,0.00,-0.06,2.14,0.65,51.23
29.594363,0.0020,0.0625,1.0020,0.00,0.00,-0.06,2.14,0.65,51.23
29.623646,0.0015,0.0635,1.0010,0.00,0.00,0.00,2.14,0.65,51.23
29.623646,0.0015,0.0625,1.0020,0.00,0.00,-0.06,2.14,0.65,51.23
29.653553,0.0015,0.0630,1.0024,0.00,0.00,-0.06,2.14,0.65,51.23
29.653553,0.0020,0.0625,1.0024,0.00,0.00,-0.06,2.14,0.65,51.23
29.714333,0.0020,0.0630,1.0024,0.00,0.00,0.00,2.14,0.65,51.23
29.714333,0.0024,0.0635,1.0024,0.00,0.00,0.00,2.14,0.65,51.23
29.743838,0.0024,0.0620,1.0020,0.00,0.00,0.00,2.14,0.65,51.23
29.743838,0.0015,0.0630,1.0029,0.00,0.00,-0.06,2.14,0.65,51.23
29.774350,0.0024,0.0625,1.0020,0.00,0.00,0.00,2.14,0.65,51.23
29.774350,0.0024,0.0635,1.0024,0.00,0.06,0.00,2.14,0.65,51.23
29.834303,0.0024,0.0630,1.0015,0.00,0.00,-0.06,2.14,0.65,51.23
29.834303,0.0020,0.0640,1.0015,0.00,0.00,-0.06,2.14,0.65,51.23
29.863572,0.0024,0.0630,1.0020,0.00,0.00,0.00,2.14,0.65,51.23
29.863572,0.0015,0.0645,1.0020,0.00,0.00,-0.06,2.14,0.65,51.23
29.894338,0.0029,0.0630,1.0020,0.00,0.00,0.00,2.14,0.65,51.24
29.894338,0.0029,0.0630,1.0020,0.00,0.00,-0.06,2.14,0.65,51.24
29.953589,0.0020,0.0635,1.0020,0.00,0.00,0.00,2.14,0.65,51.24
29.953589,0.0024,0.0635,1.0015,0.00,0.00,0.00,2.14,0.65,51.24
29.984336,0.0020,0.0625,1.0020,0.00,0.00,-0.06,2.14,0.65,51.24
29.984336,0.0015,0.0630,1.0015,0.00,0.00,0.00,2.14,0.65,51.24
30.013577,0.0024,0.0630,1.0015,0.00,0.00,-0.06,2.14,0.65,51.24
30.013577,0.0020,0.0630,1.0015,0.00,0.00,0.00,2.14,0.65,51.24
30.074410,0.0015,0.0630,1.0010,0.00,0.00,0.00,2.14,0.65,51.24
30.074410,0.0015,0.0630,1.0015,0.00,0.00,-0.06,2.14,0.65,51.24
30.103498,0.0020,0.0620,1.0020,0.00,0.00,-0.06,2.14,0.65,51.24
30.103498,0.0020,0.0635,1.0020,0.00,0.00,-0.06,2.14,0.65,51.24
30.134335,0.0015,0.0630,1.0015,0.06,0.00,-0.06,2.14,0.65,51.24
30.134335,0.0024,0.0635,1.0010,0.06,0.06,0.00,2.14,0.65,51.25
30.193681,0.0024,0.0625,1.0015,0.00,0.00,0.00,2.14,0.65,51.25
30.193681,0.0024,0.0625,1.0015,0.00,0.00,-0.06,2.14,0.65,51.25
30.223624,0.0020,0.0630,1.0020,0.00,0.00,-0.06,2.14,0.65,51.25
30.223624,0.0024,0.0640,1.0020,0.00,0.00,0.00,2.14,0.65,51.25
30.284387,0.0020,0.0635,1.0024,0.00,0.00,-0.06,2.14,0.65,51.25
30.284387,0.0020,0.0630,1.0024,0.00,0.00,-0.06,2.14,0.65,51.25
30.313589,0.0029,0.0630,1.0010,0.00,0.00,-0.06,2.14,0.65,51.25
30.313589,0.0020,0.0630,1.0015,0.06,0.00,-0.06,2.14,0.65,51.25
30.344691,0.0020,0.0630,1.0020,0.00,0.00,0.00,2.14,0.65,51.25
30.344691,0.0015,0.0630,1.0020,0.00,0.00,0.00,2.14,0.65,51.25
30.404467,0.0010,0.0625,1.0015,0.00,0.00,-0.06,2.14,0.65,51.25
30.404467,0.0020,0.0630,1.0024,0.00,0.00,-0.06,2.14,0.65,51.25
30.436315,0.0029,0.0630,1.0020,0.00,0.00,0.00,2.14,0.65,51.25
30.436315,0.0024,0.0630,1.0015,0.00,0.00,0.00,2.14,0.65,51.25
30.464706,0.0015,0.0635,1.0015,0.06,0.00,0.00,2.14,0.65,51.25
30.464706,0.0015,0.0635,1.0020,0.00,0.00,0.00,2.14,0.65,51.25
30.524339,0.0020,0.0630,1.0020,0.00,0.00,0.00,2.14,0.65,51.25
30.524339,0.0024,0.0645,1.0024,0.00,0.06,0.00,2.14,0.65,51.25
30.553548,0.0020,0.0630,1.0020,0.00,0.00,-0.06,2.14,0.65,51.25
30.553548,0.0020,0.0630,1.0020,0.00,0.00,-0.06,2.14,0.65,51.25
30.584310,0.0020,0.0635,1.0010,0.00,0.00,0.00,2.14,0.65,51.25
30.584310,0.0024,0.0630,1.0015,0.06,0.00,-0.06,2.14,0.65,51.25
30.644608,0.0024,0.0625,1.0010,0.00,0.00,0.00,2.14,0.65,51.25
30.644608,0.0020,0.0630,1.0010,0.06,0.00,0.00,2.14,0.65,51.25
30.673549,0.0024,0.0630,1.0020,0.00,0.00,0.00,2.14,0.65,51.25
30.673549,0.0015,0.0625,1.0015,0.00,0.00,-0.06,2.14,0.65,51.25
30.703873,0.0020,0.0630,1.0020,0.00,0.00,0.00,2.14,0.65,51.26
30.703873,0.0020,0.0630,1.0020,0.00,0.00,0.00,2.14,0.65,51.26
30.764319,0.0024,0.0640,1.0020,0.00,0.00,-0.06,2.14,0.65,51.26
30.764319,0.0024,0.0635,1.0015,0.00,0.00,-0.06,2.14,0.65,51.26
30.794327,0.0005,0.0620,1.0015,0.00,0.00,0.00,2.14,0.65,51.26
30.794327,0.0020,0.0625,1.0024,0.00,0.00,0.00,2.14,0.65,51.26
30.823542,0.0024,0.0635,1.0024,0.00,0.00,0.00,2.14,0.65,51.26
30.823542,0.0015,0.0630,1.0020,0.00,0.00,-0.06,2.14,0.65,51.26
30.883514,0.0015,0.0640,1.0015,0.00,0.00,0.00,2.14,0.65,51.26
30.883514,0.0015,0.0630,1.0020,0.00,0.00,0.00,2.14,0.65,51.26
30.914348,0.0020,0.0625,1.0015,0.00,0.00,-0.06,2.14,0.65,51.26
30.914348,0.0015,0.0630,1.0010,0.00,0.00,0.00,2.14,0.65,51.26
30.945031,0.0015,0.0630,1.0024,0.00,0.00,-0.06,2.14,0.65,51.26
30.945031,0.0020,0.0630,1.0029,0.00,0.00,-0.06,2.14,0.65,51.26
31.004354,0.0020,0.0625,1.0029,0.00,0.00,0.00,2.14,0.65,51.26
31.004354,0.0020,0.0625,1.0020,0.00,0.00,-0.06,2.14,0.65,51.26
31.033569,0.0020,0.0630,1.0029,0.00,0.00,0.00,2.14,0.65,51.26
31.033569,0.0010,0.0630,1.0020,0.00,0.00,0.00,2.14,0.65,51.26
31.064298,0.0020,0.0630,1.0020,0.00,0.00,0.00,2.14,0.65,51.26
31.064298,0.0020,0.0630,1.0015,0.06,0.00,0.00,2.14,0.65,51.26
31.124296,0.0024,0.0630,1.0020,0.00,0.00,0.00,2.14,0.65,51.26
31.124296,0.0020,0.0635,1.0024,0.00,0.06,-0.06,2.14,0.65,51.26
31.153484,0.0015,0.0625,1.0029,0.00,0.00,0.00,2.14,0.65,51.26
31.153484,0.0020,0.0625,1.0020,0.00,0.00,0.00,2.14,0.65,51.26
31.183357,0.0024,0.0635,1.0024,0.00,0.00,-0.06,2.14,0.65,51.26
31.183357,0.0015,0.0625,1.0010,0.00,0.06,0.00,2.14,0.65,51.26
31.244876,0.0024,0.0630,1.0020,0.00,0.00,0.00,2.14,0.65,51.26
31.244876,0.0015,0.0635,1.0020,0.00,0.00,-0.06,2.14,0.65,51.26
31.276055,0.0024,0.0630,1.0015,0.00,0.00,-0.06,2.14,0.65,51.26
31.276055,0.0024,0.0640,1.0020,0.06,0.00,0.00,2.14,0.65,51.27
31.307573,0.0024,0.0635,1.0020,0.00,0.00,0.00,2.14,0.65,51.27
31.307573,0.0024,0.0630,1.0020,0.00,0.00,-0.06,2.14,0.65,51.27
31.364295,0.0024,0.0630,1.0015,0.00,0.00,0.00,2.14,0.65,51.27
31.364295,0.0020,0.0625,1.0015,0.00,0.00,0.00,2.14,0.65,51.27
31.393571,0.0015,0.0630,1.0015,0.00,0.00,-0.06,2.14,0.65,51.27
31.393571,0.0020,0.0625,1.0024,0.00,0.00,-0.12,2.14,0.65,51.27
31.423624,0.0024,0.0630,1.0020,0.06,0.00,0.00,2.14,0.65,51.27
31.423624,0.0024,0.0630,1.0005,0.00,0.00,-0.06,2.14,0.65,51.27
31.484347,0.0015,0.0630,1.0020,0.00,0.00,-0.06,2.14,0.65,51.27
31.484347,0.0024,0.0635,1.0029,0.00,0.00,-0.06,2.14,0.65,51.27
31.514443,0.0020,0.0625,1.0020,0.00,0.00,-0.06,2.14,0.65,51.27
31.514443,0.0029,0.0625,1.0015,0.00,0.00,0.00,2.14,0.65,51.27
31.544944,0.0015,0.0625,1.0015,0.00,0.00,-0.06,2.14,0.65,51.27
31.544944,0.0020,0.0625,1.0015,0.06,0.00,0.00,2.14,0.65,51.27
31.604338,0.0020,0.0635,1.0020,0.00,0.00,0.00,2.14,0.65,51.27
31.604338,0.0020,0.0630,1.0015,0.00,0.00,-0.06,2.14,0.65,51.27
31.633524,0.0024,0.0635,1.0024,0.00,0.00,0.00,2.14,0.65,51.27
31.633524,0.0024,0.0635,1.0020,0.00,0.00,-0.06,2.14,0.65,51.27
31.693583,0.0029,0.0630,1.0020,0.00,0.00,-0.06,2.14,0.65,51.27
31.693583,0.0020,0.0625,1.0029,0.00,0.00,-0.06,2.14,0.65,51.27
31.724298,0.0024,0.0625,1.0024,0.00,0.00,-0.06,2.14,0.65,51.27
31.724298,0.0024,0.0630,1.0020,0.00,0.00,-0.06,2.14,0.65,51.27
31.753570,0.0020,0.0630,1.0020,0.00,0.00,0.00,2.14,0.65,51.27
31.753570,0.0015,0.0630,1.0020,0.06,0.00,0.00,2.14,0.65,51.27
31.813579,0.0020,0.0630,1.0010,0.00,0.00,0.00,2.14,0.65,51.27
31.813579,0.0020,0.0630,1.0024,0.00,0.00,0.00,2.14,0.65,51.27
31.845091,0.0024,0.0635,1.0020,0.00,0.00,-0.06,2.14,0.65,51.27
31.845091,0.0024,0.0625,1.0015,0.00,0.00,-0.06,2.14,0.65,51.27
31.873985,0.0024,0.0625,1.0024,0.00,0.00,0.00,2.14,0.65,51.27
31.873985,0.0029,0.0630,1.0029,0.06,0.00,-0.06,2.14,0.65,51.28
31.934302,0.0020,0.0630,1.0020,0.00,0.00,0.00,2.14,0.65,51.28
31.934302,0.0024,0.0630,1.0020,0.00,-0.06,-0.06,2.14,0.65,51.28
31.963510,0.0024,0.0630,1.0024,0.00,0.00,0.00,2.14,0.65,51.28
31.963510,0.0020,0.0630,1.0020,0.00,0.00,-0.06,2.14,0.65,51.28
31.993522,0.0024,0.0635,1.0020,0.06,0.00,0.00,2.14,0.65,51.28
31.993522,0.0024,0.0635,1.0020,0.00,0.00,-0.06,2.14,0.65,51.28
32.054340,0.0020,0.0635,1.0024,0.00,0.00,-0.06,2.14,0.65,51.28
32.054340,0.0024,0.0635,1.0010,0.00,0.00,0.00,2.14,0.65,51.28
32.083483,0.0020,0.0625,1.0029,-0.06,0.00,0.00,2.14,0.65,51.28
32.083483,0.0029,0.0625,1.0020,0.00,0.00,-0.06,2.14,0.64,51.28
32.113531,0.0024,0.0640,1.0029,0.00,0.00,0.00,2.14,0.64,51.28
32.113531,0.0024,0.0625,1.0020,0.00,0.00,-0.06,2.14,0.64,51.28
32.174335,0.0020,0.0620,1.0024,0.00,0.00,0.00,2.14,0.64,51.28
32.174335,0.0015,0.0625,1.0024,0.00,0.00,-0.06,2.14,0.64,51.28
32.203561,0.0015,0.0635,1.0020,0.00,0.00,-0.06,2.14,0.64,51.28
32.203561,0.0010,0.0625,1.0010,0.00,0.00,0.00,2.14,0.64,51.28
32.233532,0.0024,0.0630,1.0010,0.00,0.00,0.00,2.14,0.64,51.28
32.233532,0.0020,0.0620,1.0020,0.00,0.00,0.00,2.14,0.64,51.28
32.294342,0.0020,0.0625,1.0000,0.00,0.00,-0.06,2.14,0.64,51.28
32.294342,0.0015,0.0620,1.0010,0.00,0.00,0.00,2.14,0.64,51.28
32.324304,0.0020,0.0630,1.0015,0.06,0.00,-0.06,2.14,0.64,51.28
32.324304,0.0020,0.0625,1.0010,0.00,0.00,-0.06,2.14,0.64,51.28
32.353522,0.0024,0.0630,1.0020,0.00,0.00,-0.06,2.14,0.64,51.28
32.353522,0.0024,0.0635,1.0020,0.00,0.00,0.00,2.14,0.64,51.28
32.413516,0.0024,0.0630,1.0024,0.00,0.00,-0.06,2.14,0.64,51.28
32.413516,0.0020,0.0635,1.0024,0.00,0.00,0.00,2.14,0.64,51.28
32.444542,0.0024,0.0635,1.0020,0.00,0.00,0.00,2.14,0.64,51.28
32.444542,0.0015,0.0630,1.0015,0.00,0.00,-0.06,2.14,0.64,51.28
32.476062,0.0024,0.0630,1.0015,0.00,0.00,-0.06,2.14,0.64,51.28
32.476062,0.0015,0.0625,1.0015,0.00,0.00,-0.06,2.14,0.64,51.28
32.533563,0.0020,0.0620,1.0015,0.00,0.00,0.00,2.14,0.64,51.28
32.533563,0.0020,0.0630,1.0015,0.06,0.00,0.00,2.14,0.65,51.29
32.564297,0.0020,0.0625,1.0015,0.00,0.00,-0.06,2.14,0.65,51.29
32.564297,0.0024,0.0640,1.0020,0.00,0.00,-0.06,2.14,0.65,51.29
32.593496,0.0020,0.0635,1.0015,0.00,0.00,-0.06,2.14,0.65,51.29
32.593496,0.0020,0.0630,1.0015,0.00,0.00,-0.06,2.14,0.65,51.29
32.654305,0.0020,0.0630,1.0010,0.00,0.00,-0.06,2.14,0.65,51.29
32.654305,0.0024,0.0630,1.0010,0.00,0.00,0.00,2.14,0.65,51.29
32.683589,0.0024,0.0630,1.0005,0.00,0.00,-0.06,2.14,0.65,51.29
32.683589,0.0020,0.0630,1.0010,0.00,0.00,-0.06,2.14,0.64,51.29
32.714309,0.0015,0.0625,1.0010,0.00,0.00,-0.06,2.14,0.64,51.29
32.714309,0.0024,0.0620,1.0015,0.00,0.00,-0.12,2.14,0.64,51.29
32.774338,0.0015,0.0630,1.0015,0.06,0.00,-0.06,2.14,0.64,51.29
32.774338,0.0024,0.0635,1.0015,0.00,0.00,-0.06,2.14,0.65,51.29
32.803538,0.0015,0.0640,1.0010,0.00,0.00,0.00,2.14,0.65,51.29
32.803538,0.0015,0.0635,1.0005,0.06,0.00,-0.06,2.14,0.65,51.29
32.834324,0.0020,0.0640,1.0010,0.00,0.00,0.00,2.14,0.65,51.29
32.834324,0.0024,0.0630,1.0005,0.00,0.00,0.00,2.14,0.65,51.30
32.894359,0.0024,0.0640,1.0015,0.00,0.00,0.00,2.14,0.65,51.30
32.894359,0.0015,0.0625,1.0024,0.00,0.06,0.00,2.14,0.65,51.30
32.954494,0.0015,0.0625,1.0015,0.00,0.00,0.00,2.14,0.65,51.30
32.954494,0.0024,0.0620,1.0020,0.00,0.00,0.00,2.14,0.65,51.30
32.956618,0.0024,0.0625,1.0015,0.00,0.00,-0.06,2.14,0.65,51.30
32.956618,0.0024,0.0630,1.0015,0.06,0.00,-0.06,2.14,0.65,51.30
33.013526,0.0020,0.0630,1.0015,0.00,0.00,0.00,2.14,0.65,51.30
33.013526,0.0024,0.0630,1.0010,0.00,0.00,0.00,2.14,0.65,51.30
33.043978,0.0020,0.0625,1.0010,0.00,0.00,-0.06,2.14,0.65,51.30
33.043978,0.0015,0.0635,1.0024,0.00,0.00,-0.06,2.14,0.65,51.30
33.105694,0.0024,0.0630,1.0015,0.12,0.00,-0.06,2.14,0.65,51.30
33.105694,0.0015,0.0635,1.0024,0.06,0.00,0.00,2.14,0.65,51.30
33.139270,0.0024,0.0630,1.0015,0.00,0.00,0.00,2.14,0.65,51.30
33.139270,0.0024,0.0635,1.0020,0.00,0.00,0.00,2.14,0.65,51.30
33.166560,0.0015,0.0625,1.0015,0.06,0.00,-0.06,2.14,0.65,51.30
33.166560,0.0024,0.0635,1.0020,0.00,0.00,-0.06,2.14,0.65,51.30
33.226863,0.0020,0.0630,1.0020,0.00,0.00,-0.06,2.14,0.65,51.30
33.226863,0.0024,0.0635,1.0020,0.00,0.00,-0.06,2.14,0.65,51.30
33.253932,0.0024,0.0635,1.0010,0.00,0.00,-0.06,2.14,0.65,51.30
33.253932,0.0020,0.0635,1.0010,0.00,0.00,-0.06,2.14,0.65,51.30
33.284689,0.0020,0.0635,1.0015,0.00,0.00,-0.06,2.14,0.65,51.30
33.284689,0.0024,0.0625,1.0010,0.00,0.00,0.00,2.14,0.65,51.30
33.360441,0.0024,0.0625,1.0005,0.00,0.00,-0.06,2.14,0.65,51.30
33.360441,0.0020,0.0625,1.0020,0.00,0.00,-0.06,2.14,0.65,51.30
33.376129,0.0024,0.0630,1.0020,0.00,0.00,-0.06,2.14,0.65,51.30
33.376129,0.0010,0.0635,1.0010,0.06,0.00,0.00,2.14,0.65,51.30
33.403571,0.0015,0.0630,1.0015,0.00,0.00,0.00,2.14,0.65,51.30
33.403571,0.0020,0.0625,1.0010,0.00,0.00,-0.06,2.14,0.65,51.30
33.464761,0.0029,0.0640,1.0020,0.00,0.00,0.00,2.14,0.65,51.30
33.464761,0.0029,0.0625,1.0024,0.00,0.00,-0.06,2.14,0.65,51.30
33.494447,0.0024,0.0630,1.0020,0.00,0.00,0.00,2.14,0.65,51.30
33.494447,0.0020,0.0635,1.0010,0.06,0.00,0.00,2.14,0.65,51.30
33.528427,0.0020,0.0630,1.0010,0.00,0.00,0.00,2.14,0.65,51.30
33.528427,0.0020,0.0625,1.0024,0.00,0.00,-0.06,2.14,0.65,51.31
33.583688,0.0015,0.0630,1.0010,0.00,0.00,-0.06,2.14,0.65,51.31
33.583688,0.0020,0.0625,1.0015,0.00,0.00,-0.06,2.14,0.65,51.31
33.613620,0.0020,0.0625,1.0024,0.00,0.00,0.00,2.14,0.65,51.31
33.613620,0.0020,0.0630,1.0020,0.00,0.00,-0.06,2.14,0.65,51.31
33.643572,0.0020,0.0630,1.0015,0.00,0.00,-0.06,2.14,0.65,51.31
33.643572,0.0015,0.0630,1.0024,0.00,-0.06,0.00,2.14,0.65,51.31
33.704430,0.0020,0.0630,1.0015,0.00,0.00,-0.06,2.14,0.65,51.31
33.704430,0.0024,0.0620,1.0010,0.00,0.00,0.00,2.14,0.65,51.31
33.733586,0.0020,0.0620,1.0015,0.00,0.00,-0.06,2.14,0.65,51.31
33.733586,0.0020,0.0625,1.0024,0.00,0.00,0.00,2.14,0.65,51.31
33.763876,0.0020,0.0630,1.0020,0.00,0.00,0.00,2.14,0.65,51.31
33.763876,0.0015,0.0625,1.0015,0.00,0.00,-0.06,2.14,0.65,51.31
33.824373,0.0024,0.0630,1.0020,0.00,0.00,-0.12,2.14,0.65,51.31
33.824373,0.0020,0.0630,1.0015,0.00,0.06,0.00,2.14,0.65,51.31
33.853582,0.0024,0.0630,1.0010,0.00,0.00,-0.06,2.14,0.65,51.31
33.853582,0.0024,0.0630,1.0020,0.00,0.00,-0.06,2.14,0.65,51.31
33.884313,0.0020,0.0625,1.0015,0.00,-0.06,0.00,2.14,0.65,51.31
33.884313,0.0010,0.0630,1.0020,0.00,0.00,-0.06,2.14,0.65,51.31
33.945492,0.0024,0.0625,1.0015,0.06,0.00,-0.06,2.14,0.65,51.31
33.945492,0.0029,0.0635,1.0015,0.00,0.00,0.00,2.14,0.65,51.31
33.974305,0.0024,0.0635,1.0010,0.06,0.00,-0.06,2.14,0.65,51.31
33.974305,0.0020,0.0635,1.0020,0.00,0.00,-0.06,2.14,0.65,51.31
34.003665,0.0024,0.0630,1.0034,0.00,0.00,-0.06,2.14,0.65,51.31
34.003665,0.0020,0.0630,1.0034,0.00,0.00,-0.06,2.14,0.65,51.31
34.064647,0.0020,0.0625,1.0020,0.06,0.00,-0.12,2.14,0.65,51.31
34.064647,0.0024,0.0625,1.0020,0.00,0.00,-0.06,2.14,0.65,51.31
34.096343,0.0020,0.0630,1.0010,0.00,0.00,0.00,2.14,0.65,51.31
34.096343,0.0020,0.0630,1.0024,0.06,0.00,0.00,2.14,0.65,51.31
34.124412,0.0015,0.0635,1.0024,0.00,0.00,-0.06,2.14,0.65,51.31
34.124412,0.0020,0.0630,1.0015,0.00,0.00,-0.06,2.14,0.65,51.31
34.184404,0.0024,0.0630,1.0015,0.00,0.00,0.00,2.14,0.65,51.31
34.184404,0.0024,0.0625,1.0020,0.00,0.00,-0.06,2.14,0.65,51.31
34.213553,0.0020,0.0620,1.0015,0.00,0.00,-0.12,2.14,0.65,51.31
34.213553,0.0015,0.0625,1.0020,0.00,0.00,0.00,2.14,0.65,51.31
34.244353,0.0015,0.0625,1.0029,0.06,0.00,-0.06,2.14,0.65,51.31
34.244353,0.0015,0.0630,1.0024,0.06,0.00,0.00,2.14,0.65,51.32
34.304471,0.0015,0.0620,1.0020,0.00,0.00,0.00,2.14,0.65,51.32
34.304471,0.0020,0.0625,1.0024,0.00,0.00,0.00,2.14,0.65,51.32
34.333563,0.0020,0.0625,1.0020,0.00,0.00,0.00,2.14,0.65,51.32
34.333563,0.0015,0.0625,1.0015,0.00,0.00,0.00,2.14,0.65,51.32
34.363998,0.0020,0.0620,1.0010,0.06,0.00,0.00,2.14,0.65,51.32
34.363998,0.0024,0.0630,1.0020,0.00,0.00,0.00,2.14,0.65,51.32
34.424413,0.0015,0.0630,1.0010,0.00,0.00,-0.06,2.14,0.65,51.32
34.424413,0.0020,0.0635,1.0015,0.00,0.00,0.00,2.14,0.65,51.32
34.454686,0.0015,0.0635,1.0020,0.00,0.00,0.00,2.14,0.65,51.32
34.454686,0.0015,0.0630,1.0020,0.00,0.00,-0.06,2.14,0.65,51.32
34.513689,0.0024,0.0625,1.0020,0.00,0.00,0.00,2.14,0.65,51.32
34.513689,0.0020,0.0635,1.0015,0.00,0.00,-0.06,2.14,0.65,51.32
34.558055,0.0024,0.0635,1.0020,0.00,0.00,0.00,2.14,0.65,51.32
34.558055,0.0029,0.0625,1.0020,0.00,0.00,-0.06,2.14,0.65,51.32
34.574397,0.0024,0.0630,1.0015,0.00,0.00,-0.06,2.14,0.65,51.32
34.574397,0.0020,0.0630,1.0024,0.00,0.00,-0.06,2.14,0.65,51.32
34.634826,0.0020,0.0640,1.0020,0.00,0.00,0.00,2.14,0.65,51.32
34.634826,0.0020,0.0625,1.0024,0.00,0.00,0.00,2.14,0.65,51.32
34.663962,0.0020,0.0620,1.0010,0.00,0.06,-0.06,2.14,0.65,51.32
34.663962,0.0024,0.0635,1.0020,0.06,0.00,-0.12,2.14,0.65,51.32
34.694372,0.0024,0.0625,1.0024,0.00,0.00,0.00,2.14,0.65,51.32
34.694372,0.0020,0.0630,1.0020,0.00,0.00,0.00,2.14,0.65,51.32
34.852249,0.0015,0.0620,1.0020,0.00,0.00,-0.06,2.14,0.65,51.32
34.852249,0.0020,0.0620,1.0005,0.06,0.00,-0.06,2.14,0.65,51.32
34.852280,0.0020,0.0630,1.0010,0.00,0.00,-0.06,2.14,0.65,51.32
34.852280,0.0034,0.0635,1.0015,0.00,0.00,0.00,2.14,0.65,51.32
34.852290,0.0020,0.0620,1.0029,0.00,0.00,-0.06,2.14,0.65,51.32
34.852290,0.0015,0.0620,1.0020,0.00,0.00,0.00,2.14,0.65,51.32
34.874111,0.0015,0.0620,1.0015,0.00,0.00,0.00,2.14,0.65,51.32
34.874111,0.0015,0.0630,1.0024,0.00,0.00,-0.06,2.14,0.65,51.32
34.903544,0.0020,0.0625,1.0020,0.00,0.00,-0.06,2.14,0.65,51.32
34.903544,0.0020,0.0635,1.0015,0.00,0.06,-0.06,2.14,0.65,51.32
34.934099,0.0020,0.0635,1.0020,0.00,0.00,0.00,2.14,0.65,51.32
34.934099,0.0024,0.0630,1.0015,0.00,0.00,0.00,2.14,0.65,51.32
34.994160,0.0024,0.0630,1.0015,0.00,0.00,-0.12,2.14,0.65,51.32
34.994160,0.0020,0.0635,1.0024,0.06,0.00,0.00,2.14,0.65,51.32
35.023687,0.0020,0.0625,1.0029,0.00,0.00,-0.06,2.14,0.65,51.32
35.023687,0.0024,0.0635,1.0020,0.00,0.00,0.00,2.14,0.65,51.32
35.053612,0.0020,0.0635,1.0020,0.06,0.00,0.00,2.14,0.65,51.33
35.053612,0.0024,0.0630,1.0015,0.00,0.00,0.00,2.14,0.65,51.33
35.114223,0.0024,0.0625,1.0015,0.00,0.00,-0.06,2.14,0.65,51.33
35.114223,0.0020,0.0630,1.0020,0.00,0.00,-0.06,2.14,0.65,51.33
35.145433,0.0024,0.0635,1.0024,0.00,0.00,0.00,2.14,0.65,51.33
35.145433,0.0024,0.0625,1.0020,0.00,0.00,0.00,2.14,0.65,51.33
35.173919,0.0015,0.0625,1.0015,0.00,0.00,0.00,2.14,0.65,51.33
35.173919,0.0024,0.0630,1.0024,0.06,0.00,-0.06,2.14,0.65,51.33
35.234488,0.0015,0.0630,1.0015,0.00,0.00,-0.06,2.14,0.65,51.33
35.234488,0.0020,0.0630,1.0015,0.06,0.00,0.00,2.14,0.65,51.33
35.264601,0.0015,0.0625,1.0010,0.06,0.00,0.00,2.14,0.65,51.33
35.264601,0.0020,0.0630,1.0015,0.00,0.00,-0.06,2.14,0.65,51.33
35.293695,0.0015,0.0635,1.0010,0.00,0.00,-0.06,2.14,0.65,51.33
35.293695,0.0015,0.0630,1.0015,0.00,0.00,-0.06,2.14,0.65,51.33
35.354657,0.0015,0.0635,1.0015,0.00,0.00,-0.06,2.14,0.65,51.33
35.354657,0.0015,0.0630,1.0020,0.00,0.00,0.00,2.14,0.65,51.33
35.383980,0.0020,0.0635,1.0029,0.00,0.00,-0.06,2.14,0.65,51.33
35.383980,0.0020,0.0640,1.0024,0.00,0.00,0.00,2.14,0.65,51.33
35.416409,0.0015,0.0630,1.0020,0.00,0.00,0.00,2.14,0.65,51.33
35.416409,0.0020,0.0625,1.0024,0.00,0.00,0.00,2.14,0.65,51.33
35.474454,0.0015,0.0630,1.0024,0.00,0.00,-0.06,2.14,0.65,51.33
35.474454,0.0020,0.0620,1.0029,0.00,0.00,-0.06,2.14,0.65,51.33
35.505343,0.0029,0.0625,1.0020,0.00,0.00,-0.06,2.14,0.65,51.33
35.505343,0.0015,0.0625,1.0015,0.00,0.00,-0.06,2.14,0.65,51.33
35.534184,0.0020,0.0625,1.0015,0.00,0.00,0.00,2.14,0.65,51.33
35.534184,0.0015,0.0625,1.0015,0.00,0.00,-0.06,2.14,0.65,51.33
35.594478,0.0020,0.0625,1.0015,0.00,0.00,0.00,2.14,0.65,51.33
35.594478,0.0010,0.0635,1.0020,0.00,0.00,0.00,2.14,0.65,51.33
35.624681,0.0020,0.0625,1.0024,0.00,0.00,-0.06,2.14,0.65,51.33
35.624681,0.0020,0.0625,1.0020,0.06,0.00,0.00,2.14,0.65,51.33
35.654081,0.0020,0.0625,1.0024,0.00,-0.06,0.00,2.14,0.65,51.33
35.654081,0.0015,0.0635,1.0020,0.00,0.00,-0.06,2.14,0.65,51.33
35.713861,0.0024,0.0630,1.0020,0.00,0.00,0.00,2.14,0.65,51.33
35.713861,0.0020,0.0635,1.0020,0.00,0.00,0.00,2.14,0.65,51.33
35.744913,0.0024,0.0630,1.0024,0.00,0.00,0.00,2.14,0.65,51.33
35.744913,0.0024,0.0635,1.0020,0.00,0.00,0.00,2.14,0.65,51.33
35.776755,0.0024,0.0625,1.0020,0.00,0.00,-0.06,2.14,0.65,51.33
35.776755,0.0024,0.0625,1.0005,0.06,0.00,-0.06,2.14,0.65,51.33
35.834750,0.0029,0.0625,1.0020,0.00,0.00,-0.06,2.14,0.65,51.33
35.834750,0.0024,0.0630,1.0015,0.00,0.00,-0.12,2.14,0.65,51.33
35.863906,0.0015,0.0620,1.0029,0.00,0.00,0.00,2.14,0.65,51.34
35.863906,0.0015,0.0620,1.0015,0.00,0.00,0.00,2.14,0.65,51.34
35.924580,0.0015,0.0630,1.0020,0.00,0.00,0.00,2.14,0.65,51.34
35.924580,0.0024,0.0625,1.0024,0.00,0.00,0.00,2.14,0.65,51.34
35.955881,0.0010,0.0630,1.0020,0.00,0.00,-0.06,2.14,0.65,51.34
35.955881,0.0005,0.0635,1.0020,0.00,0.00,0.00,2.14,0.65,51.34
35.984213,0.0015,0.0630,1.0020,0.00,0.00,-0.06,2.14,0.65,51.34
35.984213,0.0015,0.0625,1.0015,0.00,0.00,0.00,2.14,0.65,51.34
36.045177,0.0024,0.0625,1.0015,0.00,0.00,-0.06,2.14,0.65,51.34
36.045177,0.0015,0.0635,1.0020,0.06,0.00,-0.06,2.14,0.65,51.34
36.074019,0.0005,0.0630,1.0029,0.00,0.00,0.00,2.14,0.65,51.34
36.074019,0.0020,0.0640,1.0020,0.00,-0.06,0.00,2.14,0.65,51.34
36.103786,0.0024,0.0630,1.0015,0.00,0.00,0.00,2.14,0.65,51.34
36.103786,0.0024,0.0630,1.0020,0.06,0.00,0.00,2.14,0.65,51.34
36.164733,0.0029,0.0625,1.0039,0.00,0.00,0.00,2.14,0.65,51.34
36.164733,0.0034,0.0630,1.0015,0.00,0.00,-0.06,2.14,0.65,51.34
36.193967,0.0024,0.0625,1.0029,0.00,0.00,-0.06,2.14,0.65,51.34
36.193967,0.0029,0.0625,1.0020,0.00,0.00,-0.06,2.14,0.65,51.34
36.225234,0.0024,0.0625,1.0024,0.00,0.00,-0.06,2.14,0.65,51.34
36.225234,0.0020,0.0640,1.0024,0.00,0.00,-0.06,2.14,0.65,51.34
36.285113,0.0024,0.0630,1.0020,0.00,0.00,0.00,2.14,0.65,51.34
36.285113,0.0020,0.0630,1.0029,0.00,0.00,0.00,2.14,0.65,51.34
36.314237,0.0015,0.0635,1.0029,0.06,0.00,0.00,2.14,0.65,51.34
36.314237,0.0020,0.0635,1.0015,0.00,0.00,0.00,2.14,0.65,51.34
36.344685,0.0015,0.0635,1.0024,0.00,0.00,-0.06,2.14,0.65,51.34
36.344685,0.0015,0.0630,1.0015,0.00,0.00,0.00,2.14,0.65,51.34
36.403952,0.0010,0.0645,1.0029,0.00,0.00,-0.06,2.14,0.65,51.34
36.403952,0.0010,0.0625,1.0020,0.00,0.00,-0.06,2.14,0.65,51.34
36.435846,0.0020,0.0635,1.0005,0.00,0.00,-0.06,2.14,0.65,51.34
36.435846,0.0015,0.0635,1.0010,0.00,0.00,-0.06,2.14,0.65,51.34
36.464156,0.0020,0.0635,1.0010,0.00,0.00,0.00,2.14,0.65,51.34
36.464156,0.0010,0.0630,1.0020,0.00,0.00,0.00,2.14,0.65,51.34
36.526740,0.0020,0.0635,1.0024,0.00,0.00,0.00,2.14,0.65,51.34
36.526740,0.0015,0.0625,1.0024,0.00,0.00,-0.06,2.14,0.65,51.34
36.556744,0.0024,0.0625,1.0024,0.00,0.00,-0.12,2.14,0.65,51.34
36.556744,0.0020,0.0625,1.0015,0.00,0.00,-0.06,2.14,0.65,51.34
36.586749,0.0020,0.0630,1.0015,0.00,0.00,-0.06,2.14,0.65,51.34
36.586749,0.0024,0.0635,1.0010,0.00,0.00,0.00,2.14,0.65,51.34
36.646775,0.0024,0.0635,1.0010,0.00,0.00,0.00,2.14,0.65,51.34
36.646775,0.0020,0.0630,1.0005,0.00,0.00,0.00,2.14,0.65,51.34
36.677206,0.0015,0.0630,1.0005,0.00,0.00,-0.06,2.14,0.65,51.34
36.677206,0.0020,0.0630,1.0010,0.00,0.00,0.00,2.14,0.65,51.34
36.706858,0.0020,0.0625,1.0020,0.00,0.00,-0.06,2.14,0.65,51.35
36.706858,0.0024,0.0630,1.0010,0.00,0.00,0.00,2.14,0.65,51.35
36.765206,0.0020,0.0630,1.0024,0.00,0.00,0.00,2.14,0.65,51.35
36.765206,0.0020,0.0630,1.0010,0.00,0.00,0.00,2.14,0.65,51.35
36.797060,0.0020,0.0625,1.0015,0.00,0.00,-0.06,2.14,0.65,51.35
36.797060,0.0024,0.0625,1.0020,0.00,0.00,0.00,2.14,0.65,51.35
36.825121,0.0015,0.0625,1.0020,0.00,0.00,0.00,2.14,0.65,51.35
36.825121,0.0024,0.0630,1.0015,0.00,0.00,0.00,2.14,0.65,51.35
36.884745,0.0020,0.0625,1.0020,0.00,0.00,0.00,2.14,0.65,51.35
36.884745,0.0029,0.0635,1.0005,0.00,0.00,0.00,2.14,0.65,51.35
36.913920,0.0024,0.0635,1.0020,0.00,0.00,0.00,2.14,0.65,51.35
36.913920,0.0020,0.0630,1.0000,0.00,0.00,-0.06,2.14,0.65,51.35
36.944646,0.0034,0.0630,1.0020,0.00,0.00,-0.06,2.14,0.65,51.35
36.944646,0.0024,0.0630,1.0005,0.00,0.00,0.00,2.14,0.65,51.35
37.004645,0.0015,0.0635,1.0015,0.00,0.00,0.00,2.14,0.65,51.35
37.004645,0.0020,0.0630,1.0020,0.06,0.00,-0.06,2.14,0.65,51.35
37.033966,0.0024,0.0620,1.0015,0.06,0.00,0.00,2.14,0.65,51.35
37.033966,0.0024,0.0635,1.0015,0.06,0.00,-0.12,2.14,0.65,51.35
37.064024,0.0020,0.0630,1.0015,0.06,0.00,0.00,2.14,0.65,51.35
37.064024,0.0020,0.0625,1.0020,0.00,0.00,0.00,2.14,0.65,51.35
37.124423,0.0010,0.0625,1.0020,0.00,0.00,-0.06,2.14,0.65,51.35
37.124423,0.0015,0.0630,1.0015,0.00,0.00,-0.06,2.14,0.65,51.35
37.154775,0.0024,0.0630,1.0029,0.00,0.00,0.00,2.14,0.65,51.35
37.154775,0.0020,0.0630,1.0015,0.06,0.00,-0.06,2.14,0.65,51.36
37.184637,0.0020,0.0630,1.0024,0.06,0.00,-0.06,2.14,0.65,51.36
37.184637,0.0010,0.0630,1.0015,0.00,0.00,0.00,2.14,0.65,51.36
37.244723,0.0024,0.0635,1.0010,0.00,0.00,0.00,2.14,0.65,51.36
37.244723,0.0020,0.0625,1.0020,0.00,-0.06,0.00,2.14,0.65,51.36
37.276956,0.0029,0.0635,1.0020,0.00,0.00,0.00,2.14,0.65,51.36
37.276956,0.0020,0.0635,1.0024,0.00,0.00,0.00,2.14,0.65,51.36
37.335129,0.0024,0.0625,1.0015,0.00,0.00,-0.06,2.14,0.65,51.36
37.335129,0.0020,0.0635,1.0010,0.00,0.00,0.00,2.14,0.65,51.36
37.364008,0.0024,0.0630,1.0015,0.00,0.00,0.00,2.14,0.65,51.36
37.364008,0.0024,0.0635,1.0024,0.00,0.06,0.00,2.14,0.65,51.36
37.394674,0.0029,0.0630,1.0020,0.00,0.00,0.00,2.14,0.65,51.36
37.394674,0.0020,0.0640,1.0015,0.00,0.00,0.00,2.14,0.65,51.36
37.454731,0.0029,0.0630,1.0020,0.00,0.00,-0.06,2.14,0.65,51.36
37.454731,0.0029,0.0630,1.0020,0.00,0.00,-0.06,2.14,0.65,51.36
37.483876,0.0024,0.0635,1.0024,0.00,0.00,0.00,2.14,0.65,51.36
37.483876,0.0024,0.0630,1.0029,0.00,0.00,-0.06,2.14,0.65,51.36
37.514716,0.0024,0.0630,1.0015,0.00,0.00,-0.12,2.14,0.65,51.36
37.514716,0.0024,0.0625,1.0015,0.00,0.00,0.00,2.14,0.65,51.36
37.574732,0.0029,0.0630,1.0024,0.00,0.00,-0.06,2.14,0.65,51.36
37.574732,0.0020,0.0630,1.0015,0.00,0.00,0.00,2.14,0.65,51.36
37.603965,0.0029,0.0625,1.0010,0.00,0.00,-0.06,2.14,0.65,51.36
37.603965,0.0020,0.0625,1.0015,0.00,0.00,-0.06,2.14,0.65,51.36
37.634026,0.0020,0.0635,1.0015,0.06,0.00,-0.06,2.14,0.65,51.36
37.634026,0.0024,0.0630,1.0015,0.00,0.00,0.00,2.14,0.65,51.36
37.694733,0.0024,0.0630,1.0010,0.06,0.00,0.00,2.14,0.65,51.36
37.694733,0.0024,0.0630,1.0010,0.00,0.00,-0.06,2.14,0.65,51.36
37.723963,0.0024,0.0625,1.0015,0.00,0.00,-0.06,2.14,0.65,51.36
37.723963,0.0015,0.0625,1.0015,0.00,0.00,0.00,2.14,0.65,51.36
37.757701,0.0020,0.0635,1.0020,0.00,0.00,0.00,2.14,0.65,51.36
37.757701,0.0020,0.0620,1.0015,0.00,0.00,0.00,2.14,0.65,51.36
37.814750,0.0015,0.0635,1.0015,0.00,0.00,0.00,2.14,0.65,51.36
37.814750,0.0024,0.0630,1.0010,0.00,0.00,0.00,2.14,0.65,51.36
37.843928,0.0024,0.0630,1.0015,0.00,0.00,-0.06,2.14,0.65,51.36
37.843928,0.0024,0.0630,1.0010,0.00,0.00,0.00,2.14,0.65,51.36
37.874942,0.0024,0.0630,1.0020,0.00,0.00,0.00,2.14,0.65,51.36
37.874942,0.0024,0.0635,1.0015,0.00,0.00,0.00,2.14,0.65,51.36
37.934740,0.0020,0.0640,1.0015,0.00,0.00,0.00,2.14,0.65,51.36
37.934740,0.0010,0.0635,1.0010,0.00,0.00,-0.06,2.14,0.65,51.36
37.965111,0.0020,0.0635,1.0010,0.00,0.00,0.00,2.14,0.65,51.36
37.965111,0.0020,0.0630,1.0015,0.06,0.00,-0.06,2.14,0.65,51.36
37.996657,0.0024,0.0630,1.0020,0.00,0.00,0.00,2.14,0.65,51.36
37.996657,0.0024,0.0630,1.0020,0.00,0.00,0.00,2.14,0.65,51.36
38.054006,0.0015,0.0635,1.0024,0.00,0.00,-0.06,2.14,0.65,51.36
38.054006,0.0024,0.0620,1.0024,0.00,0.00,0.00,2.14,0.65,51.36
38.084722,0.0020,0.0635,1.0029,0.00,0.00,-0.06,2.14,0.65,51.36
38.084722,0.0020,0.0630,1.0024,0.00,0.00,-0.06,2.14,0.65,51.36
38.115104,0.0010,0.0630,1.0015,0.00,0.00,-0.12,2.14,0.65,51.36
38.115104,0.0015,0.0635,1.0020,0.00,0.00,-0.06,2.14,0.65,51.37
38.175671,0.0020,0.0640,1.0015,0.00,0.00,0.00,2.14,0.65,51.37
38.175671,0.0024,0.0635,1.0015,0.00,0.00,-0.06,2.15,0.65,51.37
38.204162,0.0024,0.0630,1.0010,0.00,0.00,-0.06,2.15,0.65,51.37
38.204162,0.0020,0.0630,1.0020,0.00,0.00,-0.06,2.15,0.65,51.37
38.234052,0.0020,0.0620,1.0010,0.00,0.00,0.00,2.15,0.65,51.37
38.234052,0.0015,0.0630,1.0020,0.00,0.06,-0.06,2.15,0.65,51.37
38.294124,0.0024,0.0620,1.0015,0.00,0.00,-0.06,2.15,0.65,51.37
38.294124,0.0015,0.0630,1.0005,0.00,0.00,0.00,2.15,0.65,51.37
38.323934,0.0015,0.0630,1.0020,0.00,-0.06,-0.06,2.15,0.65,51.37
38.323934,0.0020,0.0625,1.0020,0.00,0.00,-0.06,2.15,0.65,51.37
38.353987,0.0024,0.0630,1.0015,0.00,0.00,0.00,2.15,0.65,51.37
38.353987,0.0029,0.0635,1.0015,0.00,0.00,0.00,2.15,0.65,51.37
38.415117,0.0024,0.0635,1.0020,0.00,0.00,0.00,2.15,0.65,51.37
38.415117,0.0020,0.0625,1.0020,0.00,-0.06,0.00,2.15,0.65,51.37
38.446671,0.0020,0.0625,1.0010,0.00,0.00,0.00,2.15,0.65,51.37
38.446671,0.0020,0.0635,1.0015,0.00,0.00,-0.06,2.15,0.65,51.37
38.475352,0.0024,0.0630,1.0015,0.00,0.00,0.00,2.15,0.65,51.37
38.475352,0.0029,0.0630,1.0024,0.00,0.00,-0.06,2.15,0.65,51.37
38.536645,0.0029,0.0630,1.0000,0.06,0.00,0.00,2.15,0.65,51.37
38.536645,0.0020,0.0630,1.0010,0.00,0.00,-0.06,2.15,0.65,51.37
38.566734,0.0020,0.0635,1.0020,0.00,0.00,0.00,2.15,0.65,51.37
38.566734,0.0020,0.0640,1.0020,0.00,0.00,0.00,2.15,0.65,51.37
38.597031,0.0015,0.0630,1.0010,0.00,0.00,0.00,2.15,0.65,51.37
38.597031,0.0020,0.0620,1.0020,0.00,0.00,0.00,2.15,0.65,51.37
38.655165,0.0020,0.0625,1.0020,0.00,0.00,-0.06,2.15,0.65,51.37
38.655165,0.0015,0.0630,1.0020,0.00,0.00,-0.06,2.15,0.65,51.37
38.684040,0.0024,0.0635,1.0015,0.00,0.00,-0.06,2.15,0.65,51.37
38.684040,0.0029,0.0630,1.0005,0.00,0.00,0.00,2.15,0.65,51.37
38.744760,0.0034,0.0625,1.0020,0.00,0.00,-0.12,2.15,0.65,51.37
38.744760,0.0034,0.0630,1.0020,0.00,0.00,0.00,2.15,0.65,51.37
38.773987,0.0024,0.0645,1.0024,0.00,0.00,-0.06,2.15,0.65,51.37
38.773987,0.0020,0.0630,1.0029,0.00,0.00,0.00,2.15,0.65,51.37
38.804718,0.0020,0.0640,1.0010,0.00,0.00,0.00,2.15,0.65,51.37
38.804718,0.0015,0.0640,1.0015,0.00,0.00,-0.12,2.15,0.65,51.37
38.863977,0.0024,0.0635,1.0024,0.00,0.00,0.00,2.15,0.65,51.37
38.863977,0.0020,0.0630,1.0024,0.00,0.00,-0.06,2.15,0.65,51.37
38.894707,0.0015,0.0635,1.0020,0.00,0.00,-0.06,2.15,0.65,51.37
38.894707,0.0015,0.0640,1.0005,0.00,0.00,-0.06,2.15,0.65,51.37
38.923951,0.0015,0.0640,1.0010,0.00,0.00,-0.06,2.15,0.65,51.37
38.923951,0.0015,0.0640,1.0015,0.00,0.00,-0.06,2.15,0.65,51.37
38.984781,0.0015,0.0640,1.0024,0.00,-0.06,-0.06,2.15,0.65,51.37
38.984781,0.0010,0.0635,1.0020,0.00,0.00,0.00,2.15,0.65,51.37
39.014038,0.0010,0.0625,1.0015,0.00,0.00,0.00,2.15,0.65,51.37
39.014038,0.0015,0.0630,1.0015,0.00,0.00,0.00,2.15,0.65,51.37
39.044755,0.0020,0.0625,1.0029,0.00,0.00,-0.06,2.15,0.65,51.37
39.044755,0.0029,0.0630,1.0020,0.00,0.00,0.00,2.15,0.65,51.37
39.103996,0.0034,0.0630,1.0010,0.00,0.00,0.00,2.15,0.65,51.37
39.103996,0.0034,0.0625,1.0015,0.00,0.00,-0.06,2.15,0.65,51.37
39.135042,0.0024,0.0625,1.0000,0.06,0.00,-0.06,2.15,0.65,51.38
39.135042,0.0034,0.0625,1.0005,0.00,0.00,-0.06,2.15,0.65,51.38
39.165154,0.0024,0.0620,1.0015,0.00,0.00,0.00,2.15,0.65,51.38
39.165154,0.0024,0.0635,1.0010,0.00,0.00,0.00,2.15,0.65,51.38
39.227202,0.0029,0.0645,1.0015,0.00,0.06,-0.06,2.15,0.65,51.38
39.227202,0.0024,0.0625,1.0015,0.00,0.00,0.00,2.15,0.65,51.38
39.256775,0.0029,0.0625,1.0020,0.00,0.00,-0.12,2.15,0.65,51.38
39.256775,0.0010,0.0625,1.0010,0.00,0.06,-0.06,2.15,0.65,51.38
39.286777,0.0020,0.0630,1.0005,0.00,0.00,0.00,2.15,0.65,51.38
39.286777,0.0010,0.0630,1.0005,0.00,0.00,-0.06,2.15,0.65,51.38
39.346708,0.0010,0.0635,0.9995,0.00,0.00,-0.06,2.15,0.65,51.38
39.346708,0.0015,0.0635,1.0000,0.00,0.00,0.00,2.15,0.65,51.38
39.375129,0.0010,0.0640,1.0020,0.00,0.00,-0.12,2.15,0.65,51.38
39.375129,0.0005,0.0630,1.0005,0.00,0.00,-0.06,2.15,0.65,51.38
39.404823,0.0010,0.0625,1.0015,0.00,0.00,-0.06,2.15,0.65,51.38
39.404823,0.0005,0.0625,1.0015,0.00,0.00,-0.06,2.15,0.65,51.38
39.494227,0.0015,0.0630,1.0000,0.00,0.00,-0.06,2.15,0.65,51.38
39.494227,0.0024,0.0630,1.0015,0.06,0.00,-0.06,2.15,0.65,51.38
39.496361,0.0024,0.0625,1.0010,0.06,-0.06,-0.06,2.15,0.65,51.38
39.496361,0.0010,0.0635,1.0015,0.00,0.00,-0.06,2.15,0.65,51.38
39.523944,0.0039,0.0625,1.0010,0.00,0.00,0.00,2.15,0.65,51.38
39.523944,0.0029,0.0640,1.0015,0.00,-0.06,0.00,2.15,0.65,51.38
39.583965,0.0024,0.0625,1.0020,0.00,0.00,-0.06,2.15,0.65,51.38
39.583965,0.0029,0.0630,1.0024,0.00,0.00,-0.06,2.15,0.65,51.38
39.614705,0.0029,0.0630,1.0010,0.00,0.00,-0.06,2.15,0.65,51.38
39.614705,0.0029,0.0620,1.0015,0.00,0.00,-0.06,2.15,0.65,51.38
39.645051,0.0020,0.0635,1.0010,0.06,0.06,-0.06,2.15,0.65,51.38
39.645051,0.0029,0.0635,1.0015,0.00,0.06,0.00,2.15,0.65,51.38
39.704756,0.0029,0.0630,1.0015,0.06,0.00,-0.06,2.15,0.65,51.38
39.704756,0.0020,0.0630,1.0020,0.00,0.00,0.00,2.15,0.65,51.38
39.733824,0.0020,0.0635,1.0015,0.00,0.00,-0.06,2.15,0.65,51.38
39.733824,0.0024,0.0625,1.0010,0.00,0.06,-0.06,2.15,0.65,51.38
39.764743,0.0020,0.0635,1.0020,0.00,0.00,0.00,2.15,0.65,51.38
39.764743,0.0015,0.0635,1.0005,0.00,0.00,0.00,2.15,0.65,51.38
39.824911,0.0024,0.0640,1.0010,0.00,0.00,-0.06,2.15,0.65,51.38
39.824911,0.0015,0.0625,1.0020,0.00,0.00,-0.06,2.15,0.65,51.38
39.853964,0.0015,0.0625,1.0015,0.00,0.00,0.00,2.15,0.65,51.38
39.853964,0.0010,0.0625,1.0020,0.00,0.00,0.00,2.15,0.65,51.38
39.883940,0.0020,0.0635,1.0015,0.00,0.00,0.00,2.15,0.65,51.38
39.883940,0.0015,0.0635,1.0010,0.00,0.00,-0.06,2.15,0.65,51.38
39.944754,0.0015,0.0620,1.0015,0.00,0.00,-0.06,2.15,0.65,51.38
39.944754,0.0020,0.0625,1.0010,0.00,0.00,0.00,2.15,0.65,51.38
39.976717,0.0015,0.0630,1.0020,0.00,0.00,-0.06,2.15,0.65,51.38
39.976717,0.0020,0.0630,1.0015,0.06,0.00,0.00,2.15,0.65,51.38
40.006755,0.0020,0.0640,1.0005,0.00,0.00,0.00,2.15,0.65,51.38
40.006755,0.0015,0.0635,1.0020,0.00,0.00,0.00,2.15,0.65,51.38
40.064751,0.0024,0.0630,1.0010,0.00,0.00,0.00,2.15,0.65,51.38
40.064751,0.0015,0.0630,1.0020,0.00,0.00,-0.06,2.15,0.65,51.38
40.094812,0.0020,0.0630,1.0020,0.00,0.00,-0.06,2.15,0.65,51.38
40.094812,0.0015,0.0635,1.0015,0.00,0.00,-0.06,2.15,0.65,51.38
40.154187,0.0020,0.0630,1.0010,0.00,0.00,0.00,2.15,0.65,51.38
40.154187,0.0020,0.0625,1.0024,0.06,0.00,-0.06,2.15,0.65,51.38
40.184789,0.0024,0.0625,1.0015,0.00,0.00,-0.06,2.15,0.65,51.38
40.184789,0.0024,0.0635,1.0010,0.00,0.00,-0.06,2.15,0.65,51.38
40.214061,0.0034,0.0630,1.0024,0.00,0.00,0.00,2.15,0.65,51.39
40.214061,0.0015,0.0635,1.0024,0.00,0.00,0.00,2.15,0.65,51.39
40.273998,0.0024,0.0630,1.0020,0.00,0.00,0.00,2.15,0.65,51.39
40.273998,0.0024,0.0630,1.0015,0.00,0.00,-0.06,2.15,0.65,51.39
40.304933,0.0024,0.0620,1.0020,0.00,0.00,-0.06,2.15,0.65,51.39
40.304933,0.0020,0.0630,1.0020,0.00,0.00,-0.06,2.15,0.65,51.39
40.334235,0.0024,0.0640,1.0010,0.00,0.00,0.00,2.15,0.65,51.39
40.334235,0.0015,0.0640,1.0010,0.00,0.00,0.00,2.15,0.65,51.39
40.394919,0.0020,0.0625,1.0020,0.06,0.00,0.00,2.15,0.65,51.39
40.394919,0.0020,0.0625,1.0015,0.00,0.00,0.00,2.15,0.65,51.39
40.423928,0.0024,0.0635,1.0010,0.00,0.00,-0.06,2.15,0.65,51.39
40.423928,0.0020,0.0635,1.0010,0.00,0.00,0.00,2.15,0.65,51.39
40.454715,0.0020,0.0630,1.0010,0.00,0.00,-0.06,2.15,0.65,51.39
40.454715,0.0024,0.0630,1.0020,0.00,0.00,-0.06,2.15,0.65,51.39
40.513989,0.0020,0.0630,1.0020,0.06,0.00,0.00,2.15,0.65,51.39
40.513989,0.0020,0.0640,1.0015,0.00,0.00,-0.06,2.15,0.65,51.39
40.544876,0.0020,0.0630,1.0024,0.00,0.00,-0.06,2.15,0.65,51.39
40.544876,0.0024,0.0630,1.0015,0.00,0.00,-0.06,2.15,0.65,51.39
40.575914,0.0020,0.0630,1.0020,0.00,0.00,-0.06,2.15,0.65,51.39
40.575914,0.0020,0.0625,1.0024,0.00,0.00,0.00,2.15,0.65,51.39
40.636781,0.0020,0.0625,1.0029,0.00,0.00,-0.06,2.15,0.65,51.39
40.636781,0.0029,0.0630,1.0020,0.00,0.00,-0.06,2.15,0.65,51.39
40.666851,0.0029,0.0625,1.0029,0.00,0.00,0.00,2.15,0.65,51.39
40.666851,0.0015,0.0625,1.0020,0.00,-0.06,0.00,2.15,0.65,51.39
40.696730,0.0024,0.0620,1.0010,0.00,0.00,-0.06,2.15,0.65,51.39
40.696730,0.0029,0.0635,1.0015,0.00,0.00,-0.06,2.15,0.65,51.39
40.758726,0.0029,0.0625,1.0015,0.00,0.00,-0.06,2.15,0.65,51.39
40.758726,0.0034,0.0630,1.0020,0.00,0.00,-0.06,2.15,0.65,51.39
40.784251,0.0024,0.0630,1.0015,0.00,0.06,-0.06,2.15,0.65,51.39
40.784251,0.0020,0.0630,1.0020,0.00,0.00,0.00,2.15,0.65,51.39
40.813921,0.0024,0.0635,1.0015,0.00,0.00,0.00,2.15,0.65,51.39
40.813921,0.0020,0.0635,1.0010,0.00,0.00,0.00,2.15,0.65,51.39
40.874711,0.0020,0.0625,1.0015,0.00,0.00,0.00,2.15,0.65,51.39
40.874711,0.0024,0.0630,1.0015,0.00,0.00,0.00,2.15,0.65,51.39
40.904676,0.0020,0.0630,1.0015,0.00,0.00,0.00,2.15,0.65,51.39
40.904676,0.0015,0.0630,1.0015,0.00,0.00,0.00,2.15,0.65,51.39
40.934044,0.0015,0.0630,1.0024,0.00,0.00,-0.06,2.15,0.65,51.39
40.934044,0.0020,0.0625,1.0015,0.00,0.00,-0.06,2.15,0.65,51.39
40.994711,0.0015,0.0625,1.0020,0.00,0.00,0.00,2.15,0.65,51.39
40.994711,0.0020,0.0630,1.0020,0.00,0.00,0.00,2.15,0.65,51.39
41.024128,0.0015,0.0640,1.0020,0.06,0.00,-0.06,2.15,0.65,51.39
41.024128,0.0015,0.0630,1.0015,0.00,0.00,0.00,2.15,0.65,51.39
41.056392,0.0020,0.0630,1.0015,0.00,0.00,0.00,2.15,0.65,51.39
41.056392,0.0020,0.0630,1.0020,0.00,0.00,-0.06,2.15,0.65,51.39
41.114018,0.0020,0.0635,1.0010,0.00,0.00,-0.06,2.15,0.65,51.39
41.114018,0.0015,0.0625,1.0005,0.00,0.00,-0.06,2.15,0.65,51.39
41.145647,0.0015,0.0635,1.0020,0.00,0.00,0.00,2.15,0.65,51.39
41.145647,0.0020,0.0625,1.0015,0.00,0.00,0.00,2.15,0.65,51.39
41.174046,0.0020,0.0625,1.0015,0.06,0.00,0.00,2.15,0.65,51.39
41.174046,0.0020,0.0640,1.0010,0.00,0.00,0.00,2.15,0.65,51.39
41.235206,0.0024,0.0625,1.0020,0.00,0.00,-0.06,2.15,0.65,51.39
41.235206,0.0024,0.0625,1.0015,0.00,0.00,-0.06,2.15,0.65,51.39
41.263963,0.0015,0.0630,1.0015,0.00,0.00,-0.06,2.15,0.65,51.39
41.263963,0.0015,0.0630,1.0020,0.00,0.00,0.00,2.15,0.65,51.39
41.295533,0.0020,0.0625,1.0015,0.00,0.00,0.00,2.15,0.65,51.39
41.295533,0.0020,0.0635,1.0024,0.06,0.00,0.00,2.15,0.65,51.39
41.353961,0.0020,0.0635,1.0020,0.00,0.00,-0.12,2.15,0.65,51.39
41.353961,0.0020,0.0635,1.0015,0.00,0.00,-0.06,2.15,0.65,51.39
41.383968,0.0015,0.0640,1.0015,0.00,0.00,0.00,2.15,0.65,51.39
41.383968,0.0024,0.0630,1.0029,0.00,0.00,0.00,2.15,0.65,51.39
41.413951,0.0020,0.0630,1.0020,-0.06,0.00,-0.12,2.15,0.65,51.40
41.413951,0.0024,0.0635,1.0015,0.00,0.00,-0.06,2.15,0.65,51.40
41.474055,0.0020,0.0630,1.0020,0.00,0.00,0.00,2.15,0.65,51.40
41.474055,0.0020,0.0630,1.0020,0.00,0.00,0.00,2.15,0.65,51.40
41.503999,0.0020,0.0630,1.0010,0.00,0.00,0.00,2.15,0.65,51.40
41.503999,0.0015,0.0630,1.0015,0.00,0.00,-0.06,2.15,0.65,51.40
41.564360,0.0010,0.0635,1.0020,0.00,0.00,-0.06,2.15,0.65,51.40
41.564360,0.0020,0.0635,1.0020,0.00,0.00,-0.06,2.15,0.65,51.40
41.594055,0.0015,0.0625,1.0015,0.00,0.00,-0.06,2.15,0.65,51.40
41.594055,0.0015,0.0625,1.0015,0.00,0.00,-0.12,2.15,0.65,51.40
41.623955,0.0024,0.0640,1.0015,0.00,0.00,0.00,2.15,0.65,51.40
41.623955,0.0024,0.0630,1.0010,0.00,0.00,0.00,2.15,0.65,51.40
41.684022,0.0015,0.0630,1.0015,0.00,0.00,-0.06,2.15,0.65,51.40
41.684022,0.0015,0.0630,1.0020,0.00,0.00,0.00,2.15,0.65,51.40
41.714058,0.0024,0.0625,1.0024,0.00,0.00,0.00,2.15,0.65,51.40
41.714058,0.0020,0.0630,1.0015,0.00,0.00,0.00,2.15,0.65,51.40
41.763264,0.0024,0.0620,1.0024,0.00,0.00,0.00,2.15,0.65,51.40
41.763264,0.0020,0.0620,1.0015,0.00,0.00,-0.06,2.15,0.65,51.40
41.805358,0.0034,0.0625,1.0015,0.00,0.00,0.00,2.15,0.65,51.40
41.805358,0.0020,0.0625,1.0015,0.00,0.00,-0.06,2.15,0.65,51.40
41.835057,0.0020,0.0625,1.0020,0.00,0.00,-0.06,2.15,0.65,51.40
41.835057,0.0024,0.0625,1.0015,0.00,0.00,0.00,2.15,0.65,51.40
41.863599,0.0024,0.0625,1.0015,0.00,0.00,0.00,2.15,0.65,51.40
41.863599,0.0010,0.0635,1.0015,0.00,0.00,-0.06,2.15,0.65,51.40
41.923616,0.0024,0.0630,1.0020,0.00,0.00,0.00,2.15,0.65,51.40
41.923616,0.0020,0.0630,1.0020,0.00,0.00,-0.06,2.15,0.65,51.40
41.953890,0.0020,0.0635,1.0020,0.00,0.00,-0.06,2.15,0.65,51.40
41.953890,0.0015,0.0630,1.0020,0.00,0.00,-0.06,2.15,0.65,51.40
41.983633,0.0015,0.0625,1.0010,0.00,0.00,-0.06,2.15,0.65,51.40
41.983633,0.0020,0.0620,1.0020,0.00,0.00,0.00,2.15,0.65,51.40
42.043651,0.0020,0.0630,1.0024,0.00,0.00,0.00,2.15,0.65,51.40
42.043651,0.0015,0.0630,1.0020,0.00,0.00,0.00,2.15,0.65,51.40
42.076245,0.0015,0.0640,1.0020,0.00,0.00,0.00,2.15,0.65,51.41
42.076245,0.0010,0.0625,1.0015,0.00,0.00,0.00,2.15,0.65,51.41
42.103655,0.0015,0.0630,1.0015,0.00,0.00,0.00,2.15,0.65,51.41
42.103655,0.0020,0.0630,1.0020,0.00,0.00,0.00,2.15,0.65,51.41
42.167900,0.0024,0.0625,1.0020,0.06,0.06,-0.06,2.15,0.65,51.41
42.167900,0.0024,0.0635,1.0020,0.00,0.00,0.00,2.15,0.65,51.41
42.194066,0.0024,0.0630,1.0024,0.00,0.00,-0.06,2.15,0.65,51.41
42.194066,0.0024,0.0630,1.0015,0.00,0.00,0.00,2.15,0.65,51.41
42.224113,0.0024,0.0630,1.0015,0.00,0.00,0.00,2.15,0.65,51.41
42.224113,0.0015,0.0625,1.0020,0.00,0.00,-0.06,2.15,0.65,51.41
42.286927,0.0020,0.0635,1.0015,0.00,0.00,-0.06,2.15,0.65,51.41
42.286927,0.0024,0.0630,1.0020,0.00,0.00,0.00,2.15,0.65,51.41
42.317435,0.0020,0.0630,1.0015,0.00,0.00,-0.06,2.15,0.65,51.41
42.317435,0.0020,0.0620,1.0020,0.00,0.00,-0.06,2.15,0.65,51.41
42.345946,0.0024,0.0630,1.0015,0.06,0.00,-0.06,2.15,0.65,51.41
42.345946,0.0029,0.0625,1.0005,0.00,0.00,-0.12,2.15,0.65,51.41
42.403633,0.0020,0.0625,1.0010,0.00,0.00,-0.06,2.15,0.65,51.41
42.403633,0.0020,0.0625,1.0010,0.00,0.00,-0.06,2.15,0.65,51.41
42.434149,0.0015,0.0630,1.0015,0.00,0.00,-0.06,2.15,0.65,51.41
42.434149,0.0020,0.0630,1.0020,0.00,0.00,0.00,2.15,0.65,51.41
42.464961,0.0029,0.0625,1.0015,0.00,0.00,0.00,2.15,0.65,51.41
42.464961,0.0020,0.0620,1.0010,0.00,0.00,-0.06,2.15,0.65,51.41
42.523773,0.0020,0.0625,1.0024,0.00,0.00,-0.06,2.15,0.65,51.41
42.523773,0.0015,0.0630,1.0015,0.00,0.00,0.00,2.15,0.65,51.41
42.555361,0.0015,0.0630,1.0020,0.00,0.00,-0.06,2.15,0.65,51.41
42.555361,0.0024,0.0630,1.0024,0.00,0.00,0.00,2.15,0.65,51.41
42.584860,0.0020,0.0620,1.0024,0.00,0.00,-0.06,2.15,0.65,51.41
42.584860,0.0024,0.0630,1.0010,0.00,0.00,-0.06,2.15,0.65,51.41
42.643976,0.0020,0.0630,1.0020,0.00,0.00,0.00,2.15,0.65,51.41
42.643976,0.0020,0.0635,1.0020,0.00,0.00,0.00,2.15,0.65,51.41
42.674078,0.0020,0.0625,1.0010,0.00,0.00,0.00,2.15,0.65,51.41
42.674078,0.0015,0.0625,1.0015,0.00,0.00,0.00,2.15,0.65,51.41
42.705069,0.0024,0.0625,1.0020,0.06,0.00,0.00,2.15,0.65,51.41
42.705069,0.0015,0.0635,1.0020,0.00,0.00,-0.06,2.15,0.65,51.41
42.763838,0.0015,0.0630,1.0024,0.00,0.00,-0.06,2.15,0.65,51.41
42.763838,0.0024,0.0635,1.0020,0.00,0.00,-0.06,2.15,0.65,51.41
42.794325,0.0015,0.0625,1.0020,0.00,0.00,0.00,2.15,0.65,51.41
42.794325,0.0024,0.0625,1.0015,0.00,0.00,-0.06,2.15,0.65,51.41
42.824181,0.0015,0.0625,1.0015,0.06,0.00,-0.06,2.15,0.65,51.41
42.824181,0.0020,0.0625,1.0020,0.00,0.00,-0.06,2.15,0.65,51.41
42.883831,0.0020,0.0625,1.0029,0.00,0.00,-0.06,2.15,0.65,51.41
42.883831,0.0020,0.0630,1.0015,0.00,0.00,0.00,2.15,0.65,51.41
42.914210,0.0020,0.0635,1.0020,0.00,0.00,-0.06,2.15,0.65,51.41
42.914210,0.0024,0.0640,1.0010,0.00,0.00,-0.06,2.15,0.65,51.41
42.974091,0.0020,0.0630,1.0005,0.00,0.00,-0.06,2.15,0.65,51.41
42.974091,0.0010,0.0640,1.0005,0.00,0.00,-0.06,2.15,0.65,51.41
43.003811,0.0015,0.0635,1.0024,0.00,0.00,-0.06,2.15,0.65,51.41
43.003811,0.0020,0.0625,1.0010,0.00,0.00,0.00,2.15,0.65,51.41
43.034256,0.0029,0.0620,1.0020,0.00,0.00,0.00,2.15,0.65,51.41
43.034256,0.0024,0.0630,1.0010,0.00,0.00,0.00,2.15,0.65,51.41
43.094290,0.0024,0.0635,1.0015,0.00,0.00,-0.06,2.15,0.65,51.41
43.094290,0.0020,0.0630,1.0020,0.00,0.00,-0.06,2.15,0.65,51.41
43.123676,0.0020,0.0635,1.0015,0.00,0.00,0.00,2.15,0.65,51.41
43.123676,0.0029,0.0635,1.0020,0.00,0.00,-0.06,2.15,0.65,51.41
43.154123,0.0029,0.0625,1.0010,0.00,0.00,-0.06,2.15,0.65,51.41
43.154123,0.0015,0.0635,1.0015,0.00,0.00,-0.06,2.15,0.65,51.41
43.214232,0.0020,0.0625,1.0020,0.00,0.00,0.00,2.15,0.65,51.41
43.214232,0.0015,0.0625,1.0029,0.06,0.00,-0.06,2.15,0.65,51.41
43.243740,0.0024,0.0635,1.0020,0.00,0.00,-0.06,2.15,0.65,51.41
43.243740,0.0015,0.0625,1.0015,0.00,0.00,-0.06,2.15,0.65,51.41
43.274209,0.0020,0.0625,1.0010,0.00,0.00,-0.12,2.15,0.65,51.41
43.274209,0.0020,0.0630,1.0010,0.00,0.00,0.00,2.15,0.65,51.41
43.335805,0.0024,0.0630,1.0015,0.00,0.00,0.00,2.15,0.65,51.41
43.335805,0.0029,0.0625,1.0020,0.00,0.00,-0.06,2.15,0.65,51.41
43.364163,0.0024,0.0625,1.0010,0.00,0.00,0.00,2.15,0.65,51.41
43.364163,0.0024,0.0620,1.0015,0.00,0.00,-0.06,2.15,0.65,51.41
43.394216,0.0024,0.0625,1.0015,0.00,0.00,0.00,2.15,0.65,51.41
43.394216,0.0010,0.0620,1.0020,0.00,0.00,-0.06,2.15,0.65,51.41
43.454067,0.0024,0.0635,1.0005,0.00,0.00,0.00,2.15,0.65,51.41
43.454067,0.0029,0.0635,1.0020,0.00,0.00,-0.06,2.15,0.65,51.41
43.483670,0.0024,0.0635,1.0000,0.00,0.00,-0.06,2.15,0.65,51.41
43.483670,0.0020,0.0635,1.0015,0.00,0.00,-0.06,2.15,0.65,51.42
43.514165,0.0020,0.0625,1.0015,0.00,0.00,0.00,2.15,0.65,51.42
43.514165,0.0029,0.0620,1.0015,0.00,0.00,0.00,2.15,0.65,51.42
43.603967,0.0029,0.0625,1.0010,0.06,0.00,-0.06,2.15,0.65,51.42
43.603967,0.0015,0.0630,1.0015,0.00,0.00,-0.06,2.15,0.65,51.42
43.606174,0.0015,0.0630,1.0015,0.00,0.00,0.00,2.15,0.65,51.42
43.606174,0.0015,0.0630,1.0005,0.06,0.00,-0.06,2.15,0.65,51.42
43.634164,0.0020,0.0630,1.0020,0.00,0.00,0.00,2.15,0.65,51.42
43.634164,0.0020,0.0630,1.0015,0.00,0.00,0.00,2.15,0.65,51.42
43.694381,0.0020,0.0620,1.0010,0.00,0.00,-0.06,2.15,0.65,51.42
43.694381,0.0029,0.0630,1.0024,0.00,0.00,-0.06,2.15,0.65,51.42
43.723861,0.0020,0.0625,1.0015,0.00,0.00,-0.12,2.15,0.65,51.42
43.723861,0.0024,0.0630,1.0015,0.00,0.00,-0.06,2.15,0.65,51.42
43.758095,0.0024,0.0630,1.0005,0.00,0.00,-0.12,2.15,0.65,51.42
43.758095,0.0020,0.0635,1.0005,0.00,0.00,-0.06,2.15,0.65,51.42
43.814184,0.0020,0.0620,1.0020,0.00,0.00,-0.06,2.15,0.65,51.42
43.814184,0.0015,0.0630,1.0020,0.00,0.00,0.00,2.15,0.65,51.42
43.843880,0.0020,0.0630,1.0020,0.00,0.00,-0.06,2.15,0.65,51.42
43.843880,0.0024,0.0625,1.0029,0.00,0.00,-0.06,2.15,0.65,51.42
43.874356,0.0020,0.0630,1.0015,0.00,0.00,-0.06,2.15,0.65,51.42
43.874356,0.0024,0.0625,1.0020,0.00,0.00,-0.06,2.15,0.65,51.42
43.934214,0.0029,0.0625,1.0020,0.00,0.00,-0.06,2.15,0.65,51.42
43.934214,0.0020,0.0625,1.0020,0.00,0.00,-0.06,2.15,0.65,51.42
43.963821,0.0029,0.0630,1.0015,0.06,0.00,-0.06,2.15,0.65,51.42
43.963821,0.0010,0.0630,1.0015,0.00,0.00,0.00,2.15,0.65,51.42
43.994437,0.0020,0.0635,1.0015,0.00,0.00,0.00,2.15,0.65,51.42
43.994437,0.0015,0.0620,1.0020,0.00,0.00,-0.06,2.15,0.65,51.42
44.054269,0.0024,0.0620,1.0020,0.00,0.00,0.00,2.15,0.65,51.42
44.054269,0.0015,0.0635,1.0024,0.00,0.00,-0.06,2.15,0.65,51.42
44.083830,0.0020,0.0630,1.0024,0.00,0.00,0.00,2.15,0.65,51.42
44.083830,0.0024,0.0630,1.0024,0.00,0.00,0.00,2.15,0.65,51.42
44.114235,0.0024,0.0635,1.0020,0.00,0.00,-0.06,2.15,0.65,51.42
44.114235,0.0020,0.0625,1.0015,0.00,0.00,-0.06,2.15,0.65,51.42
44.174102,0.0024,0.0635,1.0005,0.00,0.00,0.00,2.15,0.65,51.42
44.174102,0.0010,0.0630,1.0020,0.00,0.00,0.00,2.15,0.65,51.42
44.203815,0.0024,0.0625,1.0015,0.00,0.00,0.00,2.15,0.65,51.42
44.203815,0.0015,0.0625,1.0020,0.00,0.00,-0.06,2.15,0.65,51.42
44.234013,0.0015,0.0625,1.0020,0.00,0.00,-0.06,2.15,0.65,51.42
44.234013,0.0020,0.0625,1.0010,0.00,0.00,-0.06,2.15,0.65,51.42
44.294173,0.0020,0.0630,1.0015,0.00,0.00,0.00,2.15,0.65,51.42
44.294173,0.0010,0.0635,1.0020,0.00,0.00,0.00,2.15,0.65,51.42
44.323742,0.0010,0.0620,1.0020,0.00,0.00,0.00,2.15,0.65,51.42
44.323742,0.0024,0.0635,1.0015,0.00,0.00,-0.06,2.15,0.65,51.42
44.384179,0.0020,0.0630,1.0020,0.00,0.00,-0.06,2.15,0.65,51.42
44.384179,0.0015,0.0625,1.0005,0.00,0.00,-0.06,2.15,0.65,51.42
44.414251,0.0020,0.0625,1.0020,0.00,0.00,0.00,2.15,0.65,51.42
44.414251,0.0024,0.0625,1.0020,0.00,0.00,-0.06,2.15,0.65,51.42
44.443799,0.0020,0.0625,1.0024,0.00,0.00,0.00,2.15,0.65,51.42
44.443799,0.0020,0.0635,1.0024,0.00,0.00,-0.06,2.15,0.65,51.42
44.503694,0.0024,0.0625,1.0024,0.00,0.00,0.00,2.15,0.65,51.42
44.503694,0.0015,0.0625,1.0015,0.00,0.00,-0.06,2.15,0.65,51.42
44.540893,0.0015,0.0630,1.0015,0.00,0.00,-0.06,2.15,0.65,51.42
44.540893,0.0015,0.0625,1.0020,0.00,0.00,-0.06,2.15,0.65,51.42
44.565206,0.0015,0.0625,1.0015,0.06,0.00,-0.12,2.15,0.65,51.42
44.565206,0.0015,0.0630,1.0020,0.00,0.00,-0.06,2.15,0.65,51.42
44.624085,0.0020,0.0620,1.0015,0.00,0.00,-0.06,2.14,0.65,51.42
44.624085,0.0029,0.0635,1.0024,0.00,0.00,-0.06,2.14,0.65,51.42
44.655394,0.0024,0.0630,1.0015,0.00,0.00,-0.06,2.14,0.65,51.42
44.655394,0.0024,0.0635,1.0010,0.00,0.00,0.00,2.14,0.65,51.42
44.684053,0.0020,0.0635,1.0020,0.00,0.00,-0.06,2.14,0.65,51.42
44.684053,0.0020,0.0630,1.0015,0.00,0.00,-0.06,2.14,0.65,51.42
44.743988,0.0020,0.0640,1.0015,0.00,0.00,-0.12,2.14,0.65,51.42
44.743988,0.0015,0.0625,1.0020,0.00,0.00,-0.06,2.14,0.65,51.42
44.773714,0.0020,0.0625,1.0024,0.00,-0.06,0.00,2.14,0.65,51.42
44.773714,0.0024,0.0635,1.0024,0.00,0.00,-0.06,2.14,0.65,51.42
44.803728,0.0024,0.0630,1.0020,0.00,0.00,0.00,2.14,0.65,51.42
44.803728,0.0029,0.0630,1.0010,0.00,0.00,0.00,2.14,0.65,51.42
44.863752,0.0024,0.0635,1.0010,0.00,0.00,0.00,2.14,0.65,51.42
44.863752,0.0024,0.0625,1.0015,0.00,0.00,-0.06,2.15,0.65,51.42
44.903436,0.0015,0.0630,1.0015,0.00,0.00,-0.06,2.15,0.65,51.42
44.903436,0.0020,0.0630,1.0020,0.00,0.00,-0.06,2.15,0.65,51.42
44.924943,0.0024,0.0630,1.0024,0.00,0.00,-0.06,2.15,0.65,51.42
44.924943,0.0034,0.0620,1.0020,0.00,0.00,0.00,2.15,0.65,51.42
44.983812,0.0024,0.0625,1.0020,0.00,0.00,0.00,2.15,0.65,51.42
44.983812,0.0029,0.0625,1.0020,0.00,0.00,-0.06,2.15,0.65,51.42
45.014360,0.0024,0.0625,1.0020,0.00,-0.06,0.00,2.15,0.65,51.42
45.014360,0.0024,0.0625,1.0029,0.00,0.00,0.00,2.15,0.65,51.42
45.043908,0.0020,0.0625,1.0020,0.00,0.00,0.00,2.14,0.65,51.42
45.043908,0.0020,0.0625,1.0020,0.00,0.00,-0.06,2.14,0.65,51.42
45.103950,0.0020,0.0630,1.0015,0.00,0.00,-0.06,2.14,0.65,51.42
45.103950,0.0015,0.0625,1.0020,0.00,0.00,0.00,2.14,0.65,51.43
45.134275,0.0015,0.0625,1.0020,0.00,0.00,0.00,2.14,0.65,51.43
45.134275,0.0020,0.0630,1.0020,0.00,0.00,-0.12,2.14,0.65,51.43
45.164196,0.0024,0.0630,1.0010,0.00,0.00,-0.06,2.14,0.65,51.43
45.164196,0.0020,0.0620,1.0015,0.00,0.00,0.00,2.14,0.65,51.43
45.224098,0.0020,0.0635,1.0015,0.06,0.00,-0.06,2.14,0.65,51.43
45.224098,0.0024,0.0640,1.0010,0.00,0.00,-0.06,2.14,0.65,51.43
45.254231,0.0015,0.0630,1.0010,0.00,0.00,-0.06,2.14,0.65,51.43
45.254231,0.0020,0.0630,1.0024,0.00,0.00,-0.06,2.14,0.65,51.43
45.284651,0.0024,0.0620,1.0010,0.06,0.00,0.00,2.14,0.65,51.43
45.284651,0.0020,0.0635,1.0010,0.06,0.00,-0.06,2.14,0.65,51.43
45.344720,0.0020,0.0630,1.0024,0.00,0.00,-0.06,2.14,0.65,51.43
45.344720,0.0024,0.0620,1.0010,0.00,0.00,-0.06,2.14,0.65,51.43
45.375049,0.0029,0.0625,1.0020,0.00,0.00,0.00,2.14,0.65,51.43
45.375049,0.0024,0.0630,1.0015,0.00,0.00,0.00,2.14,0.65,51.43
45.404619,0.0020,0.0620,1.0015,0.00,0.00,0.00,2.14,0.65,51.43
45.404619,0.0020,0.0625,1.0020,0.00,0.00,-0.12,2.14,0.65,51.43
45.464827,0.0024,0.0630,1.0010,0.00,0.00,-0.06,2.14,0.65,51.43
45.464827,0.0020,0.0620,1.0010,0.00,0.00,-0.06,2.14,0.65,51.43
45.495035,0.0024,0.0625,1.0020,0.00,0.00,-0.06,2.14,0.65,51.43
45.495035,0.0020,0.0630,1.0015,0.00,0.00,-0.06,2.14,0.65,51.43
45.524668,0.0024,0.0625,1.0010,0.06,0.00,0.00,2.14,0.65,51.43
45.524668,0.0024,0.0630,1.0015,0.00,0.00,0.00,2.14,0.65,51.43
45.583879,0.0024,0.0635,1.0005,0.00,0.00,0.00,2.14,0.65,51.43
45.583879,0.0020,0.0625,1.0015,0.00,0.00,-0.12,2.14,0.65,51.43
45.615294,0.0024,0.0635,1.0010,0.00,0.00,-0.06,2.14,0.65,51.43
45.615294,0.0024,0.0630,1.0010,0.00,0.00,-0.06,2.14,0.65,51.43
45.644970,0.0024,0.0625,1.0015,0.00,0.00,-0.06,2.14,0.65,51.43
45.644970,0.0020,0.0625,1.0015,0.00,0.00,0.00,2.14,0.65,51.43
45.703950,0.0029,0.0625,1.0020,0.00,0.00,0.00,2.14,0.65,51.43
45.703950,0.0024,0.0630,1.0015,0.00,0.00,-0.06,2.14,0.65,51.43
45.735255,0.0020,0.0635,1.0015,0.00,0.00,0.00,2.14,0.65,51.43
45.735255,0.0020,0.0630,1.0010,0.00,0.00,-0.06,2.14,0.65,51.43
45.823859,0.0024,0.0630,1.0015,0.00,0.00,0.00,2.14,0.65,51.43
45.823859,0.0020,0.0635,1.0015,0.00,0.00,-0.06,2.14,0.65,51.43
45.824898,0.0020,0.0625,1.0015,0.00,0.00,-0.06,2.14,0.65,51.43
45.824898,0.0020,0.0635,1.0015,0.00,0.00,0.00,2.14,0.65,51.43
45.854081,0.0020,0.0635,1.0015,0.06,0.00,0.00,2.14,0.65,51.43
45.854081,0.0020,0.0630,1.0010,0.00,0.00,-0.06,2.14,0.65,51.43
45.914218,0.0015,0.0625,1.0010,0.00,0.00,-0.06,2.14,0.65,51.43
45.914218,0.0015,0.0635,1.0015,0.00,0.00,-0.06,2.14,0.65,51.43
45.943830,0.0010,0.0625,1.0010,0.00,0.00,-0.06,2.14,0.65,51.43
45.943830,0.0024,0.0630,1.0015,0.00,0.00,0.00,2.14,0.65,51.43
45.973960,0.0020,0.0625,1.0010,0.00,0.00,0.00,2.14,0.65,51.43
45.973960,0.0020,0.0630,1.0005,0.00,0.00,0.00,2.14,0.65,51.43
46.034192,0.0029,0.0630,1.0000,0.00,0.00,0.00,2.14,0.65,51.43
46.034192,0.0020,0.0625,1.0005,0.00,0.00,0.00,2.14,0.65,51.43
46.064157,0.0024,0.0630,1.0010,0.00,0.00,-0.06,2.14,0.65,51.43
46.064157,0.0020,0.0630,1.0000,0.00,0.00,-0.12,2.14,0.65,51.43
46.094172,0.0015,0.0625,1.0000,0.00,0.00,-0.06,2.14,0.65,51.43
46.094172,0.0020,0.0630,1.0020,0.00,0.00,-0.06,2.14,0.65,51.43
46.153704,0.0020,0.0625,1.0015,0.00,0.00,0.00,2.14,0.65,51.43
46.153704,0.0020,0.0630,1.0005,0.00,0.00,-0.06,2.14,0.65,51.43
46.184084,0.0024,0.0625,1.0005,0.06,0.00,0.00,2.14,0.65,51.43
46.184084,0.0010,0.0630,1.0015,0.00,0.00,0.00,2.14,0.65,51.43
46.213798,0.0020,0.0630,1.0010,0.00,0.00,-0.06,2.14,0.65,51.43
46.213798,0.0015,0.0630,1.0010,0.00,0.00,0.00,2.14,0.65,51.43
46.273697,0.0024,0.0620,1.0010,0.00,0.00,-0.12,2.14,0.65,51.43
46.273697,0.0015,0.0635,1.0015,0.00,0.00,0.00,2.14,0.65,51.43
46.304123,0.0024,0.0630,1.0010,0.00,0.00,-0.06,2.14,0.65,51.43
46.304123,0.0029,0.0635,1.0020,0.00,0.00,-0.06,2.14,0.65,51.43
46.333691,0.0015,0.0635,1.0015,0.00,0.00,-0.06,2.14,0.65,51.43
46.333691,0.0015,0.0625,1.0015,0.00,0.00,-0.06,2.14,0.65,51.43
46.393732,0.0020,0.0625,1.0010,0.00,0.00,-0.06,2.14,0.65,51.43
46.393732,0.0010,0.0630,1.0020,0.00,0.00,0.00,2.14,0.65,51.43
46.424060,0.0020,0.0630,1.0024,0.00,0.00,0.00,2.14,0.65,51.43
46.424060,0.0015,0.0635,1.0020,0.00,0.00,0.00,2.14,0.65,51.43
46.453743,0.0024,0.0630,1.0010,0.00,0.00,-0.06,2.14,0.65,51.43
46.453743,0.0024,0.0625,1.0015,0.00,0.00,-0.12,2.14,0.65,51.43
46.513770,0.0024,0.0630,1.0015,0.00,0.00,-0.06,2.14,0.65,51.43
46.513770,0.0024,0.0630,1.0010,0.00,0.00,-0.12,2.14,0.65,51.43
46.544139,0.0020,0.0640,1.0015,0.00,0.00,-0.06,2.14,0.65,51.43
46.544139,0.0005,0.0630,1.0015,0.00,0.00,0.00,2.14,0.65,51.43
46.573726,0.0020,0.0630,1.0020,0.00,0.00,0.00,2.14,0.65,51.43
46.573726,0.0024,0.0625,1.0015,0.00,0.00,-0.12,2.14,0.65,51.43
46.633806,0.0010,0.0630,1.0015,0.00,0.00,-0.06,2.14,0.65,51.43
46.633806,0.0020,0.0630,1.0010,0.00,0.00,-0.06,2.14,0.65,51.43
46.665188,0.0020,0.0620,1.0010,0.00,0.00,-0.12,2.14,0.65,51.43
46.665188,0.0015,0.0620,1.0029,0.00,0.00,0.00,2.14,0.65,51.43
46.693694,0.0020,0.0620,1.0020,0.00,0.00,-0.06,2.14,0.65,51.43
46.693694,0.0034,0.0630,1.0015,0.00,0.00,-0.06,2.14,0.65,51.43
46.757383,0.0024,0.0620,1.0010,0.00,0.00,-0.06,2.14,0.65,51.43
46.757383,0.0024,0.0625,1.0010,0.00,0.00,-0.06,2.14,0.65,51.43
46.784154,0.0020,0.0620,1.0020,0.00,0.00,-0.06,2.14,0.65,51.43
46.784154,0.0020,0.0630,1.0029,0.00,0.00,-0.06,2.14,0.65,51.43
46.813673,0.0029,0.0625,1.0015,0.00,0.00,0.00,2.14,0.65,51.43
46.813673,0.0020,0.0635,1.0020,0.00,0.00,-0.12,2.14,0.65,51.43
46.873808,0.0020,0.0620,1.0020,0.06,0.00,0.00,2.14,0.65,51.43
46.873808,0.0015,0.0630,1.0015,0.06,0.00,-0.06,2.14,0.65,51.43
46.904130,0.0020,0.0625,1.0024,0.00,0.00,-0.06,2.14,0.65,51.43
46.904130,0.0024,0.0635,1.0015,0.06,0.00,-0.06,2.14,0.65,51.43
46.933710,0.0024,0.0630,1.0000,0.00,0.00,-0.12,2.14,0.65,51.43
46.933710,0.0024,0.0635,1.0005,0.00,0.00,-0.06,2.14,0.65,51.44
46.993648,0.0020,0.0630,1.0010,0.00,0.00,0.00,2.14,0.65,51.44
46.993648,0.0020,0.0625,1.0015,0.00,0.00,-0.06,2.14,0.65,51.44
47.024120,0.0015,0.0630,1.0015,0.00,0.00,0.00,2.14,0.65,51.44
47.024120,0.0020,0.0625,1.0015,0.00,0.00,-0.06,2.14,0.65,51.44
47.053881,0.0015,0.0630,1.0020,0.00,0.00,0.00,2.14,0.65,51.44
47.053881,0.0015,0.0635,1.0020,0.00,0.00,-0.06,2.14,0.65,51.44
47.114538,0.0020,0.0625,1.0010,0.00,0.00,-0.06,2.14,0.65,51.44
47.114538,0.0020,0.0630,1.0015,0.00,0.00,-0.06,2.14,0.65,51.44
47.146846,0.0020,0.0635,1.0015,0.00,0.00,-0.06,2.14,0.65,51.44
47.146846,0.0024,0.0630,1.0024,0.00,0.00,0.00,2.14,0.65,51.44
47.204856,0.0020,0.0630,1.0015,0.06,0.00,0.00,2.14,0.65,51.44
47.204856,0.0015,0.0620,1.0024,0.00,0.00,-0.06,2.14,0.65,51.44
47.234273,0.0010,0.0630,1.0015,0.00,0.00,-0.06,2.14,0.65,51.44
47.234273,0.0020,0.0630,1.0010,0.00,0.00,0.00,2.14,0.65,51.44
47.264073,0.0020,0.0625,1.0020,0.06,0.00,0.00,2.14,0.65,51.44
47.264073,0.0024,0.0625,1.0015,0.00,0.06,-0.06,2.14,0.65,51.44
47.325330,0.0024,0.0635,1.0024,0.00,0.00,0.00,2.14,0.65,51.44
47.325330,0.0015,0.0635,1.0020,0.00,0.00,0.00,2.14,0.65,51.44
47.354362,0.0015,0.0640,1.0024,0.00,0.00,-0.06,2.14,0.65,51.44
47.354362,0.0024,0.0635,1.0024,0.00,0.00,-0.06,2.14,0.65,51.44
47.383978,0.0024,0.0625,1.0020,0.00,0.00,-0.06,2.14,0.65,51.44
47.383978,0.0020,0.0625,1.0020,0.00,0.00,0.00,2.14,0.65,51.44
47.444963,0.0015,0.0635,1.0020,0.00,0.06,0.00,2.14,0.65,51.44
47.444963,0.0015,0.0625,1.0015,0.00,0.00,-0.06,2.14,0.65,51.44
47.473640,0.0015,0.0625,1.0020,0.00,0.00,-0.06,2.14,0.65,51.44
47.473640,0.0015,0.0630,1.0015,0.00,0.00,0.00,2.14,0.65,51.44
47.504722,0.0020,0.0625,1.0015,0.00,0.00,-0.06,2.14,0.65,51.44
47.504722,0.0015,0.0635,1.0015,0.00,0.00,-0.06,2.14,0.65,51.44
47.564012,0.0024,0.0620,1.0020,0.00,0.06,0.00,2.14,0.65,51.44
47.564012,0.0020,0.0630,1.0010,0.00,0.00,0.00,2.14,0.65,51.44
47.594371,0.0015,0.0635,1.0005,0.00,0.00,-0.06,2.14,0.65,51.44
47.594371,0.0020,0.0635,1.0015,0.00,0.00,-0.06,2.14,0.65,51.44
47.624081,0.0020,0.0630,1.0010,0.00,0.00,-0.06,2.14,0.65,51.44
47.624081,0.0020,0.0640,1.0015,0.00,0.00,0.00,2.14,0.65,51.44
47.684794,0.0020,0.0620,1.0015,0.00,0.00,-0.06,2.14,0.65,51.44
47.684794,0.0020,0.0630,1.0010,0.00,0.00,0.00,2.14,0.65,51.44
47.713702,0.0020,0.0630,1.0010,0.00,0.00,-0.06,2.14,0.65,51.44
47.713702,0.0015,0.0625,1.0010,0.00,0.00,-0.06,2.14,0.65,51.44
47.745272,0.0024,0.0635,1.0010,0.00,0.00,-0.06,2.14,0.65,51.44
47.745272,0.0024,0.0635,1.0020,0.00,0.06,-0.06,2.14,0.65,51.44
47.804870,0.0024,0.0635,1.0020,0.00,0.00,-0.06,2.14,0.65,51.44
47.804870,0.0029,0.0630,1.0015,0.00,-0.06,-0.06,2.14,0.65,51.44
47.833676,0.0020,0.0640,1.0000,0.00,0.00,-0.06,2.14,0.65,51.44
47.833676,0.0020,0.0630,1.0010,0.00,0.00,-0.12,2.15,0.65,51.44
47.864719,0.0029,0.0635,1.0005,0.00,0.00,-0.06,2.15,0.65,51.44
47.864719,0.0015,0.0635,1.0020,0.00,0.00,0.00,2.15,0.65,51.44
47.924765,0.0024,0.0630,1.0024,0.00,0.00,-0.06,2.15,0.65,51.44
47.924765,0.0020,0.0630,1.0024,0.00,0.00,-0.06,2.15,0.65,51.44
47.953713,0.0015,0.0620,1.0010,0.00,0.00,0.00,2.15,0.65,51.44
47.953713,0.0020,0.0620,1.0015,0.00,0.00,-0.06,2.15,0.65,51.44
47.985955,0.0010,0.0625,1.0020,0.00,0.00,0.00,2.15,0.65,51.44
47.985955,0.0015,0.0625,1.0015,0.06,0.00,-0.06,2.15,0.65,51.44
48.045347,0.0020,0.0635,1.0020,0.00,0.00,0.00,2.15,0.65,51.44
48.045347,0.0015,0.0630,1.0015,0.00,0.00,-0.06,2.15,0.65,51.44
48.073663,0.0029,0.0630,1.0010,0.00,0.00,-0.06,2.15,0.65,51.44
48.073663,0.0020,0.0635,1.0020,0.00,0.00,0.00,2.15,0.65,51.44
48.105270,0.0015,0.0630,1.0015,0.00,0.00,0.00,2.15,0.65,51.44
48.105270,0.0020,0.0615,1.0029,0.00,0.00,-0.06,2.15,0.65,51.44
48.165229,0.0015,0.0630,1.0015,0.00,0.00,-0.06,2.15,0.65,51.44
48.165229,0.0020,0.0625,1.0020,0.00,0.00,-0.12,2.15,0.65,51.44
48.194175,0.0020,0.0630,1.0015,0.00,0.00,-0.06,2.15,0.65,51.44
48.194175,0.0020,0.0630,1.0020,0.00,0.00,-0.06,2.15,0.65,51.44
48.224829,0.0015,0.0630,1.0024,0.00,0.00,-0.06,2.15,0.65,51.44
48.224829,0.0024,0.0625,1.0029,0.00,0.00,-0.06,2.15,0.65,51.44
48.284108,0.0024,0.0630,1.0020,0.00,0.00,-0.12,2.15,0.65,51.44
48.284108,0.0015,0.0625,1.0020,0.00,0.00,0.00,2.15,0.65,51.44
48.314556,0.0024,0.0620,1.0020,0.00,0.00,0.00,2.15,0.65,51.44
48.314556,0.0024,0.0640,1.0015,0.00,0.00,0.00,2.14,0.65,51.44
48.344752,0.0029,0.0635,1.0015,0.00,0.06,0.00,2.15,0.65,51.44
48.344752,0.0024,0.0630,1.0015,0.00,0.00,-0.12,2.15,0.65,51.44
48.405219,0.0020,0.0630,1.0024,0.00,0.00,-0.06,2.15,0.65,51.44
48.405219,0.0020,0.0625,1.0015,0.00,-0.06,-0.06,2.15,0.65,51.44
48.434178,0.0024,0.0630,1.0020,0.00,0.00,-0.06,2.15,0.65,51.44
48.434178,0.0020,0.0630,1.0015,0.00,0.00,-0.06,2.15,0.65,51.44
48.466753,0.0029,0.0630,1.0015,0.06,0.00,-0.06,2.15,0.65,51.44
48.466753,0.0024,0.0630,1.0015,0.00,0.00,-0.06,2.14,0.65,51.44
48.525514,0.0010,0.0625,1.0010,0.00,0.00,0.00,2.14,0.65,51.44
48.525514,0.0024,0.0635,1.0010,0.00,0.00,0.00,2.14,0.65,51.44
48.554273,0.0015,0.0625,1.0015,0.00,0.00,0.00,2.15,0.65,51.44
48.554273,0.0020,0.0630,1.0020,0.00,0.00,-0.12,2.14,0.65,51.44
48.614857,0.0010,0.0625,1.0020,0.06,0.00,0.00,2.14,0.65,51.44
48.614857,0.0015,0.0630,1.0015,0.00,0.00,0.00,2.14,0.65,51.44
48.646580,0.0015,0.0630,1.0015,0.00,0.00,-0.06,2.14,0.65,51.44
48.646580,0.0010,0.0630,1.0015,0.00,0.00,-0.06,2.14,0.65,51.44
48.676755,0.0015,0.0630,1.0024,0.00,0.00,-0.12,2.14,0.65,51.44
48.676755,0.0020,0.0635,1.0015,0.00,0.00,-0.06,2.14,0.65,51.44
48.734767,0.0015,0.0630,1.0015,0.00,0.00,-0.06,2.14,0.65,51.44
48.734767,0.0015,0.0625,1.0015,0.00,0.00,-0.06,2.14,0.65,51.44
48.763874,0.0020,0.0625,1.0010,0.00,0.00,-0.06,2.14,0.65,51.44
48.763874,0.0015,0.0630,1.0020,0.00,0.00,0.00,2.14,0.65,51.44
48.794646,0.0024,0.0625,1.0010,0.00,0.00,0.00,2.14,0.65,51.44
48.794646,0.0015,0.0630,1.0015,0.00,0.00,0.00,2.14,0.65,51.44
48.855079,0.0020,0.0630,1.0020,0.00,0.00,0.00,2.14,0.65,51.44
48.855079,0.0024,0.0620,1.0020,0.00,0.00,0.00,2.14,0.65,51.44
48.884101,0.0029,0.0635,1.0024,0.00,0.00,0.00,2.14,0.65,51.44
48.884101,0.0015,0.0625,1.0015,0.00,0.00,0.00,2.14,0.65,51.44
48.914816,0.0024,0.0630,1.0010,0.00,0.00,-0.06,2.14,0.65,51.44
48.914816,0.0029,0.0640,1.0024,0.00,0.00,-0.06,2.14,0.65,51.45
48.974875,0.0020,0.0620,1.0020,0.00,0.00,-0.06,2.14,0.65,51.45
48.974875,0.0024,0.0640,1.0015,0.00,-0.06,-0.06,2.14,0.65,51.45
49.003902,0.0020,0.0630,1.0015,0.00,0.00,0.00,2.14,0.65,51.45
49.003902,0.0015,0.0635,1.0015,0.00,0.00,0.00,2.14,0.65,51.45
49.034127,0.0015,0.0630,1.0010,0.00,0.00,0.00,2.14,0.65,51.45
49.034127,0.0020,0.0625,1.0020,0.00,0.00,-0.06,2.14,0.65,51.45
49.094029,0.0024,0.0625,1.0015,0.00,0.00,-0.06,2.14,0.65,51.45
49.094029,0.0020,0.0625,1.0010,0.00,0.00,-0.06,2.14,0.65,51.45
49.124859,0.0024,0.0630,1.0020,0.00,0.00,-0.06,2.14,0.65,51.45
49.124859,0.0015,0.0630,1.0015,0.00,0.00,0.00,2.14,0.65,51.45
49.153997,0.0024,0.0630,1.0020,0.00,0.00,-0.06,2.14,0.65,51.45
49.153997,0.0005,0.0630,1.0010,0.00,0.00,0.00,2.14,0.65,51.45
49.214699,0.0010,0.0635,1.0010,0.00,0.00,0.00,2.14,0.65,51.45
49.214699,0.0020,0.0630,1.0005,0.00,0.00,0.00,2.14,0.65,51.45
49.246516,0.0020,0.0640,1.0015,0.00,0.00,-0.06,2.14,0.65,51.45
49.246516,0.0020,0.0630,1.0020,0.00,0.00,-0.06,2.14,0.65,51.45
49.280137,0.0010,0.0630,1.0029,0.00,0.00,0.00,2.14,0.65,51.45
49.280137,0.0020,0.0625,1.0024,0.00,0.00,0.00,2.14,0.65,51.45
49.335089,0.0024,0.0635,1.0020,0.00,0.00,-0.06,2.14,0.65,51.45
49.335089,0.0015,0.0635,1.0020,0.00,0.00,-0.06,2.14,0.65,51.45
49.366458,0.0020,0.0630,1.0010,0.00,0.00,0.00,2.15,0.65,51.45
49.366458,0.0024,0.0635,1.0020,0.00,0.00,0.00,2.15,0.65,51.45
49.394917,0.0015,0.0625,1.0015,0.06,0.00,-0.06,2.15,0.65,51.45
49.394917,0.0029,0.0625,1.0015,0.00,0.00,0.00,2.15,0.65,51.45
49.454840,0.0015,0.0625,1.0010,0.00,0.00,0.00,2.15,0.65,51.45
49.454840,0.0024,0.0625,1.0024,0.06,0.00,-0.06,2.15,0.65,51.45
49.483734,0.0020,0.0620,1.0015,0.00,0.00,-0.06,2.15,0.65,51.45
49.483734,0.0020,0.0630,1.0020,0.00,0.00,0.00,2.14,0.65,51.45
49.514875,0.0024,0.0635,1.0015,0.00,0.00,-0.06,2.14,0.65,51.45
49.514875,0.0015,0.0630,1.0020,0.00,0.00,0.00,2.14,0.65,51.45
49.574791,0.0024,0.0630,1.0020,0.00,0.00,0.00,2.15,0.65,51.45
49.574791,0.0015,0.0630,1.0020,0.06,0.00,-0.06,2.15,0.65,51.45
49.603799,0.0020,0.0630,1.0024,0.00,0.00,0.00,2.15,0.65,51.45
49.603799,0.0010,0.0630,1.0015,0.00,0.00,-0.06,2.15,0.65,51.45
49.634144,0.0015,0.0635,1.0010,0.06,0.00,-0.06,2.15,0.65,51.45
49.634144,0.0015,0.0630,1.0020,0.00,0.00,0.00,2.15,0.65,51.45
49.695045,0.0015,0.0630,1.0020,0.00,0.00,-0.06,2.15,0.65,51.45
49.695045,0.0015,0.0625,1.0020,0.00,0.00,0.00,2.15,0.65,51.45
49.724580,0.0024,0.0640,1.0024,0.00,0.00,-0.06,2.15,0.65,51.45
49.724580,0.0020,0.0630,1.0015,0.00,0.00,-0.06,2.15,0.65,51.45
49.759091,0.0015,0.0630,1.0020,0.00,0.00,-0.06,2.15,0.65,51.45
49.759091,0.0020,0.0635,1.0010,0.00,0.00,-0.06,2.15,0.65,51.45
49.814917,0.0020,0.0625,1.0010,0.06,0.00,-0.06,2.15,0.65,51.45
49.814917,0.0020,0.0635,1.0005,0.00,0.00,-0.06,2.15,0.65,51.45
49.843678,0.0020,0.0630,1.0015,0.00,0.00,-0.12,2.15,0.65,51.45
49.843678,0.0015,0.0630,1.0015,0.00,0.00,-0.06,2.15,0.65,51.45
49.874908,0.0024,0.0635,1.0015,0.00,0.00,0.00,2.15,0.65,51.45
49.874908,0.0029,0.0630,1.0024,0.00,0.06,-0.06,2.15,0.65,51.45
49.935258,0.0010,0.0630,1.0024,0.00,0.00,0.00,2.15,0.65,51.45
49.935258,0.0029,0.0635,1.0020,0.00,0.00,0.00,2.15,0.65,51.45
49.963946,0.0020,0.0625,1.0020,0.00,0.00,0.00,2.15,0.65,51.45
49.963946,0.0029,0.0625,1.0020,0.00,0.00,-0.06,2.15,0.65,51.45
50.023932,0.0020,0.0620,1.0020,0.00,0.00,0.00,2.15,0.65,51.45
50.023932,0.0010,0.0625,1.0015,0.00,0.00,0.00,2.15,0.65,51.45
50.054997,0.0020,0.0635,1.0024,0.00,0.00,0.00,2.15,0.65,51.45
50.054997,0.0020,0.0630,1.0010,0.00,0.00,-0.06,2.15,0.65,51.45
50.084042,0.0020,0.0630,1.0020,0.00,0.00,-0.06,2.15,0.65,51.45
50.084042,0.0015,0.0635,1.0024,0.00,0.00,-0.06,2.15,0.65,51.45
50.144480,0.0015,0.0640,1.0015,0.00,0.00,0.00,2.15,0.65,51.45
50.144480,0.0020,0.0630,1.0020,0.06,0.00,0.00,2.15,0.65,51.45
50.175102,0.0020,0.0630,1.0010,0.00,0.00,-0.06,2.15,0.65,51.45
50.175102,0.0020,0.0635,1.0015,0.00,0.00,0.00,2.15,0.65,51.45
50.203956,0.0015,0.0625,1.0024,0.00,0.00,-0.12,2.15,0.65,51.45
50.203956,0.0024,0.0630,1.0015,0.00,0.00,-0.06,2.15,0.65,51.45
50.264544,0.0020,0.0630,1.0015,0.00,0.00,0.00,2.15,0.65,51.45
50.264544,0.0015,0.0625,1.0010,0.00,0.00,-0.06,2.15,0.65,51.45
50.294039,0.0020,0.0625,1.0020,0.00,0.00,-0.06,2.15,0.65,51.45
50.294039,0.0020,0.0630,1.0015,0.00,0.00,0.00,2.15,0.65,51.45
50.323844,0.0020,0.0630,1.0020,0.00,0.00,0.00,2.15,0.65,51.45
50.323844,0.0015,0.0620,1.0015,0.00,0.00,0.00,2.15,0.65,51.45
50.383974,0.0020,0.0635,1.0024,0.00,0.00,-0.06,2.15,0.65,51.45
50.383974,0.0020,0.0630,1.0010,0.00,0.00,0.00,2.15,0.65,51.45
50.414084,0.0020,0.0635,1.0015,0.00,0.00,-0.12,2.15,0.65,51.45
50.414084,0.0020,0.0630,1.0010,0.00,0.00,-0.06,2.15,0.65,51.45
50.444485,0.0020,0.0635,1.0020,0.00,0.00,-0.06,2.15,0.65,51.45
50.444485,0.0024,0.0630,1.0020,0.00,0.00,0.00,2.15,0.65,51.45
50.503790,0.0020,0.0625,1.0029,0.00,0.00,-0.06,2.15,0.65,51.45
50.503790,0.0024,0.0625,1.0024,0.00,0.00,-0.06,2.15,0.65,51.45
50.534069,0.0024,0.0625,1.0029,0.00,0.00,0.00,2.15,0.65,51.45
50.534069,0.0024,0.0620,1.0020,0.00,0.00,0.00,2.15,0.65,51.45
50.576832,0.0015,0.0620,1.0015,0.00,0.00,0.00,2.15,0.65,51.45
50.576832,0.0024,0.0620,1.0020,0.00,0.00,0.00,2.15,0.65,51.45
50.624637,0.0024,0.0630,1.0020,0.06,0.00,-0.06,2.15,0.65,51.45
50.624637,0.0020,0.0620,1.0015,0.00,0.00,0.00,2.15,0.65,51.45
50.656260,0.0015,0.0630,1.0020,0.00,0.00,0.00,2.15,0.65,51.45
50.656260,0.0015,0.0625,1.0020,0.00,0.00,-0.06,2.15,0.65,51.45
50.685929,0.0020,0.0635,1.0015,0.00,0.00,0.00,2.15,0.65,51.45
50.685929,0.0010,0.0640,1.0015,0.00,-0.06,0.00,2.15,0.65,51.45
50.747404,0.0020,0.0625,1.0029,0.00,0.00,-0.06,2.15,0.65,51.45
50.747404,0.0020,0.0625,1.0029,0.00,0.00,0.00,2.15,0.65,51.45
50.777538,0.0015,0.0625,1.0010,0.00,0.00,-0.06,2.15,0.65,51.45
50.777538,0.0010,0.0635,1.0015,0.00,0.00,0.00,2.15,0.65,51.45
50.836535,0.0020,0.0630,1.0020,0.00,0.00,-0.06,2.15,0.66,51.45
50.836535,0.0024,0.0635,1.0015,0.00,0.00,-0.06,2.15,0.66,51.45
50.866431,0.0020,0.0625,1.0020,0.00,0.00,0.00,2.15,0.66,51.45
50.866431,0.0015,0.0630,1.0024,0.00,0.00,-0.06,2.15,0.66,51.45
50.894744,0.0020,0.0625,1.0015,0.00,0.00,0.00,2.15,0.66,51.45
50.894744,0.0020,0.0625,1.0020,0.00,0.00,-0.06,2.15,0.66,51.45
50.926641,0.0020,0.0630,1.0015,0.00,0.00,0.00,2.15,0.66,51.45
50.926641,0.0015,0.0630,1.0015,0.00,0.00,-0.06,2.15,0.66,51.45
50.984554,0.0015,0.0635,1.0020,0.00,0.00,-0.06,2.15,0.66,51.45
50.984554,0.0024,0.0625,1.0015,0.00,0.00,0.00,2.15,0.66,51.45
51.013835,0.0020,0.0640,1.0010,0.00,0.00,-0.12,2.15,0.66,51.45
51.013835,0.0020,0.0630,1.0010,0.00,0.00,-0.06,2.15,0.66,51.45
51.044654,0.0020,0.0635,1.0015,0.00,0.00,-0.06,2.15,0.66,51.45
51.044654,0.0015,0.0630,1.0015,0.00,0.00,-0.06,2.15,0.66,51.45
51.104685,0.0020,0.0635,1.0024,0.00,0.00,-0.06,2.15,0.66,51.45
51.104685,0.0015,0.0630,1.0015,0.00,0.00,-0.06,2.15,0.66,51.45
51.135390,0.0010,0.0635,1.0015,0.00,0.00,0.00,2.15,0.66,51.45
51.135390,0.0024,0.0620,1.0010,0.00,0.00,0.00,2.15,0.66,51.45
51.163897,0.0015,0.0620,1.0020,0.00,0.00,-0.12,2.15,0.66,51.45
51.163897,0.0020,0.0625,1.0010,0.00,0.00,-0.06,2.15,0.66,51.46
51.223640,0.0020,0.0630,1.0020,0.00,0.00,-0.06,2.15,0.66,51.46
51.223640,0.0024,0.0635,1.0010,0.00,0.00,-0.06,2.15,0.66,51.46
51.253913,0.0020,0.0635,1.0010,0.00,0.00,-0.06,2.15,0.66,51.46
51.253913,0.0015,0.0635,1.0020,0.00,0.00,0.00,2.15,0.66,51.46
51.284744,0.0024,0.0630,1.0010,0.00,0.00,0.00,2.15,0.66,51.46
51.284744,0.0024,0.0625,1.0015,0.00,0.00,0.00,2.15,0.66,51.46
51.343825,0.0015,0.0635,1.0015,0.00,0.00,0.00,2.15,0.66,51.46
51.343825,0.0020,0.0630,1.0024,0.00,0.00,-0.06,2.15,0.66,51.46
51.374784,0.0024,0.0640,1.0010,0.00,0.00,-0.06,2.15,0.66,51.46
51.374784,0.0015,0.0630,1.0010,0.00,0.00,-0.06,2.15,0.66,51.46
51.434678,0.0015,0.0635,1.0024,0.00,0.00,0.00,2.15,0.66,51.46
51.434678,0.0015,0.0630,1.0020,0.00,0.06,-0.06,2.15,0.66,51.46
51.463786,0.0024,0.0625,1.0029,0.00,0.00,-0.06,2.15,0.66,51.46
51.463786,0.0024,0.0625,1.0029,0.00,0.00,0.00,2.15,0.66,51.46
51.494468,0.0020,0.0635,1.0020,0.00,0.00,-0.06,2.15,0.66,51.46
51.494468,0.0024,0.0630,1.0000,0.00,0.00,0.00,2.15,0.66,51.46
51.554636,0.0020,0.0635,1.0020,0.00,0.00,-0.06,2.15,0.66,51.46
51.554636,0.0015,0.0630,1.0020,0.00,0.00,-0.06,2.15,0.66,51.46
51.584552,0.0015,0.0635,1.0015,0.00,0.00,-0.12,2.15,0.66,51.46
51.584552,0.0020,0.0645,1.0010,0.06,0.00,-0.06,2.15,0.66,51.46
51.613755,0.0010,0.0630,1.0010,0.00,0.00,0.00,2.15,0.66,51.46
51.613755,0.0010,0.0630,1.0015,0.06,0.00,-0.06,2.15,0.66,51.46
51.677218,0.0020,0.0620,1.0024,0.00,0.00,0.00,2.15,0.66,51.46
51.677218,0.0024,0.0625,1.0020,0.00,0.00,-0.06,2.15,0.66,51.46
51.706540,0.0015,0.0630,1.0015,0.00,0.00,0.00,2.15,0.66,51.46
51.736298,0.0020,0.0625,1.0015,0.00,0.00,0.00,2.15,0.66,51.46
51.794588,0.0020,0.0625,1.0024,0.00,0.00,-0.06,2.15,0.66,51.46
51.854602,0.0020,0.0635,1.0024,0.00,0.00,-0.06,2.15,0.66,51.46
51.914548,0.0020,0.0625,1.0015,0.00,0.00,0.00,2.15,0.66,51.46
51.943646,0.0024,0.0630,1.0015,0.06,0.00,0.00,2.15,0.66,51.46
51.974035,0.0010,0.0635,1.0020,0.00,0.00,-0.06,2.15,0.66,51.46
52.063671,0.0020,0.0630,1.0020,0.00,0.00,-0.06,2.15,0.66,51.46
52.094621,0.0020,0.0630,1.0029,0.00,0.00,0.00,2.15,0.66,51.46
52.154479,0.0020,0.0625,1.0015,0.00,0.00,-0.06,2.15,0.66,51.46
52.183707,0.0020,0.0625,1.0015,0.00,0.00,0.00,2.15,0.66,51.46
52.274230,0.0015,0.0630,1.0015,0.00,0.00,-0.06,2.15,0.66,51.46
52.304539,0.0015,0.0620,1.0015,0.00,0.00,0.00,2.15,0.66,51.46
52.335365,0.0024,0.0630,1.0015,0.00,0.00,0.00,2.15,0.66,51.46
52.394517,0.0015,0.0630,1.0015,0.00,-0.06,0.00,2.15,0.66,51.46
52.455034,0.0024,0.0625,1.0010,0.00,0.00,0.00,2.15,0.66,51.46
52.514289,0.0024,0.0625,1.0020,0.00,0.00,-0.12,2.15,0.66,51.47
52.543661,0.0020,0.0630,1.0020,0.00,0.00,-0.06,2.15,0.66,51.47
52.574741,0.0020,0.0630,1.0020,0.00,0.00,-0.06,2.15,0.66,51.47
52.664571,0.0020,0.0625,1.0020,0.00,0.00,-0.06,2.15,0.66,51.47
52.694135,0.0015,0.0630,1.0020,0.00,0.00,-0.06,2.15,0.66,51.47
52.756638,0.0020,0.0625,1.0020,0.00,0.00,-0.06,2.15,0.66,51.47
52.783791,0.0015,0.0625,1.0015,0.00,0.00,-0.06,2.15,0.66,51.47
52.874056,0.0010,0.0630,1.0015,0.00,0.00,0.00,2.15,0.66,51.47
52.903767,0.0020,0.0635,1.0020,0.00,0.00,0.00,2.15,0.66,51.47
52.963614,0.0020,0.0625,1.0010,0.00,0.00,-0.06,2.15,0.66,51.47
52.993703,0.0015,0.0630,1.0005,0.00,-0.06,0.00,2.15,0.66,51.47
53.083803,0.0010,0.0630,1.0020,0.00,0.00,-0.06,2.15,0.66,51.47
53.113815,0.0010,0.0630,1.0015,0.00,0.00,-0.06,2.15,0.66,51.47
53.143685,0.0024,0.0625,1.0015,0.00,0.00,-0.06,2.15,0.66,51.47
53.203681,0.0020,0.0630,1.0024,0.00,0.00,-0.06,2.15,0.66,51.47
53.263822,0.0020,0.0630,1.0010,0.00,0.00,0.00,2.15,0.66,51.47
53.324377,0.0015,0.0625,1.0010,0.00,0.00,0.00,2.15,0.66,51.47
53.356596,0.0020,0.0635,1.0005,0.00,0.00,-0.06,2.15,0.66,51.47
53.383839,0.0015,0.0630,1.0005,0.00,0.00,-0.12,2.15,0.66,51.47
53.474825,0.0024,0.0630,1.0005,0.00,0.00,-0.06,2.15,0.66,51.47
53.503660,0.0024,0.0635,1.0015,0.00,0.00,0.00,2.15,0.66,51.47
53.563657,0.0024,0.0625,1.0005,0.00,0.00,0.00,2.15,0.66,51.47
53.594538,0.0020,0.0635,1.0015,0.00,0.00,0.00,2.15,0.66,51.47
53.684535,0.0015,0.0630,1.0010,0.00,0.00,0.00,2.15,0.66,51.47
53.713654,0.0015,0.0625,1.0005,0.00,0.00,0.00,2.15,0.66,51.47
53.743970,0.0015,0.0635,1.0010,0.00,0.00,-0.06,2.15,0.66,51.47
53.804543,0.0020,0.0640,1.0020,0.00,0.00,-0.06,2.15,0.66,51.47
53.863665,0.0010,0.0630,1.0015,0.00,0.00,0.00,2.15,0.66,51.47
53.923746,0.0020,0.0630,1.0005,0.00,0.00,-0.06,2.15,0.66,51.47
53.953636,0.0015,0.0630,1.0015,0.00,0.00,-0.06,2.15,0.66,51.47
53.993077,0.0020,0.0630,1.0020,0.00,0.00,0.00,2.15,0.66,51.47
54.076739,0.0015,0.0630,1.0000,0.00,0.00,-0.12,2.15,0.66,51.47
54.106712,0.0020,0.0630,1.0010,0.00,0.00,0.00,2.15,0.66,51.47
54.166399,0.0010,0.0630,1.0015,0.00,0.00,-0.06,2.15,0.66,51.47
54.196325,0.0024,0.0635,1.0010,0.00,0.00,0.00,2.15,0.66,51.47
54.284584,0.0020,0.0625,1.0010,0.00,0.00,0.00,2.15,0.66,51.47
54.313754,0.0015,0.0625,1.0015,0.06,0.00,-0.06,2.15,0.66,51.47
54.374182,0.0020,0.0625,1.0000,0.00,0.00,0.00,2.15,0.66,51.47
54.403489,0.0015,0.0635,1.0015,0.00,0.00,-0.06,2.15,0.66,51.47
54.494657,0.0015,0.0630,1.0010,0.00,0.00,-0.06,2.15,0.66,51.47
54.523717,0.0015,0.0630,1.0020,0.00,0.00,-0.06,2.15,0.66,51.47
54.554301,0.0015,0.0635,1.0000,0.00,0.00,-0.06,2.15,0.66,51.47
54.614559,0.0020,0.0625,1.0015,0.00,0.00,-0.06,2.15,0.66,51.47
54.677132,0.0020,0.0625,1.0015,0.00,0.00,-0.12,2.15,0.66,51.47
54.733830,0.0020,0.0625,1.0015,-0.06,0.00,0.00,2.15,0.66,51.47
54.764497,0.0005,0.0640,1.0010,0.00,0.00,0.00,2.15,0.66,51.47
54.793841,0.0024,0.0630,1.0010,0.06,0.00,-0.12,2.15,0.66,51.47
54.884663,0.0020,0.0625,1.0015,0.00,0.00,-0.06,2.15,0.66,51.47
54.913699,0.0020,0.0630,1.0015,0.00,0.00,-0.06,2.15,0.66,51.47
54.975598,0.0020,0.0630,1.0015,0.00,0.00,-0.06,2.15,0.66,51.47
55.005423,0.0010,0.0625,1.0034,0.00,0.00,0.00,2.15,0.66,51.47
55.094653,0.0024,0.0630,1.0020,0.06,0.00,-0.06,2.15,0.66,51.47
55.123823,0.0024,0.0635,1.0015,0.00,0.00,-0.06,2.15,0.66,51.47
55.154579,0.0020,0.0635,1.0015,0.00,0.00,-0.06,2.15,0.66,51.47
55.214647,0.0020,0.0625,1.0024,0.00,0.00,-0.06,2.15,0.66,51.47
55.274300,0.0015,0.0630,1.0010,0.00,0.00,0.00,2.15,0.66,51.47
55.334544,0.0015,0.0630,1.0020,0.00,0.00,-0.06,2.15,0.66,51.47
55.364560,0.0020,0.0620,1.0024,0.00,0.00,0.00,2.15,0.66,51.47
55.394576,0.0005,0.0630,1.0010,0.00,0.00,0.00,2.15,0.66,51.48
55.483962,0.0024,0.0640,1.0015,0.00,0.00,0.00,2.15,0.66,51.48
55.513849,0.0015,0.0630,1.0024,0.06,0.00,-0.06,2.15,0.66,51.48
55.574819,0.0015,0.0630,1.0015,0.00,0.00,0.00,2.15,0.66,51.48
55.606403,0.0015,0.0630,1.0015,0.00,0.00,0.00,2.15,0.66,51.48
55.694716,0.0020,0.0625,1.0020,0.00,0.00,-0.06,2.15,0.66,51.48
55.723842,0.0020,0.0630,1.0020,0.00,0.00,0.00,2.15,0.66,51.48
55.784531,0.0015,0.0625,1.0020,0.00,0.00,0.00,2.15,0.66,51.48
55.813702,0.0020,0.0630,1.0015,0.00,0.00,-0.06,2.15,0.66,51.48
55.905210,0.0010,0.0635,1.0010,0.00,0.00,0.00,2.15,0.66,51.48
55.933830,0.0015,0.0630,1.0015,0.00,0.00,-0.06,2.15,0.66,51.48
55.998645,0.0015,0.0630,1.0010,0.00,0.00,-0.06,2.15,0.66,51.48
56.023738,0.0020,0.0635,1.0015,0.00,0.00,0.00,2.15,0.66,51.48
56.084669,0.0010,0.0630,1.0020,0.00,0.00,-0.06,2.15,0.66,51.48
56.144438,0.0015,0.0625,1.0010,0.00,0.06,-0.06,2.15,0.66,51.48
56.173926,0.0024,0.0625,1.0005,0.00,0.00,-0.06,2.15,0.66,51.48
56.204636,0.0024,0.0630,1.0010,0.00,0.00,-0.06,2.15,0.66,51.48
56.294253,0.0020,0.0635,1.0020,0.00,0.00,0.00,2.15,0.66,51.48
56.324164,0.0020,0.0630,1.0024,0.00,0.00,-0.12,2.15,0.66,51.48
56.383836,0.0020,0.0625,1.0015,0.00,0.00,0.00,2.15,0.66,51.48
56.413869,0.0020,0.0625,1.0015,0.00,0.00,-0.06,2.15,0.66,51.48
56.505002,0.0024,0.0630,1.0010,0.00,0.00,-0.06,2.15,0.66,51.48
56.533725,0.0015,0.0625,1.0010,0.00,-0.06,-0.06,2.15,0.66,51.48
56.563820,0.0015,0.0630,1.0015,0.00,0.00,0.00,2.15,0.66,51.48
56.623889,0.0015,0.0635,1.0015,0.00,0.00,0.00,2.15,0.66,51.48
56.683862,0.0015,0.0625,1.0020,0.00,0.00,0.00,2.15,0.66,51.48
56.743856,0.0015,0.0625,1.0020,0.00,0.00,-0.12,2.15,0.66,51.48
56.774201,0.0010,0.0625,1.0015,0.00,0.00,-0.06,2.15,0.66,51.48
56.803738,0.0015,0.0625,1.0015,0.00,0.00,0.00,2.15,0.66,51.48
56.893812,0.0015,0.0625,1.0020,0.00,0.00,-0.06,2.15,0.66,51.48
56.923806,0.0024,0.0630,1.0024,0.06,0.00,-0.06,2.15,0.66,51.48
56.983706,0.0024,0.0630,1.0015,0.00,0.00,0.00,2.15,0.66,51.48
57.013826,0.0020,0.0635,1.0010,0.00,0.00,-0.12,2.15,0.66,51.48
57.103829,0.0024,0.0625,1.0020,0.00,0.00,-0.06,2.15,0.66,51.48
57.133863,0.0015,0.0625,1.0015,0.00,0.00,-0.06,2.15,0.66,51.48
57.193804,0.0024,0.0625,1.0015,0.00,0.00,0.00,2.15,0.66,51.48
57.223686,0.0024,0.0625,1.0020,0.00,0.00,-0.06,2.15,0.66,51.48
57.313820,0.0020,0.0620,1.0015,0.00,0.00,0.00,2.15,0.66,51.48
57.343763,0.0020,0.0625,1.0015,0.00,0.00,-0.06,2.15,0.66,51.48
57.374061,0.0020,0.0630,1.0015,0.00,0.00,-0.06,2.15,0.66,51.48
57.433816,0.0020,0.0630,1.0024,0.00,0.00,-0.06,2.15,0.66,51.48
57.493905,0.0024,0.0630,1.0015,0.00,0.00,-0.06,2.15,0.66,51.48
57.553830,0.0020,0.0630,1.0020,0.00,0.00,-0.06,2.15,0.66,51.48
57.584900,0.0029,0.0640,1.0015,0.00,0.00,0.00,2.15,0.66,51.48
57.613640,0.0020,0.0630,1.0020,0.00,0.00,0.00,2.15,0.66,51.48
57.703782,0.0024,0.0625,1.0010,0.00,0.00,-0.06,2.15,0.66,51.48
57.734412,0.0020,0.0625,1.0015,0.00,-0.06,-0.12,2.15,0.66,51.48
57.794576,0.0010,0.0630,1.0015,0.00,0.00,-0.06,2.15,0.66,51.48
57.823666,0.0020,0.0625,1.0015,0.00,0.00,-0.06,2.15,0.66,51.48
57.914589,0.0015,0.0625,1.0005,0.00,0.00,-0.06,2.15,0.66,51.48
57.943800,0.0015,0.0630,1.0015,0.00,0.00,0.00,2.15,0.66,51.48
57.974710,0.0020,0.0635,1.0010,0.00,0.00,0.00,2.15,0.66,51.48
58.034421,0.0015,0.0630,1.0020,0.00,0.00,0.00,2.15,0.66,51.48
58.094585,0.0015,0.0630,1.0010,0.00,0.00,0.00,2.15,0.66,51.48
58.154514,0.0024,0.0630,1.0015,0.00,0.00,0.00,2.15,0.66,51.48
58.183828,0.0024,0.0625,1.0015,0.00,0.00,-0.06,2.15,0.66,51.48
58.213914,0.0015,0.0625,1.0015,0.00,0.00,-0.06,2.15,0.66,51.48
58.303836,0.0024,0.0635,1.0005,0.00,0.00,0.00,2.15,0.66,51.48
58.334457,0.0020,0.0635,1.0010,0.00,0.00,-0.06,2.15,0.66,51.48
58.394450,0.0020,0.0625,1.0015,0.00,0.00,-0.06,2.15,0.66,51.48
58.423638,0.0024,0.0625,1.0015,0.00,0.00,-0.12,2.15,0.66,51.48
58.514676,0.0015,0.0620,1.0010,0.00,-0.06,-0.06,2.15,0.66,51.48
58.543809,0.0015,0.0630,1.0005,0.00,0.00,0.00,2.15,0.66,51.48
58.604578,0.0020,0.0625,1.0010,0.00,0.00,-0.06,2.15,0.66,51.48
58.633788,0.0029,0.0630,1.0015,0.00,-0.06,0.00,2.15,0.66,51.48
58.724640,0.0020,0.0635,1.0005,0.06,0.00,0.00,2.15,0.66,51.48
58.757722,0.0024,0.0625,1.0015,0.00,0.00,0.00,2.15,0.66,51.48
58.783926,0.0020,0.0625,1.0020,0.00,0.00,-0.06,2.15,0.66,51.48
58.844951,0.0015,0.0630,1.0005,0.00,0.00,0.00,2.15,0.66,51.48
58.903821,0.0015,0.0625,1.0015,0.00,0.00,0.00,2.15,0.66,51.48
58.963872,0.0020,0.0630,1.0020,0.06,0.00,-0.06,2.15,0.66,51.48
58.993767,0.0020,0.0630,1.0015,0.00,0.00,-0.06,2.15,0.66,51.48
59.023836,0.0020,0.0630,1.0024,0.00,0.00,-0.06,2.15,0.66,51.48
59.113789,0.0020,0.0630,1.0020,0.00,0.00,0.00,2.15,0.66,51.48
59.143795,0.0020,0.0635,1.0020,0.00,0.00,-0.06,2.15,0.66,51.48
59.203834,0.0020,0.0620,1.0010,0.00,0.00,-0.06,2.15,0.66,51.48
59.233667,0.0010,0.0640,1.0024,0.00,0.00,-0.06,2.15,0.66,51.48
59.323660,0.0010,0.0635,1.0015,0.00,0.00,-0.06,2.15,0.66,51.48
59.353873,0.0020,0.0625,1.0015,0.00,0.00,0.00,2.15,0.66,51.49
59.384491,0.0020,0.0630,1.0020,0.00,0.00,-0.06,2.15,0.66,51.49
59.443872,0.0024,0.0630,1.0024,0.00,0.00,-0.12,2.15,0.66,51.49
59.503827,0.0015,0.0630,1.0015,0.00,0.00,-0.06,2.15,0.66,51.49
59.564576,0.0020,0.0635,1.0010,0.00,0.00,-0.06,2.15,0.66,51.49
59.594031,0.0015,0.0630,1.0015,0.00,-0.06,-0.06,2.15,0.66,51.49
59.624594,0.0020,0.0635,1.0024,0.00,0.00,-0.06,2.15,0.66,51.49
59.714655,0.0020,0.0630,1.0020,0.00,0.00,-0.12,2.15,0.66,51.49
59.743695,0.0015,0.0635,1.0020,0.00,0.00,-0.06,2.15,0.66,51.49
59.806724,0.0024,0.0635,1.0015,0.00,0.00,-0.06,2.15,0.66,51.49
59.836468,0.0024,0.0635,1.0015,0.00,0.00,0.00,2.15,0.66,51.49
59.924708,0.0020,0.0625,1.0020,0.00,0.00,-0.06,2.15,0.66,51.49
59.953718,0.0015,0.0635,1.0015,0.00,0.00,-0.06,2.15,0.66,51.49
60.014589,0.0020,0.0620,1.0010,0.00,0.00,0.00,2.15,0.66,51.49
60.043759,0.0024,0.0625,1.0015,0.00,0.00,-0.06,2.15,0.66,51.49
60.135276,0.0020,0.0620,1.0020,0.00,0.00,-0.06,2.15,0.66,51.49
60.164033,0.0020,0.0625,1.0020,0.00,0.00,-0.06,2.15,0.66,51.49
60.194450,0.0020,0.0625,1.0010,0.00,0.00,-0.06,2.15,0.66,51.49
60.254601,0.0020,0.0625,1.0010,0.00,0.00,-0.06,2.15,0.66,51.49
60.314667,0.0020,0.0630,1.0015,0.00,0.00,-0.06,2.15,0.66,51.49
60.374824,0.0024,0.0625,1.0010,0.00,0.00,-0.06,2.15,0.66,51.49
60.403761,0.0020,0.0630,1.0005,0.00,0.00,-0.06,2.15,0.66,51.49
60.434602,0.0024,0.0625,1.0020,0.00,0.00,0.00,2.15,0.66,51.49
60.524711,0.0015,0.0630,1.0015,0.00,0.00,0.00,2.15,0.66,51.49
60.553784,0.0015,0.0640,1.0015,0.00,0.00,-0.06,2.15,0.66,51.49
60.614654,0.0020,0.0630,1.0015,0.00,0.00,-0.06,2.15,0.66,51.49
60.643783,0.0029,0.0635,1.0010,0.00,0.00,-0.12,2.15,0.66,51.49
60.734670,0.0024,0.0625,1.0015,0.00,0.00,0.00,2.15,0.66,51.49
60.764100,0.0020,0.0625,1.0010,0.00,0.00,-0.06,2.15,0.66,51.49
60.794652,0.0020,0.0630,1.0010,0.00,0.00,-0.06,2.15,0.66,51.49
60.854645,0.0024,0.0625,1.0005,0.00,0.00,-0.06,2.15,0.66,51.49
60.913828,0.0015,0.0620,1.0020,0.00,0.00,-0.06,2.15,0.66,51.49
60.974847,0.0020,0.0625,1.0010,0.00,0.00,-0.06,2.15,0.66,51.49
61.006538,0.0020,0.0635,1.0010,0.00,0.00,0.00,2.15,0.66,51.49
61.036514,0.0024,0.0620,1.0010,0.00,0.00,0.00,2.15,0.66,51.49
61.124596,0.0024,0.0625,1.0005,0.00,0.00,-0.06,2.15,0.66,51.49
61.153828,0.0015,0.0625,1.0020,0.06,0.00,-0.06,2.15,0.66,51.49
61.213860,0.0015,0.0625,1.0005,0.00,0.00,-0.06,2.15,0.66,51.49
61.244756,0.0020,0.0635,1.0005,0.00,0.00,-0.06,2.15,0.66,51.49
61.336531,0.0020,0.0635,1.0005,0.00,0.00,0.00,2.15,0.66,51.49
61.364702,0.0020,0.0625,1.0010,0.00,0.00,0.00,2.15,0.66,51.49
61.425154,0.0020,0.0625,1.0005,0.00,0.00,-0.06,2.15,0.66,51.49
61.454536,0.0020,0.0625,1.0020,0.00,0.00,-0.06,2.15,0.66,51.49
61.543975,0.0020,0.0625,1.0015,0.00,0.00,0.00,2.15,0.66,51.49
61.574880,0.0020,0.0635,1.0015,0.00,0.00,0.00,2.15,0.66,51.49
61.603968,0.0015,0.0630,0.9995,0.00,0.00,-0.06,2.15,0.66,51.49
61.663882,0.0015,0.0630,1.0015,0.00,0.00,-0.06,2.15,0.66,51.49
61.724695,0.0020,0.0630,1.0015,0.00,0.00,0.00,2.15,0.66,51.49
61.784683,0.0020,0.0625,1.0020,0.00,0.00,0.00,2.15,0.66,51.49
61.813838,0.0015,0.0625,1.0000,0.00,0.00,0.00,2.15,0.66,51.49
61.844657,0.0015,0.0630,1.0010,0.00,0.00,-0.06,2.15,0.66,51.49
61.934631,0.0010,0.0625,1.0015,0.06,0.00,0.00,2.15,0.66,51.49
61.963848,0.0024,0.0630,1.0020,0.00,0.00,-0.06,2.15,0.66,51.49
62.024659,0.0010,0.0630,1.0005,0.00,0.00,0.00,2.15,0.66,51.49
62.053856,0.0029,0.0630,1.0015,0.00,0.00,-0.06,2.15,0.66,51.49
62.144659,0.0020,0.0630,1.0005,0.00,0.00,0.00,2.15,0.66,51.49
62.174128,0.0024,0.0630,1.0005,0.00,0.00,-0.12,2.15,0.66,51.49
62.204641,0.0020,0.0625,1.0020,0.00,0.00,0.00,2.15,0.66,51.49
62.264680,0.0029,0.0630,1.0015,0.00,0.00,-0.06,2.15,0.66,51.49
62.323941,0.0015,0.0630,1.0020,0.00,0.00,-0.06,2.15,0.66,51.49
62.384632,0.0015,0.0630,1.0020,0.00,0.00,-0.06,2.15,0.66,51.49
62.413811,0.0015,0.0630,1.0005,0.00,0.00,0.00,2.15,0.66,51.49
62.444699,0.0015,0.0625,1.0010,0.00,0.00,0.00,2.15,0.66,51.49
62.533898,0.0010,0.0625,1.0015,0.00,0.00,0.00,2.15,0.66,51.49
62.564776,0.0024,0.0620,1.0015,0.00,0.00,-0.06,2.15,0.66,51.49
62.624699,0.0024,0.0620,1.0024,0.00,0.00,-0.06,2.15,0.66,51.49
62.653877,0.0015,0.0625,1.0015,0.00,0.00,-0.06,2.14,0.66,51.49
62.744805,0.0015,0.0630,1.0020,0.00,0.00,-0.06,2.14,0.66,51.49
62.774375,0.0020,0.0620,1.0020,0.00,0.00,-0.06,2.14,0.66,51.49
62.864297,0.0015,0.0630,1.0005,0.00,0.00,-0.06,2.14,0.66,51.49
62.866618,0.0015,0.0630,1.0005,0.00,0.00,0.00,2.14,0.66,51.49
62.953865,0.0015,0.0625,1.0015,0.00,0.00,0.00,2.14,0.66,51.49
62.984676,0.0020,0.0630,1.0029,0.00,0.00,-0.06,2.14,0.66,51.49
63.016570,0.0020,0.0635,1.0005,0.00,0.00,0.00,2.14,0.66,51.49
63.074972,0.0020,0.0625,1.0020,0.00,0.00,-0.06,2.14,0.66,51.49
63.134651,0.0020,0.0630,1.0015,0.00,0.00,-0.06,2.14,0.66,51.49
63.194653,0.0029,0.0630,1.0015,0.00,0.00,0.00,2.14,0.66,51.49
63.223930,0.0020,0.0630,1.0020,0.00,0.00,-0.06,2.14,0.66,51.49
63.254745,0.0020,0.0630,1.0015,0.00,0.00,0.00,2.14,0.66,51.49
63.343984,0.0020,0.0640,1.0015,0.00,-0.06,-0.06,2.14,0.66,51.49
63.374241,0.0015,0.0635,1.0010,0.00,0.00,-0.06,2.14,0.66,51.49
63.434690,0.0020,0.0630,1.0010,0.00,0.00,-0.06,2.15,0.66,51.49
63.464716,0.0024,0.0630,1.0010,0.00,0.00,-0.12,2.15,0.66,51.49
63.554814,0.0015,0.0630,1.0010,0.00,0.00,-0.06,2.15,0.66,51.49
63.583976,0.0015,0.0630,1.0010,0.00,0.00,-0.06,2.15,0.66,51.49
63.614666,0.0020,0.0630,1.0005,0.00,0.00,0.00,2.15,0.66,51.49
63.675044,0.0029,0.0635,1.0015,0.06,0.00,-0.06,2.15,0.66,51.49
63.734757,0.0015,0.0625,1.0010,0.00,0.00,-0.06,2.15,0.66,51.49
63.794003,0.0010,0.0625,1.0010,0.00,0.00,-0.06,2.15,0.66,51.49
63.825416,0.0020,0.0630,1.0010,0.00,0.00,-0.06,2.15,0.66,51.49
63.853932,0.0020,0.0630,1.0010,0.00,-0.06,-0.12,2.15,0.66,51.49
63.944746,0.0024,0.0640,1.0005,0.00,0.00,-0.06,2.15,0.66,51.49
63.974292,0.0020,0.0620,1.0010,0.00,0.00,-0.06,2.15,0.66,51.49
64.064924,0.0015,0.0635,1.0015,0.00,0.00,-0.06,2.15,0.66,51.49
64.067047,0.0015,0.0630,1.0015,0.00,0.00,0.00,2.15,0.66,51.49
64.153934,0.0020,0.0635,1.0005,0.00,0.00,0.00,2.15,0.66,51.49
64.184708,0.0020,0.0625,1.0015,0.00,0.00,-0.06,2.15,0.66,51.49
64.244679,0.0024,0.0635,1.0000,0.00,0.00,0.00,2.15,0.66,51.49
64.274905,0.0024,0.0630,1.0015,0.00,0.00,-0.06,2.15,0.66,51.49
64.364049,0.0020,0.0630,1.0010,0.00,0.00,-0.06,2.15,0.66,51.49
64.394788,0.0010,0.0635,1.0010,0.00,0.00,-0.06,2.15,0.66,51.49
64.423947,0.0015,0.0630,1.0005,0.00,0.00,-0.06,2.15,0.66,51.49
64.484734,0.0015,0.0630,1.0015,0.00,0.00,-0.06,2.15,0.66,51.49
64.543998,0.0015,0.0620,1.0005,0.00,0.00,-0.06,2.15,0.66,51.49
64.604769,0.0020,0.0625,1.0010,0.00,0.00,0.00,2.15,0.66,51.49
64.633928,0.0015,0.0625,1.0010,0.00,0.00,-0.06,2.15,0.66,51.49
64.663940,0.0015,0.0635,1.0015,0.00,0.00,-0.06,2.15,0.66,51.49
64.754808,0.0024,0.0625,1.0010,0.00,0.00,-0.06,2.15,0.66,51.49
64.784027,0.0029,0.0630,1.0005,0.00,0.00,-0.06,2.15,0.66,51.50
64.844838,0.0020,0.0625,1.0010,0.00,0.00,-0.06,2.15,0.66,51.50
64.880270,0.0020,0.0625,1.0010,0.00,0.00,0.00,2.15,0.66,51.50
64.967010,0.0015,0.0620,1.0005,0.00,0.00,0.00,2.15,0.66,51.50
64.994017,0.0015,0.0630,1.0000,0.06,0.00,0.00,2.15,0.66,51.50
65.026681,0.0020,0.0635,1.0005,0.00,0.00,-0.06,2.15,0.66,51.50
65.084034,0.0015,0.0630,1.0005,0.00,0.00,-0.06,2.15,0.66,51.50
65.144906,0.0029,0.0635,1.0015,0.00,0.00,0.00,2.15,0.66,51.50
65.205107,0.0020,0.0625,1.0010,0.00,0.00,-0.06,2.15,0.66,51.50
65.234811,0.0015,0.0625,1.0020,0.00,0.00,-0.06,2.15,0.66,51.50
65.267929,0.0020,0.0620,1.0010,0.00,0.00,-0.06,2.15,0.66,51.50
65.354941,0.0020,0.0630,1.0010,0.00,0.00,-0.06,2.15,0.66,51.50
65.389474,0.0020,0.0630,1.0005,0.00,0.00,0.00,2.15,0.66,51.50
65.445052,0.0020,0.0630,1.0010,0.00,0.00,0.00,2.15,0.66,51.50
65.475074,0.0010,0.0635,1.0020,0.00,0.00,0.00,2.15,0.66,51.50
65.564138,0.0015,0.0625,1.0005,0.00,0.00,-0.06,2.15,0.66,51.50
65.593940,0.0020,0.0630,1.0020,0.00,0.00,0.00,2.15,0.66,51.50
65.654783,0.0020,0.0630,1.0010,0.06,0.00,-0.06,2.15,0.66,51.50
65.684055,0.0015,0.0635,1.0000,0.00,0.00,-0.06,2.15,0.66,51.50
65.775055,0.0015,0.0635,1.0015,0.00,0.00,0.00,2.15,0.66,51.50
65.804791,0.0020,0.0630,1.0015,0.00,0.00,0.00,2.15,0.66,51.50
65.834065,0.0020,0.0625,1.0005,0.00,0.00,-0.06,2.15,0.66,51.50
65.894074,0.0015,0.0625,1.0015,0.00,0.00,-0.06,2.15,0.66,51.50
65.954166,0.0024,0.0635,1.0010,0.00,0.00,0.00,2.15,0.66,51.50
66.014819,0.0020,0.0635,1.0015,0.00,0.00,-0.06,2.15,0.66,51.50
66.044009,0.0020,0.0635,1.0010,-0.06,0.00,-0.06,2.15,0.66,51.50
66.075410,0.0020,0.0625,1.0005,0.00,0.00,-0.06,2.15,0.66,51.50
66.164849,0.0020,0.0625,1.0015,0.00,0.00,-0.06,2.15,0.66,51.50
66.193981,0.0024,0.0625,1.0010,0.00,0.00,-0.06,2.15,0.66,51.50
66.254837,0.0024,0.0635,1.0000,0.00,0.00,-0.12,2.15,0.66,51.50
66.284066,0.0020,0.0630,1.0005,0.00,0.00,-0.06,2.15,0.66,51.50
66.375060,0.0015,0.0635,1.0005,0.00,0.00,-0.06,2.15,0.66,51.50
66.404748,0.0024,0.0630,1.0005,0.00,0.00,-0.06,2.15,0.66,51.50
66.434741,0.0029,0.0625,1.0010,0.00,0.00,0.00,2.15,0.66,51.50
66.494762,0.0029,0.0615,1.0015,0.00,0.00,-0.06,2.15,0.66,51.50
66.556478,0.0020,0.0625,1.0020,0.00,0.00,-0.06,2.15,0.66,51.50
66.614168,0.0015,0.0635,1.0010,0.06,0.00,0.00,2.15,0.66,51.50
66.644659,0.0005,0.0635,1.0010,0.00,0.00,0.00,2.15,0.66,51.50
66.674510,0.0015,0.0635,1.0020,0.00,0.00,-0.06,2.15,0.66,51.50
66.764907,0.0020,0.0635,1.0015,0.00,0.00,-0.12,2.15,0.66,51.50
66.794869,0.0020,0.0625,1.0020,0.00,0.00,0.00,2.15,0.66,51.50
66.854835,0.0015,0.0615,1.0020,0.00,-0.06,0.00,2.15,0.66,51.50
66.884106,0.0024,0.0620,1.0015,0.00,-0.06,-0.06,2.15,0.66,51.50
66.975123,0.0020,0.0630,1.0010,0.00,0.00,-0.06,2.15,0.66,51.50
67.005766,0.0020,0.0625,1.0015,0.00,0.00,-0.06,2.15,0.66,51.50
67.064849,0.0020,0.0640,1.0015,0.00,0.00,-0.12,2.15,0.66,51.50
67.094118,0.0020,0.0635,1.0010,0.00,0.00,0.00,2.15,0.66,51.50
67.184861,0.0029,0.0630,1.0015,0.00,0.00,-0.06,2.15,0.66,51.50
67.214113,0.0015,0.0635,1.0010,0.00,0.00,0.00,2.15,0.66,51.50
67.244834,0.0010,0.0635,1.0015,0.00,0.00,-0.06,2.15,0.66,51.50
67.305353,0.0015,0.0635,1.0015,0.00,0.00,-0.06,2.15,0.66,51.50
67.364050,0.0010,0.0630,1.0020,0.00,0.00,-0.06,2.15,0.66,51.50
67.424935,0.0024,0.0620,1.0015,0.00,0.00,0.00,2.15,0.66,51.50
67.454092,0.0020,0.0625,1.0005,0.00,0.06,-0.06,2.15,0.66,51.50
67.484748,0.0029,0.0630,1.0020,0.00,0.00,-0.06,2.15,0.66,51.50
67.576529,0.0015,0.0635,1.0010,0.00,0.00,0.00,2.15,0.66,51.50
67.604638,0.0010,0.0625,1.0015,0.00,0.00,0.00,2.15,0.66,51.50
67.604638,0.0020,0.0620,1.0015,0.00,0.00,0.00,2.15,0.66,51.50
67.604638,0.0015,0.0630,1.0015,0.00,0.00,-0.06,2.15,0.66,51.50
67.665334,0.0020,0.0625,1.0020,0.00,0.06,-0.06,2.15,0.66,51.50
67.665334,0.0024,0.0630,1.0024,0.00,0.00,0.00,2.15,0.66,51.50
67.665334,0.0015,0.0630,1.0024,0.00,0.00,0.00,2.15,0.66,51.50
67.665334,0.0020,0.0625,1.0015,0.00,0.00,-0.06,2.15,0.66,51.50
67.694096,0.0020,0.0620,1.0010,0.00,0.00,-0.06,2.15,0.66,51.50
67.694096,0.0015,0.0630,1.0015,0.00,0.00,-0.06,2.15,0.66,51.50
67.694096,0.0010,0.0630,1.0020,0.00,0.00,-0.06,2.15,0.66,51.50
67.694096,0.0015,0.0640,1.0010,0.00,0.00,-0.06,2.15,0.66,51.50
67.725046,0.0020,0.0630,1.0015,0.00,0.00,-0.06,2.15,0.66,51.50
67.725046,0.0020,0.0635,1.0005,0.00,0.00,-0.06,2.15,0.66,51.50
67.725046,0.0020,0.0635,1.0010,0.00,0.00,-0.06,2.15,0.66,51.50
67.725046,0.0024,0.0630,1.0015,0.00,0.00,-0.06,2.15,0.66,51.50
67.787111,0.0020,0.0625,1.0010,0.00,0.00,-0.06,2.15,0.66,51.50
67.787111,0.0029,0.0630,1.0010,0.00,0.00,0.00,2.15,0.66,51.50
67.787111,0.0029,0.0630,1.0015,0.00,0.00,-0.06,2.15,0.66,51.50
67.787111,0.0020,0.0635,1.0010,0.00,0.00,-0.06,2.15,0.66,51.50
67.817119,0.0020,0.0630,1.0020,0.00,0.00,0.00,2.15,0.66,51.50
67.817119,0.0015,0.0640,1.0010,0.00,0.00,-0.06,2.15,0.66,51.50
67.817119,0.0015,0.0635,1.0020,0.06,0.00,-0.06,2.15,0.66,51.50
67.817119,0.0015,0.0635,1.0020,0.00,0.00,0.00,2.15,0.66,51.50
67.844423,0.0015,0.0645,1.0015,0.06,0.00,-0.06,2.15,0.66,51.50
67.844423,0.0020,0.0635,1.0024,0.00,0.00,-0.06,2.15,0.66,51.50
67.844423,0.0024,0.0625,1.0029,0.00,0.00,0.00,2.15,0.66,51.50
67.844423,0.0029,0.0625,1.0020,0.00,0.00,-0.06,2.15,0.66,51.50
67.905132,0.0024,0.0625,1.0020,0.00,0.00,0.00,2.15,0.66,51.50
67.905132,0.0020,0.0625,1.0020,0.00,0.00,0.00,2.15,0.66,51.50
67.905132,0.0020,0.0635,1.0020,0.00,0.00,-0.06,2.15,0.66,51.50
67.905132,0.0015,0.0635,1.0015,0.00,0.00,-0.06,2.15,0.66,51.50
67.934464,0.0020,0.0635,1.0015,0.00,0.00,-0.06,2.15,0.66,51.50
67.934464,0.0029,0.0630,1.0020,0.00,0.00,0.00,2.15,0.66,51.50
67.934464,0.0015,0.0635,1.0015,0.00,0.00,-0.06,2.15,0.66,51.50
67.934464,0.0010,0.0625,1.0010,0.00,0.00,-0.06,2.15,0.66,51.50
67.965105,0.0020,0.0630,1.0010,0.00,0.00,0.00,2.15,0.66,51.50
67.965105,0.0024,0.0630,1.0010,0.00,0.00,0.00,2.15,0.66,51.50
67.965105,0.0015,0.0625,1.0015,0.00,0.00,-0.06,2.15,0.66,51.50
67.965105,0.0020,0.0630,1.0005,0.00,0.00,-0.06,2.15,0.66,51.50
68.025062,0.0020,0.0625,1.0015,0.00,0.00,-0.06,2.15,0.66,51.50
68.025062,0.0015,0.0625,1.0010,0.00,0.00,0.00,2.15,0.66,51.50
68.025062,0.0015,0.0630,1.0005,0.00,0.00,-0.06,2.15,0.66,51.50
68.025062,0.0015,0.0620,1.0005,0.00,0.00,-0.06,2.15,0.66,51.50
68.057520,0.0015,0.0625,1.0005,0.00,0.00,0.00,2.15,0.66,51.50
68.057520,0.0020,0.0625,1.0010,0.00,0.00,0.00,2.15,0.66,51.50
68.057520,0.0020,0.0635,1.0010,0.00,0.00,-0.12,2.15,0.66,51.50
68.057520,0.0029,0.0630,1.0015,0.00,0.00,-0.06,2.15,0.66,51.50
68.084470,0.0024,0.0625,1.0010,0.00,0.00,-0.06,2.15,0.66,51.50
68.084470,0.0024,0.0625,1.0005,0.00,0.00,0.00,2.15,0.66,51.50
68.084470,0.0024,0.0625,1.0015,0.00,0.00,-0.06,2.15,0.66,51.50
68.084470,0.0020,0.0625,1.0015,0.00,0.00,-0.06,2.15,0.66,51.50
68.145266,0.0020,0.0625,1.0015,0.00,0.00,-0.06,2.15,0.66,51.50
68.145266,0.0029,0.0635,1.0020,0.00,0.00,-0.06,2.15,0.66,51.50
68.145266,0.0020,0.0625,1.0010,0.00,0.00,-0.06,2.15,0.66,51.50
68.145266,0.0024,0.0625,1.0015,0.00,0.06,0.00,2.15,0.66,51.50
68.175980,0.0034,0.0620,1.0010,0.00,0.00,-0.06,2.15,0.66,51.50
68.175980,0.0024,0.0625,1.0015,0.00,0.00,-0.06,2.15,0.66,51.50
68.175980,0.0020,0.0630,1.0015,0.06,0.00,0.00,2.15,0.66,51.50
68.175980,0.0020,0.0630,1.0024,0.00,0.00,-0.06,2.15,0.66,51.50
68.204700,0.0015,0.0635,1.0024,0.00,0.00,0.00,2.15,0.66,51.50
68.204700,0.0015,0.0635,1.0024,0.00,0.00,-0.06,2.15,0.66,51.50
68.204700,0.0015,0.0630,1.0020,0.00,0.00,-0.06,2.15,0.66,51.50
68.204700,0.0015,0.0620,1.0020,0.00,0.00,0.00,2.15,0.66,51.50
68.265187,0.0020,0.0630,1.0020,-0.06,0.00,0.00,2.15,0.66,51.50
68.265187,0.0020,0.0635,1.0015,0.00,0.00,0.00,2.15,0.66,51.50
68.265187,0.0024,0.0630,1.0015,0.00,0.00,0.00,2.15,0.66,51.50
68.265187,0.0020,0.0630,1.0015,0.00,0.00,0.00,2.15,0.66,51.50
68.294431,0.0015,0.0625,1.0015,0.00,0.00,0.00,2.15,0.66,51.50
68.294431,0.0020,0.0630,1.0015,0.00,0.00,-0.06,2.15,0.66,51.50
68.294431,0.0015,0.0630,1.0010,0.00,0.00,0.00,2.15,0.66,51.50
68.294431,0.0024,0.0635,1.0005,0.00,0.00,0.00,2.15,0.66,51.50
68.354402,0.0024,0.0625,1.0005,0.00,0.00,-0.06,2.15,0.66,51.50
68.354402,0.0015,0.0625,1.0005,0.00,0.00,-0.06,2.15,0.66,51.50
68.354402,0.0010,0.0630,1.0005,0.00,0.00,-0.06,2.15,0.66,51.50
68.354402,0.0015,0.0625,1.0005,0.00,0.00,0.00,2.15,0.66,51.50
68.385195,0.0015,0.0625,1.0015,0.00,0.00,-0.06,2.15,0.66,51.50
68.385195,0.0020,0.0630,1.0010,0.00,0.00,-0.06,2.15,0.66,51.50
68.385195,0.0020,0.0625,1.0010,0.00,0.00,-0.06,2.15,0.66,51.50
68.385195,0.0015,0.0625,1.0005,0.00,0.00,-0.06,2.15,0.66,51.50
68.414319,0.0010,0.0635,0.9995,0.00,0.00,-0.06,2.15,0.66,51.50
68.414319,0.0010,0.0620,0.9990,0.00,0.00,0.00,2.15,0.66,51.50
68.414319,0.0029,0.0615,0.9995,0.00,0.00,-0.06,2.15,0.66,51.50
68.414319,0.0029,0.0620,0.9990,0.06,0.00,-0.06,2.15,0.66,51.50
68.475463,0.0010,0.0635,0.9995,0.00,0.00,-0.06,2.15,0.66,51.50
68.475463,0.0015,0.0635,1.0010,0.00,0.00,0.00,2.15,0.66,51.50
68.475463,0.0015,0.0625,1.0015,0.00,0.00,-0.06,2.15,0.66,51.50
68.475463,0.0020,0.0625,1.0010,0.00,-0.06,0.00,2.15,0.66,51.50
68.506612,0.0015,0.0635,1.0020,0.00,0.00,0.00,2.15,0.66,51.50
68.506612,0.0020,0.0640,1.0029,0.00,0.00,-0.12,2.15,0.66,51.50
68.506612,0.0010,0.0635,1.0024,0.00,0.00,-0.06,2.15,0.66,51.50
68.506612,0.0020,0.0635,1.0020,0.00,0.00,-0.06,2.15,0.66,51.50
68.534805,0.0020,0.0635,1.0029,0.00,0.00,-0.12,2.15,0.66,51.50
68.534805,0.0015,0.0640,1.0034,0.06,0.00,-0.12,2.15,0.66,51.50
68.534805,0.0015,0.0640,1.0029,0.00,0.00,-0.06,2.15,0.66,51.50
68.534805,0.0015,0.0630,1.0029,0.00,0.00,0.00,2.15,0.66,51.50
68.595201,0.0024,0.0635,1.0034,0.00,0.00,-0.06,2.15,0.66,51.50
68.595201,0.0024,0.0630,1.0020,0.00,0.00,-0.06,2.15,0.66,51.50
68.595201,0.0024,0.0635,1.0005,0.00,0.00,-0.06,2.15,0.66,51.50
68.595201,0.0020,0.0630,1.0015,0.00,0.00,-0.06,2.15,0.66,51.50
68.624384,0.0020,0.0630,1.0015,0.00,0.00,0.00,2.15,0.66,51.50
68.624384,0.0029,0.0625,1.0010,0.00,0.06,-0.06,2.15,0.66,51.50
68.624384,0.0034,0.0625,1.0005,0.00,0.00,0.00,2.15,0.66,51.50
68.624384,0.0034,0.0620,1.0005,0.00,0.00,-0.06,2.15,0.66,51.50
68.655171,0.0029,0.0630,1.0010,0.00,0.00,-0.06,2.15,0.66,51.50
68.655171,0.0034,0.0625,1.0005,0.00,0.00,-0.06,2.15,0.66,51.50
68.655171,0.0034,0.0625,1.0005,0.00,0.00,0.00,2.15,0.66,51.50
68.655171,0.0029,0.0630,1.0010,0.00,0.00,0.00,2.15,0.66,51.50
68.714532,0.0029,0.0630,1.0020,0.00,0.00,-0.06,2.15,0.66,51.50
68.714532,0.0029,0.0635,1.0010,0.00,0.00,-0.06,2.15,0.66,51.50
68.714532,0.0029,0.0625,1.0010,0.00,0.00,-0.06,2.15,0.66,51.50
68.714532,0.0034,0.0625,1.0010,0.00,0.00,-0.06,2.15,0.66,51.50
68.745068,0.0024,0.0620,1.0005,0.00,0.00,0.00,2.15,0.66,51.50
68.745068,0.0020,0.0625,1.0010,0.00,0.00,-0.06,2.15,0.66,51.50
68.745068,0.0020,0.0625,1.0020,0.00,0.00,-0.06,2.15,0.66,51.50
68.745068,0.0010,0.0630,1.0020,0.00,0.00,-0.12,2.15,0.66,51.50
68.775914,0.0015,0.0630,1.0010,0.00,0.00,-0.06,2.15,0.66,51.50
68.775914,0.0010,0.0630,1.0005,0.00,0.06,-0.06,2.15,0.66,51.50
68.775914,0.0010,0.0630,1.0015,0.00,0.00,-0.06,2.15,0.66,51.50
68.775914,0.0015,0.0625,1.0010,0.00,0.00,-0.12,2.15,0.66,51.50
68.837060,0.0015,0.0620,1.0020,0.00,0.00,-0.06,2.15,0.66,51.50
68.837060,0.0010,0.0635,1.0015,0.00,0.00,0.00,2.15,0.66,51.50
68.837060,0.0010,0.0630,1.0010,0.00,0.00,-0.06,2.15,0.66,51.50
68.837060,0.0015,0.0635,1.0010,0.00,0.00,-0.06,2.15,0.66,51.50
68.865309,0.0005,0.0630,1.0010,0.06,0.06,-0.06,2.15,0.66,51.50
68.865309,0.0005,0.0640,1.0005,0.00,0.00,-0.06,2.15,0.66,51.50
68.865309,0.0010,0.0640,1.0010,0.00,0.00,-0.06,2.15,0.66,51.50
68.865309,0.0010,0.0640,1.0015,0.00,0.00,-0.06,2.15,0.66,51.50
68.894975,0.0010,0.0630,1.0005,0.00,0.00,-0.06,2.15,0.66,51.50
68.894975,0.0000,0.0635,1.0005,0.00,0.00,-0.06,2.15,0.66,51.50
68.894975,0.0005,0.0635,1.0005,0.06,0.00,-0.06,2.15,0.66,51.50
68.894975,0.0015,0.0630,1.0000,0.00,0.00,0.00,2.15,0.66,51.50
68.955034,0.0015,0.0635,1.0010,0.00,0.00,0.00,2.15,0.66,51.50
68.955034,0.0015,0.0635,1.0010,0.00,0.00,-0.06,2.15,0.66,51.50
68.955034,0.0020,0.0635,1.0005,0.00,0.00,-0.06,2.15,0.66,51.50
68.955034,0.0020,0.0635,1.0010,0.00,0.00,-0.06,2.15,0.66,51.50
68.984545,0.0020,0.0645,1.0010,0.00,0.00,-0.06,2.15,0.66,51.50
68.984545,0.0020,0.0640,1.0010,0.00,0.00,0.00,2.15,0.66,51.50
68.984545,0.0024,0.0635,1.0010,0.00,0.00,-0.12,2.15,0.66,51.50
68.984545,0.0020,0.0640,1.0010,0.00,0.00,-0.06,2.15,0.66,51.50
69.015212,0.0020,0.0640,1.0005,0.00,0.00,0.00,2.15,0.66,51.50
69.015212,0.0015,0.0630,1.0010,0.00,0.00,-0.06,2.15,0.66,51.50
69.015212,0.0015,0.0630,1.0010,0.00,0.00,-0.06,2.15,0.66,51.50
69.015212,0.0015,0.0630,1.0000,0.00,0.00,-0.06,2.15,0.66,51.50
69.075358,0.0024,0.0635,1.0015,0.00,0.00,-0.06,2.15,0.66,51.50
69.075358,0.0020,0.0635,1.0010,0.00,0.00,-0.06,2.15,0.66,51.50
69.075358,0.0020,0.0620,1.0005,0.00,0.00,-0.06,2.15,0.66,51.50
69.075358,0.0029,0.0625,1.0015,0.00,-0.06,-0.12,2.15,0.66,51.50
69.112329,0.0029,0.0620,1.0010,0.00,0.00,-0.06,2.15,0.66,51.50
69.112329,0.0024,0.0615,1.0010,0.00,0.00,-0.12,2.15,0.66,51.50
69.112329,0.0029,0.0625,1.0020,0.00,-0.06,-0.12,2.15,0.66,51.50
69.112329,0.0024,0.0620,1.0024,0.00,0.00,-0.06,2.15,0.66,51.50
69.135447,0.0024,0.0625,1.0020,0.00,0.00,0.00,2.15,0.66,51.50
69.135447,0.0029,0.0620,1.0020,0.00,0.00,-0.06,2.15,0.66,51.50
69.135447,0.0020,0.0620,1.0020,0.00,0.00,0.00,2.15,0.66,51.50
69.135447,0.0024,0.0615,1.0020,0.00,0.00,-0.06,2.15,0.66,51.50
69.196912,0.0029,0.0620,1.0020,0.00,0.00,0.00,2.15,0.66,51.50
69.196912,0.0029,0.0625,1.0024,0.00,0.06,-0.06,2.15,0.66,51.50
69.196912,0.0029,0.0625,1.0010,0.00,0.00,0.00,2.15,0.66,51.50
69.196912,0.0034,0.0625,1.0015,0.00,0.00,0.00,2.15,0.66,51.50
69.224914,0.0029,0.0625,1.0000,0.00,0.06,-0.06,2.15,0.66,51.50
69.224914,0.0029,0.0630,1.0005,0.00,0.00,-0.06,2.15,0.66,51.50
69.224914,0.0020,0.0625,1.0010,0.00,0.00,-0.06,2.15,0.66,51.50
69.224914,0.0024,0.0625,1.0015,0.00,0.00,-0.06,2.15,0.66,51.50
69.254237,0.0029,0.0630,1.0015,0.00,0.00,-0.12,2.15,0.66,51.50
69.254237,0.0020,0.0630,1.0020,0.06,0.00,-0.06,2.15,0.66,51.50
69.254237,0.0020,0.0635,1.0020,0.00,0.00,-0.06,2.15,0.66,51.50
69.254237,0.0015,0.0625,1.0020,0.00,0.00,-0.06,2.15,0.66,51.50
69.315116,0.0020,0.0620,1.0020,0.00,0.00,-0.06,2.15,0.66,51.50
69.315116,0.0015,0.0630,1.0015,0.00,0.00,0.00,2.15,0.66,51.50
69.315116,0.0015,0.0630,1.0015,0.00,0.00,-0.06,2.15,0.66,51.50
69.315116,0.0015,0.0630,1.0015,0.00,0.00,-0.06,2.15,0.66,51.50
69.344226,0.0024,0.0630,1.0020,0.00,0.00,0.00,2.15,0.66,51.50
69.344226,0.0024,0.0630,1.0024,0.00,0.00,0.00,2.15,0.66,51.50
69.344226,0.0024,0.0635,1.0015,0.00,0.00,-0.06,2.15,0.66,51.50
69.344226,0.0024,0.0630,1.0015,0.00,0.00,-0.06,2.15,0.66,51.50
69.374517,0.0020,0.0635,1.0015,0.00,0.00,-0.06,2.15,0.66,51.50
69.374517,0.0015,0.0625,1.0010,0.00,0.00,0.00,2.15,0.66,51.50
69.374517,0.0020,0.0620,1.0010,0.00,0.00,-0.06,2.15,0.66,51.50
69.374517,0.0015,0.0635,1.0020,0.00,0.00,-0.06,2.15,0.66,51.50
69.435069,0.0010,0.0640,1.0015,0.00,0.00,-0.06,2.15,0.66,51.50
69.435069,0.0010,0.0635,1.0015,0.00,0.00,-0.06,2.15,0.66,51.50
69.435069,0.0010,0.0630,1.0005,0.00,0.00,-0.06,2.15,0.66,51.50
69.435069,0.0015,0.0630,1.0010,0.00,0.00,-0.06,2.15,0.66,51.50
69.464231,0.0005,0.0630,1.0020,0.00,0.00,-0.06,2.15,0.66,51.50
69.464231,0.0010,0.0635,1.0024,0.00,0.00,-0.06,2.15,0.66,51.50
69.464231,0.0015,0.0625,1.0020,0.00,0.00,0.00,2.15,0.66,51.50
69.464231,0.0005,0.0625,1.0020,0.00,0.00,-0.06,2.15,0.66,51.50
69.497091,0.0010,0.0620,1.0010,0.00,0.00,-0.06,2.15,0.66,51.50
69.497091,0.0020,0.0625,1.0015,0.00,0.00,-0.06,2.15,0.66,51.50
69.497091,0.0020,0.0625,1.0005,0.00,0.00,-0.06,2.15,0.66,51.50
69.497091,0.0024,0.0625,1.0010,0.00,0.00,-0.06,2.15,0.66,51.50
69.555285,0.0024,0.0630,1.0015,0.00,0.00,-0.06,2.15,0.66,51.50
69.555285,0.0015,0.0625,1.0010,0.00,0.00,-0.06,2.15,0.66,51.50
69.555285,0.0015,0.0625,1.0015,0.00,0.00,0.00,2.15,0.66,51.50
69.555285,0.0015,0.0630,1.0010,0.00,0.00,0.00,2.15,0.66,51.50
69.584418,0.0024,0.0625,1.0010,0.00,-0.06,-0.06,2.15,0.66,51.50
69.584418,0.0024,0.0620,1.0005,0.00,-0.06,-0.06,2.15,0.66,51.50
69.584418,0.0020,0.0635,1.0005,0.00,0.00,0.00,2.15,0.66,51.50
69.584418,0.0020,0.0630,1.0005,0.00,0.00,-0.06,2.15,0.66,51.50
69.615185,0.0015,0.0625,1.0010,0.00,0.00,-0.06,2.15,0.66,51.50
69.615185,0.0015,0.0635,1.0015,0.00,0.00,0.00,2.15,0.66,51.50
69.615185,0.0024,0.0630,1.0005,0.00,0.00,0.00,2.15,0.66,51.50
69.615185,0.0020,0.0630,1.0010,0.00,-0.06,0.00,2.15,0.66,51.50
69.675498,0.0020,0.0630,1.0010,0.00,0.00,-0.06,2.15,0.66,51.50
69.675498,0.0020,0.0625,1.0020,0.00,0.00,0.00,2.15,0.66,51.50
69.675498,0.0024,0.0625,1.0015,0.00,0.00,-0.06,2.15,0.66,51.50
69.675498,0.0024,0.0625,1.0020,0.00,0.00,-0.06,2.15,0.66,51.50
69.704443,0.0034,0.0630,1.0015,0.06,0.00,0.00,2.15,0.66,51.50
69.704443,0.0029,0.0625,1.0010,0.00,0.00,-0.06,2.15,0.66,51.50
69.704443,0.0029,0.0630,1.0015,0.00,0.00,-0.06,2.15,0.66,51.50
69.704443,0.0024,0.0625,1.0015,0.06,0.00,-0.06,2.15,0.66,51.50
69.765227,0.0029,0.0630,1.0015,0.06,0.00,0.00,2.15,0.66,51.50
69.765227,0.0029,0.0635,1.0015,0.00,0.00,-0.06,2.15,0.66,51.50
69.765227,0.0024,0.0630,1.0020,0.06,0.00,-0.06,2.15,0.66,51.50
69.765227,0.0020,0.0630,1.0024,0.06,0.00,0.00,2.15,0.66,51.50
69.794431,0.0024,0.0635,1.0015,0.00,0.00,0.00,2.15,0.66,51.50
69.794431,0.0020,0.0630,1.0024,0.00,0.00,-0.06,2.15,0.66,51.50
69.794431,0.0024,0.0630,1.0024,0.00,-0.06,-0.06,2.15,0.66,51.50
69.794431,0.0020,0.0625,1.0024,0.00,0.00,-0.06,2.15,0.66,51.50
69.824382,0.0020,0.0635,1.0015,0.00,0.00,-0.06,2.15,0.66,51.50
69.824382,0.0020,0.0630,1.0005,0.00,0.00,-0.06,2.15,0.66,51.50
69.824382,0.0020,0.0635,1.0005,0.00,0.00,-0.06,2.15,0.66,51.50
69.824382,0.0020,0.0630,1.0005,0.00,0.00,-0.06,2.15,0.66,51.50
69.886152,0.0024,0.0635,1.0015,0.00,0.00,-0.06,2.15,0.66,51.50
69.886152,0.0024,0.0630,1.0020,0.00,0.06,-0.06,2.15,0.66,51.50
69.886152,0.0020,0.0635,1.0010,0.00,0.00,-0.06,2.15,0.66,51.50
69.886152,0.0020,0.0630,1.0010,0.00,0.00,-0.06,2.15,0.66,51.50
69.915259,0.0020,0.0635,1.0015,0.00,0.06,-0.06,2.15,0.66,51.50
69.915259,0.0015,0.0630,1.0015,0.00,0.00,-0.06,2.15,0.66,51.50
69.915259,0.0015,0.0630,1.0005,0.00,0.00,-0.06,2.15,0.66,51.50
69.915259,0.0020,0.0630,1.0000,0.00,0.00,0.00,2.15,0.66,51.50
69.944395,0.0015,0.0625,1.0005,0.00,0.00,-0.06,2.15,0.66,51.50
69.944395,0.0020,0.0630,1.0005,0.00,0.00,-0.06,2.15,0.66,51.50
69.944395,0.0024,0.0630,1.0010,0.00,0.00,-0.06,2.15,0.66,51.50
69.944395,0.0020,0.0630,1.0010,0.00,0.00,-0.06,2.15,0.66,51.50
70.005150,0.0015,0.0625,0.9995,0.00,0.00,-0.06,2.15,0.66,51.50
70.005150,0.0015,0.0630,0.9995,0.00,0.00,-0.12,2.15,0.66,51.50
70.005150,0.0015,0.0630,1.0000,0.00,0.00,-0.06,2.15,0.66,51.50
70.005150,0.0005,0.0625,1.0010,0.00,0.00,-0.06,2.15,0.66,51.50
70.034735,0.0005,0.0630,1.0020,0.00,0.00,-0.06,2.15,0.66,51.50
70.034735,0.0015,0.0625,1.0015,0.00,0.00,-0.06,2.15,0.66,51.50
70.034735,0.0010,0.0630,1.0020,0.00,0.00,-0.06,2.15,0.66,51.50
70.034735,0.0005,0.0630,1.0015,0.00,0.00,0.00,2.15,0.66,51.50
70.067014,0.0010,0.0630,1.0020,0.00,0.00,0.00,2.15,0.66,51.50
70.067014,0.0010,0.0630,1.0005,0.00,0.00,-0.06,2.15,0.66,51.50
70.067014,0.0020,0.0625,1.0010,0.00,0.00,-0.06,2.15,0.66,51.50
70.067014,0.0015,0.0630,1.0005,0.00,0.00,-0.06,2.15,0.66,51.50
70.125137,0.0010,0.0630,1.0015,0.00,0.00,-0.12,2.15,0.66,51.50
70.125137,0.0015,0.0625,1.0015,0.00,0.00,-0.06,2.15,0.66,51.50
70.125137,0.0020,0.0625,1.0015,0.00,-0.06,-0.06,2.15,0.66,51.50
70.125137,0.0029,0.0630,1.0020,0.00,0.00,0.00,2.15,0.66,51.50
70.159951,0.0024,0.0630,1.0010,0.00,0.00,-0.06,2.15,0.66,51.50
70.159951,0.0029,0.0625,1.0005,0.00,0.00,-0.06,2.15,0.66,51.50
70.159951,0.0029,0.0630,1.0010,0.00,0.00,0.00,2.15,0.66,51.50
70.159951,0.0029,0.0630,1.0005,0.00,0.00,0.00,2.15,0.66,51.50
70.187174,0.0020,0.0630,1.0005,0.00,0.00,0.00,2.15,0.66,51.50
70.187174,0.0024,0.0630,1.0015,0.00,0.00,-0.06,2.15,0.66,51.50
70.187174,0.0024,0.0635,1.0020,0.00,0.00,0.00,2.15,0.66,51.50
70.187174,0.0020,0.0640,1.0005,0.00,-0.06,-0.06,2.15,0.66,51.50
70.244464,0.0024,0.0630,1.0010,0.00,0.00,-0.06,2.15,0.66,51.50
70.244464,0.0020,0.0630,1.0010,0.00,0.00,-0.06,2.15,0.66,51.50
70.244464,0.0020,0.0630,1.0010,0.00,0.00,-0.06,2.15,0.66,51.50
70.244464,0.0024,0.0635,1.0010,0.00,0.00,-0.12,2.15,0.66,51.50
70.275374,0.0024,0.0630,1.0010,0.00,0.00,0.00,2.15,0.66,51.50
70.275374,0.0020,0.0630,1.0010,0.00,0.00,0.00,2.15,0.66,51.50
70.275374,0.0024,0.0625,1.0015,0.00,0.00,-0.06,2.15,0.66,51.50
70.275374,0.0020,0.0615,1.0010,0.00,0.00,0.00,2.15,0.66,51.50
70.304313,0.0024,0.0625,1.0010,0.00,0.00,0.00,2.15,0.66,51.50
70.304313,0.0020,0.0625,1.0015,0.00,0.00,-0.06,2.15,0.66,51.50
70.304313,0.0020,0.0625,1.0010,0.06,0.00,-0.06,2.15,0.66,51.50
70.304313,0.0024,0.0630,1.0015,0.00,0.00,-0.06,2.15,0.66,51.50
70.365355,0.0020,0.0630,1.0020,0.00,0.00,-0.12,2.15,0.66,51.50
70.365355,0.0015,0.0625,1.0015,0.00,0.00,-0.06,2.15,0.66,51.50
70.365355,0.0020,0.0630,1.0010,0.00,0.00,0.00,2.15,0.66,51.50
70.365355,0.0024,0.0625,1.0010,0.00,0.00,0.00,2.15,0.66,51.50
70.394307,0.0020,0.0620,1.0015,0.00,0.00,-0.06,2.15,0.66,51.50
70.394307,0.0024,0.0620,1.0015,0.00,0.00,-0.06,2.15,0.66,51.50
70.394307,0.0020,0.0630,1.0010,0.00,0.00,-0.12,2.15,0.66,51.50
70.394307,0.0010,0.0620,1.0010,0.00,0.00,-0.06,2.15,0.66,51.50
70.424442,0.0015,0.0630,1.0010,0.06,0.00,-0.12,2.15,0.66,51.50
70.424442,0.0010,0.0625,1.0005,0.00,0.00,0.00,2.15,0.66,51.50
70.424442,0.0015,0.0630,1.0010,0.00,0.06,-0.06,2.15,0.66,51.50
70.424442,0.0020,0.0625,1.0015,0.00,0.00,-0.06,2.15,0.66,51.50
70.484266,0.0015,0.0630,1.0015,0.00,0.00,0.00,2.15,0.66,51.50
70.484266,0.0015,0.0625,1.0015,0.00,0.00,0.00,2.15,0.66,51.50
70.484266,0.0024,0.0630,1.0005,0.00,0.00,-0.06,2.15,0.66,51.50
70.484266,0.0020,0.0630,1.0005,0.00,-0.06,0.00,2.15,0.66,51.50
70.515106,0.0020,0.0630,1.0005,0.00,0.00,-0.06,2.15,0.66,51.50
70.515106,0.0015,0.0625,1.0010,0.00,0.00,-0.06,2.15,0.66,51.50
70.515106,0.0020,0.0625,1.0010,0.00,0.00,-0.06,2.15,0.66,51.50
70.515106,0.0020,0.0630,1.0005,0.06,0.00,-0.06,2.15,0.66,51.50
70.546253,0.0015,0.0620,1.0010,0.00,0.00,-0.12,2.15,0.66,51.50
70.546253,0.0015,0.0625,1.0015,0.00,0.00,-0.06,2.15,0.66,51.50
70.546253,0.0015,0.0635,1.0024,0.00,0.00,-0.12,2.15,0.66,51.50
70.546253,0.0010,0.0640,1.0015,0.00,0.00,-0.06,2.15,0.66,51.50
70.604504,0.0010,0.0630,1.0015,0.00,0.00,-0.06,2.15,0.66,51.50
70.604504,0.0010,0.0625,1.0015,0.00,0.00,0.00,2.15,0.66,51.50
70.604504,0.0020,0.0625,1.0015,0.00,0.00,-0.06,2.15,0.66,51.50
70.604504,0.0015,0.0630,1.0005,0.00,0.00,-0.06,2.15,0.66,51.50
70.635143,0.0020,0.0630,1.0010,0.00,0.00,-0.06,2.15,0.66,51.50
70.635143,0.0024,0.0630,1.0010,0.00,0.00,-0.06,2.15,0.66,51.50
70.635143,0.0024,0.0630,1.0010,0.00,0.00,-0.06,2.15,0.66,51.50
70.635143,0.0020,0.0630,1.0010,0.00,0.00,-0.06,2.15,0.66,51.50
70.664270,0.0020,0.0630,1.0010,0.00,0.00,0.00,2.15,0.66,51.50
70.664270,0.0020,0.0635,1.0000,0.00,0.00,-0.06,2.15,0.66,51.50
70.664270,0.0020,0.0630,1.0010,0.00,0.00,-0.06,2.15,0.66,51.50
70.664270,0.0020,0.0625,1.0020,0.00,0.00,-0.06,2.15,0.66,51.50
70.725300,0.0015,0.0625,1.0020,0.06,0.00,-0.06,2.15,0.66,51.50
70.725300,0.0015,0.0625,1.0024,0.06,0.00,-0.12,2.15,0.66,51.50
70.725300,0.0015,0.0630,1.0015,0.00,0.00,-0.06,2.15,0.66,51.50
70.725300,0.0015,0.0625,1.0020,0.00,0.00,-0.06,2.15,0.66,51.50
70.754335,0.0020,0.0630,1.0015,0.00,0.00,0.00,2.15,0.66,51.50
70.754335,0.0020,0.0620,1.0020,0.00,0.00,-0.06,2.15,0.66,51.50
70.754335,0.0024,0.0630,1.0020,0.06,0.00,-0.06,2.15,0.66,51.50
70.754335,0.0020,0.0625,1.0015,0.06,-0.06,-0.06,2.15,0.66,51.50
70.785112,0.0020,0.0625,1.0010,0.00,0.00,-0.06,2.15,0.66,51.50
70.785112,0.0020,0.0630,1.0020,0.00,0.00,-0.06,2.15,0.66,51.50
70.785112,0.0020,0.0630,1.0029,0.00,0.00,0.00,2.15,0.66,51.50
70.785112,0.0020,0.0625,1.0020,0.00,0.00,-0.06,2.15,0.66,51.50
70.845225,0.0020,0.0625,1.0020,0.00,0.00,-0.06,2.15,0.66,51.50
70.845225,0.0015,0.0625,1.0015,0.00,0.00,-0.06,2.15,0.66,51.50
70.845225,0.0020,0.0625,1.0015,0.00,0.00,0.00,2.15,0.66,51.50
70.845225,0.0020,0.0620,1.0020,0.00,0.00,-0.06,2.15,0.66,51.50
70.877284,0.0015,0.0625,1.0020,0.00,0.00,-0.06,2.15,0.66,51.50
70.877284,0.0020,0.0625,1.0020,0.00,0.00,-0.06,2.15,0.66,51.50
70.877284,0.0020,0.0630,1.0005,0.00,0.00,-0.06,2.15,0.66,51.50
70.877284,0.0024,0.0640,1.0005,0.00,0.00,-0.06,2.15,0.66,51.50
70.935294,0.0024,0.0640,1.0005,0.00,0.00,-0.06,2.15,0.66,51.50
70.935294,0.0020,0.0630,1.0015,0.00,0.00,-0.06,2.15,0.66,51.50
70.935294,0.0024,0.0625,1.0015,0.00,0.00,-0.06,2.15,0.66,51.50
70.935294,0.0020,0.0630,1.0020,0.06,0.00,0.00,2.15,0.66,51.50
70.965079,0.0015,0.0620,1.0015,0.00,0.00,0.00,2.15,0.66,51.50
70.965079,0.0015,0.0625,1.0020,0.00,0.00,-0.06,2.15,0.66,51.50
70.965079,0.0020,0.0625,1.0015,0.00,0.00,-0.12,2.15,0.66,51.50
70.965079,0.0020,0.0625,1.0015,0.00,0.00,-0.06,2.15,0.66,51.50
70.994478,0.0020,0.0635,1.0010,0.00,0.00,0.00,2.15,0.66,51.50
70.994478,0.0020,0.0635,1.0010,0.00,0.00,-0.06,2.15,0.66,51.50
70.994478,0.0020,0.0625,1.0020,0.00,0.00,-0.06,2.15,0.66,51.50
70.994478,0.0015,0.0625,1.0010,0.00,0.00,-0.06,2.15,0.66,51.50
71.025114,0.0020,0.0625,1.0015,0.00,0.00,0.00,2.15,0.66,51.50
71.025114,0.0015,0.0635,1.0020,0.00,0.00,0.00,2.15,0.66,51.50
71.025114,0.0020,0.0635,1.0024,0.00,0.00,0.00,2.15,0.66,51.50
71.025114,0.0024,0.0630,1.0020,0.00,0.00,0.00,2.15,0.66,51.50
71.084541,0.0020,0.0635,1.0024,0.00,0.00,-0.06,2.15,0.66,51.50
71.084541,0.0020,0.0635,1.0024,0.00,0.00,-0.06,2.15,0.66,51.50
71.084541,0.0020,0.0625,1.0024,0.00,0.00,-0.06,2.15,0.66,51.50
71.084541,0.0024,0.0630,1.0020,0.00,0.00,0.00,2.15,0.66,51.50
71.115317,0.0024,0.0625,1.0015,0.00,0.00,0.00,2.15,0.66,51.50
71.115317,0.0024,0.0630,1.0020,0.00,0.00,-0.06,2.15,0.66,51.50
71.115317,0.0024,0.0635,1.0010,0.06,0.00,-0.06,2.15,0.66,51.50
71.115317,0.0024,0.0635,1.0005,0.00,-0.06,0.00,2.15,0.66,51.50
71.177917,0.0024,0.0625,1.0020,0.00,0.00,-0.06,2.15,0.66,51.50
71.177917,0.0020,0.0625,1.0024,0.00,0.00,-0.06,2.15,0.66,51.50
71.177917,0.0020,0.0630,1.0015,0.00,0.00,-0.06,2.15,0.66,51.50
71.177917,0.0020,0.0625,1.0024,0.00,0.00,-0.06,2.15,0.66,51.50
71.207431,0.0024,0.0630,1.0015,0.06,0.00,-0.12,2.15,0.66,51.50
71.207431,0.0024,0.0630,1.0015,0.00,-0.06,-0.06,2.15,0.66,51.50
71.207431,0.0020,0.0630,1.0015,0.00,0.00,0.00,2.15,0.66,51.50
71.207431,0.0015,0.0625,1.0010,0.00,0.00,0.00,2.15,0.66,51.50
71.237040,0.0010,0.0625,1.0020,0.00,0.00,0.00,2.15,0.66,51.50
71.237040,0.0020,0.0635,1.0015,0.00,0.00,-0.06,2.15,0.66,51.50
71.237040,0.0024,0.0640,1.0024,0.00,0.00,-0.06,2.15,0.66,51.50
71.237040,0.0029,0.0640,1.0010,0.00,0.00,0.00,2.15,0.66,51.50
71.298240,0.0024,0.0635,1.0020,0.00,0.00,0.00,2.15,0.66,51.50
71.298240,0.0024,0.0630,1.0020,0.00,0.00,0.00,2.15,0.66,51.50
71.298240,0.0020,0.0630,1.0015,0.00,0.00,-0.06,2.15,0.66,51.50
71.298240,0.0015,0.0630,1.0020,0.00,0.00,-0.06,2.15,0.66,51.50
71.356733,0.0015,0.0630,1.0020,0.00,0.00,-0.06,2.15,0.66,51.50
71.356733,0.0024,0.0635,1.0015,0.00,0.00,-0.06,2.15,0.66,51.50
71.356733,0.0024,0.0630,1.0020,0.00,0.00,-0.06,2.15,0.66,51.50
71.356733,0.0024,0.0640,1.0024,0.00,0.00,-0.12,2.15,0.66,51.50
71.358023,0.0020,0.0635,1.0015,0.00,0.00,-0.06,2.15,0.66,51.50
71.358023,0.0020,0.0630,1.0020,0.00,0.00,-0.06,2.15,0.66,51.50
71.358023,0.0020,0.0630,1.0029,0.00,0.00,-0.06,2.15,0.66,51.50
71.358023,0.0024,0.0630,1.0015,0.00,0.00,-0.06,2.15,0.66,51.50
71.415048,0.0024,0.0635,1.0020,0.00,0.00,0.00,2.15,0.66,51.50
71.415048,0.0024,0.0625,1.0015,0.00,0.00,-0.06,2.15,0.66,51.50
71.415048,0.0015,0.0625,1.0015,0.00,0.00,0.00,2.15,0.66,51.50
71.415048,0.0020,0.0630,1.0024,0.00,0.00,0.00,2.15,0.66,51.50
71.444538,0.0015,0.0630,1.0029,0.00,0.00,-0.12,2.15,0.66,51.50
71.444538,0.0015,0.0620,1.0024,0.00,0.00,-0.12,2.15,0.66,51.50
71.444538,0.0015,0.0625,1.0020,0.00,0.00,-0.06,2.15,0.66,51.50
71.444538,0.0015,0.0625,1.0024,0.00,0.00,-0.06,2.15,0.66,51.50
71.475483,0.0020,0.0630,1.0020,0.00,0.00,-0.06,2.15,0.66,51.50
71.475483,0.0020,0.0625,1.0024,0.00,0.00,-0.12,2.15,0.66,51.50
71.475483,0.0010,0.0625,1.0020,0.00,0.00,0.00,2.15,0.66,51.50
71.475483,0.0015,0.0630,1.0020,0.00,0.00,0.00,2.15,0.66,51.50
71.535462,0.0024,0.0625,1.0020,0.00,0.00,-0.06,2.15,0.66,51.50
71.535462,0.0020,0.0625,1.0024,0.00,0.00,-0.12,2.15,0.66,51.50
71.535462,0.0015,0.0625,1.0015,0.00,0.00,-0.06,2.15,0.66,51.50
71.535462,0.0015,0.0630,1.0020,0.00,0.00,0.00,2.15,0.66,51.50
71.566727,0.0015,0.0630,1.0024,0.00,0.00,-0.06,2.15,0.66,51.50
71.566727,0.0015,0.0625,1.0020,0.00,0.00,0.00,2.15,0.66,51.50
71.566727,0.0015,0.0630,1.0020,0.00,0.00,0.00,2.15,0.66,51.50
71.566727,0.0015,0.0620,1.0020,0.00,0.00,-0.06,2.15,0.66,51.50
71.594864,0.0020,0.0620,1.0020,0.00,0.00,-0.06,2.15,0.66,51.50
71.594864,0.0020,0.0625,1.0024,0.00,0.00,-0.06,2.15,0.66,51.50
71.594864,0.0029,0.0625,1.0024,0.00,0.00,-0.06,2.15,0.66,51.50
71.594864,0.0020,0.0625,1.0015,0.00,0.00,0.00,2.15,0.66,51.50
71.655012,0.0015,0.0625,1.0010,0.06,0.00,0.00,2.15,0.66,51.50
71.655012,0.0015,0.0625,1.0015,0.00,0.00,0.00,2.15,0.66,51.50
71.655012,0.0015,0.0625,1.0020,0.00,0.00,0.00,2.15,0.66,51.50
71.655012,0.0015,0.0620,1.0015,0.00,0.00,0.00,2.15,0.66,51.50
71.684972,0.0020,0.0625,1.0015,0.00,-0.06,0.00,2.15,0.66,51.50
71.684972,0.0015,0.0625,1.0010,0.00,-0.06,0.00,2.15,0.66,51.50
71.684972,0.0015,0.0625,1.0010,0.00,0.00,0.00,2.15,0.66,51.50
71.684972,0.0020,0.0630,1.0020,0.00,-0.06,0.00,2.15,0.66,51.50
71.714338,0.0010,0.0635,1.0020,0.00,0.00,-0.06,2.15,0.66,51.50
71.714338,0.0020,0.0635,1.0015,0.00,0.00,0.00,2.15,0.66,51.50
71.714338,0.0020,0.0630,1.0020,0.00,0.00,-0.06,2.15,0.66,51.50
71.714338,0.0015,0.0635,1.0015,0.00,0.00,-0.06,2.15,0.66,51.50
71.775143,0.0015,0.0630,1.0020,0.00,0.00,-0.06,2.15,0.66,51.50
71.775143,0.0015,0.0635,1.0015,0.00,0.00,-0.06,2.15,0.66,51.50
71.775143,0.0015,0.0635,1.0010,0.00,0.00,-0.06,2.15,0.66,51.50
71.775143,0.0010,0.0635,1.0020,0.00,0.00,-0.06,2.15,0.66,51.50
71.804401,0.0020,0.0635,1.0015,0.00,0.00,-0.06,2.15,0.66,51.50
71.804401,0.0029,0.0620,1.0015,0.00,0.00,-0.12,2.15,0.66,51.50
71.804401,0.0029,0.0625,1.0010,0.00,0.00,0.00,2.15,0.66,51.50
71.804401,0.0020,0.0625,1.0015,0.00,0.00,-0.06,2.15,0.66,51.50
71.836102,0.0024,0.0620,1.0015,0.00,0.00,0.00,2.15,0.66,51.50
71.836102,0.0020,0.0620,1.0015,0.00,0.00,-0.06,2.15,0.66,51.50
71.836102,0.0015,0.0625,1.0015,0.00,0.00,0.00,2.15,0.66,51.50
71.836102,0.0020,0.0625,1.0010,0.00,0.00,0.00,2.15,0.66,51.50
71.895335,0.0024,0.0615,1.0015,0.00,0.00,0.00,2.15,0.66,51.50
71.895335,0.0015,0.0620,1.0010,0.00,0.00,0.00,2.15,0.66,51.50
71.895335,0.0020,0.0620,1.0015,0.00,0.00,0.00,2.15,0.66,51.50
71.895335,0.0024,0.0620,1.0015,0.00,0.00,-0.06,2.15,0.66,51.50
71.926174,0.0020,0.0620,1.0020,0.00,0.00,-0.06,2.15,0.66,51.50
71.926174,0.0020,0.0635,1.0010,0.00,0.00,0.00,2.15,0.66,51.50
71.926174,0.0024,0.0630,1.0015,0.00,0.00,0.00,2.15,0.66,51.50
71.926174,0.0020,0.0620,1.0024,0.00,0.00,0.00,2.15,0.66,51.50
71.954550,0.0015,0.0625,1.0010,0.00,0.00,0.00,2.15,0.66,51.50
71.954550,0.0020,0.0630,1.0000,0.06,0.00,0.00,2.15,0.66,51.50
71.954550,0.0024,0.0630,1.0005,0.00,0.00,0.00,2.15,0.66,51.50
71.954550,0.0020,0.0630,1.0015,0.00,0.00,0.00,2.15,0.66,51.50
72.015322,0.0024,0.0630,1.0015,0.00,0.00,-0.06,2.15,0.66,51.50
72.015322,0.0020,0.0635,1.0015,0.00,0.00,0.00,2.15,0.66,51.50
72.015322,0.0015,0.0630,1.0015,0.00,0.00,-0.06,2.15,0.66,51.50
72.015322,0.0015,0.0625,1.0010,0.06,-0.06,-0.06,2.15,0.66,51.50
72.044512,0.0029,0.0625,1.0015,0.00,0.00,0.00,2.15,0.66,51.50
72.044512,0.0024,0.0630,1.0010,0.00,0.00,-0.06,2.15,0.66,51.50
72.044512,0.0020,0.0625,1.0010,0.00,0.00,0.00,2.15,0.66,51.50
72.044512,0.0020,0.0625,1.0015,0.00,0.00,-0.06,2.15,0.66,51.50
72.075612,0.0024,0.0640,1.0020,0.00,-0.06,0.00,2.15,0.66,51.50
72.075612,0.0020,0.0635,1.0010,0.00,0.00,0.00,2.15,0.66,51.50
72.075612,0.0010,0.0630,1.0015,0.00,0.00,-0.06,2.15,0.66,51.50
72.075612,0.0010,0.0635,1.0024,0.00,0.00,-0.06,2.15,0.66,51.50
72.135310,0.0015,0.0630,1.0024,0.00,0.00,-0.06,2.15,0.66,51.50
72.135310,0.0020,0.0630,1.0015,0.00,0.00,-0.06,2.15,0.66,51.50
72.135310,0.0020,0.0635,1.0024,0.00,0.00,-0.06,2.15,0.66,51.50
72.135310,0.0010,0.0630,1.0005,0.00,0.00,-0.06,2.15,0.66,51.50
72.164478,0.0024,0.0625,1.0015,0.00,0.00,0.00,2.15,0.66,51.50
72.164478,0.0015,0.0620,1.0010,0.00,0.00,0.00,2.15,0.66,51.50
72.164478,0.0015,0.0625,1.0020,0.00,0.00,-0.06,2.15,0.66,51.50
72.164478,0.0024,0.0630,1.0020,0.00,0.00,-0.06,2.15,0.66,51.50
72.195250,0.0029,0.0630,1.0010,0.00,0.00,-0.06,2.15,0.66,51.50
72.195250,0.0020,0.0630,1.0020,0.00,0.00,-0.06,2.15,0.66,51.50
72.195250,0.0020,0.0630,1.0015,0.00,0.00,-0.06,2.15,0.66,51.50
72.195250,0.0015,0.0630,1.0010,0.00,0.00,0.00,2.15,0.66,51.50
72.258398,0.0024,0.0630,1.0010,0.00,0.00,0.00,2.15,0.66,51.50
72.258398,0.0024,0.0630,1.0015,0.00,0.00,-0.06,2.15,0.66,51.50
72.258398,0.0024,0.0640,1.0015,0.00,0.00,-0.06,2.15,0.66,51.50
72.258398,0.0024,0.0635,1.0020,0.00,0.00,-0.06,2.15,0.66,51.50
72.287231,0.0020,0.0625,1.0015,0.00,0.00,-0.06,2.15,0.66,51.50
72.287231,0.0020,0.0625,1.0015,0.00,0.00,-0.06,2.15,0.66,51.50
72.287231,0.0015,0.0625,1.0010,0.00,0.00,0.00,2.15,0.66,51.50
72.287231,0.0020,0.0630,1.0015,0.00,0.00,-0.06,2.15,0.66,51.50
72.317249,0.0015,0.0635,1.0024,0.00,0.00,-0.06,2.15,0.66,51.50
72.317249,0.0010,0.0635,1.0020,0.00,0.00,-0.06,2.15,0.66,51.50
72.317249,0.0024,0.0630,1.0020,0.00,0.00,0.00,2.15,0.66,51.50
72.317249,0.0020,0.0630,1.0015,0.00,0.00,0.00,2.15,0.66,51.50
72.374939,0.0024,0.0620,1.0024,0.00,0.00,-0.06,2.15,0.66,51.50
72.374939,0.0024,0.0625,1.0024,0.00,0.00,-0.06,2.15,0.66,51.50
72.374939,0.0015,0.0625,1.0020,0.00,0.00,-0.12,2.15,0.66,51.50
72.374939,0.0024,0.0630,1.0020,0.00,0.00,-0.06,2.15,0.66,51.50
72.404658,0.0010,0.0625,1.0020,0.00,0.00,0.00,2.15,0.66,51.50
72.404658,0.0015,0.0630,1.0020,0.00,0.00,0.00,2.15,0.66,51.50
72.404658,0.0015,0.0625,1.0024,0.00,0.00,0.00,2.15,0.66,51.50
72.404658,0.0015,0.0630,1.0015,0.00,0.00,0.00,2.15,0.66,51.50
72.434519,0.0010,0.0630,1.0015,0.00,0.00,0.00,2.15,0.66,51.50
72.434519,0.0015,0.0630,1.0010,0.00,0.00,-0.06,2.15,0.66,51.50
72.434519,0.0015,0.0630,1.0020,0.00,0.00,-0.06,2.15,0.66,51.50
72.434519,0.0020,0.0635,1.0020,0.00,0.00,-0.06,2.15,0.66,51.50
72.497265,0.0024,0.0635,1.0010,0.00,0.00,-0.06,2.15,0.66,51.50
72.497265,0.0020,0.0635,1.0015,0.00,0.00,-0.06,2.15,0.66,51.50
72.497265,0.0015,0.0630,1.0010,0.00,0.00,0.00,2.15,0.66,51.50
72.497265,0.0020,0.0630,1.0010,0.00,0.00,-0.06,2.15,0.66,51.50
72.528586,0.0024,0.0635,1.0020,0.00,0.00,0.00,2.15,0.66,51.50
72.528586,0.0020,0.0635,1.0024,0.00,0.00,-0.06,2.15,0.66,51.50
72.528586,0.0010,0.0630,1.0020,0.00,0.00,-0.06,2.15,0.66,51.50
72.528586,0.0010,0.0630,1.0015,0.06,0.00,-0.06,2.15,0.66,51.50
72.585496,0.0020,0.0635,1.0010,0.00,0.00,-0.12,2.15,0.66,51.50
72.585496,0.0024,0.0635,1.0010,0.00,0.00,0.00,2.15,0.66,51.50
72.585496,0.0015,0.0625,1.0015,0.00,0.00,0.00,2.15,0.66,51.50
72.585496,0.0020,0.0625,1.0010,0.00,0.00,0.00,2.15,0.66,51.50
72.615325,0.0020,0.0620,1.0015,0.00,0.00,0.00,2.15,0.66,51.50
72.615325,0.0015,0.0630,1.0020,0.00,0.00,0.00,2.15,0.66,51.50
72.615325,0.0024,0.0630,1.0024,0.00,0.00,-0.06,2.15,0.66,51.50
72.615325,0.0020,0.0625,1.0029,0.00,0.00,0.00,2.15,0.66,51.50
72.644559,0.0010,0.0630,1.0015,0.00,0.00,-0.06,2.15,0.66,51.50
72.644559,0.0020,0.0620,1.0020,0.00,0.00,-0.06,2.15,0.66,51.50
72.644559,0.0024,0.0625,1.0010,0.00,0.00,-0.12,2.15,0.66,51.50
72.644559,0.0015,0.0630,1.0020,0.00,0.00,-0.06,2.15,0.66,51.50
72.704892,0.0020,0.0630,1.0020,0.00,0.00,-0.06,2.15,0.66,51.50
72.704892,0.0024,0.0625,1.0020,0.00,0.00,-0.06,2.15,0.66,51.50
72.704892,0.0020,0.0630,1.0010,0.00,0.00,-0.06,2.15,0.66,51.50
72.704892,0.0015,0.0630,1.0015,0.00,-0.06,-0.06,2.15,0.66,51.50
72.735696,0.0024,0.0625,1.0010,0.00,-0.06,-0.06,2.15,0.66,51.50
72.735696,0.0015,0.0635,1.0015,0.00,0.00,-0.06,2.15,0.66,51.50
72.735696,0.0020,0.0630,1.0015,0.00,0.00,-0.06,2.15,0.66,51.50
72.735696,0.0020,0.0625,1.0024,0.06,0.00,0.00,2.15,0.66,51.50
72.764606,0.0015,0.0630,1.0024,0.00,0.00,-0.06,2.15,0.66,51.50
72.764606,0.0015,0.0635,1.0015,0.00,0.00,-0.12,2.15,0.66,51.50
72.764606,0.0024,0.0635,1.0010,0.00,0.00,-0.06,2.15,0.66,51.50
72.764606,0.0015,0.0635,1.0015,0.00,0.00,-0.06,2.15,0.66,51.50
72.824589,0.0015,0.0635,1.0005,0.00,0.00,-0.06,2.15,0.66,51.50
72.824589,0.0015,0.0630,1.0010,0.00,0.00,0.00,2.15,0.66,51.50
72.824589,0.0015,0.0635,1.0005,0.00,0.00,0.00,2.15,0.66,51.50
72.824589,0.0020,0.0625,1.0024,0.00,0.06,0.00,2.15,0.66,51.50
72.854587,0.0020,0.0635,1.0020,0.00,0.00,-0.06,2.15,0.66,51.50
72.854587,0.0015,0.0630,1.0020,0.00,0.00,-0.06,2.15,0.66,51.50
72.854587,0.0020,0.0630,1.0024,0.06,0.00,0.00,2.15,0.66,51.50
72.854587,0.0020,0.0635,1.0024,0.00,-0.06,0.00,2.15,0.66,51.50
72.884546,0.0020,0.0630,1.0020,0.00,0.00,-0.06,2.15,0.66,51.50
72.884546,0.0029,0.0640,1.0020,0.00,0.00,0.00,2.15,0.66,51.50
72.884546,0.0024,0.0635,1.0020,0.00,0.00,-0.06,2.15,0.66,51.50
72.884546,0.0020,0.0635,1.0020,0.00,0.00,-0.12,2.15,0.66,51.50
72.946855,0.0020,0.0635,1.0015,0.00,0.00,-0.06,2.15,0.66,51.50
72.946855,0.0015,0.0635,1.0015,0.00,0.00,-0.06,2.15,0.66,51.50
72.946855,0.0015,0.0625,1.0015,0.00,-0.06,-0.06,2.15,0.66,51.50
72.946855,0.0010,0.0625,1.0020,0.00,0.00,0.00,2.15,0.66,51.50
72.974810,0.0020,0.0630,1.0020,0.00,0.00,-0.06,2.15,0.66,51.50
72.974810,0.0015,0.0630,1.0015,0.00,0.00,0.00,2.15,0.66,51.50
72.974810,0.0015,0.0640,1.0010,0.00,0.00,-0.06,2.15,0.66,51.50
72.974810,0.0024,0.0625,1.0020,0.00,0.00,-0.06,2.15,0.66,51.50
73.004446,0.0020,0.0625,1.0015,0.00,0.00,-0.06,2.15,0.66,51.50
73.004446,0.0024,0.0625,1.0005,0.00,0.00,-0.06,2.15,0.66,51.50
73.004446,0.0020,0.0630,1.0020,0.00,0.00,0.00,2.15,0.66,51.50
73.004446,0.0020,0.0635,1.0010,0.00,0.00,0.00,2.15,0.66,51.50
73.064566,0.0015,0.0625,1.0015,0.00,0.00,-0.06,2.15,0.66,51.50
73.064566,0.0020,0.0630,1.0015,0.00,0.00,0.00,2.15,0.66,51.50
73.064566,0.0015,0.0630,1.0015,0.00,0.00,0.00,2.15,0.66,51.50
73.064566,0.0020,0.0625,1.0010,0.00,0.00,-0.06,2.15,0.66,51.50
73.095691,0.0020,0.0625,1.0015,0.00,0.00,-0.06,2.15,0.66,51.50
73.095691,0.0020,0.0630,1.0005,0.00,0.00,0.00,2.15,0.66,51.50
73.095691,0.0020,0.0630,1.0015,0.00,0.00,-0.06,2.15,0.66,51.50
73.095691,0.0020,0.0625,1.0015,0.00,0.00,-0.12,2.15,0.66,51.50
73.124538,0.0024,0.0630,1.0015,0.00,0.00,-0.06,2.15,0.66,51.50
73.124538,0.0020,0.0630,1.0015,0.00,0.00,-0.06,2.15,0.66,51.50
73.124538,0.0024,0.0625,1.0015,0.00,0.00,-0.06,2.15,0.66,51.50
73.124538,0.0024,0.0625,1.0020,0.00,0.00,0.00,2.15,0.66,51.50
73.184543,0.0020,0.0630,1.0020,0.00,0.00,0.00,2.15,0.66,51.50
73.184543,0.0024,0.0630,1.0024,0.00,0.00,-0.06,2.15,0.66,51.50
73.184543,0.0015,0.0620,1.0020,0.00,0.00,-0.06,2.15,0.66,51.50
73.184543,0.0020,0.0630,1.0020,0.00,0.00,-0.12,2.15,0.66,51.50
73.244788,0.0020,0.0625,1.0015,0.06,0.00,-0.12,2.15,0.66,51.50
73.244788,0.0015,0.0625,1.0010,0.00,0.00,-0.06,2.15,0.66,51.50
73.244788,0.0015,0.0625,1.0010,0.00,0.00,-0.12,2.15,0.66,51.50
73.244788,0.0010,0.0635,1.0020,0.00,0.00,-0.06,2.15,0.66,51.50
73.277469,0.0020,0.0640,1.0015,0.00,0.00,-0.06,2.15,0.66,51.50
73.277469,0.0015,0.0635,1.0010,0.00,0.00,0.00,2.15,0.66,51.50
73.277469,0.0015,0.0635,1.0015,0.00,0.00,0.00,2.15,0.66,51.50
73.277469,0.0020,0.0625,1.0015,0.00,0.00,-0.06,2.15,0.66,51.50
73.304639,0.0010,0.0630,1.0020,0.00,0.00,0.00,2.15,0.66,51.50
73.304639,0.0020,0.0630,1.0015,0.00,0.00,0.00,2.15,0.66,51.50
73.304639,0.0024,0.0620,1.0010,0.00,0.00,-0.06,2.15,0.66,51.50
73.304639,0.0015,0.0620,1.0010,0.00,0.00,0.00,2.15,0.66,51.50
73.334509,0.0020,0.0630,1.0005,0.00,0.00,0.00,2.15,0.66,51.50
73.334509,0.0015,0.0625,1.0015,0.00,0.00,0.00,2.15,0.66,51.50
73.334509,0.0024,0.0635,1.0020,0.00,0.00,-0.06,2.15,0.66,51.50
73.334509,0.0024,0.0635,1.0024,0.00,0.00,-0.06,2.15,0.66,51.50
73.364471,0.0020,0.0645,1.0029,0.00,0.00,-0.12,2.15,0.66,51.50
73.364471,0.0029,0.0635,1.0024,0.00,0.00,-0.12,2.15,0.66,51.50
73.364471,0.0029,0.0630,1.0010,0.06,0.00,-0.06,2.15,0.66,51.50
73.364471,0.0020,0.0630,1.0005,0.00,0.00,0.00,2.15,0.66,51.50
73.424656,0.0020,0.0620,1.0010,0.00,0.00,0.00,2.15,0.66,51.50
73.424656,0.0020,0.0630,1.0010,0.00,0.00,0.00,2.15,0.66,51.50
73.424656,0.0024,0.0625,1.0015,0.00,0.00,-0.12,2.15,0.66,51.50
73.424656,0.0020,0.0630,1.0015,0.00,0.00,-0.06,2.15,0.66,51.50
73.454693,0.0020,0.0635,1.0020,0.00,0.00,0.00,2.15,0.66,51.50
73.454693,0.0024,0.0625,1.0015,0.00,0.00,-0.06,2.15,0.66,51.50
73.454693,0.0015,0.0620,1.0010,0.00,0.00,-0.06,2.15,0.66,51.50
73.454693,0.0020,0.0640,1.0020,0.00,0.00,-0.06,2.15,0.66,51.50
73.484475,0.0015,0.0630,1.0024,0.00,0.00,-0.06,2.15,0.66,51.50
73.484475,0.0020,0.0620,1.0020,-0.06,0.00,0.00,2.15,0.66,51.50
73.484475,0.0024,0.0625,1.0005,0.00,0.00,-0.06,2.15,0.66,51.50
73.484475,0.0020,0.0625,1.0015,0.00,0.00,-0.06,2.15,0.66,51.50
73.544699,0.0020,0.0630,1.0015,0.00,0.00,-0.06,2.15,0.66,51.50
73.544699,0.0024,0.0630,1.0015,0.00,0.00,-0.12,2.15,0.66,51.50
73.544699,0.0020,0.0625,1.0015,0.00,0.00,-0.06,2.15,0.66,51.50
73.544699,0.0015,0.0620,1.0020,0.00,0.00,-0.06,2.15,0.66,51.50
73.575949,0.0010,0.0625,1.0020,0.00,0.00,-0.06,2.15,0.66,51.50
73.575949,0.0015,0.0630,1.0020,0.00,0.00,-0.06,2.15,0.66,51.50
73.575949,0.0015,0.0630,1.0015,0.00,0.00,-0.06,2.15,0.66,51.50
73.575949,0.0020,0.0630,1.0010,0.00,0.00,-0.06,2.15,0.66,51.50
73.605785,0.0020,0.0630,1.0015,0.00,0.00,-0.06,2.15,0.66,51.50
73.605785,0.0015,0.0630,1.0015,0.00,0.00,-0.06,2.15,0.66,51.50
73.605785,0.0020,0.0630,1.0015,0.00,0.00,-0.12,2.15,0.66,51.50
73.605785,0.0020,0.0630,1.0005,0.00,0.00,-0.06,2.15,0.66,51.50
73.664596,0.0020,0.0635,1.0005,0.00,0.00,0.00,2.15,0.66,51.50
73.664596,0.0015,0.0630,1.0020,0.00,0.00,-0.06,2.15,0.66,51.50
73.664596,0.0020,0.0630,1.0015,0.06,0.00,-0.12,2.15,0.66,51.50
73.664596,0.0020,0.0635,1.0015,0.00,0.00,-0.06,2.15,0.66,51.50
73.694864,0.0024,0.0635,1.0010,0.00,0.00,-0.06,2.15,0.66,51.50
73.694864,0.0024,0.0630,1.0020,0.00,0.00,-0.06,2.15,0.66,51.50
73.694864,0.0029,0.0625,1.0020,0.06,-0.06,-0.06,2.15,0.66,51.50
73.694864,0.0020,0.0630,1.0020,0.00,0.00,-0.06,2.15,0.66,51.50
73.724651,0.0015,0.0625,1.0029,0.00,0.00,-0.06,2.15,0.66,51.50
73.724651,0.0015,0.0625,1.0020,0.06,0.00,0.00,2.15,0.66,51.50
73.724651,0.0020,0.0620,1.0015,0.06,0.00,-0.06,2.15,0.66,51.50
73.724651,0.0024,0.0635,1.0005,0.00,0.00,-0.06,2.15,0.66,51.50
73.784650,0.0024,0.0635,1.0010,0.00,0.00,-0.06,2.15,0.66,51.50
73.784650,0.0024,0.0630,1.0010,0.00,0.00,-0.06,2.15,0.66,51.50
73.784650,0.0010,0.0630,1.0010,0.00,0.00,-0.06,2.15,0.66,51.50
73.784650,0.0015,0.0635,1.0020,0.00,0.00,-0.06,2.15,0.66,51.50
73.814614,0.0010,0.0630,1.0010,0.00,0.00,0.00,2.15,0.66,51.50
73.814614,0.0024,0.0635,1.0015,0.00,0.00,-0.06,2.15,0.66,51.50
73.814614,0.0024,0.0625,1.0010,0.00,-0.06,-0.12,2.15,0.66,51.50
73.814614,0.0020,0.0620,1.0015,0.00,0.00,-0.06,2.15,0.66,51.50
73.844586,0.0020,0.0625,1.0020,0.00,0.00,0.00,2.15,0.66,51.50
73.844586,0.0020,0.0615,1.0020,0.00,0.00,-0.06,2.15,0.66,51.50
73.844586,0.0029,0.0625,1.0010,0.00,0.00,-0.06,2.15,0.66,51.50
73.844586,0.0024,0.0620,1.0015,0.00,0.00,-0.06,2.15,0.66,51.50
73.904965,0.0024,0.0630,1.0024,0.00,0.00,-0.06,2.15,0.66,51.50
73.904965,0.0020,0.0635,1.0015,0.00,0.00,-0.12,2.15,0.66,51.50
73.904965,0.0020,0.0645,1.0020,0.00,0.00,-0.06,2.15,0.66,51.50
73.904965,0.0020,0.0635,1.0015,0.00,0.00,0.00,2.15,0.66,51.50
73.935941,0.0015,0.0640,1.0020,0.00,0.00,-0.06,2.15,0.66,51.50
73.935941,0.0024,0.0630,1.0020,0.00,0.00,0.00,2.15,0.66,51.50
73.935941,0.0029,0.0630,1.0020,0.00,0.00,-0.06,2.15,0.66,51.50
73.935941,0.0029,0.0620,1.0020,0.00,0.00,-0.06,2.15,0.66,51.51
73.995267,0.0024,0.0625,1.0024,0.00,0.00,-0.06,2.15,0.66,51.50
73.995267,0.0015,0.0625,1.0024,0.00,0.00,-0.06,2.15,0.66,51.51
73.995267,0.0020,0.0625,1.0020,0.00,0.00,0.00,2.15,0.66,51.51
73.995267,0.0029,0.0630,1.0010,0.00,0.00,0.00,2.15,0.66,51.51
74.024478,0.0020,0.0635,1.0010,0.00,0.00,-0.12,2.15,0.66,51.51
74.024478,0.0024,0.0630,1.0010,0.00,0.00,-0.06,2.15,0.66,51.51
74.024478,0.0020,0.0630,1.0010,0.00,0.00,-0.06,2.15,0.66,51.51
74.024478,0.0024,0.0630,1.0015,0.00,0.00,-0.12,2.15,0.66,51.51
74.054625,0.0020,0.0630,1.0010,0.00,0.00,-0.06,2.15,0.66,51.51
74.054625,0.0020,0.0630,1.0015,0.00,0.00,-0.06,2.15,0.66,51.51
74.054625,0.0010,0.0625,1.0020,0.00,0.00,0.00,2.15,0.66,51.51
74.054625,0.0010,0.0625,1.0020,0.00,0.00,0.00,2.15,0.66,51.51
74.114594,0.0024,0.0625,1.0015,0.00,0.00,-0.06,2.15,0.66,51.51
74.114594,0.0020,0.0635,1.0015,0.00,0.00,-0.06,2.15,0.66,51.51
74.114594,0.0020,0.0630,1.0020,0.00,0.00,-0.06,2.15,0.66,51.51
74.114594,0.0024,0.0630,1.0010,0.00,0.00,-0.12,2.15,0.66,51.51
74.144615,0.0015,0.0630,1.0015,0.00,0.00,-0.06,2.15,0.66,51.51
74.144615,0.0024,0.0630,1.0010,0.00,-0.06,-0.06,2.15,0.66,51.51
74.144615,0.0015,0.0630,1.0010,0.00,0.00,-0.06,2.15,0.66,51.51
74.144615,0.0010,0.0630,1.0020,0.00,0.00,-0.12,2.15,0.66,51.51
74.174789,0.0020,0.0635,1.0020,0.00,0.00,-0.06,2.15,0.66,51.51
74.174789,0.0015,0.0630,1.0000,0.06,0.00,-0.06,2.15,0.66,51.51
74.174789,0.0020,0.0635,1.0010,0.00,0.00,-0.06,2.15,0.66,51.51
74.174789,0.0015,0.0630,1.0015,0.00,0.00,0.00,2.15,0.66,51.51
74.234621,0.0015,0.0635,1.0015,0.00,0.00,0.00,2.15,0.66,51.51
74.234621,0.0015,0.0625,1.0015,0.00,0.00,0.00,2.15,0.66,51.51
74.234621,0.0015,0.0630,1.0020,0.00,0.00,0.00,2.15,0.66,51.51
74.234621,0.0010,0.0630,1.0010,0.00,0.00,0.00,2.15,0.66,51.51
74.264676,0.0015,0.0625,1.0010,0.00,0.00,0.00,2.15,0.66,51.51
74.264676,0.0020,0.0630,1.0010,0.00,0.00,-0.06,2.15,0.66,51.51
74.264676,0.0020,0.0625,1.0015,0.00,0.00,-0.06,2.15,0.66,51.51
74.264676,0.0020,0.0625,1.0015,0.00,0.00,-0.06,2.15,0.66,51.51
74.301578,0.0015,0.0630,1.0015,0.00,0.00,-0.06,2.15,0.66,51.51
74.301578,0.0020,0.0630,1.0010,0.00,0.00,-0.06,2.15,0.66,51.51
74.301578,0.0020,0.0630,1.0015,0.00,0.00,0.00,2.15,0.66,51.51
74.301578,0.0015,0.0635,1.0010,0.00,0.00,0.00,2.15,0.66,51.51
74.354601,0.0024,0.0630,1.0010,0.00,0.00,-0.06,2.15,0.66,51.51
74.354601,0.0020,0.0630,1.0010,0.06,0.00,-0.06,2.15,0.66,51.51
74.354601,0.0020,0.0635,1.0010,0.06,0.00,-0.06,2.15,0.66,51.51
74.354601,0.0015,0.0635,1.0010,0.00,0.00,-0.12,2.15,0.66,51.51
74.384598,0.0020,0.0630,1.0010,0.00,0.00,-0.06,2.15,0.66,51.51
74.384598,0.0020,0.0630,1.0015,0.00,0.00,-0.06,2.15,0.66,51.51
74.384598,0.0020,0.0635,1.0015,0.00,0.00,-0.06,2.15,0.66,51.51
74.384598,0.0015,0.0640,1.0015,0.00,0.00,-0.06,2.15,0.66,51.51
74.414731,0.0020,0.0630,1.0020,0.00,0.00,-0.06,2.15,0.66,51.51
74.414731,0.0020,0.0625,1.0015,0.00,0.00,-0.06,2.15,0.66,51.51
74.414731,0.0015,0.0630,1.0015,0.00,0.00,-0.06,2.15,0.66,51.51
74.414731,0.0020,0.0630,1.0020,0.00,0.00,-0.06,2.15,0.66,51.51
74.474891,0.0024,0.0630,1.0015,0.00,0.00,0.00,2.15,0.66,51.51
74.474891,0.0024,0.0630,1.0015,0.00,0.00,-0.06,2.15,0.66,51.51
74.474891,0.0020,0.0630,1.0024,0.00,0.00,-0.06,2.15,0.66,51.51
74.474891,0.0020,0.0635,1.0029,0.00,0.00,-0.06,2.15,0.66,51.51
74.504601,0.0020,0.0635,1.0020,0.00,0.00,-0.06,2.15,0.66,51.51
74.504601,0.0020,0.0625,1.0015,0.00,0.00,0.00,2.15,0.66,51.51
74.504601,0.0024,0.0625,1.0015,0.00,0.00,0.00,2.15,0.66,51.51
74.504601,0.0024,0.0635,1.0020,0.00,0.00,0.00,2.15,0.66,51.51
74.535593,0.0024,0.0630,1.0024,0.00,0.00,-0.06,2.15,0.66,51.51
74.535593,0.0024,0.0635,1.0020,0.00,0.00,-0.06,2.15,0.66,51.51
74.535593,0.0020,0.0625,1.0029,0.00,0.00,0.00,2.15,0.66,51.51
74.535593,0.0015,0.0630,1.0024,0.00,0.00,-0.06,2.15,0.66,51.51
74.594711,0.0020,0.0625,1.0024,0.00,0.00,-0.06,2.15,0.66,51.51
74.594711,0.0020,0.0625,1.0010,0.00,0.00,-0.06,2.15,0.66,51.51
74.594711,0.0015,0.0630,1.0015,0.00,0.00,-0.06,2.15,0.66,51.51
74.594711,0.0010,0.0630,1.0020,0.00,0.00,-0.12,2.15,0.66,51.51
74.625252,0.0015,0.0625,1.0015,0.00,0.00,-0.06,2.15,0.66,51.51
74.625252,0.0024,0.0630,1.0015,0.00,0.00,0.00,2.15,0.66,51.51
74.625252,0.0024,0.0630,1.0024,0.00,0.00,0.00,2.15,0.66,51.51
74.625252,0.0024,0.0630,1.0015,0.06,0.00,0.00,2.15,0.66,51.51
74.654649,0.0024,0.0625,1.0020,0.00,0.00,0.00,2.15,0.66,51.51
74.654649,0.0029,0.0625,1.0015,0.00,0.00,0.00,2.15,0.66,51.51
74.654649,0.0010,0.0625,1.0010,0.00,0.00,-0.06,2.15,0.66,51.51
74.654649,0.0015,0.0625,1.0015,0.00,0.00,-0.06,2.15,0.66,51.51
74.715091,0.0015,0.0630,1.0020,0.00,0.00,-0.06,2.15,0.66,51.51
74.715091,0.0020,0.0630,1.0015,0.00,0.00,0.00,2.15,0.66,51.51
74.715091,0.0015,0.0640,1.0010,0.00,0.00,0.00,2.15,0.66,51.51
74.715091,0.0020,0.0635,1.0010,0.06,-0.06,0.00,2.15,0.66,51.51
74.744576,0.0010,0.0630,1.0020,0.00,-0.06,-0.12,2.15,0.66,51.51
74.744576,0.0015,0.0620,1.0010,0.00,0.00,-0.06,2.15,0.66,51.51
74.744576,0.0020,0.0625,1.0000,0.00,0.00,0.00,2.15,0.66,51.51
74.744576,0.0020,0.0625,1.0005,0.00,0.00,0.00,2.15,0.66,51.51
74.774670,0.0024,0.0625,1.0015,0.00,0.00,0.00,2.15,0.66,51.51
74.774670,0.0024,0.0640,1.0024,0.00,0.00,-0.06,2.15,0.66,51.51
74.774670,0.0020,0.0635,1.0015,0.00,0.00,-0.06,2.15,0.66,51.51
74.774670,0.0015,0.0635,1.0005,0.00,0.00,-0.06,2.15,0.66,51.51
74.834622,0.0015,0.0630,1.0005,0.00,0.00,-0.06,2.15,0.66,51.51
74.834622,0.0020,0.0630,1.0010,0.00,0.00,-0.06,2.15,0.66,51.51
74.834622,0.0024,0.0635,1.0015,0.00,0.00,0.00,2.15,0.66,51.51
74.834622,0.0015,0.0635,1.0010,0.00,0.00,-0.06,2.15,0.66,51.51
74.864325,0.0015,0.0625,1.0010,0.00,0.00,-0.06,2.15,0.66,51.51
74.864325,0.0024,0.0630,1.0010,0.00,0.00,0.00,2.15,0.66,51.51
74.864325,0.0024,0.0635,1.0010,0.00,0.00,-0.06,2.15,0.66,51.51
74.864325,0.0024,0.0630,1.0024,0.00,0.00,-0.06,2.15,0.66,51.51
74.894389,0.0024,0.0630,1.0010,0.00,-0.06,0.00,2.15,0.66,51.51
74.894389,0.0020,0.0620,1.0010,0.00,0.00,-0.06,2.15,0.66,51.51
74.894389,0.0020,0.0620,1.0005,0.00,0.00,-0.06,2.15,0.66,51.51
74.894389,0.0015,0.0620,1.0000,0.06,0.00,-0.12,2.15,0.66,51.51
74.956290,0.0015,0.0625,1.0010,0.06,0.00,-0.06,2.15,0.66,51.51
74.956290,0.0024,0.0635,1.0015,0.00,0.00,-0.06,2.15,0.66,51.51
74.956290,0.0020,0.0625,1.0015,0.00,0.00,-0.06,2.15,0.66,51.51
74.956290,0.0015,0.0625,1.0015,0.00,0.00,0.00,2.15,0.66,51.51
74.986812,0.0020,0.0635,1.0015,0.00,0.00,-0.06,2.15,0.66,51.51
74.986812,0.0015,0.0630,1.0020,0.00,0.00,-0.06,2.15,0.66,51.51
74.986812,0.0024,0.0630,1.0015,0.00,0.00,-0.06,2.15,0.66,51.51
74.986812,0.0024,0.0620,1.0015,0.00,0.00,-0.12,2.15,0.66,51.51
75.015414,0.0020,0.0625,1.0010,0.00,0.00,-0.12,2.15,0.66,51.51
75.015414,0.0024,0.0630,1.0015,0.00,0.00,-0.06,2.15,0.66,51.51
75.015414,0.0015,0.0635,1.0020,0.00,0.00,-0.12,2.15,0.66,51.51
75.015414,0.0015,0.0625,1.0029,0.00,0.00,-0.06,2.15,0.66,51.51
75.075229,0.0024,0.0620,1.0020,0.00,0.00,-0.06,2.15,0.66,51.51
75.075229,0.0024,0.0625,1.0015,0.00,0.00,0.00,2.15,0.66,51.51
75.075229,0.0024,0.0630,1.0024,0.00,0.00,0.00,2.15,0.66,51.51
75.075229,0.0020,0.0630,1.0020,0.00,0.00,0.00,2.15,0.66,51.51
75.107285,0.0015,0.0635,1.0020,0.00,0.00,0.00,2.15,0.66,51.51
75.107285,0.0020,0.0630,1.0020,0.00,0.00,0.00,2.15,0.66,51.51
75.107285,0.0015,0.0630,1.0024,0.00,0.00,-0.06,2.15,0.66,51.51
75.107285,0.0015,0.0635,1.0020,0.00,0.00,-0.06,2.15,0.66,51.51
75.135140,0.0015,0.0635,1.0015,0.00,0.00,-0.06,2.15,0.66,51.51
75.135140,0.0010,0.0635,1.0024,0.00,0.00,-0.06,2.15,0.66,51.51
75.135140,0.0020,0.0630,1.0020,0.00,0.00,-0.06,2.15,0.66,51.51
75.135140,0.0020,0.0625,1.0015,0.00,0.00,-0.06,2.15,0.66,51.51
75.195366,0.0029,0.0625,1.0005,0.00,0.00,-0.06,2.15,0.66,51.51
75.195366,0.0024,0.0625,1.0010,0.00,0.00,-0.06,2.15,0.66,51.51
75.195366,0.0020,0.0620,1.0020,0.00,0.00,-0.06,2.15,0.66,51.51
75.195366,0.0015,0.0625,1.0020,0.00,0.00,-0.12,2.15,0.66,51.51
75.224557,0.0024,0.0625,1.0015,0.00,0.00,-0.06,2.15,0.66,51.51
75.224557,0.0020,0.0625,1.0015,0.00,0.00,-0.06,2.15,0.66,51.51
75.224557,0.0015,0.0625,1.0020,0.00,0.00,-0.12,2.15,0.66,51.51
75.224557,0.0020,0.0630,1.0010,0.00,0.00,-0.12,2.15,0.66,51.51
75.255227,0.0020,0.0630,1.0015,0.00,0.00,-0.06,2.15,0.66,51.51
75.255227,0.0015,0.0625,1.0015,0.00,0.00,-0.06,2.15,0.66,51.51
75.255227,0.0024,0.0630,1.0020,0.00,0.00,0.00,2.15,0.66,51.51
75.255227,0.0020,0.0625,1.0010,0.00,0.00,-0.06,2.15,0.66,51.51
75.316125,0.0020,0.0635,1.0015,0.00,0.00,-0.06,2.15,0.66,51.51
75.316125,0.0020,0.0630,1.0005,0.00,0.00,0.00,2.15,0.66,51.51
75.316125,0.0024,0.0630,1.0015,0.00,0.00,-0.06,2.15,0.66,51.51
75.316125,0.0024,0.0630,1.0010,0.00,-0.06,-0.06,2.15,0.66,51.51
75.351990,0.0020,0.0625,1.0020,0.00,0.00,0.00,2.15,0.66,51.51
75.351990,0.0015,0.0630,1.0024,0.00,0.00,0.00,2.15,0.66,51.51
75.351990,0.0015,0.0630,1.0020,0.00,0.00,-0.06,2.15,0.66,51.51
75.351990,0.0010,0.0625,1.0015,0.00,0.00,-0.06,2.15,0.66,51.51
75.405345,0.0010,0.0635,1.0015,0.00,0.00,0.00,2.15,0.66,51.51
75.405345,0.0010,0.0640,1.0020,0.00,0.00,0.00,2.15,0.66,51.51
75.405345,0.0015,0.0630,1.0015,0.00,0.00,0.00,2.15,0.66,51.51
75.405345,0.0020,0.0625,1.0020,0.00,0.00,-0.06,2.15,0.66,51.51
75.434435,0.0020,0.0635,1.0020,0.00,0.00,-0.06,2.15,0.66,51.51
75.434435,0.0015,0.0630,1.0015,0.00,0.00,-0.12,2.15,0.66,51.51
75.434435,0.0015,0.0625,1.0010,0.00,0.00,-0.12,2.15,0.66,51.51
75.434435,0.0020,0.0620,1.0015,0.00,0.00,-0.06,2.15,0.66,51.51
75.465215,0.0020,0.0630,1.0015,0.00,0.00,-0.06,2.15,0.66,51.51
75.465215,0.0020,0.0625,1.0010,0.00,0.00,-0.06,2.15,0.66,51.51
75.465215,0.0020,0.0625,1.0015,0.00,0.00,0.00,2.15,0.66,51.51
75.465215,0.0024,0.0630,1.0015,0.00,0.00,0.00,2.15,0.66,51.51
75.525672,0.0020,0.0630,1.0020,0.00,0.00,-0.06,2.15,0.66,51.51
75.525672,0.0024,0.0635,1.0024,0.00,0.00,-0.06,2.15,0.66,51.51
75.525672,0.0015,0.0635,1.0020,0.00,0.00,-0.06,2.15,0.66,51.51
75.525672,0.0020,0.0635,1.0005,0.00,0.00,-0.06,2.15,0.66,51.51
75.554565,0.0020,0.0630,1.0015,0.00,0.00,0.00,2.15,0.66,51.51
75.554565,0.0024,0.0630,1.0020,0.00,0.00,-0.06,2.15,0.66,51.51
75.554565,0.0024,0.0630,1.0020,0.00,0.00,-0.06,2.15,0.66,51.51
75.554565,0.0020,0.0625,1.0020,0.06,0.00,-0.06,2.15,0.66,51.51
75.585358,0.0024,0.0620,1.0024,0.06,0.00,0.00,2.15,0.66,51.51
75.585358,0.0015,0.0625,1.0020,0.00,0.00,-0.06,2.15,0.66,51.51
75.585358,0.0015,0.0630,1.0020,0.00,0.00,-0.06,2.15,0.66,51.51
75.585358,0.0020,0.0625,1.0020,0.00,0.00,-0.06,2.15,0.66,51.51
75.645742,0.0020,0.0630,1.0024,0.00,0.00,-0.06,2.15,0.66,51.51
75.645742,0.0020,0.0630,1.0015,0.00,0.00,-0.06,2.15,0.66,51.51
75.645742,0.0020,0.0630,1.0020,0.00,0.00,-0.06,2.15,0.66,51.51
75.645742,0.0020,0.0630,1.0020,0.00,0.00,-0.06,2.15,0.66,51.51
75.676630,0.0015,0.0630,1.0024,0.00,0.00,-0.12,2.15,0.66,51.51
75.676630,0.0020,0.0620,1.0020,0.00,0.00,-0.06,2.15,0.66,51.51
75.676630,0.0015,0.0625,1.0020,0.00,0.00,-0.06,2.15,0.66,51.51
75.676630,0.0015,0.0630,1.0015,0.00,0.00,-0.06,2.15,0.66,51.51
75.704796,0.0015,0.0630,1.0020,0.00,0.00,0.00,2.15,0.66,51.51
75.704796,0.0015,0.0630,1.0020,0.00,0.00,0.00,2.15,0.66,51.51
75.704796,0.0015,0.0625,1.0015,0.00,0.00,-0.06,2.15,0.66,51.51
75.704796,0.0024,0.0620,1.0020,0.00,0.00,-0.06,2.15,0.66,51.51
75.764444,0.0020,0.0630,1.0015,0.00,0.00,-0.06,2.15,0.66,51.51
75.764444,0.0020,0.0635,1.0015,0.00,0.00,-0.06,2.15,0.66,51.51
75.764444,0.0020,0.0625,1.0024,0.00,0.00,-0.12,2.15,0.66,51.51
75.764444,0.0010,0.0625,1.0015,0.00,0.00,-0.06,2.15,0.66,51.51
75.795352,0.0010,0.0625,1.0015,0.00,0.00,-0.06,2.15,0.66,51.51
75.795352,0.0015,0.0630,1.0024,0.00,0.00,-0.06,2.15,0.66,51.51
75.795352,0.0015,0.0635,1.0020,0.00,0.00,0.00,2.15,0.66,51.51
75.795352,0.0015,0.0625,1.0020,0.00,0.00,-0.06,2.15,0.66,51.51
75.824456,0.0020,0.0635,1.0015,0.06,0.00,0.00,2.15,0.66,51.51
75.824456,0.0015,0.0635,1.0010,0.00,0.00,0.00,2.15,0.66,51.51
75.824456,0.0010,0.0625,1.0005,0.00,0.00,-0.06,2.15,0.66,51.51
75.824456,0.0015,0.0625,1.0020,0.00,0.00,-0.06,2.15,0.66,51.51
75.885352,0.0020,0.0625,1.0015,0.00,0.00,-0.06,2.15,0.66,51.51
75.885352,0.0024,0.0625,1.0015,0.00,0.00,-0.06,2.15,0.66,51.51
75.885352,0.0020,0.0630,1.0010,0.00,0.00,-0.06,2.15,0.66,51.51
75.885352,0.0024,0.0630,1.0005,0.00,0.00,0.00,2.15,0.66,51.51
75.914595,0.0029,0.0625,1.0005,0.00,0.00,-0.06,2.15,0.66,51.51
75.914595,0.0029,0.0620,1.0015,0.00,0.00,-0.06,2.15,0.66,51.51
75.914595,0.0020,0.0630,1.0020,0.00,0.00,-0.06,2.15,0.66,51.51
75.914595,0.0015,0.0635,1.0015,0.00,0.00,-0.06,2.15,0.66,51.51
75.945586,0.0010,0.0635,1.0010,0.06,-0.06,-0.06,2.15,0.66,51.51
75.945586,0.0020,0.0640,1.0015,0.00,0.00,-0.12,2.15,0.66,51.51
75.945586,0.0024,0.0635,1.0015,0.00,0.00,-0.06,2.15,0.66,51.51
75.945586,0.0020,0.0630,1.0015,0.00,0.00,-0.12,2.15,0.66,51.51
76.007330,0.0015,0.0630,1.0020,0.00,0.00,-0.06,2.15,0.66,51.51
76.007330,0.0020,0.0630,1.0015,0.00,0.00,-0.06,2.15,0.66,51.51
76.007330,0.0029,0.0630,1.0015,0.00,0.00,-0.06,2.15,0.66,51.51
76.007330,0.0024,0.0630,1.0024,0.00,0.00,0.00,2.15,0.66,51.51
76.035655,0.0024,0.0625,1.0029,0.00,0.00,0.00,2.15,0.66,51.51
76.035655,0.0020,0.0630,1.0020,0.00,0.00,0.00,2.15,0.66,51.51
76.035655,0.0020,0.0630,1.0020,0.00,0.00,0.00,2.15,0.66,51.51
76.035655,0.0024,0.0630,1.0020,0.00,0.00,0.00,2.15,0.66,51.51
76.065281,0.0020,0.0625,1.0010,0.06,0.00,-0.06,2.15,0.66,51.51
76.065281,0.0015,0.0620,1.0015,0.00,0.00,-0.06,2.15,0.66,51.51
76.065281,0.0015,0.0625,1.0020,0.00,0.00,-0.06,2.15,0.66,51.51
76.065281,0.0015,0.0625,1.0010,0.00,0.00,-0.06,2.15,0.66,51.51
76.125256,0.0020,0.0630,1.0015,0.00,0.00,0.00,2.15,0.66,51.51
76.125256,0.0024,0.0630,1.0010,0.00,0.00,-0.06,2.15,0.66,51.51
76.125256,0.0015,0.0625,1.0015,0.06,0.00,-0.06,2.15,0.66,51.51
76.125256,0.0024,0.0625,1.0015,0.00,0.00,-0.12,2.15,0.66,51.51
76.154543,0.0015,0.0615,1.0015,0.00,0.00,-0.06,2.15,0.66,51.51
76.154543,0.0010,0.0625,1.0015,0.00,0.00,-0.06,2.15,0.66,51.51
76.154543,0.0020,0.0635,1.0015,0.00,0.00,0.00,2.15,0.66,51.51
76.154543,0.0024,0.0640,1.0005,0.00,0.00,-0.06,2.15,0.66,51.51
76.185146,0.0024,0.0630,1.0020,0.00,0.00,-0.06,2.15,0.66,51.51
76.185146,0.0024,0.0625,1.0015,0.00,0.00,-0.06,2.15,0.66,51.51
76.185146,0.0024,0.0630,1.0010,0.00,0.00,-0.12,2.15,0.66,51.51
76.185146,0.0020,0.0625,1.0015,0.00,0.00,-0.06,2.15,0.66,51.51
76.245585,0.0020,0.0625,1.0010,0.00,0.00,0.00,2.15,0.66,51.51
76.245585,0.0020,0.0635,1.0015,0.00,0.00,0.00,2.15,0.66,51.51
76.245585,0.0020,0.0640,1.0020,0.00,0.00,-0.06,2.15,0.66,51.51
76.245585,0.0020,0.0620,1.0015,0.00,0.06,0.00,2.15,0.66,51.51
76.274433,0.0015,0.0625,1.0015,0.00,0.06,0.00,2.15,0.66,51.51
76.274433,0.0020,0.0630,1.0024,0.00,0.00,0.00,2.15,0.66,51.51
76.274433,0.0015,0.0640,1.0024,0.00,0.00,-0.06,2.15,0.66,51.51
76.274433,0.0020,0.0630,1.0015,0.00,0.00,-0.06,2.15,0.66,51.51
76.305257,0.0020,0.0630,1.0015,0.00,0.00,-0.06,2.15,0.66,51.51
76.305257,0.0020,0.0625,1.0015,0.00,0.00,-0.06,2.15,0.66,51.51
76.305257,0.0020,0.0635,1.0020,0.00,0.00,-0.06,2.15,0.66,51.51
76.305257,0.0015,0.0635,1.0020,0.00,0.00,0.00,2.15,0.66,51.51
76.365713,0.0015,0.0620,1.0015,0.00,-0.06,-0.06,2.15,0.66,51.51
76.365713,0.0010,0.0620,1.0010,0.00,0.00,0.00,2.15,0.66,51.51
76.365713,0.0020,0.0625,1.0005,0.00,0.00,0.00,2.15,0.66,51.51
76.365713,0.0020,0.0630,1.0010,0.00,0.00,-0.06,2.15,0.66,51.51
76.401470,0.0020,0.0630,1.0010,0.00,0.00,-0.12,2.15,0.66,51.51
76.401470,0.0024,0.0635,1.0000,0.00,0.00,-0.06,2.15,0.66,51.51
76.401470,0.0020,0.0630,1.0010,0.06,0.00,-0.06,2.15,0.66,51.51
76.401470,0.0024,0.0635,1.0010,0.06,0.00,-0.06,2.15,0.66,51.51
76.425379,0.0020,0.0630,1.0005,0.00,0.00,-0.06,2.15,0.66,51.51
76.425379,0.0020,0.0625,1.0000,0.00,0.00,-0.06,2.15,0.66,51.51
76.425379,0.0024,0.0630,1.0010,0.00,0.00,-0.06,2.15,0.66,51.51
76.425379,0.0024,0.0630,1.0005,0.00,0.00,0.00,2.15,0.66,51.51
76.485384,0.0020,0.0630,1.0005,0.00,0.00,-0.06,2.15,0.66,51.51
76.485384,0.0015,0.0635,1.0005,0.00,0.00,-0.12,2.15,0.66,51.51
76.485384,0.0015,0.0635,1.0000,0.00,0.00,-0.12,2.15,0.66,51.51
76.485384,0.0029,0.0625,1.0000,0.00,0.00,0.00,2.15,0.66,51.51
76.514497,0.0024,0.0630,1.0015,0.00,0.00,0.00,2.15,0.66,51.51
76.514497,0.0020,0.0630,1.0015,0.00,0.00,0.00,2.15,0.66,51.51
76.514497,0.0020,0.0625,1.0010,0.00,0.00,0.00,2.15,0.66,51.51
76.514497,0.0020,0.0630,1.0015,0.00,0.00,-0.06,2.15,0.66,51.51
76.546091,0.0029,0.0630,1.0005,0.00,0.00,-0.06,2.15,0.66,51.51
76.546091,0.0029,0.0625,1.0010,0.00,0.00,-0.06,2.15,0.66,51.51
76.546091,0.0015,0.0630,1.0015,0.00,0.00,0.00,2.15,0.66,51.51
76.546091,0.0020,0.0630,1.0015,0.00,0.00,0.00,2.15,0.66,51.51
76.605398,0.0020,0.0625,1.0020,0.00,0.00,0.00,2.15,0.66,51.51
76.605398,0.0015,0.0630,1.0020,0.00,0.00,-0.06,2.15,0.66,51.51
76.605398,0.0020,0.0625,1.0024,0.00,0.00,0.00,2.15,0.66,51.51
76.605398,0.0020,0.0630,1.0020,0.00,0.00,0.00,2.15,0.66,51.51
76.634509,0.0020,0.0635,1.0015,0.00,0.00,-0.06,2.15,0.66,51.51
76.634509,0.0024,0.0630,1.0020,0.00,0.00,-0.06,2.15,0.66,51.51
76.634509,0.0024,0.0640,1.0020,0.00,0.00,-0.06,2.15,0.66,51.51
76.634509,0.0020,0.0630,1.0020,0.06,0.00,-0.06,2.15,0.66,51.51
76.667266,0.0020,0.0625,1.0015,0.00,0.00,0.00,2.15,0.66,51.51
76.667266,0.0020,0.0630,1.0015,0.00,0.00,0.00,2.15,0.66,51.51
76.667266,0.0020,0.0620,1.0020,0.00,0.00,-0.06,2.15,0.66,51.51
76.667266,0.0015,0.0625,1.0015,0.00,0.00,-0.06,2.15,0.66,51.51
76.725264,0.0010,0.0630,1.0015,0.00,0.00,0.00,2.15,0.66,51.51
76.725264,0.0015,0.0625,1.0015,0.00,0.00,-0.06,2.15,0.66,51.51
76.725264,0.0015,0.0625,1.0010,0.00,0.00,0.00,2.15,0.66,51.51
76.725264,0.0020,0.0625,1.0020,0.00,0.00,-0.06,2.15,0.66,51.51
76.763163,0.0024,0.0625,1.0015,0.00,0.00,-0.06,2.15,0.66,51.51
76.763163,0.0015,0.0630,1.0010,0.00,0.00,-0.06,2.15,0.66,51.51
76.763163,0.0015,0.0630,1.0010,0.00,0.00,-0.06,2.15,0.66,51.51
76.763163,0.0005,0.0630,1.0015,0.00,0.00,-0.06,2.15,0.66,51.51
76.815427,0.0015,0.0625,1.0024,0.00,0.00,0.00,2.15,0.66,51.51
76.815427,0.0020,0.0630,1.0015,0.00,0.00,-0.06,2.15,0.66,51.51
76.815427,0.0020,0.0625,1.0010,0.00,0.00,-0.06,2.15,0.66,51.51
76.815427,0.0024,0.0630,1.0015,0.06,0.00,-0.06,2.15,0.66,51.51
76.845731,0.0020,0.0630,1.0010,0.06,0.00,-0.06,2.15,0.66,51.51
76.845731,0.0020,0.0630,1.0010,0.00,0.00,-0.06,2.15,0.66,51.51
76.845731,0.0020,0.0625,1.0010,0.00,0.00,-0.06,2.15,0.66,51.51
76.845731,0.0015,0.0630,1.0020,0.00,0.00,-0.06,2.15,0.66,51.51
76.874553,0.0015,0.0625,1.0005,0.00,0.00,0.00,2.15,0.66,51.51
76.874553,0.0015,0.0630,1.0015,0.00,0.00,-0.06,2.15,0.66,51.51
76.874553,0.0010,0.0625,1.0015,0.00,0.00,0.00,2.15,0.66,51.51
76.874553,0.0020,0.0635,1.0024,0.00,0.00,-0.06,2.15,0.66,51.51
76.938694,0.0010,0.0625,1.0020,0.00,0.00,-0.06,2.15,0.66,51.51
76.938694,0.0015,0.0625,1.0010,0.00,0.00,0.00,2.15,0.66,51.51
76.938694,0.0015,0.0625,1.0015,-0.06,0.00,0.00,2.15,0.66,51.51
76.938694,0.0015,0.0630,1.0020,0.00,0.00,0.00,2.15,0.66,51.51
76.964519,0.0020,0.0630,1.0010,0.00,0.00,0.00,2.15,0.66,51.51
76.964519,0.0020,0.0630,1.0015,0.00,0.00,-0.06,2.15,0.66,51.51
76.964519,0.0020,0.0630,1.0020,0.06,0.00,-0.06,2.15,0.66,51.51
76.964519,0.0020,0.0630,1.0029,0.00,0.00,-0.06,2.15,0.66,51.51
76.995365,0.0015,0.0630,1.0020,0.00,0.00,-0.06,2.15,0.66,51.51
76.995365,0.0015,0.0635,1.0024,0.00,0.00,-0.06,2.15,0.66,51.51
76.995365,0.0015,0.0630,1.0015,0.00,0.00,0.00,2.15,0.66,51.51
76.995365,0.0015,0.0630,1.0024,0.00,0.00,-0.06,2.15,0.66,51.51
77.054643,0.0020,0.0630,1.0010,0.00,0.00,-0.06,2.15,0.66,51.51
77.054643,0.0015,0.0635,1.0010,0.00,0.00,-0.12,2.15,0.66,51.51
77.054643,0.0015,0.0630,1.0010,0.00,0.00,-0.06,2.15,0.66,51.51
77.054643,0.0015,0.0625,1.0010,0.00,0.00,0.00,2.15,0.66,51.51
77.085251,0.0010,0.0625,1.0010,0.00,0.00,-0.06,2.15,0.66,51.51
77.085251,0.0010,0.0630,1.0020,0.00,0.00,-0.06,2.15,0.66,51.51
77.085251,0.0020,0.0625,1.0010,0.00,0.00,0.00,2.15,0.66,51.51
77.085251,0.0024,0.0625,1.0015,0.00,0.00,0.00,2.15,0.66,51.51
77.117235,0.0020,0.0630,1.0010,0.00,0.00,-0.06,2.15,0.66,51.51
77.117235,0.0020,0.0625,1.0015,0.00,0.00,-0.06,2.15,0.66,51.51
77.117235,0.0024,0.0620,1.0015,0.00,0.00,-0.06,2.15,0.66,51.51
77.117235,0.0015,0.0625,1.0015,0.00,0.00,0.00,2.15,0.66,51.51
77.175280,0.0010,0.0625,1.0010,0.00,0.00,-0.06,2.15,0.66,51.51
77.175280,0.0020,0.0625,1.0010,0.00,0.00,-0.06,2.15,0.66,51.51
77.175280,0.0020,0.0625,1.0015,0.00,0.00,-0.06,2.15,0.66,51.51
77.175280,0.0015,0.0620,1.0005,0.00,0.00,-0.06,2.15,0.66,51.51
77.204547,0.0015,0.0625,1.0010,0.00,0.00,0.00,2.15,0.66,51.51
77.204547,0.0010,0.0625,1.0005,0.00,0.00,-0.06,2.15,0.66,51.51
77.204547,0.0015,0.0635,1.0015,0.00,0.00,-0.12,2.15,0.66,51.51
77.204547,0.0015,0.0630,1.0015,0.00,0.00,0.00,2.15,0.66,51.51
77.235228,0.0015,0.0625,1.0020,0.00,0.00,0.00,2.15,0.66,51.51
77.235228,0.0020,0.0630,1.0015,0.00,0.06,-0.06,2.15,0.66,51.51
77.235228,0.0015,0.0630,1.0010,0.00,0.00,0.00,2.15,0.66,51.51
77.235228,0.0015,0.0630,1.0010,0.00,0.00,-0.06,2.15,0.66,51.51
77.295398,0.0024,0.0640,1.0010,0.00,0.00,-0.06,2.15,0.66,51.51
77.295398,0.0024,0.0635,1.0015,0.00,0.00,0.00,2.15,0.66,51.51
77.295398,0.0020,0.0635,1.0015,0.00,0.00,0.00,2.15,0.66,51.51
77.295398,0.0020,0.0630,1.0010,0.00,0.00,-0.06,2.15,0.66,51.51
77.324516,0.0020,0.0630,1.0005,0.00,0.00,-0.12,2.15,0.66,51.51
77.324516,0.0024,0.0640,1.0010,0.00,0.00,-0.12,2.15,0.66,51.51
77.324516,0.0020,0.0635,1.0015,0.00,0.00,-0.06,2.15,0.66,51.51
77.324516,0.0020,0.0630,1.0015,0.00,0.00,-0.06,2.15,0.66,51.51
77.357143,0.0024,0.0635,1.0005,0.00,0.00,0.00,2.15,0.66,51.51
77.357143,0.0020,0.0635,1.0005,0.00,0.00,-0.06,2.15,0.66,51.51
77.357143,0.0015,0.0625,1.0015,0.00,0.00,0.00,2.15,0.66,51.51
77.357143,0.0020,0.0630,1.0005,0.00,0.00,0.00,2.15,0.66,51.51
77.415463,0.0024,0.0640,1.0005,0.00,0.00,-0.12,2.15,0.66,51.51
77.415463,0.0015,0.0635,1.0010,0.00,0.00,-0.06,2.15,0.66,51.51
77.415463,0.0024,0.0635,1.0015,0.00,0.00,-0.06,2.15,0.66,51.51
77.415463,0.0020,0.0630,1.0000,0.00,0.00,-0.06,2.15,0.66,51.51
77.449915,0.0020,0.0625,1.0010,0.00,0.00,0.00,2.15,0.66,51.51
77.449915,0.0020,0.0630,1.0010,0.00,0.00,0.00,2.15,0.66,51.51
77.449915,0.0015,0.0630,1.0015,0.00,0.00,-0.06,2.15,0.66,51.51
77.449915,0.0020,0.0625,1.0015,0.00,0.00,-0.06,2.15,0.66,51.51
77.477403,0.0020,0.0630,1.0010,0.00,0.00,0.00,2.15,0.66,51.51
77.477403,0.0020,0.0630,1.0005,0.00,0.00,0.00,2.15,0.66,51.51
77.477403,0.0020,0.0625,1.0020,0.00,0.00,0.00,2.15,0.66,51.51
77.477403,0.0015,0.0625,1.0020,0.00,0.00,-0.06,2.15,0.66,51.51
77.535483,0.0020,0.0620,1.0020,0.00,0.00,0.00,2.15,0.66,51.51
77.535483,0.0015,0.0615,1.0010,0.00,0.00,0.00,2.15,0.66,51.51
77.535483,0.0020,0.0625,1.0020,0.00,0.00,0.00,2.15,0.66,51.51
77.535483,0.0024,0.0640,1.0015,0.00,0.00,0.00,2.15,0.66,51.51
77.564589,0.0024,0.0640,1.0010,0.00,0.00,-0.06,2.15,0.66,51.51
77.564589,0.0029,0.0630,1.0010,0.00,0.00,-0.12,2.15,0.66,51.51
77.564589,0.0024,0.0630,1.0010,0.00,0.00,-0.12,2.15,0.66,51.51
77.564589,0.0024,0.0635,1.0015,0.00,0.00,-0.06,2.15,0.66,51.51
77.595409,0.0015,0.0635,1.0010,0.00,0.00,-0.06,2.15,0.66,51.51
77.595409,0.0024,0.0640,1.0010,0.00,0.00,0.00,2.15,0.66,51.51
77.595409,0.0029,0.0630,1.0015,0.00,0.00,-0.06,2.15,0.66,51.51
77.595409,0.0020,0.0630,1.0020,0.00,0.00,-0.12,2.15,0.66,51.51
77.655435,0.0029,0.0630,1.0010,0.00,0.00,-0.06,2.15,0.66,51.51
77.655435,0.0020,0.0630,1.0015,0.00,0.00,-0.06,2.15,0.66,51.51
77.655435,0.0020,0.0630,1.0015,0.00,0.00,-0.06,2.15,0.66,51.51
77.655435,0.0015,0.0635,1.0015,0.00,0.00,0.00,2.15,0.66,51.51
77.686819,0.0020,0.0630,1.0010,0.00,0.00,0.00,2.15,0.66,51.51
77.686819,0.0024,0.0630,1.0010,0.00,0.00,-0.06,2.15,0.66,51.51
77.686819,0.0020,0.0635,1.0020,0.00,0.00,-0.06,2.15,0.66,51.51
77.686819,0.0020,0.0625,1.0015,0.00,0.00,-0.06,2.15,0.66,51.51
77.714901,0.0020,0.0630,1.0020,0.00,0.00,-0.06,2.15,0.66,51.51
77.714901,0.0020,0.0630,1.0020,0.00,0.00,-0.06,2.15,0.66,51.51
77.714901,0.0029,0.0630,1.0015,0.00,0.00,-0.06,2.15,0.66,51.51
77.714901,0.0024,0.0630,1.0015,0.00,0.00,-0.06,2.15,0.66,51.51
77.774647,0.0020,0.0630,1.0020,0.00,0.00,-0.06,2.15,0.66,51.51
77.774647,0.0015,0.0630,1.0015,0.00,0.00,-0.06,2.15,0.66,51.51
77.774647,0.0015,0.0630,1.0020,0.00,0.00,-0.06,2.15,0.66,51.51
77.774647,0.0015,0.0630,1.0020,0.00,0.00,0.00,2.15,0.66,51.51
77.805371,0.0015,0.0630,1.0015,0.00,0.00,0.00,2.15,0.66,51.51
77.805371,0.0024,0.0625,1.0010,0.00,0.00,-0.06,2.15,0.66,51.51
77.805371,0.0024,0.0625,1.0015,0.00,0.00,-0.06,2.15,0.66,51.51
77.805371,0.0015,0.0630,1.0015,0.00,0.00,0.00,2.15,0.66,51.51
77.834608,0.0020,0.0630,1.0020,0.00,0.00,-0.06,2.15,0.66,51.51
77.834608,0.0020,0.0625,1.0015,0.00,0.00,-0.06,2.15,0.66,51.51
77.834608,0.0020,0.0625,1.0015,0.00,0.00,-0.06,2.15,0.66,51.51
77.834608,0.0024,0.0635,1.0010,0.00,0.00,0.00,2.15,0.66,51.51
77.895467,0.0015,0.0630,1.0015,0.00,0.00,0.00,2.15,0.66,51.51
77.895467,0.0020,0.0635,1.0010,0.00,0.00,-0.12,2.15,0.66,51.51
77.895467,0.0024,0.0625,1.0015,0.00,0.00,-0.06,2.15,0.66,51.51
77.895467,0.0020,0.0625,1.0024,0.00,0.00,0.00,2.15,0.66,51.51
77.924546,0.0015,0.0630,1.0020,0.00,-0.06,-0.06,2.15,0.66,51.51
77.924546,0.0024,0.0635,1.0015,0.00,0.00,0.00,2.15,0.66,51.51
77.924546,0.0029,0.0630,1.0005,0.00,0.00,-0.12,2.15,0.66,51.51
77.924546,0.0020,0.0625,1.0020,0.00,0.00,0.00,2.15,0.66,51.51
77.955291,0.0020,0.0625,1.0020,0.00,0.00,0.00,2.15,0.66,51.51
77.955291,0.0015,0.0630,1.0015,0.06,0.00,-0.06,2.15,0.66,51.51
77.955291,0.0029,0.0635,1.0010,0.00,0.00,0.00,2.15,0.66,51.51
77.955291,0.0020,0.0635,1.0010,0.00,0.00,-0.06,2.15,0.66,51.51
78.015434,0.0024,0.0635,1.0010,0.00,0.00,0.00,2.15,0.66,51.51
78.015434,0.0020,0.0635,1.0020,0.00,0.00,0.00,2.15,0.66,51.51
78.015434,0.0015,0.0630,1.0020,0.00,0.00,-0.06,2.15,0.66,51.51
78.015434,0.0015,0.0625,1.0020,0.00,0.00,0.00,2.15,0.66,51.51
78.046498,0.0015,0.0635,1.0020,0.00,0.00,-0.06,2.15,0.66,51.51
78.046498,0.0024,0.0625,1.0020,0.00,0.00,0.00,2.15,0.66,51.51
78.046498,0.0029,0.0630,1.0015,0.00,0.00,0.00,2.15,0.66,51.51
78.046498,0.0024,0.0630,1.0015,0.00,0.00,-0.06,2.15,0.66,51.51
78.077433,0.0024,0.0630,1.0015,0.00,0.00,-0.06,2.15,0.66,51.51
78.077433,0.0015,0.0630,1.0010,0.00,0.00,-0.06,2.15,0.66,51.51
78.077433,0.0024,0.0640,1.0010,0.00,0.00,-0.06,2.15,0.66,51.51
78.077433,0.0020,0.0630,1.0005,0.00,0.00,-0.12,2.15,0.66,51.51
78.135298,0.0020,0.0625,1.0015,0.00,0.00,-0.06,2.15,0.66,51.51
78.135298,0.0020,0.0630,1.0020,0.00,0.00,-0.06,2.15,0.66,51.51
78.135298,0.0020,0.0630,1.0015,0.00,0.00,0.00,2.15,0.66,51.51
78.135298,0.0015,0.0630,1.0020,0.00,0.00,0.00,2.15,0.66,51.51
78.164508,0.0015,0.0635,1.0010,0.00,0.00,0.00,2.15,0.66,51.51
78.164508,0.0020,0.0630,1.0020,0.00,0.00,-0.06,2.15,0.66,51.51
78.164508,0.0020,0.0630,1.0010,0.00,0.00,-0.06,2.15,0.66,51.51
78.164508,0.0015,0.0630,1.0015,0.00,-0.06,0.00,2.15,0.66,51.51
78.225374,0.0020,0.0620,1.0020,0.00,0.00,0.00,2.15,0.66,51.51
78.225374,0.0024,0.0615,1.0020,0.00,0.00,0.00,2.15,0.66,51.51
78.225374,0.0024,0.0625,1.0020,0.00,0.00,-0.06,2.15,0.66,51.51
78.225374,0.0015,0.0625,1.0024,0.00,0.00,-0.06,2.15,0.66,51.51
78.254504,0.0015,0.0630,1.0015,0.00,0.00,-0.06,2.15,0.66,51.51
78.254504,0.0024,0.0630,1.0015,0.00,0.00,-0.06,2.15,0.66,51.51
78.254504,0.0024,0.0630,1.0020,0.00,0.00,0.00,2.15,0.66,51.51
78.254504,0.0020,0.0630,1.0010,0.00,0.00,-0.06,2.15,0.66,51.51
78.284554,0.0020,0.0625,1.0020,0.00,0.00,-0.06,2.15,0.66,51.51
78.284554,0.0029,0.0625,1.0015,0.00,0.00,-0.06,2.15,0.66,51.51
78.284554,0.0015,0.0625,1.0015,0.00,0.00,0.00,2.15,0.66,51.51
78.284554,0.0015,0.0630,1.0020,0.00,0.00,0.00,2.15,0.66,51.51
78.344963,0.0010,0.0625,1.0020,0.00,0.00,-0.06,2.15,0.66,51.51
78.344963,0.0020,0.0630,1.0020,0.00,0.00,-0.06,2.15,0.66,51.51
78.344963,0.0010,0.0635,1.0010,0.00,0.00,-0.06,2.15,0.66,51.51
78.344963,0.0015,0.0630,1.0010,0.00,0.00,-0.06,2.15,0.66,51.51
78.376804,0.0015,0.0625,1.0010,0.00,0.00,-0.06,2.15,0.66,51.51
78.376804,0.0015,0.0620,1.0024,0.00,0.00,0.00,2.15,0.66,51.51
78.376804,0.0015,0.0620,1.0020,0.00,0.00,-0.06,2.15,0.66,51.51
78.376804,0.0020,0.0625,1.0015,0.00,0.00,-0.06,2.15,0.66,51.51
78.404638,0.0024,0.0630,1.0015,0.00,0.00,0.00,2.15,0.66,51.51
78.404638,0.0020,0.0630,1.0020,0.06,0.00,-0.06,2.15,0.66,51.51
78.404638,0.0015,0.0625,1.0020,0.00,0.00,-0.06,2.15,0.66,51.51
78.404638,0.0024,0.0625,1.0024,0.06,0.00,-0.06,2.15,0.66,51.51
78.464583,0.0015,0.0635,1.0024,0.00,0.00,0.00,2.15,0.66,51.51
78.464583,0.0024,0.0640,1.0020,0.00,0.00,-0.06,2.15,0.66,51.51
78.464583,0.0024,0.0630,1.0024,0.00,0.00,-0.06,2.15,0.66,51.51
78.464583,0.0029,0.0625,1.0020,0.00,0.00,-0.06,2.15,0.66,51.51
78.504970,0.0024,0.0630,1.0020,0.00,0.00,-0.06,2.15,0.66,51.51
78.504970,0.0020,0.0625,1.0015,0.06,0.00,-0.06,2.15,0.66,51.51
78.504970,0.0020,0.0625,1.0020,0.00,0.00,-0.06,2.15,0.66,51.51
78.504970,0.0020,0.0630,1.0015,0.00,0.00,-0.06,2.15,0.66,51.51
78.524704,0.0020,0.0635,1.0020,0.06,0.00,0.00,2.15,0.66,51.51
78.524704,0.0020,0.0625,1.0020,0.06,0.00,-0.06,2.15,0.66,51.51
78.524704,0.0015,0.0630,1.0015,0.00,0.00,-0.06,2.15,0.66,51.51
78.524704,0.0024,0.0625,1.0010,0.00,0.00,-0.06,2.15,0.66,51.51
78.584725,0.0015,0.0625,1.0015,0.00,0.00,-0.12,2.15,0.66,51.51
78.584725,0.0020,0.0625,1.0015,0.00,0.00,-0.12,2.15,0.66,51.51
78.584725,0.0015,0.0630,1.0005,0.00,0.06,-0.06,2.15,0.66,51.51
78.584725,0.0015,0.0620,1.0010,0.00,0.00,-0.12,2.15,0.66,51.51
78.614646,0.0020,0.0630,1.0015,0.00,-0.06,-0.06,2.15,0.66,51.51
78.614646,0.0020,0.0630,1.0010,0.00,0.00,-0.06,2.15,0.66,51.51
78.614646,0.0020,0.0635,1.0020,0.00,0.00,-0.06,2.15,0.66,51.51
78.614646,0.0020,0.0630,1.0020,0.00,0.00,0.00,2.15,0.66,51.51
78.644857,0.0020,0.0625,1.0020,0.00,0.00,-0.06,2.15,0.66,51.51
78.644857,0.0015,0.0630,1.0010,0.00,0.00,0.00,2.15,0.66,51.51
78.644857,0.0015,0.0635,1.0020,0.00,0.00,-0.06,2.15,0.66,51.51
78.644857,0.0010,0.0630,1.0015,0.00,0.00,0.00,2.15,0.66,51.51
78.705305,0.0024,0.0625,1.0020,0.00,0.00,0.00,2.15,0.66,51.51
78.705305,0.0020,0.0630,1.0005,0.00,0.00,-0.06,2.15,0.66,51.51
78.705305,0.0015,0.0630,1.0024,0.00,0.00,-0.12,2.15,0.66,51.51
78.705305,0.0015,0.0630,1.0020,0.00,0.00,-0.06,2.15,0.66,51.51
78.766648,0.0024,0.0625,1.0015,0.00,0.00,0.00,2.15,0.66,51.51
78.766648,0.0024,0.0630,1.0015,0.00,0.00,-0.06,2.15,0.66,51.51
78.766648,0.0024,0.0630,1.0010,0.00,0.00,0.00,2.15,0.66,51.51
78.766648,0.0029,0.0625,1.0020,0.00,0.00,-0.12,2.15,0.66,51.51
78.766811,0.0015,0.0630,1.0029,0.00,0.00,0.00,2.15,0.66,51.51
78.766811,0.0015,0.0635,1.0029,0.00,0.06,-0.06,2.15,0.66,51.51
78.766811,0.0020,0.0630,1.0024,0.00,0.00,-0.06,2.15,0.66,51.51
78.766811,0.0020,0.0620,1.0024,0.00,0.00,0.00,2.15,0.66,51.51
78.824661,0.0024,0.0620,1.0015,0.00,0.00,0.00,2.15,0.66,51.51
78.824661,0.0020,0.0630,1.0015,0.00,0.00,0.00,2.15,0.66,51.51
78.824661,0.0020,0.0620,1.0024,0.00,0.00,0.00,2.15,0.66,51.51
78.824661,0.0010,0.0620,1.0010,0.00,0.00,0.00,2.15,0.66,51.51
78.855445,0.0015,0.0615,1.0015,0.00,0.00,0.00,2.15,0.66,51.51
78.855445,0.0020,0.0625,1.0020,0.06,0.00,0.00,2.15,0.66,51.51
78.855445,0.0010,0.0625,1.0020,0.06,0.00,-0.06,2.15,0.66,51.51
78.855445,0.0015,0.0630,1.0024,0.06,0.00,-0.12,2.15,0.66,51.51
78.884562,0.0015,0.0625,1.0024,0.00,0.00,-0.06,2.15,0.66,51.51
78.884562,0.0024,0.0630,1.0015,0.00,-0.06,-0.06,2.15,0.66,51.51
78.884562,0.0020,0.0630,1.0015,0.00,0.00,-0.06,2.15,0.66,51.51
78.884562,0.0020,0.0630,1.0015,0.00,0.00,-0.06,2.15,0.66,51.51
78.947642,0.0020,0.0620,1.0020,0.00,0.00,-0.06,2.15,0.66,51.51
78.947642,0.0020,0.0630,1.0020,0.00,0.00,-0.06,2.15,0.66,51.51
78.947642,0.0020,0.0635,1.0010,0.00,0.00,-0.06,2.15,0.66,51.51
78.947642,0.0024,0.0630,1.0015,0.00,0.00,-0.06,2.15,0.66,51.51
78.977251,0.0024,0.0625,1.0020,0.06,0.00,-0.12,2.15,0.66,51.51
78.977251,0.0020,0.0625,1.0020,0.00,0.00,-0.06,2.15,0.66,51.51
78.977251,0.0020,0.0625,1.0015,0.00,0.00,-0.06,2.15,0.66,51.51
78.977251,0.0020,0.0630,1.0015,0.00,0.00,-0.06,2.15,0.66,51.51
79.005838,0.0020,0.0635,1.0015,0.00,0.00,-0.06,2.15,0.66,51.51
79.005838,0.0020,0.0630,1.0015,0.00,0.00,-0.06,2.15,0.66,51.51
79.005838,0.0015,0.0625,1.0015,0.00,0.00,-0.12,2.15,0.66,51.51
79.005838,0.0020,0.0630,1.0020,0.00,0.00,-0.06,2.15,0.66,51.51
79.066878,0.0020,0.0625,1.0024,0.00,0.00,-0.06,2.15,0.66,51.51
79.066878,0.0020,0.0630,1.0024,0.00,0.00,-0.06,2.15,0.66,51.51
79.066878,0.0015,0.0625,1.0029,0.00,0.00,-0.06,2.15,0.66,51.51
79.066878,0.0020,0.0625,1.0020,0.00,0.00,-0.06,2.15,0.66,51.51
79.094723,0.0020,0.0625,1.0015,-0.06,0.00,-0.06,2.15,0.66,51.51
79.094723,0.0020,0.0625,1.0015,0.00,0.00,0.00,2.15,0.66,51.51
79.094723,0.0024,0.0625,1.0020,0.00,0.00,0.00,2.15,0.66,51.51
79.094723,0.0024,0.0630,1.0010,0.00,0.00,0.00,2.15,0.66,51.51
79.125327,0.0020,0.0625,1.0015,0.00,0.00,0.00,2.15,0.66,51.51
79.125327,0.0020,0.0635,1.0010,0.00,0.00,0.00,2.15,0.66,51.51
79.125327,0.0015,0.0635,1.0015,0.00,0.00,0.00,2.15,0.66,51.51
79.125327,0.0020,0.0630,1.0020,0.00,0.00,0.00,2.15,0.66,51.51
79.185485,0.0020,0.0630,1.0020,0.00,0.00,0.00,2.15,0.66,51.51
79.185485,0.0015,0.0630,1.0020,0.00,0.00,-0.06,2.15,0.66,51.51
79.185485,0.0010,0.0625,1.0015,0.00,0.00,-0.06,2.15,0.66,51.51
79.185485,0.0010,0.0630,1.0015,0.00,0.00,-0.06,2.15,0.66,51.51
79.214608,0.0020,0.0630,1.0015,0.00,0.00,-0.06,2.15,0.66,51.51
79.214608,0.0015,0.0630,1.0010,0.06,0.00,-0.06,2.15,0.66,51.51
79.214608,0.0020,0.0635,1.0000,0.00,0.00,-0.06,2.15,0.66,51.51
79.214608,0.0024,0.0640,1.0010,0.00,0.00,-0.06,2.15,0.66,51.51
79.245773,0.0020,0.0635,1.0015,0.00,0.00,0.00,2.15,0.66,51.51
79.245773,0.0020,0.0635,1.0015,0.00,0.00,-0.06,2.15,0.66,51.51
79.245773,0.0015,0.0630,1.0010,0.00,0.00,0.00,2.15,0.66,51.51
79.245773,0.0015,0.0635,1.0015,0.00,0.00,-0.06,2.15,0.66,51.51
79.305451,0.0015,0.0630,1.0010,0.00,0.00,-0.06,2.15,0.66,51.51
79.305451,0.0020,0.0625,1.0015,0.00,0.00,-0.06,2.15,0.66,51.51
79.305451,0.0020,0.0630,1.0015,0.00,0.00,-0.06,2.15,0.66,51.51
79.305451,0.0024,0.0630,1.0020,0.00,0.00,-0.06,2.15,0.66,51.51
79.335722,0.0015,0.0625,1.0000,0.00,0.00,-0.06,2.15,0.66,51.51
79.335722,0.0015,0.0630,1.0000,0.00,0.00,0.00,2.15,0.66,51.51
79.335722,0.0015,0.0630,1.0010,0.00,0.00,0.00,2.15,0.66,51.51
79.335722,0.0015,0.0630,1.0010,0.00,0.00,-0.06,2.15,0.66,51.51
79.364834,0.0029,0.0640,1.0010,0.00,0.00,-0.12,2.15,0.66,51.51
79.364834,0.0015,0.0640,1.0020,0.00,0.00,-0.06,2.15,0.66,51.51
79.364834,0.0020,0.0625,1.0015,0.00,0.00,-0.06,2.15,0.66,51.51
79.364834,0.0024,0.0630,1.0010,0.00,0.00,-0.06,2.15,0.66,51.51
79.427234,0.0024,0.0625,1.0020,0.00,0.00,-0.06,2.15,0.66,51.51
79.427234,0.0020,0.0635,1.0020,0.00,0.00,-0.06,2.15,0.66,51.51
79.427234,0.0024,0.0630,1.0005,0.00,0.00,-0.06,2.15,0.66,51.51
79.427234,0.0024,0.0635,1.0015,0.00,0.00,-0.06,2.15,0.66,51.51
79.455140,0.0020,0.0630,1.0020,0.00,0.00,-0.06,2.15,0.66,51.51
79.455140,0.0015,0.0635,1.0020,0.00,0.00,-0.06,2.15,0.66,51.51
79.455140,0.0015,0.0640,1.0015,0.00,0.00,0.00,2.15,0.66,51.51
79.455140,0.0020,0.0635,1.0010,0.00,0.00,0.00,2.15,0.66,51.51
79.484545,0.0020,0.0625,1.0020,0.00,0.00,-0.06,2.15,0.66,51.51
79.484545,0.0020,0.0625,1.0020,0.00,0.00,0.00,2.15,0.66,51.51
79.484545,0.0020,0.0630,1.0024,0.00,0.00,-0.06,2.15,0.66,51.51
79.484545,0.0010,0.0625,1.0015,0.00,0.00,-0.06,2.15,0.66,51.51
79.545439,0.0015,0.0625,1.0015,0.00,0.00,-0.06,2.15,0.66,51.51
79.545439,0.0020,0.0630,1.0015,0.00,0.00,-0.06,2.15,0.66,51.51
79.545439,0.0020,0.0630,1.0015,0.00,0.00,-0.06,2.15,0.66,51.51
79.545439,0.0015,0.0630,1.0020,0.00,0.00,0.00,2.15,0.66,51.51
79.574728,0.0015,0.0625,1.0010,0.00,0.00,0.00,2.15,0.66,51.51
79.574728,0.0020,0.0630,1.0020,0.00,0.00,-0.06,2.15,0.66,51.51
79.574728,0.0024,0.0625,1.0015,0.00,0.00,-0.06,2.15,0.66,51.51
79.574728,0.0020,0.0625,1.0015,0.00,0.00,0.00,2.15,0.66,51.51
79.634802,0.0020,0.0630,1.0010,0.00,0.00,0.00,2.15,0.66,51.51
79.634802,0.0015,0.0635,1.0010,0.00,0.00,-0.06,2.15,0.66,51.51
79.634802,0.0015,0.0625,1.0020,0.00,0.00,-0.06,2.15,0.66,51.51
79.634802,0.0020,0.0625,1.0020,0.00,0.00,-0.06,2.15,0.66,51.51
79.664810,0.0015,0.0630,1.0024,0.00,0.00,-0.12,2.15,0.66,51.51
79.664810,0.0020,0.0625,1.0020,0.00,0.00,0.00,2.15,0.66,51.51
79.664810,0.0024,0.0635,1.0020,0.00,0.00,-0.06,2.15,0.66,51.51
79.664810,0.0020,0.0630,1.0015,0.00,0.00,-0.06,2.15,0.66,51.51
79.694712,0.0020,0.0630,1.0015,0.00,0.00,-0.12,2.15,0.66,51.51
79.694712,0.0024,0.0630,1.0015,0.00,0.00,-0.06,2.15,0.66,51.51
79.694712,0.0029,0.0635,1.0020,0.00,0.00,0.00,2.15,0.66,51.51
79.694712,0.0029,0.0635,1.0015,0.00,0.00,-0.06,2.15,0.66,51.51
79.757406,0.0024,0.0630,1.0020,0.06,0.00,-0.06,2.15,0.66,51.51
79.757406,0.0020,0.0630,1.0005,0.00,0.00,-0.06,2.15,0.66,51.51
79.757406,0.0020,0.0625,1.0005,0.00,0.00,-0.12,2.15,0.66,51.51
79.757406,0.0029,0.0625,1.0020,0.00,0.00,-0.06,2.15,0.66,51.51
79.785586,0.0024,0.0630,1.0024,0.00,0.00,-0.12,2.15,0.66,51.51
79.785586,0.0020,0.0635,1.0015,0.00,0.00,-0.06,2.15,0.66,51.51
79.785586,0.0020,0.0625,1.0024,0.00,0.00,-0.06,2.15,0.66,51.51
79.785586,0.0010,0.0625,1.0020,0.00,0.00,-0.06,2.15,0.66,51.51
79.814690,0.0015,0.0630,1.0010,0.00,0.00,-0.06,2.15,0.66,51.51
79.814690,0.0015,0.0630,1.0020,0.00,0.00,0.00,2.15,0.66,51.51
79.814690,0.0015,0.0635,1.0005,0.00,0.00,-0.06,2.15,0.66,51.51
79.814690,0.0015,0.0635,1.0010,0.06,0.00,-0.06,2.15,0.66,51.51
79.875469,0.0010,0.0625,1.0010,0.00,0.00,-0.06,2.15,0.66,51.51
79.875469,0.0024,0.0630,1.0010,0.00,0.00,0.00,2.15,0.66,51.51
79.875469,0.0015,0.0630,1.0020,0.00,0.00,-0.06,2.15,0.66,51.51
79.875469,0.0020,0.0625,1.0010,0.00,0.00,-0.06,2.15,0.66,51.51
79.904650,0.0024,0.0630,1.0015,0.00,0.00,-0.06,2.15,0.66,51.51
79.904650,0.0024,0.0635,1.0010,0.00,0.00,-0.06,2.15,0.66,51.51
79.904650,0.0024,0.0630,1.0015,0.00,0.00,-0.06,2.15,0.66,51.51
79.904650,0.0020,0.0625,1.0015,0.06,0.00,0.00,2.15,0.66,51.51
79.935537,0.0024,0.0630,1.0020,0.00,0.00,-0.06,2.15,0.66,51.51
79.935537,0.0024,0.0635,1.0015,0.00,0.00,-0.06,2.15,0.66,51.51
79.935537,0.0024,0.0625,1.0005,0.00,0.00,0.00,2.15,0.66,51.51
79.935537,0.0024,0.0625,1.0005,0.00,0.00,0.00,2.15,0.66,51.51
79.995498,0.0029,0.0630,1.0020,0.00,0.00,-0.06,2.15,0.66,51.51
79.995498,0.0029,0.0630,1.0015,0.00,0.00,0.00,2.15,0.66,51.51
79.995498,0.0029,0.0630,1.0020,0.00,0.00,0.00,2.15,0.66,51.51
79.995498,0.0020,0.0625,1.0020,0.00,0.00,0.00,2.15,0.66,51.51
80.025578,0.0020,0.0625,1.0024,0.00,0.00,0.00,2.15,0.66,51.51
80.025578,0.0024,0.0630,1.0015,0.00,0.00,-0.06,2.15,0.66,51.51
80.025578,0.0020,0.0635,1.0015,0.00,0.00,0.00,2.15,0.66,51.51
80.025578,0.0029,0.0635,1.0020,0.00,0.00,-0.06,2.15,0.66,51.51
80.055448,0.0020,0.0635,1.0024,0.00,0.00,0.00,2.15,0.66,51.51
80.055448,0.0024,0.0625,1.0020,0.00,0.00,0.00,2.15,0.66,51.51
80.055448,0.0024,0.0635,1.0010,0.00,0.00,0.00,2.15,0.66,51.51
80.055448,0.0020,0.0630,1.0015,0.00,0.00,-0.06,2.15,0.66,51.51
80.118129,0.0029,0.0620,1.0010,0.00,0.00,0.00,2.15,0.66,51.51
80.118129,0.0020,0.0630,1.0020,0.00,0.00,0.00,2.15,0.66,51.51
80.118129,0.0010,0.0630,1.0015,0.00,0.00,0.00,2.15,0.66,51.51
80.118129,0.0015,0.0625,1.0020,0.00,0.00,-0.06,2.15,0.66,51.51
80.145742,0.0020,0.0630,1.0020,0.06,0.00,0.00,2.15,0.66,51.51
80.145742,0.0015,0.0620,1.0020,0.00,-0.06,-0.06,2.15,0.66,51.51
80.145742,0.0010,0.0630,1.0015,0.00,0.00,-0.06,2.15,0.66,51.51
80.145742,0.0015,0.0635,1.0020,0.00,0.00,-0.06,2.15,0.66,51.51
80.174660,0.0020,0.0630,1.0020,0.00,0.00,-0.06,2.15,0.66,51.51
80.174660,0.0020,0.0625,1.0015,0.00,0.00,-0.06,2.15,0.66,51.51
80.174660,0.0020,0.0630,1.0010,0.06,0.00,0.00,2.15,0.66,51.51
80.174660,0.0015,0.0630,1.0020,0.00,0.00,0.00,2.15,0.66,51.51
80.235511,0.0024,0.0630,1.0020,0.00,0.00,-0.06,2.15,0.66,51.51
80.235511,0.0020,0.0630,1.0005,0.00,0.00,0.00,2.15,0.66,51.51
80.235511,0.0015,0.0635,1.0010,0.00,0.00,-0.06,2.15,0.66,51.51
80.235511,0.0020,0.0625,1.0015,0.00,0.00,0.00,2.15,0.66,51.51
80.265528,0.0015,0.0625,1.0015,0.00,0.00,-0.06,2.15,0.66,51.51
80.265528,0.0015,0.0630,1.0010,0.00,0.00,-0.06,2.15,0.66,51.51
80.265528,0.0029,0.0635,1.0015,0.06,0.00,0.00,2.15,0.66,51.51
80.265528,0.0024,0.0630,1.0010,0.00,0.00,0.00,2.15,0.66,51.51
80.294895,0.0015,0.0630,1.0005,0.00,0.00,0.00,2.15,0.66,51.51
80.294895,0.0020,0.0625,1.0010,0.06,0.00,-0.06,2.15,0.66,51.51
80.294895,0.0020,0.0630,1.0015,0.00,0.00,-0.06,2.15,0.66,51.51
80.294895,0.0020,0.0630,1.0015,0.00,0.00,-0.06,2.15,0.66,51.51
80.357299,0.0020,0.0635,1.0020,0.00,0.00,-0.06,2.15,0.66,51.51
80.357299,0.0015,0.0630,1.0010,0.00,0.00,-0.06,2.15,0.66,51.51
80.357299,0.0020,0.0625,1.0020,0.00,0.00,0.00,2.15,0.66,51.51
80.357299,0.0020,0.0625,1.0020,0.00,0.00,-0.06,2.15,0.66,51.51
80.387336,0.0024,0.0630,1.0020,0.06,0.00,0.00,2.15,0.66,51.51
80.387336,0.0020,0.0625,1.0015,0.00,0.00,-0.06,2.15,0.66,51.51
80.387336,0.0020,0.0625,1.0020,0.00,0.00,0.00,2.15,0.66,51.51
80.387336,0.0024,0.0625,1.0010,0.06,0.00,0.00,2.15,0.66,51.51
80.419729,0.0020,0.0620,1.0015,0.00,0.00,0.00,2.15,0.66,51.51
80.419729,0.0024,0.0625,1.0010,0.00,0.00,0.00,2.15,0.66,51.51
80.419729,0.0024,0.0625,1.0015,0.00,0.00,0.00,2.15,0.66,51.51
80.419729,0.0020,0.0630,1.0015,0.00,0.00,0.00,2.15,0.66,51.51
80.475452,0.0020,0.0625,1.0000,0.00,0.00,-0.06,2.15,0.66,51.51
80.475452,0.0024,0.0630,1.0005,0.00,0.00,-0.06,2.15,0.66,51.51
80.475452,0.0020,0.0625,1.0010,0.00,0.00,-0.06,2.15,0.66,51.51
80.475452,0.0024,0.0635,1.0010,0.00,0.00,-0.06,2.15,0.66,51.51
80.504608,0.0020,0.0640,1.0000,0.06,0.00,-0.06,2.15,0.66,51.51
80.504608,0.0024,0.0635,1.0015,0.00,0.00,-0.06,2.15,0.66,51.51
80.504608,0.0024,0.0635,1.0020,0.00,0.00,-0.06,2.15,0.66,51.51
80.504608,0.0020,0.0630,1.0015,0.00,0.00,-0.06,2.15,0.66,51.51
80.536587,0.0024,0.0635,1.0024,0.00,0.00,-0.06,2.15,0.66,51.51
80.536587,0.0024,0.0630,1.0020,0.00,0.00,-0.06,2.15,0.66,51.51
80.536587,0.0020,0.0630,1.0020,0.00,0.00,-0.06,2.15,0.66,51.51
80.536587,0.0020,0.0625,1.0015,0.00,0.00,0.00,2.15,0.66,51.51
80.594675,0.0020,0.0625,1.0015,0.00,0.00,0.00,2.15,0.66,51.51
80.594675,0.0020,0.0635,1.0020,0.00,0.00,-0.06,2.15,0.66,51.51
80.594675,0.0024,0.0630,1.0015,0.00,0.00,-0.06,2.15,0.66,51.51
80.594675,0.0024,0.0630,1.0015,0.00,0.00,0.00,2.15,0.66,51.51
80.625105,0.0015,0.0625,1.0010,0.06,0.00,0.00,2.15,0.66,51.51
80.625105,0.0015,0.0625,1.0010,0.00,0.00,-0.06,2.15,0.66,51.51
80.625105,0.0010,0.0630,1.0015,0.00,0.00,-0.06,2.15,0.66,51.51
80.625105,0.0020,0.0625,1.0010,0.00,0.00,-0.06,2.15,0.66,51.51
80.655315,0.0015,0.0625,1.0015,0.00,0.00,-0.06,2.15,0.66,51.51
80.655315,0.0010,0.0630,1.0015,0.00,0.00,-0.06,2.15,0.66,51.51
80.655315,0.0020,0.0630,1.0015,0.00,0.00,-0.06,2.15,0.66,51.51
80.655315,0.0024,0.0625,1.0010,0.00,0.00,-0.06,2.15,0.66,51.51
80.715637,0.0024,0.0620,1.0020,0.00,0.00,-0.06,2.15,0.66,51.51
80.715637,0.0015,0.0625,1.0015,0.06,0.00,-0.06,2.15,0.66,51.51
80.715637,0.0015,0.0630,1.0020,0.00,0.00,0.00,2.15,0.66,51.51
80.715637,0.0015,0.0630,1.0020,0.00,0.00,-0.06,2.15,0.66,51.51
80.745532,0.0020,0.0630,1.0024,0.00,0.00,-0.06,2.15,0.66,51.51
80.745532,0.0020,0.0630,1.0024,0.00,0.06,-0.06,2.15,0.66,51.51
80.745532,0.0020,0.0625,1.0024,0.00,0.00,0.00,2.15,0.66,51.51
80.745532,0.0015,0.0630,1.0020,0.06,0.00,0.00,2.15,0.66,51.51
80.777202,0.0020,0.0630,1.0015,0.00,0.00,-0.06,2.15,0.66,51.51
80.777202,0.0029,0.0630,1.0024,0.00,0.00,0.00,2.15,0.66,51.51
80.777202,0.0029,0.0630,1.0024,0.06,0.00,-0.06,2.15,0.66,51.51
80.777202,0.0020,0.0640,1.0024,0.00,0.00,0.00,2.15,0.66,51.51
80.835557,0.0020,0.0635,1.0010,0.00,0.00,0.00,2.15,0.66,51.51
80.835557,0.0015,0.0635,1.0015,0.00,0.00,0.00,2.15,0.66,51.51
80.835557,0.0015,0.0630,1.0024,-0.06,0.00,0.00,2.15,0.66,51.51
80.835557,0.0020,0.0625,1.0024,0.00,0.00,-0.06,2.15,0.66,51.51
80.864753,0.0020,0.0635,1.0015,0.00,0.00,-0.12,2.15,0.66,51.51
80.864753,0.0024,0.0635,1.0015,0.00,0.00,-0.06,2.15,0.66,51.51
80.864753,0.0020,0.0630,1.0029,0.00,0.00,0.00,2.15,0.66,51.51
80.864753,0.0020,0.0620,1.0029,0.00,0.00,0.00,2.15,0.66,51.51
80.895528,0.0020,0.0630,1.0029,0.00,0.00,-0.06,2.15,0.66,51.51
80.895528,0.0015,0.0630,1.0024,0.00,0.00,0.00,2.15,0.66,51.51
80.895528,0.0020,0.0635,1.0020,0.00,0.00,0.00,2.15,0.66,51.51
80.895528,0.0024,0.0625,1.0015,0.00,0.00,-0.06,2.15,0.66,51.51
80.954628,0.0020,0.0630,1.0024,0.00,0.00,0.00,2.15,0.66,51.51
80.954628,0.0024,0.0635,1.0020,0.00,0.00,0.00,2.15,0.66,51.51
80.954628,0.0020,0.0630,1.0015,0.00,0.00,-0.06,2.15,0.66,51.51
80.954628,0.0020,0.0625,1.0020,0.00,0.00,-0.06,2.15,0.66,51.51
80.984722,0.0015,0.0630,1.0020,0.00,0.00,0.00,2.15,0.66,51.51
80.984722,0.0015,0.0630,1.0010,0.00,0.00,-0.06,2.15,0.66,51.51
80.984722,0.0020,0.0630,1.0010,0.00,0.00,-0.12,2.15,0.66,51.51
80.984722,0.0020,0.0630,1.0024,0.00,0.00,-0.06,2.15,0.66,51.51
81.045817,0.0020,0.0630,1.0024,0.00,0.00,0.00,2.15,0.66,51.51
81.045817,0.0020,0.0635,1.0015,0.00,0.00,-0.06,2.15,0.66,51.51
81.045817,0.0020,0.0635,1.0020,0.00,0.00,-0.06,2.15,0.66,51.51
81.045817,0.0024,0.0625,1.0024,0.00,0.00,-0.12,2.15,0.66,51.51
81.076575,0.0020,0.0625,1.0020,0.00,0.00,-0.06,2.15,0.66,51.51
81.076575,0.0024,0.0630,1.0024,0.00,0.00,-0.06,2.15,0.66,51.51
81.076575,0.0020,0.0625,1.0024,0.00,0.00,0.00,2.15,0.66,51.51
81.076575,0.0020,0.0630,1.0020,0.00,0.00,0.00,2.15,0.66,51.51
81.107056,0.0020,0.0625,1.0020,0.00,0.00,-0.06,2.15,0.66,51.51
81.107056,0.0024,0.0630,1.0015,0.06,0.00,0.00,2.15,0.66,51.51
81.107056,0.0020,0.0630,1.0015,0.06,0.00,0.00,2.15,0.66,51.51
81.107056,0.0020,0.0630,1.0010,0.00,0.00,0.00,2.15,0.66,51.51
81.165489,0.0020,0.0625,1.0005,0.00,0.00,-0.06,2.15,0.66,51.51
81.165489,0.0020,0.0625,1.0015,0.00,0.00,-0.06,2.15,0.66,51.51
81.165489,0.0024,0.0625,1.0020,0.00,0.00,0.00,2.15,0.66,51.51
81.165489,0.0024,0.0625,1.0020,0.00,0.00,-0.06,2.15,0.66,51.51
81.194651,0.0020,0.0625,1.0015,0.00,0.00,-0.06,2.15,0.66,51.51
81.194651,0.0020,0.0625,1.0015,0.00,0.00,0.00,2.15,0.66,51.51
81.194651,0.0020,0.0630,1.0010,0.00,0.00,0.00,2.15,0.66,51.51
81.194651,0.0015,0.0625,1.0015,0.00,0.00,-0.06,2.15,0.66,51.51
81.225483,0.0015,0.0630,1.0015,0.00,0.00,0.00,2.15,0.66,51.51
81.225483,0.0015,0.0625,1.0020,0.00,0.00,-0.12,2.15,0.66,51.51
81.225483,0.0015,0.0625,1.0020,0.00,0.00,-0.06,2.15,0.66,51.51
81.225483,0.0024,0.0635,1.0010,0.00,0.00,-0.06,2.15,0.66,51.51
81.285517,0.0020,0.0625,1.0020,0.00,0.00,0.00,2.15,0.66,51.51
81.285517,0.0020,0.0620,1.0015,0.00,0.00,0.00,2.15,0.66,51.51
81.285517,0.0020,0.0630,1.0010,0.00,0.00,-0.06,2.15,0.66,51.51
81.285517,0.0020,0.0635,1.0010,0.00,0.00,0.00,2.15,0.66,51.51
81.314713,0.0015,0.0625,1.0020,0.00,0.00,0.00,2.15,0.66,51.51
81.314713,0.0020,0.0625,1.0020,0.00,0.00,-0.06,2.15,0.66,51.51
81.314713,0.0020,0.0625,1.0024,0.00,0.00,-0.06,2.15,0.66,51.51
81.314713,0.0020,0.0625,1.0015,0.00,0.00,0.00,2.15,0.66,51.51
81.346005,0.0015,0.0625,1.0024,0.00,0.00,0.00,2.15,0.66,51.51
81.346005,0.0010,0.0630,1.0024,0.00,0.00,-0.06,2.15,0.66,51.51
81.346005,0.0020,0.0635,1.0024,0.00,0.00,-0.06,2.15,0.66,51.51
81.346005,0.0010,0.0630,1.0020,0.00,0.00,-0.12,2.15,0.66,51.51
81.405595,0.0015,0.0630,1.0015,0.00,0.00,-0.06,2.15,0.66,51.51
81.405595,0.0020,0.0630,1.0010,0.00,0.00,-0.12,2.15,0.66,51.51
81.405595,0.0029,0.0635,1.0015,0.00,0.00,-0.06,2.15,0.66,51.51
81.405595,0.0029,0.0630,1.0024,0.00,0.00,0.00,2.15,0.66,51.51
81.434713,0.0020,0.0640,1.0015,0.00,0.00,-0.06,2.15,0.66,51.51
81.434713,0.0020,0.0630,1.0020,0.00,0.00,0.00,2.15,0.66,51.51
81.434713,0.0020,0.0630,1.0010,0.00,0.00,-0.06,2.15,0.66,51.51
81.434713,0.0015,0.0635,1.0020,0.00,0.00,-0.12,2.15,0.66,51.51
81.464725,0.0020,0.0635,1.0020,0.00,0.00,-0.06,2.15,0.66,51.51
81.464725,0.0015,0.0630,1.0015,0.00,0.00,0.00,2.15,0.66,51.51
81.464725,0.0020,0.0625,1.0015,0.00,0.00,-0.06,2.15,0.66,51.51
81.464725,0.0024,0.0630,1.0020,0.00,0.00,-0.12,2.15,0.66,51.51
81.525577,0.0020,0.0635,1.0015,0.00,0.00,-0.12,2.15,0.66,51.51
81.525577,0.0010,0.0635,1.0015,0.00,0.00,-0.06,2.15,0.66,51.51
81.525577,0.0024,0.0620,1.0015,0.00,0.00,0.00,2.15,0.66,51.51
81.525577,0.0024,0.0625,1.0015,0.00,0.00,0.00,2.15,0.66,51.51
81.566178,0.0015,0.0625,1.0010,0.00,0.00,0.00,2.15,0.66,51.51
81.566178,0.0020,0.0620,1.0015,0.00,0.00,0.00,2.15,0.66,51.51
81.566178,0.0010,0.0630,1.0020,0.00,0.00,0.00,2.15,0.66,51.51
81.566178,0.0020,0.0625,1.0020,0.00,0.00,0.00,2.15,0.66,51.51
81.585447,0.0024,0.0625,1.0024,0.00,0.00,-0.06,2.15,0.66,51.51
81.585447,0.0020,0.0625,1.0024,0.00,0.00,0.00,2.15,0.66,51.51
81.585447,0.0020,0.0625,1.0024,0.00,0.00,0.00,2.15,0.66,51.51
81.585447,0.0024,0.0630,1.0015,0.00,0.00,0.00,2.15,0.66,51.51
81.646024,0.0015,0.0620,1.0015,0.00,0.00,-0.06,2.15,0.66,51.51
81.646024,0.0015,0.0630,1.0015,0.00,0.00,-0.06,2.15,0.66,51.51
81.646024,0.0015,0.0635,1.0010,0.06,0.00,-0.06,2.15,0.66,51.51
81.646024,0.0024,0.0635,1.0015,0.06,0.00,0.00,2.15,0.66,51.51
81.674901,0.0020,0.0630,1.0015,0.06,0.00,0.00,2.15,0.66,51.51
81.674901,0.0020,0.0625,1.0020,0.00,0.00,0.00,2.15,0.66,51.51
81.674901,0.0020,0.0625,1.0020,0.00,0.00,0.00,2.15,0.66,51.51
81.674901,0.0020,0.0635,1.0015,0.06,0.00,-0.12,2.15,0.66,51.51
81.704782,0.0020,0.0630,1.0015,0.00,0.00,-0.06,2.15,0.66,51.51
81.704782,0.0015,0.0630,1.0015,0.00,0.00,-0.06,2.15,0.66,51.51
81.704782,0.0020,0.0630,1.0015,0.00,-0.06,0.00,2.15,0.66,51.51
81.704782,0.0020,0.0630,1.0015,0.00,0.00,0.00,2.15,0.66,51.51
81.764714,0.0015,0.0630,1.0020,0.00,0.00,0.00,2.15,0.66,51.51
81.764714,0.0015,0.0630,1.0029,0.00,0.00,-0.06,2.15,0.66,51.51
81.764714,0.0020,0.0625,1.0020,0.00,0.00,-0.06,2.15,0.66,51.51
81.764714,0.0015,0.0625,1.0020,0.00,0.00,-0.06,2.15,0.66,51.51
81.797286,0.0015,0.0620,1.0015,0.00,0.00,0.00,2.15,0.66,51.51
81.797286,0.0020,0.0630,1.0015,0.00,0.00,-0.06,2.15,0.66,51.51
81.797286,0.0020,0.0630,1.0020,0.00,0.00,-0.06,2.15,0.66,51.51
81.797286,0.0020,0.0630,1.0020,0.00,0.00,-0.06,2.15,0.66,51.51
81.825315,0.0020,0.0630,1.0020,0.00,0.00,0.00,2.15,0.66,51.51
81.825315,0.0024,0.0625,1.0020,0.00,0.00,-0.06,2.15,0.66,51.51
81.825315,0.0020,0.0635,1.0015,0.00,0.00,-0.06,2.15,0.66,51.51
81.825315,0.0010,0.0635,1.0015,0.00,0.00,-0.06,2.15,0.66,51.51
81.884764,0.0029,0.0630,1.0005,0.00,0.00,-0.06,2.15,0.66,51.51
81.884764,0.0029,0.0625,1.0020,0.00,0.00,-0.06,2.15,0.66,51.51
81.884764,0.0024,0.0630,1.0020,0.00,0.00,0.00,2.15,0.66,51.51
81.884764,0.0020,0.0635,1.0015,0.00,0.00,-0.06,2.15,0.66,51.51
81.915553,0.0024,0.0635,1.0010,0.00,0.00,-0.06,2.15,0.66,51.51
81.915553,0.0020,0.0625,1.0015,0.00,0.00,-0.06,2.15,0.66,51.51
81.915553,0.0015,0.0620,1.0020,0.00,0.00,-0.06,2.15,0.66,51.51
81.915553,0.0024,0.0620,1.0020,0.00,0.00,-0.06,2.15,0.66,51.51
81.945852,0.0020,0.0630,1.0020,0.06,0.00,-0.06,2.15,0.66,51.51
81.945852,0.0015,0.0630,1.0015,0.00,0.00,-0.12,2.15,0.66,51.51
81.945852,0.0015,0.0630,1.0010,0.00,0.00,-0.12,2.15,0.66,51.51
81.945852,0.0015,0.0625,1.0010,0.00,0.00,-0.06,2.15,0.66,51.51
82.005510,0.0015,0.0625,1.0015,0.00,0.00,-0.06,2.15,0.66,51.51
82.005510,0.0020,0.0635,1.0015,0.00,0.00,-0.06,2.15,0.66,51.51
82.005510,0.0024,0.0635,1.0015,0.00,0.00,0.00,2.15,0.66,51.51
82.005510,0.0020,0.0625,1.0015,0.00,0.00,-0.06,2.15,0.66,51.51
82.034763,0.0015,0.0630,1.0015,0.00,0.00,-0.12,2.15,0.66,51.51
82.034763,0.0010,0.0630,1.0020,0.00,0.00,-0.06,2.15,0.66,51.51
82.034763,0.0015,0.0625,1.0010,0.00,0.00,-0.06,2.15,0.66,51.51
82.034763,0.0015,0.0625,1.0010,0.00,0.00,0.00,2.15,0.66,51.51
82.064890,0.0020,0.0625,1.0010,0.00,0.00,-0.06,2.15,0.66,51.51
82.064890,0.0015,0.0625,1.0015,0.00,0.00,-0.06,2.15,0.66,51.51
82.064890,0.0024,0.0625,1.0010,0.00,0.00,-0.12,2.15,0.66,51.51
82.064890,0.0024,0.0625,1.0020,0.00,0.00,0.00,2.15,0.66,51.51
82.127545,0.0024,0.0630,1.0020,0.00,0.00,0.00,2.15,0.66,51.51
82.127545,0.0020,0.0630,1.0010,0.00,0.00,-0.06,2.15,0.66,51.51
82.127545,0.0015,0.0640,1.0005,0.00,0.00,-0.06,2.15,0.66,51.51
82.127545,0.0015,0.0630,1.0015,0.00,0.00,-0.06,2.15,0.66,51.51
82.156745,0.0020,0.0630,1.0024,0.00,0.00,0.00,2.15,0.66,51.51
82.156745,0.0015,0.0625,1.0015,0.00,0.00,-0.06,2.15,0.66,51.51
82.156745,0.0015,0.0625,1.0010,0.00,0.00,-0.06,2.15,0.66,51.51
82.156745,0.0015,0.0635,1.0010,0.00,0.00,-0.06,2.15,0.66,51.51
82.187354,0.0024,0.0630,1.0015,0.00,0.00,-0.12,2.15,0.66,51.51
82.187354,0.0020,0.0620,1.0010,0.00,0.00,-0.06,2.15,0.66,51.51
82.187354,0.0024,0.0625,1.0015,0.00,0.00,-0.06,2.15,0.66,51.51
82.187354,0.0015,0.0625,1.0015,0.00,0.00,-0.06,2.15,0.66,51.51
82.247884,0.0010,0.0625,1.0020,0.00,0.00,-0.12,2.15,0.66,51.51
82.247884,0.0010,0.0635,1.0020,0.00,0.00,-0.06,2.15,0.66,51.51
82.247884,0.0010,0.0635,1.0020,0.00,0.00,-0.06,2.15,0.66,51.51
82.247884,0.0020,0.0635,1.0020,0.00,0.00,-0.06,2.15,0.66,51.51
82.276787,0.0029,0.0630,1.0020,0.00,0.00,-0.12,2.15,0.66,51.51
82.276787,0.0020,0.0640,1.0015,0.00,0.00,-0.12,2.15,0.66,51.51
82.276787,0.0020,0.0625,1.0010,0.00,0.00,0.00,2.15,0.66,51.51
82.276787,0.0020,0.0625,1.0010,0.00,0.00,0.00,2.15,0.66,51.51
82.305036,0.0020,0.0630,1.0015,0.00,0.00,-0.06,2.15,0.66,51.51
82.305036,0.0020,0.0625,1.0020,0.00,0.00,-0.06,2.15,0.66,51.51
82.305036,0.0024,0.0630,1.0015,0.00,0.00,-0.06,2.15,0.66,51.51
82.305036,0.0020,0.0620,1.0020,0.00,0.00,-0.06,2.15,0.66,51.51
82.365520,0.0020,0.0625,1.0010,0.00,0.00,-0.06,2.15,0.66,51.51
82.365520,0.0020,0.0630,1.0015,0.06,0.00,0.00,2.15,0.66,51.51
82.365520,0.0020,0.0630,1.0020,0.00,0.00,0.00,2.15,0.66,51.51
82.365520,0.0020,0.0625,1.0015,0.00,0.00,-0.06,2.15,0.66,51.51
82.394926,0.0020,0.0625,1.0005,0.00,0.00,0.00,2.15,0.66,51.51
82.394926,0.0020,0.0625,1.0015,0.00,0.00,-0.06,2.15,0.66,51.51
82.394926,0.0020,0.0625,1.0005,0.00,0.00,-0.06,2.15,0.66,51.51
82.394926,0.0015,0.0620,1.0020,0.00,0.00,-0.06,2.15,0.66,51.51
82.455408,0.0029,0.0625,1.0020,0.00,0.00,0.00,2.15,0.66,51.51
82.455408,0.0020,0.0625,1.0010,0.00,0.00,0.00,2.15,0.66,51.51
82.455408,0.0024,0.0630,1.0020,0.00,0.00,0.00,2.15,0.66,51.51
82.455408,0.0020,0.0635,1.0015,0.00,0.00,0.00,2.15,0.66,51.51
82.485727,0.0020,0.0630,1.0015,0.00,0.00,-0.06,2.15,0.66,51.51
82.485727,0.0015,0.0630,1.0015,0.00,0.00,-0.12,2.15,0.66,51.51
82.485727,0.0020,0.0625,1.0015,0.00,0.00,0.00,2.15,0.66,51.51
82.485727,0.0020,0.0630,1.0020,0.00,0.00,0.00,2.15,0.66,51.51
82.515482,0.0020,0.0620,1.0020,0.00,0.00,-0.06,2.15,0.66,51.51
82.515482,0.0015,0.0620,1.0020,0.00,0.00,0.00,2.15,0.66,51.51
82.515482,0.0020,0.0625,1.0015,0.00,0.00,0.00,2.15,0.66,51.51
82.515482,0.0015,0.0630,1.0020,0.00,0.00,0.00,2.15,0.66,51.51
82.577482,0.0024,0.0635,1.0020,0.00,0.00,0.00,2.15,0.66,51.51
82.577482,0.0024,0.0635,1.0015,0.00,0.00,-0.06,2.15,0.66,51.51
82.577482,0.0024,0.0630,1.0015,0.00,0.00,0.00,2.15,0.66,51.51
82.577482,0.0020,0.0630,1.0015,0.00,0.00,0.00,2.15,0.66,51.51
82.612423,0.0024,0.0630,1.0010,0.00,0.00,-0.06,2.15,0.66,51.51
82.612423,0.0015,0.0630,1.0020,0.00,0.00,0.00,2.15,0.66,51.51
82.612423,0.0015,0.0630,1.0024,0.00,0.00,-0.06,2.15,0.66,51.51
82.612423,0.0015,0.0630,1.0020,0.00,0.00,-0.06,2.15,0.66,51.51
82.634731,0.0020,0.0630,1.0015,0.00,0.00,-0.06,2.15,0.66,51.51
82.634731,0.0020,0.0625,1.0015,0.00,0.00,-0.06,2.15,0.66,51.51
82.634731,0.0020,0.0625,1.0015,0.00,0.00,-0.06,2.15,0.66,51.51
82.634731,0.0024,0.0625,1.0005,0.00,0.00,-0.12,2.15,0.66,51.51
82.694784,0.0020,0.0625,1.0000,0.00,0.00,-0.06,2.15,0.66,51.51
82.694784,0.0020,0.0625,1.0015,0.00,0.00,0.00,2.15,0.66,51.51
82.694784,0.0015,0.0630,1.0015,0.00,0.00,-0.06,2.15,0.66,51.51
82.694784,0.0015,0.0625,1.0005,0.00,0.00,0.00,2.15,0.66,51.51
82.724830,0.0015,0.0630,1.0010,0.00,0.00,-0.06,2.15,0.66,51.51
82.724830,0.0010,0.0630,1.0020,0.00,0.00,0.00,2.15,0.66,51.51
82.724830,0.0020,0.0635,1.0015,0.00,0.00,-0.06,2.15,0.66,51.51
82.724830,0.0020,0.0630,1.0020,0.06,0.00,-0.06,2.15,0.66,51.51
82.754715,0.0020,0.0640,1.0020,0.00,0.00,0.00,2.15,0.66,51.51
82.754715,0.0015,0.0635,1.0015,0.00,0.00,-0.06,2.15,0.66,51.51
82.754715,0.0024,0.0635,1.0015,0.00,0.00,-0.06,2.15,0.66,51.51
82.754715,0.0020,0.0630,1.0010,0.00,0.00,-0.06,2.15,0.66,51.51
82.817522,0.0015,0.0630,1.0015,0.00,0.00,0.00,2.15,0.66,51.51
82.817522,0.0015,0.0630,1.0020,0.00,0.00,0.00,2.15,0.66,51.51
82.817522,0.0015,0.0630,1.0015,0.00,0.00,-0.06,2.15,0.66,51.51
82.817522,0.0020,0.0635,1.0015,0.00,0.00,0.00,2.15,0.66,51.51
82.847827,0.0015,0.0625,1.0015,0.00,0.00,0.00,2.15,0.66,51.51
82.847827,0.0015,0.0630,1.0015,0.00,-0.06,0.00,2.15,0.66,51.51
82.847827,0.0024,0.0635,1.0010,0.00,0.00,0.00,2.15,0.66,51.51
82.847827,0.0024,0.0630,1.0015,0.00,0.00,-0.06,2.15,0.66,51.51
82.877366,0.0029,0.0625,1.0020,0.00,0.00,-0.06,2.15,0.66,51.51
82.877366,0.0020,0.0625,1.0015,0.00,0.00,-0.06,2.15,0.66,51.51
82.877366,0.0015,0.0635,1.0015,0.00,0.00,-0.06,2.15,0.66,51.51
82.877366,0.0015,0.0635,1.0005,0.00,0.00,-0.06,2.15,0.66,51.51
82.935567,0.0020,0.0630,1.0020,0.00,0.00,0.00,2.15,0.66,51.51
82.935567,0.0020,0.0635,1.0024,0.00,0.00,-0.06,2.15,0.66,51.51
82.935567,0.0020,0.0630,1.0015,0.00,0.00,-0.06,2.15,0.66,51.51
82.935567,0.0015,0.0635,1.0015,0.00,0.00,0.00,2.15,0.66,51.51
82.964720,0.0015,0.0630,1.0020,0.00,0.00,-0.06,2.15,0.66,51.51
82.964720,0.0015,0.0625,1.0015,0.00,0.00,-0.06,2.15,0.66,51.51
82.964720,0.0015,0.0625,1.0020,0.00,0.00,-0.06,2.15,0.66,51.51
82.964720,0.0020,0.0620,1.0020,0.00,0.00,-0.06,2.15,0.66,51.51
82.994748,0.0024,0.0620,1.0020,0.00,0.00,0.00,2.15,0.66,51.51
82.994748,0.0015,0.0625,1.0020,0.00,0.00,0.00,2.15,0.66,51.51
82.994748,0.0015,0.0630,1.0015,0.06,0.00,-0.06,2.15,0.66,51.51
82.994748,0.0010,0.0625,1.0024,0.00,0.00,-0.06,2.15,0.66,51.51
83.055579,0.0015,0.0625,1.0015,0.00,0.00,0.00,2.15,0.66,51.51
83.055579,0.0024,0.0630,1.0015,0.00,0.00,-0.06,2.15,0.66,51.51
83.055579,0.0020,0.0630,1.0005,0.00,0.00,-0.06,2.15,0.66,51.51
83.055579,0.0020,0.0630,1.0005,0.00,0.00,-0.12,2.15,0.66,51.51
83.085535,0.0020,0.0625,1.0010,0.00,0.00,0.00,2.15,0.66,51.51
83.085535,0.0015,0.0630,1.0005,0.00,0.00,0.00,2.15,0.66,51.51
83.085535,0.0024,0.0640,1.0010,0.00,0.00,-0.06,2.15,0.66,51.51
83.085535,0.0020,0.0630,1.0020,0.00,0.00,-0.06,2.15,0.66,51.51
83.114795,0.0020,0.0630,1.0015,0.00,0.00,0.00,2.15,0.66,51.51
83.114795,0.0015,0.0635,1.0015,0.00,0.00,0.00,2.15,0.66,51.51
83.114795,0.0020,0.0625,1.0010,0.00,0.00,0.00,2.15,0.66,51.51
83.114795,0.0020,0.0620,1.0015,0.00,0.00,0.00,2.15,0.66,51.51
83.177424,0.0024,0.0620,1.0010,0.06,0.00,-0.06,2.15,0.66,51.51
83.177424,0.0015,0.0625,1.0015,0.00,0.06,-0.06,2.15,0.66,51.51
83.177424,0.0020,0.0625,1.0010,0.00,0.00,-0.12,2.15,0.66,51.51
83.177424,0.0024,0.0635,1.0005,0.00,0.00,-0.06,2.15,0.66,51.51
83.204932,0.0020,0.0630,1.0010,0.00,0.00,-0.06,2.15,0.66,51.51
83.204932,0.0029,0.0630,1.0010,0.00,0.00,-0.06,2.15,0.66,51.51
83.204932,0.0015,0.0625,1.0020,0.00,0.00,-0.06,2.15,0.66,51.51
83.204932,0.0015,0.0620,1.0015,0.00,0.00,0.00,2.15,0.66,51.51
83.235508,0.0020,0.0625,1.0020,0.00,0.00,-0.06,2.15,0.66,51.51
83.235508,0.0020,0.0630,1.0015,0.00,0.00,0.00,2.15,0.66,51.51
83.235508,0.0015,0.0635,1.0020,0.00,0.00,-0.06,2.15,0.66,51.51
83.235508,0.0020,0.0635,1.0020,0.00,0.00,-0.06,2.15,0.66,51.51
83.295546,0.0020,0.0630,1.0020,0.00,0.00,-0.06,2.15,0.66,51.51
83.295546,0.0024,0.0625,1.0020,0.00,0.00,0.00,2.15,0.66,51.51
83.295546,0.0015,0.0630,1.0020,0.00,0.00,-0.06,2.15,0.66,51.51
83.295546,0.0015,0.0630,1.0010,0.00,0.00,0.00,2.15,0.66,51.51
83.324695,0.0015,0.0635,1.0010,0.00,0.00,-0.06,2.15,0.66,51.51
83.324695,0.0020,0.0635,1.0020,0.06,0.00,0.00,2.15,0.66,51.51
83.324695,0.0020,0.0635,1.0020,0.00,0.00,0.00,2.15,0.66,51.51
83.324695,0.0020,0.0630,1.0015,0.00,0.00,-0.06,2.15,0.66,51.51
83.355490,0.0024,0.0625,1.0005,0.00,0.00,-0.06,2.15,0.66,51.51
83.355490,0.0020,0.0620,1.0010,0.00,0.00,0.00,2.15,0.66,51.51
83.355490,0.0015,0.0630,1.0020,0.00,0.00,-0.06,2.15,0.66,51.51
83.355490,0.0020,0.0630,1.0010,0.00,0.00,-0.06,2.15,0.66,51.51
83.415551,0.0024,0.0620,1.0015,0.00,0.00,-0.06,2.15,0.66,51.51
83.415551,0.0020,0.0625,1.0015,0.00,0.00,0.00,2.15,0.66,51.51
83.415551,0.0015,0.0625,1.0015,0.00,0.00,0.00,2.15,0.66,51.51
83.415551,0.0020,0.0635,1.0020,0.00,0.00,-0.06,2.15,0.66,51.51
83.447733,0.0015,0.0640,1.0010,0.00,0.00,-0.06,2.15,0.66,51.51
83.447733,0.0015,0.0625,1.0015,0.00,0.00,-0.06,2.15,0.66,51.51
83.447733,0.0020,0.0625,1.0005,0.00,0.00,0.00,2.15,0.66,51.51
83.447733,0.0015,0.0635,1.0010,0.00,0.00,0.00,2.15,0.66,51.51
83.477707,0.0020,0.0635,1.0010,0.00,0.00,0.00,2.15,0.66,51.51
83.477707,0.0020,0.0625,1.0020,0.00,0.00,-0.06,2.15,0.66,51.51
83.477707,0.0015,0.0630,1.0010,0.00,0.00,-0.06,2.15,0.66,51.51
83.477707,0.0015,0.0630,1.0010,0.00,0.00,-0.06,2.15,0.66,51.51
83.535554,0.0015,0.0630,1.0010,0.00,0.00,0.00,2.15,0.66,51.51
83.535554,0.0020,0.0635,1.0015,0.00,0.00,-0.06,2.15,0.66,51.51
83.535554,0.0015,0.0635,1.0005,0.00,0.00,-0.06,2.15,0.66,51.51
83.535554,0.0020,0.0630,1.0024,0.00,0.00,-0.06,2.15,0.66,51.51
83.564708,0.0020,0.0635,1.0020,0.00,0.00,-0.06,2.15,0.66,51.51
83.564708,0.0015,0.0630,1.0015,0.00,0.00,-0.06,2.15,0.66,51.51
83.564708,0.0015,0.0635,1.0020,0.00,-0.06,-0.06,2.15,0.66,51.51
83.564708,0.0015,0.0635,1.0020,0.00,-0.06,-0.06,2.15,0.66,51.51
83.595532,0.0020,0.0630,1.0020,0.00,0.00,-0.06,2.15,0.66,51.51
83.595532,0.0020,0.0630,1.0020,0.00,0.00,-0.12,2.15,0.66,51.51
83.595532,0.0015,0.0640,1.0010,0.00,0.00,-0.06,2.15,0.66,51.51
83.595532,0.0015,0.0630,1.0015,0.00,0.00,0.00,2.15,0.66,51.51
83.655511,0.0005,0.0630,1.0015,0.00,0.00,-0.06,2.15,0.66,51.51
83.655511,0.0015,0.0630,1.0010,0.00,0.00,-0.06,2.15,0.66,51.51
83.655511,0.0020,0.0630,1.0020,0.00,0.00,-0.06,2.15,0.66,51.51
83.655511,0.0024,0.0630,1.0015,0.00,0.00,0.00,2.15,0.66,51.51
83.684726,0.0020,0.0630,1.0010,0.00,0.00,-0.06,2.15,0.66,51.51
83.684726,0.0020,0.0630,1.0000,0.00,0.00,-0.06,2.15,0.66,51.51
83.684726,0.0024,0.0635,1.0005,0.00,0.00,0.00,2.15,0.66,51.51
83.684726,0.0020,0.0630,1.0005,0.00,0.00,-0.06,2.15,0.66,51.51
83.745776,0.0015,0.0635,1.0010,0.00,0.00,-0.12,2.15,0.66,51.51
83.745776,0.0010,0.0630,1.0029,0.00,0.00,-0.06,2.15,0.66,51.51
83.745776,0.0020,0.0625,1.0020,0.00,0.00,-0.06,2.15,0.66,51.51
83.745776,0.0020,0.0630,1.0029,0.00,0.00,-0.06,2.15,0.66,51.51
83.774700,0.0015,0.0635,1.0020,0.00,0.00,-0.12,2.15,0.66,51.51
83.774700,0.0029,0.0630,1.0015,0.00,0.00,-0.06,2.15,0.66,51.51
83.774700,0.0029,0.0630,1.0020,0.00,0.00,-0.06,2.15,0.66,51.51
83.774700,0.0020,0.0630,1.0020,0.00,0.00,-0.06,2.15,0.66,51.51
83.805649,0.0015,0.0620,1.0015,0.00,0.00,-0.06,2.15,0.66,51.51
83.805649,0.0029,0.0630,1.0020,0.00,0.00,-0.06,2.15,0.66,51.51
83.805649,0.0024,0.0620,1.0020,0.00,0.00,-0.06,2.15,0.66,51.51
83.805649,0.0024,0.0625,1.0024,0.00,0.00,0.00,2.15,0.66,51.51
83.867399,0.0020,0.0625,1.0020,0.06,-0.06,0.00,2.15,0.66,51.51
83.867399,0.0020,0.0625,1.0015,0.06,0.00,-0.06,2.15,0.66,51.51
83.867399,0.0029,0.0630,1.0015,0.06,0.00,-0.06,2.15,0.66,51.51
83.867399,0.0024,0.0635,1.0015,0.00,0.00,-0.12,2.15,0.66,51.51
83.895406,0.0024,0.0640,1.0015,0.00,0.00,0.00,2.15,0.66,51.51
83.895406,0.0020,0.0635,1.0010,0.00,0.00,0.00,2.15,0.66,51.51
83.895406,0.0015,0.0625,1.0010,0.00,0.00,-0.06,2.15,0.66,51.51
83.895406,0.0020,0.0625,1.0015,0.00,0.00,-0.06,2.15,0.66,51.51
83.925537,0.0024,0.0635,1.0015,0.00,0.00,0.00,2.15,0.66,51.51
83.925537,0.0029,0.0640,1.0015,0.00,0.00,-0.06,2.15,0.66,51.51
83.925537,0.0029,0.0630,1.0020,0.00,0.00,-0.06,2.15,0.66,51.51
83.925537,0.0020,0.0630,1.0010,0.00,0.00,-0.06,2.15,0.66,51.51
83.985598,0.0015,0.0630,1.0015,0.00,0.00,-0.06,2.15,0.66,51.51
83.985598,0.0015,0.0630,1.0015,0.00,0.00,0.00,2.15,0.66,51.51
83.985598,0.0015,0.0630,1.0010,0.00,0.00,0.00,2.15,0.66,51.51
83.985598,0.0024,0.0635,1.0010,0.00,0.00,0.00,2.15,0.66,51.51
84.014771,0.0020,0.0630,1.0000,0.00,0.00,-0.06,2.15,0.66,51.51
84.014771,0.0020,0.0635,1.0005,0.06,0.00,-0.06,2.15,0.66,51.51
84.014771,0.0020,0.0630,1.0005,0.00,0.00,0.00,2.15,0.66,51.51
84.014771,0.0015,0.0635,1.0010,0.00,0.00,-0.06,2.15,0.66,51.51
84.045806,0.0015,0.0635,1.0005,0.00,0.00,-0.06,2.15,0.66,51.51
84.045806,0.0010,0.0640,1.0010,0.00,0.00,0.00,2.15,0.66,51.51
84.045806,0.0015,0.0635,1.0010,0.06,0.00,0.00,2.15,0.66,51.51
84.045806,0.0020,0.0630,1.0000,0.00,0.00,0.00,2.15,0.66,51.51
84.107499,0.0015,0.0625,1.0010,0.00,0.00,-0.06,2.15,0.66,51.51
84.107499,0.0015,0.0630,1.0000,0.00,0.00,0.00,2.15,0.66,51.51
84.107499,0.0020,0.0630,1.0000,0.00,0.00,-0.06,2.15,0.66,51.51
84.107499,0.0020,0.0630,1.0005,0.00,0.00,0.00,2.15,0.66,51.51
84.134941,0.0015,0.0625,1.0010,0.06,0.00,-0.06,2.15,0.66,51.51
84.134941,0.0015,0.0630,1.0005,0.00,0.00,-0.06,2.15,0.66,51.51
84.134941,0.0020,0.0630,1.0010,0.00,0.00,-0.06,2.15,0.66,51.51
84.134941,0.0015,0.0630,1.0010,0.00,0.00,0.00,2.15,0.66,51.51
84.166143,0.0020,0.0630,1.0015,0.00,0.00,-0.06,2.15,0.66,51.51
84.166143,0.0015,0.0635,1.0010,0.00,0.00,-0.06,2.15,0.66,51.51
84.166143,0.0015,0.0635,1.0010,0.00,0.00,0.00,2.15,0.66,51.51
84.166143,0.0024,0.0635,1.0005,0.00,0.00,-0.06,2.15,0.66,51.51
84.224847,0.0020,0.0630,1.0010,0.00,0.00,-0.06,2.15,0.66,51.51
84.224847,0.0020,0.0620,1.0015,0.00,0.00,-0.06,2.15,0.66,51.51
84.224847,0.0024,0.0625,1.0005,0.00,0.00,-0.06,2.15,0.66,51.51
84.224847,0.0020,0.0625,1.0005,0.00,0.00,0.00,2.15,0.66,51.51
84.255563,0.0015,0.0630,1.0000,0.00,0.00,-0.06,2.15,0.66,51.51
84.255563,0.0015,0.0635,1.0005,0.00,0.00,0.00,2.15,0.66,51.51
84.255563,0.0024,0.0630,1.0000,0.00,0.00,0.00,2.15,0.66,51.51
84.255563,0.0024,0.0635,0.9995,0.00,0.00,-0.12,2.15,0.66,51.51
84.284769,0.0024,0.0635,1.0010,0.00,0.00,-0.06,2.15,0.66,51.51
84.284769,0.0020,0.0630,1.0020,0.00,0.00,0.00,2.15,0.66,51.51
84.284769,0.0020,0.0635,1.0010,0.06,0.00,0.00,2.15,0.66,51.51
84.284769,0.0024,0.0625,1.0010,0.00,0.00,-0.06,2.15,0.66,51.51
84.345122,0.0020,0.0620,1.0015,0.00,0.00,-0.06,2.15,0.66,51.51
84.345122,0.0020,0.0625,1.0015,0.00,0.00,-0.06,2.15,0.66,51.51
84.345122,0.0020,0.0630,1.0010,0.00,0.00,-0.06,2.15,0.66,51.51
84.345122,0.0029,0.0630,1.0005,0.00,0.00,0.00,2.15,0.66,51.51
84.374798,0.0020,0.0630,1.0015,0.00,0.00,0.00,2.15,0.66,51.51
84.374798,0.0020,0.0630,1.0010,0.00,0.00,-0.06,2.15,0.66,51.51
84.374798,0.0020,0.0635,1.0005,0.00,0.00,-0.06,2.15,0.66,51.51
84.374798,0.0020,0.0635,1.0000,0.00,0.00,-0.06,2.15,0.66,51.51
84.404811,0.0024,0.0630,1.0010,0.00,0.00,-0.06,2.15,0.66,51.51
84.404811,0.0010,0.0630,1.0010,0.00,0.00,-0.06,2.15,0.66,51.51
84.404811,0.0015,0.0640,1.0015,0.00,0.00,-0.06,2.15,0.66,51.51
84.404811,0.0015,0.0630,1.0005,0.00,0.00,-0.06,2.15,0.66,51.51
84.465893,0.0020,0.0630,1.0015,0.00,0.00,0.00,2.15,0.66,51.51
84.465893,0.0020,0.0625,1.0015,0.00,0.00,-0.06,2.15,0.66,51.51
84.465893,0.0015,0.0630,1.0010,0.06,0.00,-0.06,2.15,0.66,51.51
84.465893,0.0015,0.0635,1.0005,0.00,0.00,-0.06,2.15,0.66,51.51
84.494902,0.0020,0.0630,1.0015,0.00,0.00,0.00,2.15,0.66,51.51
84.494902,0.0029,0.0625,1.0005,0.00,0.00,0.00,2.15,0.66,51.51
84.494902,0.0024,0.0630,1.0020,0.00,0.00,-0.06,2.15,0.66,51.51
84.494902,0.0024,0.0625,1.0005,0.00,0.00,-0.06,2.15,0.66,51.51
84.527355,0.0024,0.0625,1.0005,0.00,0.00,-0.06,2.15,0.66,51.51
84.527355,0.0015,0.0625,1.0010,0.00,0.00,0.00,2.15,0.66,51.51
84.527355,0.0024,0.0630,1.0020,0.00,0.00,-0.06,2.15,0.66,51.51
84.527355,0.0020,0.0635,1.0015,0.00,0.00,-0.06,2.15,0.66,51.51
84.585638,0.0020,0.0630,1.0015,0.00,0.00,-0.12,2.15,0.66,51.51
84.585638,0.0020,0.0625,1.0010,0.00,0.00,-0.12,2.15,0.66,51.51
84.585638,0.0020,0.0635,1.0005,0.00,0.00,-0.06,2.15,0.66,51.51
84.585638,0.0029,0.0635,0.9995,0.00,0.00,0.00,2.15,0.66,51.51
84.614744,0.0020,0.0635,1.0005,0.00,0.00,0.00,2.15,0.66,51.51
84.614744,0.0015,0.0630,1.0005,0.00,0.00,0.00,2.15,0.66,51.51
84.614744,0.0020,0.0635,1.0005,0.00,0.00,-0.12,2.15,0.66,51.51
84.614744,0.0010,0.0630,1.0005,0.00,0.00,0.00,2.15,0.66,51.51
84.649801,0.0020,0.0635,1.0015,0.00,0.00,-0.06,2.15,0.66,51.51
84.649801,0.0024,0.0635,1.0005,0.00,0.00,0.00,2.15,0.66,51.51
84.649801,0.0024,0.0625,1.0010,0.00,-0.06,0.00,2.15,0.66,51.51
84.649801,0.0020,0.0625,1.0010,0.00,0.00,-0.06,2.15,0.66,51.51
84.705597,0.0029,0.0630,1.0010,0.00,0.00,-0.06,2.15,0.66,51.51
84.705597,0.0020,0.0625,1.0010,0.00,0.00,-0.06,2.15,0.66,51.51
84.705597,0.0015,0.0630,1.0010,0.00,0.00,-0.12,2.15,0.66,51.51
84.705597,0.0015,0.0630,1.0000,0.00,0.00,-0.12,2.15,0.66,51.51
84.734801,0.0020,0.0635,1.0010,0.00,0.00,-0.12,2.15,0.66,51.51
84.734801,0.0015,0.0625,1.0005,0.00,0.00,-0.06,2.15,0.66,51.51
84.734801,0.0024,0.0625,1.0010,0.00,0.00,-0.06,2.15,0.66,51.51
84.734801,0.0020,0.0630,1.0010,0.00,-0.06,0.00,2.15,0.66,51.51
84.765585,0.0015,0.0625,1.0010,0.00,0.00,-0.06,2.15,0.66,51.51
84.765585,0.0015,0.0630,1.0029,0.00,0.00,0.00,2.15,0.66,51.51
84.765585,0.0015,0.0630,1.0010,0.00,0.00,0.00,2.15,0.66,51.51
84.765585,0.0010,0.0630,1.0005,0.00,0.00,0.00,2.15,0.66,51.51
84.825610,0.0020,0.0635,1.0010,0.00,0.00,-0.06,2.15,0.66,51.51
84.825610,0.0020,0.0630,1.0020,0.00,-0.06,-0.06,2.15,0.66,51.51
84.825610,0.0020,0.0630,1.0015,0.00,0.00,0.00,2.15,0.66,51.51
84.825610,0.0020,0.0630,1.0020,0.00,0.00,-0.06,2.15,0.66,51.51
84.855451,0.0024,0.0635,1.0015,0.00,0.00,-0.06,2.15,0.66,51.51
84.855451,0.0024,0.0635,1.0015,0.00,0.00,-0.06,2.15,0.66,51.51
84.855451,0.0020,0.0635,1.0010,0.00,0.00,-0.06,2.15,0.66,51.51
84.855451,0.0024,0.0625,1.0024,0.00,0.00,-0.06,2.15,0.66,51.51
84.888060,0.0015,0.0625,1.0020,0.00,0.00,0.00,2.15,0.66,51.51
84.888060,0.0015,0.0630,1.0015,0.00,0.00,0.00,2.15,0.66,51.51
84.888060,0.0010,0.0630,1.0024,0.00,0.00,-0.06,2.15,0.66,51.51
84.888060,0.0010,0.0625,1.0020,0.00,0.00,-0.06,2.15,0.66,51.51
84.947229,0.0015,0.0635,1.0015,0.00,0.00,0.00,2.15,0.66,51.51
84.947229,0.0015,0.0630,1.0020,0.00,0.00,0.00,2.15,0.66,51.51
84.947229,0.0010,0.0620,1.0015,0.00,0.00,-0.06,2.15,0.66,51.51
84.947229,0.0020,0.0630,1.0015,0.00,0.00,0.00,2.15,0.66,51.51
84.975245,0.0024,0.0635,1.0015,0.00,0.00,-0.06,2.15,0.66,51.51
84.975245,0.0024,0.0640,1.0010,0.00,0.00,-0.06,2.15,0.66,51.51
84.975245,0.0020,0.0630,1.0015,0.00,0.00,0.00,2.15,0.66,51.51
84.975245,0.0020,0.0630,1.0010,0.00,0.00,0.00,2.15,0.66,51.51
85.005563,0.0024,0.0635,1.0015,0.00,0.00,-0.06,2.15,0.66,51.51
85.005563,0.0024,0.0635,1.0029,0.00,0.00,-0.06,2.15,0.66,51.51
85.005563,0.0029,0.0635,1.0020,0.00,0.00,-0.06,2.15,0.66,51.51
85.005563,0.0024,0.0630,1.0010,0.00,0.00,-0.06,2.15,0.66,51.51
85.065605,0.0010,0.0625,1.0015,0.00,0.00,0.00,2.15,0.66,51.51
85.065605,0.0020,0.0630,1.0024,0.00,0.00,-0.06,2.15,0.66,51.51
85.065605,0.0020,0.0630,1.0015,0.00,0.00,-0.06,2.15,0.66,51.51
85.065605,0.0015,0.0630,1.0020,0.00,0.00,-0.06,2.15,0.66,51.51
85.095187,0.0020,0.0630,1.0020,0.00,0.00,-0.06,2.15,0.66,51.51
85.095187,0.0024,0.0630,1.0020,0.00,0.00,-0.06,2.15,0.66,51.51
85.095187,0.0029,0.0625,1.0020,0.00,0.00,-0.06,2.15,0.66,51.51
85.095187,0.0029,0.0630,1.0020,0.00,0.00,0.00,2.15,0.66,51.51
85.124890,0.0015,0.0630,1.0005,0.00,0.00,-0.06,2.15,0.66,51.51
85.124890,0.0024,0.0620,1.0010,0.00,0.00,-0.12,2.15,0.66,51.51
85.124890,0.0029,0.0630,1.0010,0.00,-0.06,-0.06,2.15,0.66,51.51
85.124890,0.0015,0.0625,1.0010,0.00,0.00,-0.06,2.15,0.66,51.51
85.184850,0.0024,0.0625,1.0015,0.00,0.00,-0.06,2.15,0.66,51.51
85.184850,0.0029,0.0625,1.0010,0.00,0.00,-0.06,2.15,0.66,51.51
85.184850,0.0020,0.0640,1.0015,0.00,0.00,-0.06,2.15,0.66,51.51
85.184850,0.0020,0.0635,1.0020,0.00,0.00,0.00,2.15,0.66,51.51
85.217377,0.0024,0.0630,1.0020,0.00,0.00,-0.06,2.15,0.66,51.51
85.217377,0.0015,0.0630,1.0015,0.00,0.00,-0.06,2.15,0.66,51.51
85.217377,0.0024,0.0625,1.0015,0.00,0.00,-0.06,2.15,0.66,51.51
85.217377,0.0024,0.0625,1.0010,0.00,0.00,-0.06,2.15,0.66,51.51
85.275631,0.0020,0.0625,1.0010,0.00,0.00,-0.12,2.15,0.66,51.51
85.275631,0.0020,0.0630,1.0015,0.00,0.00,-0.06,2.15,0.66,51.51
85.275631,0.0020,0.0635,1.0020,0.00,0.00,-0.06,2.15,0.66,51.51
85.275631,0.0015,0.0635,1.0024,0.00,0.00,0.00,2.15,0.66,51.51
85.304769,0.0015,0.0635,1.0015,0.00,0.00,0.00,2.15,0.66,51.51
85.304769,0.0020,0.0635,1.0010,0.00,0.00,0.00,2.15,0.66,51.51
85.304769,0.0020,0.0625,1.0010,0.00,0.00,-0.06,2.15,0.66,51.51
85.304769,0.0020,0.0625,1.0005,0.00,0.00,-0.06,2.15,0.66,51.51
85.335539,0.0015,0.0630,1.0010,0.00,0.00,-0.06,2.15,0.66,51.51
85.335539,0.0015,0.0625,1.0020,0.00,0.00,-0.06,2.15,0.66,51.51
85.335539,0.0024,0.0625,1.0015,0.00,0.00,0.00,2.15,0.66,51.51
85.335539,0.0020,0.0635,1.0010,0.00,0.00,-0.06,2.15,0.66,51.51
85.395639,0.0024,0.0635,1.0005,0.00,0.00,-0.06,2.15,0.66,51.51
85.395639,0.0029,0.0630,1.0015,0.06,0.00,-0.06,2.15,0.66,51.51
85.395639,0.0015,0.0635,1.0024,0.00,0.00,-0.06,2.15,0.66,51.51
85.395639,0.0024,0.0635,1.0020,0.00,0.00,-0.06,2.15,0.66,51.51
85.424826,0.0020,0.0635,1.0020,0.00,0.00,0.00,2.15,0.66,51.51
85.424826,0.0020,0.0630,1.0015,0.00,0.00,-0.06,2.15,0.66,51.51
85.424826,0.0020,0.0625,1.0020,0.00,0.00,-0.06,2.15,0.66,51.51
85.424826,0.0020,0.0625,1.0010,0.00,0.00,-0.06,2.15,0.66,51.51
85.454759,0.0020,0.0635,1.0015,0.00,0.00,-0.12,2.15,0.66,51.51
85.454759,0.0024,0.0635,1.0010,0.00,0.00,-0.06,2.15,0.66,51.51
85.454759,0.0020,0.0635,1.0015,0.00,0.00,-0.06,2.15,0.66,51.51
85.454759,0.0020,0.0630,1.0024,0.00,0.00,-0.06,2.15,0.66,51.51
85.515584,0.0020,0.0635,1.0029,0.00,0.06,-0.06,2.15,0.66,51.51
85.515584,0.0015,0.0635,1.0020,0.00,0.00,-0.06,2.15,0.66,51.51
85.515584,0.0020,0.0625,1.0024,0.00,0.00,-0.06,2.15,0.66,51.51
85.515584,0.0020,0.0630,1.0020,0.00,0.00,0.00,2.15,0.66,51.51
85.547595,0.0020,0.0635,1.0024,0.00,0.00,0.00,2.15,0.66,51.51
85.547595,0.0020,0.0630,1.0010,0.00,0.00,-0.06,2.15,0.66,51.51
85.547595,0.0020,0.0620,1.0010,0.00,0.00,-0.12,2.15,0.66,51.51
85.547595,0.0020,0.0620,1.0010,0.06,0.00,-0.06,2.15,0.66,51.51
85.577592,0.0015,0.0620,1.0015,0.00,0.00,-0.06,2.15,0.66,51.51
85.577592,0.0020,0.0630,1.0015,0.06,0.00,-0.12,2.15,0.66,51.51
85.577592,0.0010,0.0640,1.0015,0.00,0.00,-0.06,2.15,0.66,51.51
85.577592,0.0020,0.0630,1.0020,0.00,0.00,0.00,2.15,0.66,51.51
85.635594,0.0015,0.0630,1.0005,0.00,0.00,-0.06,2.15,0.66,51.51
85.635594,0.0020,0.0635,1.0010,0.00,0.00,-0.06,2.15,0.66,51.51
85.635594,0.0020,0.0630,1.0015,0.00,0.00,0.00,2.15,0.66,51.51
85.635594,0.0020,0.0625,1.0010,0.00,0.00,-0.06,2.15,0.66,51.51
85.672258,0.0029,0.0625,1.0015,0.00,0.06,-0.06,2.15,0.66,51.51
85.672258,0.0020,0.0630,1.0015,0.00,0.00,0.00,2.15,0.66,51.51
85.672258,0.0020,0.0620,1.0015,0.00,0.00,-0.06,2.15,0.66,51.51
85.672258,0.0020,0.0625,1.0020,0.00,0.00,-0.06,2.15,0.66,51.51
85.695612,0.0020,0.0635,1.0015,0.00,0.00,-0.06,2.15,0.66,51.51
85.695612,0.0024,0.0635,1.0010,0.00,0.00,-0.06,2.15,0.66,51.51
85.695612,0.0015,0.0630,1.0015,0.00,0.00,-0.06,2.15,0.66,51.51
85.695612,0.0020,0.0630,1.0015,0.00,0.00,-0.06,2.15,0.66,51.51
85.755610,0.0015,0.0635,1.0015,0.00,0.00,0.00,2.15,0.66,51.51
85.755610,0.0015,0.0630,1.0010,0.00,0.00,0.00,2.15,0.66,51.51
85.755610,0.0015,0.0630,1.0015,0.00,0.00,-0.06,2.15,0.66,51.51
85.755610,0.0024,0.0635,1.0020,0.06,0.00,-0.06,2.15,0.66,51.51
85.784804,0.0020,0.0630,1.0015,0.00,0.00,-0.06,2.15,0.66,51.51
85.784804,0.0020,0.0630,1.0015,0.00,0.00,-0.06,2.15,0.66,51.51
85.784804,0.0020,0.0640,1.0020,0.00,0.00,-0.06,2.15,0.66,51.51
85.784804,0.0024,0.0630,1.0015,0.00,0.00,-0.06,2.15,0.66,51.51
85.815588,0.0020,0.0620,1.0005,0.00,0.00,-0.06,2.15,0.66,51.51
85.815588,0.0020,0.0625,1.0024,0.00,0.00,-0.06,2.15,0.66,51.51
85.815588,0.0024,0.0630,1.0015,0.00,0.00,-0.06,2.15,0.66,51.51
85.815588,0.0020,0.0625,1.0020,0.00,0.00,-0.06,2.15,0.66,51.51
85.877528,0.0029,0.0635,1.0015,0.00,0.00,-0.06,2.15,0.66,51.51
85.877528,0.0029,0.0630,1.0020,0.00,0.00,0.00,2.15,0.66,51.51
85.877528,0.0020,0.0625,1.0024,0.00,0.00,0.00,2.15,0.66,51.51
85.877528,0.0024,0.0625,1.0020,0.00,0.00,-0.06,2.15,0.66,51.51
85.905856,0.0029,0.0620,1.0024,0.00,0.00,-0.06,2.15,0.66,51.51
85.905856,0.0024,0.0620,1.0020,0.00,0.00,0.00,2.15,0.66,51.51
85.905856,0.0020,0.0620,1.0024,0.00,0.00,0.00,2.15,0.66,51.51
85.905856,0.0020,0.0625,1.0020,0.00,0.00,0.00,2.15,0.66,51.51
85.934792,0.0015,0.0630,1.0024,0.00,0.00,-0.06,2.15,0.66,51.51
85.934792,0.0020,0.0620,1.0024,0.00,0.00,-0.12,2.15,0.66,51.51
85.934792,0.0015,0.0625,1.0020,0.00,0.00,-0.12,2.15,0.66,51.51
85.934792,0.0024,0.0635,1.0020,0.00,-0.06,0.00,2.15,0.66,51.51
85.995667,0.0020,0.0625,1.0010,0.00,0.00,-0.06,2.15,0.66,51.51
85.995667,0.0024,0.0625,1.0010,0.00,0.00,-0.06,2.15,0.66,51.51
85.995667,0.0020,0.0630,1.0010,0.00,0.00,-0.06,2.15,0.66,51.51
85.995667,0.0015,0.0630,1.0005,0.00,0.00,-0.12,2.15,0.66,51.51
86.024899,0.0015,0.0630,1.0010,0.00,0.00,0.00,2.15,0.66,51.51
86.024899,0.0015,0.0635,1.0010,0.00,0.00,-0.06,2.15,0.66,51.51
86.024899,0.0020,0.0635,1.0010,0.00,0.00,-0.06,2.15,0.66,51.51
86.024899,0.0015,0.0630,1.0015,0.00,0.00,0.00,2.15,0.66,51.51
86.055630,0.0020,0.0625,1.0015,0.00,0.00,0.00,2.15,0.66,51.51
86.055630,0.0029,0.0625,1.0010,0.00,0.00,0.00,2.15,0.66,51.51
86.055630,0.0020,0.0625,1.0015,0.00,0.00,-0.06,2.15,0.66,51.51
86.055630,0.0020,0.0640,1.0015,0.00,0.00,-0.06,2.15,0.66,51.51
86.115627,0.0010,0.0630,1.0010,0.00,0.00,-0.12,2.15,0.66,51.51
86.115627,0.0020,0.0630,1.0000,0.00,0.00,-0.12,2.15,0.66,51.51
86.115627,0.0015,0.0625,1.0005,0.00,0.00,-0.06,2.15,0.66,51.51
86.115627,0.0015,0.0630,1.0020,0.00,0.00,0.00,2.15,0.66,51.51
86.159630,0.0024,0.0630,1.0015,0.00,0.00,-0.06,2.15,0.66,51.51
86.159630,0.0020,0.0635,1.0000,0.00,0.00,0.00,2.15,0.66,51.51
86.159630,0.0010,0.0630,1.0005,0.00,0.00,-0.06,2.15,0.66,51.51
86.159630,0.0015,0.0625,1.0010,0.00,0.00,0.00,2.15,0.66,51.51
86.174915,0.0020,0.0625,1.0010,0.00,0.00,0.00,2.15,0.66,51.51
86.174915,0.0020,0.0635,1.0005,0.00,0.00,-0.06,2.15,0.66,51.51
86.174915,0.0020,0.0630,1.0005,0.00,0.00,-0.06,2.15,0.66,51.51
86.174915,0.0015,0.0630,1.0010,0.00,0.00,-0.06,2.15,0.66,51.51
86.237359,0.0020,0.0635,1.0010,0.00,0.00,-0.06,2.15,0.66,51.51
86.237359,0.0024,0.0625,1.0015,0.00,0.00,-0.06,2.15,0.66,51.51
86.237359,0.0020,0.0625,1.0020,0.00,0.00,0.00,2.15,0.66,51.51
86.237359,0.0020,0.0620,1.0015,0.00,0.00,0.00,2.15,0.66,51.51
86.271450,0.0015,0.0625,1.0015,0.00,0.00,0.00,2.15,0.66,51.51
86.271450,0.0024,0.0625,1.0010,0.00,0.00,0.00,2.15,0.66,51.51
86.271450,0.0024,0.0635,1.0015,0.00,0.00,-0.06,2.15,0.66,51.51
86.271450,0.0024,0.0630,1.0015,0.00,0.00,-0.06,2.15,0.66,51.51
86.333054,0.0024,0.0630,1.0015,0.00,0.00,-0.06,2.15,0.66,51.51
86.333054,0.0020,0.0630,1.0015,0.00,0.00,0.00,2.15,0.66,51.51
86.333054,0.0015,0.0630,1.0020,0.00,0.00,0.00,2.15,0.66,51.51
86.333054,0.0015,0.0625,1.0020,0.00,0.00,-0.06,2.15,0.66,51.51
86.355619,0.0020,0.0625,1.0015,0.00,0.00,-0.06,2.15,0.66,51.51
86.355619,0.0020,0.0625,1.0015,0.00,0.00,-0.06,2.15,0.66,51.51
86.355619,0.0015,0.0625,1.0015,0.00,0.00,-0.06,2.15,0.66,51.51
86.355619,0.0024,0.0625,1.0015,0.00,0.00,-0.06,2.15,0.66,51.51
86.384849,0.0020,0.0625,1.0015,0.00,0.00,-0.06,2.15,0.66,51.51
86.384849,0.0015,0.0630,1.0010,0.00,0.00,-0.06,2.15,0.66,51.51
86.384849,0.0020,0.0630,1.0015,0.00,0.00,-0.06,2.15,0.66,51.51
86.384849,0.0020,0.0630,1.0000,0.00,0.00,0.00,2.15,0.66,51.51
86.415532,0.0015,0.0630,1.0010,0.00,0.00,-0.06,2.15,0.66,51.51
86.415532,0.0020,0.0625,1.0010,0.00,0.00,-0.12,2.15,0.66,51.51
86.415532,0.0020,0.0620,1.0010,0.00,0.00,-0.06,2.15,0.66,51.51
86.415532,0.0020,0.0630,1.0020,0.00,0.00,-0.06,2.15,0.66,51.51
86.474709,0.0024,0.0630,1.0010,-0.06,0.00,-0.06,2.15,0.66,51.51
86.474709,0.0029,0.0630,1.0015,0.00,0.00,0.00,2.15,0.66,51.51
86.474709,0.0024,0.0635,1.0015,0.00,0.00,-0.06,2.15,0.66,51.51
86.474709,0.0024,0.0625,1.0015,0.00,0.00,0.00,2.15,0.66,51.51
86.505834,0.0024,0.0625,1.0010,0.00,0.00,0.00,2.15,0.66,51.51
86.505834,0.0029,0.0625,1.0020,0.00,0.00,0.00,2.15,0.66,51.51
86.505834,0.0024,0.0625,1.0015,0.00,0.00,-0.06,2.15,0.66,51.51
86.505834,0.0020,0.0625,1.0015,0.00,0.00,-0.06,2.15,0.66,51.51
86.537201,0.0020,0.0630,1.0010,0.06,0.00,0.00,2.15,0.66,51.51
86.537201,0.0024,0.0625,1.0020,0.00,0.00,-0.06,2.15,0.66,51.51
86.537201,0.0020,0.0635,1.0020,0.00,0.00,-0.12,2.15,0.66,51.51
86.537201,0.0010,0.0630,1.0020,0.00,0.00,-0.06,2.15,0.66,51.51
86.594863,0.0015,0.0635,1.0020,0.00,0.00,-0.06,2.15,0.66,51.51
86.594863,0.0015,0.0625,1.0015,0.00,0.00,0.00,2.15,0.66,51.51
86.594863,0.0015,0.0625,1.0010,0.00,0.00,0.00,2.15,0.66,51.51
86.594863,0.0024,0.0630,1.0005,0.00,0.00,-0.06,2.15,0.66,51.51
86.625573,0.0020,0.0630,1.0010,0.00,0.00,-0.06,2.15,0.66,51.51
86.625573,0.0024,0.0630,1.0015,0.00,0.00,-0.06,2.15,0.66,51.51
86.625573,0.0020,0.0625,1.0020,0.00,0.00,-0.06,2.15,0.66,51.51
86.625573,0.0015,0.0625,1.0010,0.00,0.00,-0.06,2.15,0.66,51.51
86.684773,0.0015,0.0635,1.0010,0.00,0.00,-0.06,2.15,0.66,51.51
86.684773,0.0020,0.0635,1.0010,0.00,0.00,-0.06,2.15,0.66,51.51
86.684773,0.0020,0.0630,1.0005,0.00,0.00,-0.12,2.15,0.66,51.51
86.684773,0.0029,0.0630,1.0005,0.00,0.00,0.00,2.15,0.66,51.51
86.719713,0.0024,0.0630,1.0005,0.00,0.00,-0.06,2.15,0.66,51.51
86.719713,0.0015,0.0635,1.0015,0.00,0.00,-0.06,2.15,0.66,51.51
86.719713,0.0020,0.0630,1.0020,0.00,0.00,-0.06,2.15,0.66,51.51
86.719713,0.0020,0.0625,1.0015,0.00,0.00,0.00,2.15,0.66,51.51
86.746957,0.0010,0.0630,1.0015,0.00,0.00,0.00,2.15,0.66,51.51
86.746957,0.0015,0.0630,1.0024,0.06,0.00,-0.06,2.15,0.66,51.51
86.746957,0.0015,0.0625,1.0015,0.00,0.00,0.00,2.15,0.66,51.51
86.746957,0.0020,0.0640,1.0015,0.00,0.00,0.00,2.15,0.66,51.51
86.805829,0.0020,0.0640,1.0010,0.00,0.00,0.00,2.15,0.66,51.51
86.805829,0.0024,0.0635,1.0010,0.00,0.00,-0.06,2.15,0.66,51.51
86.805829,0.0020,0.0625,1.0010,0.00,0.00,-0.06,2.15,0.66,51.51
86.805829,0.0020,0.0630,1.0015,0.00,0.00,-0.06,2.15,0.66,51.51
86.834812,0.0020,0.0635,1.0024,0.00,0.00,-0.06,2.15,0.66,51.51
86.834812,0.0020,0.0630,1.0024,0.00,0.00,-0.06,2.15,0.66,51.51
86.834812,0.0020,0.0625,1.0024,0.00,0.00,-0.06,2.15,0.66,51.51
86.834812,0.0020,0.0635,1.0024,0.00,0.00,0.00,2.15,0.66,51.51
86.895878,0.0024,0.0630,1.0024,0.00,0.00,0.00,2.15,0.66,51.51
86.895878,0.0024,0.0625,1.0010,0.00,0.00,0.00,2.15,0.66,51.51
86.895878,0.0020,0.0625,1.0005,0.00,0.00,-0.06,2.15,0.66,51.51
86.895878,0.0010,0.0630,1.0015,0.00,0.00,-0.06,2.15,0.66,51.51
86.927401,0.0010,0.0625,1.0010,0.00,0.00,-0.06,2.15,0.66,51.51
86.927401,0.0015,0.0620,1.0020,0.00,0.00,-0.06,2.15,0.66,51.51
86.927401,0.0024,0.0625,1.0015,0.06,0.00,0.00,2.15,0.66,51.51
86.927401,0.0020,0.0635,1.0015,0.00,0.00,0.00,2.15,0.66,51.51
86.955324,0.0020,0.0630,1.0020,0.00,0.00,-0.06,2.15,0.66,51.51
86.955324,0.0020,0.0630,1.0020,0.00,0.00,-0.06,2.15,0.66,51.51
86.955324,0.0020,0.0630,1.0010,0.00,0.00,-0.06,2.15,0.66,51.51
86.955324,0.0010,0.0630,1.0010,0.06,0.06,-0.06,2.15,0.66,51.51
86.984893,0.0015,0.0620,1.0015,0.00,0.00,0.00,2.15,0.66,51.51
86.984893,0.0015,0.0630,1.0024,0.00,0.00,-0.06,2.15,0.66,51.51
86.984893,0.0020,0.0630,1.0020,0.00,0.00,-0.06,2.15,0.66,51.51
86.984893,0.0015,0.0635,1.0020,0.00,0.00,-0.06,2.15,0.66,51.51
87.045277,0.0015,0.0640,1.0020,0.00,0.00,-0.06,2.15,0.66,51.51
87.045277,0.0020,0.0635,1.0024,0.00,0.00,-0.06,2.15,0.66,51.51
87.045277,0.0015,0.0625,1.0015,0.00,0.00,0.00,2.15,0.66,51.51
87.045277,0.0015,0.0625,1.0015,0.00,0.06,-0.12,2.15,0.66,51.51
87.075968,0.0020,0.0615,1.0024,0.00,0.00,-0.12,2.15,0.66,51.51
87.075968,0.0015,0.0625,1.0024,0.00,0.00,0.00,2.15,0.66,51.51
87.075968,0.0015,0.0625,1.0010,0.00,0.00,0.00,2.15,0.66,51.51
87.075968,0.0020,0.0635,1.0015,0.00,0.00,0.00,2.15,0.66,51.51
87.104930,0.0020,0.0635,1.0010,0.00,0.00,-0.06,2.15,0.66,51.51
87.104930,0.0015,0.0640,1.0010,0.00,0.00,0.00,2.15,0.66,51.51
87.104930,0.0020,0.0645,1.0020,0.00,0.00,0.00,2.15,0.66,51.51
87.104930,0.0015,0.0640,1.0024,0.00,0.00,-0.06,2.15,0.66,51.51
87.165692,0.0015,0.0630,1.0024,0.00,0.00,-0.06,2.15,0.66,51.51
87.165692,0.0020,0.0630,1.0015,0.00,0.00,-0.06,2.15,0.66,51.51
87.165692,0.0024,0.0630,1.0015,0.00,0.00,-0.06,2.15,0.66,51.51
87.165692,0.0020,0.0630,1.0015,0.00,0.00,-0.06,2.15,0.66,51.51
87.196843,0.0029,0.0630,1.0024,0.00,0.00,-0.06,2.15,0.66,51.51
87.196843,0.0020,0.0630,1.0029,0.00,0.00,-0.06,2.15,0.66,51.51
87.196843,0.0020,0.0635,1.0020,0.00,0.00,-0.06,2.15,0.66,51.51
87.196843,0.0020,0.0630,1.0015,0.00,0.00,-0.06,2.15,0.66,51.51
87.227328,0.0015,0.0625,1.0024,0.00,0.00,-0.06,2.15,0.66,51.51
87.227328,0.0020,0.0630,1.0015,0.00,0.00,-0.12,2.15,0.66,51.51
87.227328,0.0015,0.0630,1.0010,0.00,-0.06,-0.12,2.15,0.66,51.51
87.227328,0.0020,0.0625,1.0015,0.00,0.00,-0.06,2.15,0.66,51.51
87.285607,0.0010,0.0625,1.0005,0.00,0.00,0.00,2.15,0.66,51.51
87.285607,0.0010,0.0630,1.0010,0.00,0.00,0.00,2.15,0.66,51.51
87.285607,0.0015,0.0630,1.0010,0.00,0.00,0.00,2.15,0.66,51.51
87.285607,0.0015,0.0625,1.0020,0.00,0.00,-0.06,2.15,0.66,51.51
87.314875,0.0024,0.0625,1.0015,0.00,0.00,0.00,2.15,0.66,51.51
87.314875,0.0015,0.0630,1.0015,0.00,0.00,-0.06,2.15,0.66,51.51
87.314875,0.0024,0.0620,1.0015,0.00,0.00,-0.06,2.15,0.66,51.51
87.314875,0.0020,0.0625,1.0015,0.00,0.00,-0.06,2.15,0.66,51.51
87.345842,0.0020,0.0635,1.0010,0.00,0.00,0.00,2.15,0.66,51.51
87.345842,0.0010,0.0635,1.0015,0.00,0.00,-0.12,2.15,0.66,51.51
87.345842,0.0020,0.0635,1.0015,0.00,0.00,-0.12,2.15,0.66,51.51
87.345842,0.0020,0.0640,1.0020,0.00,0.00,-0.06,2.15,0.66,51.51
87.404940,0.0020,0.0630,1.0024,0.00,0.00,0.00,2.15,0.66,51.51
87.404940,0.0024,0.0635,1.0020,0.00,0.00,-0.12,2.15,0.66,51.51
87.404940,0.0024,0.0625,1.0020,0.00,0.00,-0.06,2.15,0.66,51.51
87.404940,0.0024,0.0625,1.0020,0.00,0.00,-0.06,2.15,0.66,51.51
87.435586,0.0015,0.0635,1.0024,0.00,0.00,0.00,2.15,0.66,51.51
87.435586,0.0015,0.0640,1.0020,0.00,0.00,-0.06,2.15,0.66,51.51
87.435586,0.0020,0.0630,1.0020,0.06,0.00,0.00,2.15,0.66,51.51
87.435586,0.0010,0.0640,1.0024,0.00,0.00,-0.06,2.15,0.66,51.51
87.465095,0.0020,0.0635,1.0020,0.00,0.00,-0.12,2.15,0.66,51.51
87.465095,0.0015,0.0640,1.0020,0.00,0.00,-0.12,2.15,0.66,51.51
87.465095,0.0024,0.0630,1.0015,0.00,0.00,-0.06,2.15,0.66,51.51
87.465095,0.0015,0.0635,1.0020,0.00,0.00,0.00,2.15,0.66,51.51
87.525603,0.0015,0.0630,1.0010,0.00,0.00,-0.06,2.15,0.66,51.51
87.525603,0.0015,0.0630,1.0005,0.06,0.00,0.00,2.15,0.66,51.51
87.525603,0.0024,0.0630,1.0005,0.00,0.00,0.00,2.15,0.66,51.51
87.525603,0.0020,0.0635,1.0020,0.00,0.00,-0.06,2.15,0.66,51.51
87.554849,0.0020,0.0640,1.0020,0.00,0.00,-0.06,2.15,0.66,51.51
87.554849,0.0020,0.0625,1.0029,0.00,0.00,0.00,2.15,0.66,51.51
87.554849,0.0015,0.0630,1.0020,0.00,0.00,-0.06,2.15,0.66,51.51
87.554849,0.0015,0.0630,1.0024,0.00,0.00,-0.06,2.15,0.66,51.51
87.587501,0.0020,0.0630,1.0015,0.00,0.00,0.00,2.15,0.66,51.51
87.587501,0.0020,0.0630,1.0005,0.00,0.00,-0.06,2.15,0.66,51.51
87.587501,0.0015,0.0625,1.0010,0.00,0.00,-0.06,2.15,0.66,51.51
87.587501,0.0015,0.0630,1.0015,0.00,0.00,0.00,2.15,0.66,51.51
87.656125,0.0020,0.0620,1.0010,0.00,0.00,-0.06,2.15,0.66,51.51
87.656125,0.0020,0.0615,1.0020,0.00,0.00,-0.06,2.15,0.66,51.51
87.656125,0.0015,0.0625,1.0015,0.00,-0.06,-0.06,2.15,0.66,51.51
87.656125,0.0020,0.0630,1.0020,0.00,0.00,-0.06,2.15,0.66,51.51
87.674978,0.0015,0.0635,1.0015,0.00,0.00,-0.06,2.15,0.66,51.51
87.674978,0.0020,0.0630,1.0024,0.00,0.00,-0.06,2.15,0.66,51.51
87.674978,0.0015,0.0630,1.0020,0.00,0.00,0.00,2.15,0.66,51.51
87.674978,0.0015,0.0635,1.0020,0.00,0.06,0.00,2.15,0.66,51.51
87.704955,0.0020,0.0635,1.0015,0.00,0.00,0.00,2.15,0.66,51.51
87.704955,0.0020,0.0625,1.0015,0.00,0.00,0.00,2.15,0.66,51.51
87.704955,0.0024,0.0630,1.0010,0.06,0.00,-0.06,2.15,0.66,51.51
87.704955,0.0020,0.0635,1.0010,0.00,0.00,-0.06,2.15,0.66,51.51
87.765692,0.0020,0.0635,1.0020,0.00,0.00,-0.06,2.15,0.66,51.51
87.765692,0.0005,0.0635,1.0015,0.00,0.00,-0.06,2.15,0.66,51.51
87.765692,0.0020,0.0635,1.0015,0.00,0.00,-0.06,2.15,0.66,51.51
87.765692,0.0020,0.0635,1.0015,0.00,0.00,-0.06,2.15,0.66,51.51
87.894423,0.0020,0.0630,1.0015,0.00,0.00,0.00,2.15,0.66,51.51
87.894423,0.0015,0.0625,1.0020,0.00,0.00,-0.06,2.15,0.66,51.51
87.894423,0.0020,0.0625,1.0024,0.00,0.00,-0.06,2.15,0.66,51.51
87.894423,0.0034,0.0625,1.0029,0.00,0.00,-0.06,2.15,0.66,51.51
87.894456,0.0024,0.0625,1.0020,0.00,0.00,-0.06,2.15,0.66,51.51
87.894456,0.0024,0.0630,1.0024,0.00,0.00,0.00,2.15,0.66,51.51
87.894456,0.0010,0.0635,1.0024,0.00,0.00,-0.06,2.15,0.66,51.51
87.894456,0.0005,0.0635,1.0024,0.00,0.00,-0.12,2.15,0.66,51.51
87.894471,0.0015,0.0630,1.0029,0.00,0.00,0.00,2.15,0.66,51.51
87.894471,0.0015,0.0630,1.0024,0.00,0.00,-0.06,2.15,0.66,51.51
87.894471,0.0010,0.0625,1.0034,0.00,0.00,0.00,2.15,0.66,51.51
87.894471,0.0024,0.0635,1.0024,0.00,0.00,0.00,2.15,0.66,51.51
87.916999,0.0029,0.0635,1.0024,0.00,0.00,0.00,2.15,0.66,51.51
87.916999,0.0015,0.0630,1.0015,0.06,0.00,0.00,2.15,0.66,51.51
87.916999,0.0015,0.0630,1.0015,0.00,0.00,-0.06,2.15,0.66,51.51
87.916999,0.0020,0.0630,1.0020,0.00,0.00,-0.12,2.15,0.66,51.51
87.945125,0.0020,0.0630,1.0015,0.00,0.00,-0.06,2.15,0.66,51.51
87.945125,0.0020,0.0630,1.0020,0.00,0.00,-0.06,2.15,0.66,51.51
87.945125,0.0020,0.0625,1.0010,0.00,0.00,0.00,2.15,0.66,51.51
87.945125,0.0020,0.0635,1.0010,0.00,0.00,-0.06,2.15,0.66,51.51
88.005533,0.0020,0.0625,1.0015,0.00,0.00,-0.06,2.15,0.66,51.51
88.005533,0.0020,0.0635,1.0015,0.00,0.00,-0.06,2.15,0.66,51.51
88.005533,0.0020,0.0635,1.0020,0.00,0.00,-0.06,2.15,0.66,51.51
88.005533,0.0024,0.0630,1.0029,0.00,0.00,-0.06,2.15,0.66,51.51
88.034784,0.0020,0.0630,1.0029,0.00,0.00,-0.12,2.15,0.66,51.51
88.034784,0.0020,0.0630,1.0024,0.00,0.00,-0.12,2.15,0.66,51.51
88.034784,0.0015,0.0625,1.0015,0.00,0.00,0.00,2.15,0.66,51.51
88.034784,0.0015,0.0625,1.0015,0.00,0.00,-0.06,2.15,0.66,51.51
88.096218,0.0010,0.0625,1.0015,0.00,0.00,-0.06,2.15,0.66,51.51
88.096218,0.0015,0.0630,1.0015,0.00,0.00,-0.06,2.15,0.66,51.51
88.096218,0.0029,0.0630,1.0024,0.00,0.00,0.00,2.15,0.66,51.51
88.096218,0.0020,0.0625,1.0020,0.00,0.00,-0.06,2.15,0.66,51.51
88.124774,0.0020,0.0625,1.0020,0.06,0.06,-0.06,2.15,0.66,51.51
88.124774,0.0029,0.0620,1.0020,0.00,0.00,-0.06,2.15,0.66,51.51
88.124774,0.0024,0.0625,1.0015,0.00,0.00,-0.06,2.15,0.66,51.51
88.124774,0.0015,0.0630,1.0015,0.00,0.00,-0.06,2.15,0.66,51.51
88.155891,0.0015,0.0630,1.0015,0.00,0.00,0.00,2.15,0.66,51.51
88.155891,0.0015,0.0635,1.0015,0.00,0.00,0.00,2.15,0.66,51.51
88.155891,0.0015,0.0640,1.0024,0.00,-0.06,0.00,2.15,0.66,51.51
88.155891,0.0015,0.0635,1.0024,0.00,0.00,0.00,2.15,0.66,51.51
88.214923,0.0020,0.0630,1.0024,0.00,0.00,0.00,2.15,0.66,51.51
88.214923,0.0020,0.0630,1.0015,0.00,0.00,0.00,2.15,0.66,51.51
88.214923,0.0024,0.0630,1.0015,0.00,0.00,0.00,2.15,0.66,51.51
88.214923,0.0020,0.0625,1.0010,0.00,0.00,-0.06,2.15,0.66,51.51
88.246504,0.0015,0.0625,1.0020,0.00,0.00,0.00,2.15,0.66,51.51
88.246504,0.0029,0.0640,1.0015,0.00,0.00,0.00,2.15,0.66,51.51
88.246504,0.0020,0.0635,1.0015,0.00,0.00,-0.06,2.15,0.66,51.51
88.246504,0.0020,0.0630,1.0005,0.00,0.00,-0.06,2.15,0.66,51.51
88.277268,0.0020,0.0635,0.9995,0.00,0.00,-0.06,2.15,0.66,51.51
88.277268,0.0020,0.0635,1.0000,0.00,0.00,-0.06,2.15,0.66,51.51
88.277268,0.0010,0.0630,1.0000,0.00,0.00,0.00,2.15,0.66,51.51
88.277268,0.0010,0.0630,1.0010,0.06,0.00,-0.06,2.15,0.66,51.51
88.335746,0.0020,0.0635,1.0020,0.00,0.00,-0.06,2.15,0.66,51.51
88.335746,0.0024,0.0630,1.0010,0.00,0.00,0.00,2.15,0.66,51.51
88.335746,0.0024,0.0640,1.0005,0.00,0.00,0.00,2.15,0.66,51.51
88.335746,0.0024,0.0645,1.0010,0.00,0.00,0.00,2.15,0.66,51.51
88.364819,0.0024,0.0640,1.0020,0.00,0.00,-0.06,2.15,0.66,51.51
88.364819,0.0020,0.0635,1.0015,0.00,0.00,0.00,2.15,0.66,51.51
88.364819,0.0020,0.0630,1.0010,0.00,0.00,-0.06,2.15,0.66,51.51
88.364819,0.0020,0.0630,1.0015,0.00,0.00,0.00,2.15,0.66,51.51
88.395043,0.0024,0.0630,1.0010,0.00,0.00,0.00,2.15,0.66,51.51
88.395043,0.0015,0.0625,1.0005,0.00,0.00,0.00,2.15,0.66,51.51
88.395043,0.0024,0.0620,1.0010,0.00,0.00,0.00,2.15,0.66,51.51
88.395043,0.0015,0.0625,1.0005,0.00,0.00,0.00,2.15,0.66,51.51
88.455019,0.0015,0.0630,1.0010,0.00,0.00,-0.06,2.15,0.66,51.51
88.455019,0.0020,0.0630,1.0010,0.00,0.00,0.00,2.15,0.66,51.51
88.455019,0.0020,0.0625,1.0010,0.00,0.00,-0.06,2.15,0.66,51.51
88.455019,0.0020,0.0630,1.0015,0.00,0.00,0.00,2.15,0.66,51.51
88.485805,0.0020,0.0635,1.0029,0.06,0.00,-0.06,2.15,0.66,51.51
88.485805,0.0015,0.0625,1.0020,0.00,0.00,0.00,2.15,0.66,51.51
88.485805,0.0020,0.0630,1.0015,0.00,0.00,-0.06,2.15,0.66,51.51
88.485805,0.0020,0.0625,1.0010,0.00,0.00,0.00,2.15,0.66,51.51
88.514882,0.0024,0.0625,1.0010,0.00,0.00,0.00,2.15,0.66,51.51
88.514882,0.0020,0.0625,1.0010,0.00,0.00,-0.06,2.15,0.66,51.51
88.514882,0.0015,0.0630,1.0010,0.00,0.00,0.00,2.15,0.66,51.51
88.514882,0.0010,0.0630,1.0015,0.00,0.00,0.00,2.15,0.66,51.51
88.575692,0.0010,0.0625,1.0015,0.00,0.00,-0.06,2.15,0.66,51.51
88.575692,0.0015,0.0630,1.0005,0.00,0.00,-0.06,2.15,0.66,51.51
88.575692,0.0015,0.0635,1.0005,0.00,0.00,-0.06,2.15,0.66,51.51
88.575692,0.0020,0.0625,0.9990,0.00,0.00,0.00,2.15,0.66,51.51
88.607671,0.0015,0.0625,1.0005,0.00,0.00,-0.06,2.15,0.66,51.51
88.607671,0.0015,0.0625,1.0005,0.00,0.00,0.00,2.15,0.66,51.51
88.607671,0.0015,0.0630,1.0010,0.00,0.00,-0.06,2.15,0.66,51.51
88.607671,0.0015,0.0635,1.0015,0.00,0.00,-0.06,2.15,0.66,51.51
88.637727,0.0020,0.0640,1.0015,0.00,0.00,0.00,2.15,0.66,51.51
88.637727,0.0020,0.0640,1.0010,0.00,0.00,0.00,2.15,0.66,51.51
88.637727,0.0015,0.0635,1.0005,0.00,0.00,-0.06,2.15,0.66,51.51
88.637727,0.0020,0.0630,1.0005,0.00,0.00,0.00,2.15,0.66,51.51
88.695774,0.0020,0.0625,1.0000,0.00,0.00,0.00,2.15,0.66,51.51
88.695774,0.0015,0.0630,1.0005,0.00,0.00,-0.06,2.15,0.66,51.51
88.695774,0.0015,0.0625,1.0010,0.00,0.00,0.00,2.15,0.66,51.51
88.695774,0.0010,0.0625,1.0010,0.00,0.00,-0.06,2.15,0.66,51.51
88.725012,0.0005,0.0625,1.0005,0.00,-0.06,-0.06,2.15,0.66,51.51
88.725012,0.0020,0.0625,1.0020,0.00,0.00,-0.06,2.15,0.66,51.51
88.725012,0.0024,0.0625,1.0015,0.00,0.00,-0.06,2.15,0.66,51.51
88.725012,0.0020,0.0635,1.0015,0.00,0.00,-0.06,2.15,0.66,51.51
88.771085,0.0010,0.0630,1.0015,0.00,0.00,-0.06,2.15,0.66,51.51
88.771085,0.0015,0.0630,1.0010,0.00,0.00,0.00,2.15,0.66,51.51
88.771085,0.0020,0.0630,1.0005,0.00,0.00,-0.06,2.15,0.66,51.51
88.771085,0.0024,0.0635,1.0005,0.00,0.00,-0.06,2.15,0.66,51.51
88.815519,0.0020,0.0635,1.0000,0.00,0.00,-0.12,2.15,0.66,51.51
88.815519,0.0015,0.0630,1.0000,0.00,0.00,0.00,2.15,0.66,51.51
88.815519,0.0015,0.0635,1.0015,0.00,0.00,0.00,2.15,0.66,51.51
88.815519,0.0020,0.0630,1.0010,0.00,0.00,-0.06,2.15,0.66,51.51
88.846542,0.0024,0.0625,1.0015,0.00,0.00,-0.06,2.15,0.66,51.51
88.846542,0.0020,0.0635,1.0020,0.00,0.00,-0.06,2.15,0.66,51.51
88.846542,0.0010,0.0625,1.0010,0.00,0.00,-0.06,2.15,0.66,51.51
88.846542,0.0015,0.0630,1.0015,0.00,0.00,-0.12,2.15,0.66,51.51
88.875242,0.0024,0.0630,1.0020,0.00,0.00,-0.06,2.15,0.66,51.51
88.875242,0.0015,0.0635,1.0015,0.00,0.00,0.00,2.15,0.66,51.51
88.875242,0.0015,0.0625,1.0010,0.00,0.00,0.00,2.15,0.66,51.51
88.875242,0.0020,0.0625,1.0000,0.00,0.00,0.00,2.15,0.66,51.51
88.934972,0.0020,0.0630,1.0000,0.00,0.00,-0.06,2.15,0.66,51.51
88.934972,0.0020,0.0630,1.0010,0.00,0.00,-0.06,2.15,0.66,51.51
88.934972,0.0020,0.0635,1.0000,0.00,0.00,-0.06,2.15,0.66,51.51
88.934972,0.0020,0.0635,1.0000,0.00,0.00,-0.06,2.15,0.66,51.51
88.965982,0.0020,0.0630,1.0000,0.00,0.00,-0.06,2.15,0.66,51.51
88.965982,0.0020,0.0645,1.0010,0.00,0.00,0.00,2.15,0.66,51.51
88.965982,0.0015,0.0630,1.0015,0.00,0.00,-0.06,2.15,0.66,51.51
88.965982,0.0015,0.0625,1.0010,0.00,0.00,-0.06,2.15,0.66,51.51
88.995728,0.0024,0.0630,1.0015,0.00,0.00,-0.06,2.15,0.66,51.51
88.995728,0.0024,0.0630,1.0010,0.00,0.00,-0.06,2.15,0.66,51.51
88.995728,0.0020,0.0625,1.0005,0.00,0.00,-0.06,2.15,0.66,51.51
88.995728,0.0020,0.0630,1.0005,0.00,0.00,-0.06,2.15,0.66,51.51
89.055035,0.0015,0.0625,1.0015,0.00,-0.06,-0.06,2.15,0.66,51.51
89.055035,0.0020,0.0630,1.0005,0.00,0.00,-0.06,2.15,0.66,51.51
89.055035,0.0020,0.0635,1.0015,0.00,0.00,-0.06,2.15,0.66,51.51
89.055035,0.0015,0.0635,1.0015,0.00,0.06,0.00,2.15,0.66,51.51
89.084946,0.0020,0.0635,1.0010,0.00,0.00,0.00,2.15,0.66,51.51
89.084946,0.0015,0.0625,1.0020,0.00,0.00,-0.06,2.15,0.66,51.51
89.084946,0.0015,0.0625,1.0024,0.00,0.00,-0.06,2.15,0.66,51.51
89.084946,0.0020,0.0630,1.0015,0.00,0.00,0.00,2.15,0.66,51.51
89.115685,0.0024,0.0630,1.0005,0.00,0.00,0.00,2.15,0.66,51.51
89.115685,0.0020,0.0630,1.0000,0.00,0.00,-0.06,2.15,0.66,51.51
89.115685,0.0020,0.0635,1.0020,0.00,0.00,-0.06,2.15,0.66,51.51
89.115685,0.0015,0.0630,1.0015,0.00,0.00,-0.06,2.15,0.66,51.51
89.175745,0.0015,0.0625,1.0005,0.00,0.00,-0.06,2.15,0.66,51.51
89.175745,0.0020,0.0635,1.0020,0.00,0.00,-0.06,2.15,0.66,51.51
89.175745,0.0015,0.0625,1.0020,0.00,0.00,-0.06,2.15,0.66,51.51
89.175745,0.0015,0.0640,1.0010,0.00,0.00,0.00,2.15,0.66,51.51
89.207592,0.0015,0.0630,1.0015,0.06,0.00,0.00,2.15,0.66,51.51
89.207592,0.0020,0.0635,1.0000,0.00,0.00,-0.06,2.15,0.66,51.51
89.207592,0.0024,0.0630,1.0000,0.00,0.00,-0.06,2.15,0.66,51.51
89.207592,0.0020,0.0625,1.0000,0.00,0.00,-0.06,2.15,0.66,51.51
89.237695,0.0020,0.0630,1.0000,0.00,0.00,-0.06,2.15,0.66,51.51
89.237695,0.0015,0.0640,1.0005,0.00,0.00,-0.06,2.15,0.66,51.51
89.237695,0.0020,0.0635,1.0015,0.00,0.00,-0.06,2.15,0.66,51.51
89.237695,0.0020,0.0630,1.0000,0.00,0.00,-0.06,2.15,0.66,51.51
89.297996,0.0024,0.0635,1.0000,0.00,0.00,-0.06,2.15,0.66,51.51
89.297996,0.0020,0.0630,1.0010,0.00,0.00,0.00,2.15,0.66,51.51
89.297996,0.0020,0.0640,1.0015,0.00,0.00,-0.06,2.15,0.66,51.51
89.297996,0.0020,0.0630,1.0015,0.00,0.00,-0.06,2.15,0.66,51.51
89.327631,0.0020,0.0625,1.0015,0.00,0.00,-0.06,2.15,0.66,51.51
89.327631,0.0015,0.0625,1.0015,0.00,0.00,-0.06,2.15,0.66,51.51
89.327631,0.0020,0.0620,1.0015,0.00,0.00,-0.06,2.15,0.66,51.51
89.327631,0.0020,0.0630,1.0015,0.00,0.00,0.00,2.15,0.66,51.51
89.357639,0.0020,0.0630,1.0005,0.06,0.00,-0.06,2.15,0.66,51.51
89.357639,0.0020,0.0630,1.0005,0.00,0.00,-0.12,2.15,0.66,51.51
89.357639,0.0024,0.0630,1.0010,0.00,0.00,-0.06,2.15,0.66,51.51
89.357639,0.0015,0.0635,1.0020,0.00,0.00,-0.06,2.15,0.66,51.51
89.415804,0.0020,0.0640,1.0015,0.00,0.00,0.00,2.15,0.66,51.51
89.415804,0.0024,0.0630,1.0015,0.00,0.00,0.00,2.15,0.66,51.51
89.415804,0.0015,0.0635,1.0024,0.00,0.00,0.00,2.15,0.66,51.51
89.415804,0.0010,0.0635,1.0015,0.00,0.00,0.00,2.15,0.66,51.51
89.446542,0.0024,0.0630,1.0020,-0.06,0.00,-0.06,2.15,0.66,51.51
89.446542,0.0024,0.0635,1.0024,0.00,0.00,-0.06,2.15,0.66,51.51
89.446542,0.0024,0.0630,1.0015,0.00,0.00,-0.06,2.15,0.66,51.51
89.446542,0.0020,0.0635,1.0005,0.00,0.00,-0.06,2.15,0.66,51.51
89.505701,0.0015,0.0625,1.0015,0.00,0.00,-0.06,2.15,0.66,51.51
89.505701,0.0020,0.0635,1.0005,0.06,0.00,0.00,2.15,0.66,51.51
89.505701,0.0020,0.0630,1.0000,0.00,0.00,0.00,2.15,0.66,51.51
89.505701,0.0010,0.0625,1.0005,0.00,0.00,0.00,2.15,0.66,51.51
89.534952,0.0015,0.0625,1.0005,0.00,0.00,-0.06,2.15,0.66,51.51
89.534952,0.0024,0.0630,1.0010,0.00,0.00,-0.06,2.15,0.66,51.51
89.534952,0.0020,0.0640,1.0015,0.00,0.00,-0.12,2.15,0.66,51.51
89.534952,0.0015,0.0635,1.0020,0.00,0.00,-0.12,2.15,0.66,51.51
89.569062,0.0020,0.0630,1.0029,0.00,0.00,0.00,2.15,0.66,51.51
89.569062,0.0020,0.0630,1.0024,0.00,0.00,-0.06,2.15,0.66,51.51
89.569062,0.0015,0.0630,1.0020,0.00,0.00,-0.06,2.15,0.66,51.51
89.569062,0.0015,0.0625,1.0020,0.00,0.00,0.00,2.15,0.66,51.51
89.625850,0.0015,0.0620,1.0020,0.00,0.00,0.00,2.15,0.66,51.51
89.625850,0.0024,0.0630,1.0020,0.00,0.00,0.00,2.15,0.66,51.51
89.625850,0.0024,0.0630,1.0015,0.00,0.00,0.00,2.15,0.66,51.51
89.625850,0.0020,0.0620,1.0020,0.00,0.00,0.00,2.15,0.66,51.51
89.657450,0.0015,0.0620,1.0024,0.00,0.00,-0.06,2.15,0.66,51.51
89.657450,0.0015,0.0620,1.0024,0.00,0.00,-0.06,2.15,0.66,51.51
89.657450,0.0015,0.0625,1.0029,0.00,0.00,-0.06,2.15,0.66,51.51
89.657450,0.0020,0.0625,1.0024,0.00,0.00,-0.06,2.15,0.66,51.51
89.685517,0.0015,0.0625,1.0020,0.00,0.00,0.00,2.15,0.66,51.51
89.685517,0.0015,0.0635,1.0010,0.00,0.00,0.00,2.15,0.66,51.51
89.685517,0.0024,0.0625,1.0015,0.00,0.00,0.00,2.15,0.66,51.51
89.685517,0.0020,0.0635,1.0000,0.00,0.00,0.00,2.15,0.66,51.51
89.748497,0.0015,0.0635,1.0010,0.00,0.00,0.00,2.15,0.66,51.51
89.748497,0.0024,0.0630,1.0020,0.00,0.00,0.00,2.15,0.66,51.51
89.748497,0.0029,0.0635,1.0015,0.00,0.00,-0.06,2.15,0.66,51.51
89.748497,0.0024,0.0630,1.0015,0.00,0.00,-0.06,2.15,0.66,51.51
89.777797,0.0020,0.0625,1.0024,0.00,0.00,-0.06,2.15,0.66,51.51
89.777797,0.0020,0.0625,1.0010,0.00,-0.06,-0.06,2.15,0.66,51.51
89.777797,0.0024,0.0625,1.0005,0.00,0.00,-0.06,2.15,0.66,51.51
89.777797,0.0024,0.0630,1.0010,0.00,0.00,-0.06,2.15,0.66,51.51
89.805645,0.0024,0.0630,1.0010,0.00,0.00,0.00,2.15,0.66,51.51
89.805645,0.0015,0.0630,1.0010,0.00,0.00,-0.06,2.15,0.66,51.51
89.805645,0.0015,0.0630,1.0005,0.00,0.00,-0.06,2.15,0.66,51.51
89.805645,0.0015,0.0630,1.0005,0.00,-0.06,0.00,2.15,0.66,51.51
89.866285,0.0020,0.0630,1.0010,0.00,0.00,-0.06,2.15,0.66,51.51
89.866285,0.0020,0.0630,1.0005,0.00,0.00,-0.06,2.15,0.66,51.51
89.866285,0.0020,0.0625,1.0005,0.00,0.00,0.00,2.15,0.66,51.51
89.866285,0.0015,0.0625,1.0010,0.00,0.00,-0.06,2.15,0.66,51.51
89.896300,0.0020,0.0630,1.0010,0.00,0.00,-0.06,2.15,0.66,51.51
89.896300,0.0015,0.0635,1.0020,0.00,0.00,-0.06,2.15,0.66,51.51
89.896300,0.0015,0.0630,1.0024,0.00,0.00,-0.06,2.15,0.66,51.51
89.896300,0.0020,0.0625,1.0020,0.00,0.00,0.00,2.15,0.66,51.51
89.925066,0.0024,0.0620,1.0015,0.06,0.06,0.00,2.15,0.66,51.51
89.925066,0.0015,0.0625,1.0020,0.06,0.06,0.00,2.15,0.66,51.51
89.925066,0.0015,0.0635,1.0010,0.00,0.00,-0.06,2.15,0.66,51.51
89.925066,0.0015,0.0640,1.0010,0.00,0.00,-0.06,2.15,0.66,51.51
89.987905,0.0020,0.0635,1.0005,0.00,0.00,-0.06,2.15,0.66,51.51
89.987905,0.0020,0.0630,1.0015,0.00,0.00,-0.06,2.15,0.66,51.51
89.987905,0.0020,0.0635,1.0010,0.00,0.00,-0.06,2.15,0.66,51.51
89.987905,0.0015,0.0630,1.0005,0.00,0.00,0.00,2.15,0.66,51.51
90.017629,0.0020,0.0635,1.0015,0.00,0.00,-0.06,2.15,0.66,51.51
90.017629,0.0020,0.0630,1.0010,0.00,0.00,-0.06,2.15,0.66,51.51
90.017629,0.0024,0.0635,1.0015,0.00,0.00,-0.06,2.15,0.66,51.51
90.017629,0.0024,0.0630,1.0015,0.00,0.00,-0.06,2.15,0.66,51.51
90.060092,0.0010,0.0625,1.0005,0.00,0.00,-0.06,2.15,0.66,51.51
90.060092,0.0020,0.0625,1.0010,0.00,0.00,-0.06,2.15,0.66,51.51
90.060092,0.0015,0.0630,1.0015,0.00,0.00,0.00,2.15,0.66,51.51
90.060092,0.0015,0.0630,1.0015,0.00,0.00,-0.06,2.15,0.66,51.51
90.105005,0.0020,0.0615,1.0010,0.00,0.00,-0.06,2.15,0.66,51.51
90.105005,0.0015,0.0620,1.0015,0.00,0.00,-0.06,2.15,0.66,51.51
90.105005,0.0020,0.0635,1.0010,0.00,0.00,-0.06,2.15,0.66,51.51
90.105005,0.0020,0.0635,1.0005,0.00,0.00,-0.06,2.15,0.66,51.51
90.134868,0.0024,0.0635,1.0005,0.00,0.00,-0.06,2.15,0.66,51.51
90.134868,0.0024,0.0630,0.9995,0.00,0.00,-0.06,2.15,0.66,51.51
90.134868,0.0020,0.0635,1.0000,0.00,0.00,-0.06,2.15,0.66,51.51
90.134868,0.0020,0.0630,1.0015,0.00,0.00,-0.06,2.15,0.66,51.51
90.166617,0.0015,0.0630,1.0020,0.00,0.00,-0.06,2.15,0.66,51.51
90.166617,0.0024,0.0625,1.0020,0.00,0.00,-0.06,2.15,0.66,51.51
90.166617,0.0024,0.0630,1.0020,0.00,0.00,-0.06,2.15,0.66,51.51
90.166617,0.0015,0.0625,1.0005,0.00,0.00,-0.12,2.15,0.66,51.51
90.226032,0.0015,0.0630,1.0005,0.00,0.00,-0.12,2.15,0.66,51.51
90.226032,0.0015,0.0630,1.0010,0.00,0.00,-0.06,2.15,0.66,51.51
90.226032,0.0015,0.0635,1.0010,0.00,0.00,0.00,2.15,0.66,51.51
90.226032,0.0020,0.0630,1.0005,0.00,0.00,-0.12,2.15,0.66,51.51
90.255027,0.0024,0.0635,1.0020,0.00,0.00,-0.12,2.15,0.66,51.51
90.255027,0.0024,0.0625,1.0020,0.00,0.00,-0.06,2.15,0.66,51.51
90.255027,0.0034,0.0625,1.0010,0.00,0.00,-0.06,2.15,0.66,51.51
90.255027,0.0024,0.0625,1.0005,0.00,0.00,0.00,2.15,0.66,51.51
90.284983,0.0024,0.0625,1.0010,0.00,0.00,-0.06,2.15,0.66,51.51
90.284983,0.0029,0.0630,1.0015,0.00,0.00,0.00,2.15,0.66,51.51
90.284983,0.0029,0.0620,1.0015,0.06,0.00,-0.06,2.15,0.66,51.51
90.284983,0.0020,0.0625,1.0020,0.00,0.00,-0.06,2.15,0.66,51.51
90.346371,0.0015,0.0635,1.0015,0.00,0.00,-0.06,2.15,0.66,51.51
90.346371,0.0015,0.0630,1.0010,0.00,0.00,-0.06,2.15,0.66,51.51
90.346371,0.0020,0.0625,1.0010,0.00,0.00,-0.06,2.15,0.66,51.51
90.346371,0.0015,0.0630,1.0015,0.00,0.00,-0.06,2.15,0.66,51.51
90.375007,0.0010,0.0625,1.0015,0.00,0.00,-0.06,2.15,0.66,51.51
90.375007,0.0024,0.0630,1.0010,0.00,0.00,-0.06,2.15,0.66,51.51
90.375007,0.0015,0.0630,1.0015,0.00,0.00,0.00,2.15,0.66,51.51
90.375007,0.0020,0.0625,1.0010,0.00,0.00,0.00,2.15,0.66,51.51
90.405853,0.0020,0.0625,1.0024,0.00,0.00,-0.06,2.15,0.66,51.51
90.405853,0.0015,0.0630,1.0020,0.00,0.00,0.00,2.15,0.66,51.51
90.405853,0.0010,0.0635,1.0020,0.00,0.00,0.00,2.15,0.66,51.51
90.405853,0.0024,0.0625,1.0015,0.00,0.00,-0.06,2.15,0.66,51.51
90.466573,0.0020,0.0630,1.0005,0.00,0.00,-0.06,2.15,0.66,51.51
90.466573,0.0020,0.0625,1.0000,0.00,0.00,0.00,2.15,0.66,51.51
90.466573,0.0015,0.0630,1.0010,0.00,0.00,0.00,2.15,0.66,51.51
90.466573,0.0020,0.0630,1.0015,0.00,0.00,-0.06,2.15,0.66,51.51
90.495160,0.0020,0.0630,1.0015,0.00,0.00,0.00,2.15,0.66,51.51
90.495160,0.0024,0.0625,1.0005,0.00,0.00,0.00,2.15,0.66,51.51
90.495160,0.0020,0.0630,1.0005,0.00,0.00,0.00,2.15,0.66,51.51
90.495160,0.0015,0.0630,1.0005,0.00,0.00,0.00,2.15,0.66,51.51
90.525841,0.0015,0.0625,1.0010,0.00,0.00,-0.06,2.15,0.66,51.51
90.525841,0.0020,0.0625,1.0005,0.00,0.00,0.00,2.15,0.66,51.51
90.525841,0.0024,0.0625,1.0005,0.00,0.00,0.00,2.15,0.66,51.51
90.525841,0.0020,0.0630,1.0010,0.00,0.00,-0.06,2.15,0.66,51.51
90.585802,0.0015,0.0630,1.0000,0.00,0.00,0.00,2.15,0.66,51.51
90.585802,0.0020,0.0630,1.0000,0.00,0.00,-0.06,2.15,0.66,51.51
90.585802,0.0020,0.0625,1.0015,0.00,0.00,0.00,2.15,0.66,51.51
90.585802,0.0020,0.0620,1.0010,0.00,0.00,0.00,2.15,0.66,51.51
90.615086,0.0024,0.0625,1.0015,0.00,0.00,-0.06,2.15,0.66,51.51
90.615086,0.0024,0.0625,1.0010,0.00,0.00,-0.06,2.15,0.66,51.51
90.615086,0.0029,0.0635,1.0010,0.00,0.00,-0.06,2.15,0.66,51.51
90.615086,0.0020,0.0630,1.0010,0.06,0.00,-0.06,2.15,0.66,51.51
90.647661,0.0020,0.0630,1.0015,0.00,0.00,-0.06,2.15,0.66,51.51
90.647661,0.0020,0.0630,1.0005,0.00,0.00,-0.06,2.15,0.66,51.51
90.647661,0.0005,0.0635,1.0010,0.00,0.00,-0.06,2.15,0.66,51.51
90.647661,0.0010,0.0630,1.0005,0.00,0.00,-0.06,2.15,0.66,51.51
90.706331,0.0010,0.0630,1.0000,0.00,0.00,-0.06,2.15,0.66,51.51
90.706331,0.0020,0.0625,1.0010,0.00,0.00,0.00,2.15,0.66,51.51
90.706331,0.0024,0.0635,1.0005,0.00,0.00,-0.06,2.15,0.66,51.51
90.706331,0.0015,0.0635,1.0005,0.00,0.00,-0.06,2.15,0.66,51.51
90.735729,0.0015,0.0635,1.0005,0.00,0.00,-0.06,2.15,0.66,51.51
90.735729,0.0020,0.0630,1.0000,0.00,0.00,0.00,2.15,0.66,51.51
90.735729,0.0015,0.0635,1.0000,0.00,0.00,-0.06,2.15,0.66,51.51
90.735729,0.0020,0.0630,1.0010,0.00,0.00,-0.06,2.15,0.66,51.51
90.767741,0.0005,0.0630,1.0015,0.00,0.00,-0.06,2.15,0.66,51.51
90.767741,0.0020,0.0635,1.0015,0.00,0.00,-0.06,2.15,0.66,51.51
90.767741,0.0010,0.0635,1.0010,0.00,0.00,0.00,2.15,0.66,51.51
90.767741,0.0020,0.0635,1.0010,0.00,0.00,0.00,2.15,0.66,51.51
90.825806,0.0015,0.0630,1.0020,0.00,0.00,-0.06,2.15,0.66,51.51
90.825806,0.0015,0.0630,1.0015,0.00,0.00,-0.06,2.15,0.66,51.51
90.825806,0.0020,0.0625,1.0005,0.00,0.00,-0.06,2.15,0.66,51.51
90.825806,0.0020,0.0630,1.0005,0.00,0.00,0.00,2.15,0.66,51.51
90.856055,0.0015,0.0625,1.0015,0.00,0.00,0.00,2.15,0.66,51.51
90.856055,0.0024,0.0630,1.0010,0.00,0.00,0.00,2.15,0.66,51.51
90.856055,0.0020,0.0625,1.0010,0.00,0.00,-0.12,2.15,0.66,51.51
90.856055,0.0024,0.0630,1.0010,0.00,0.00,0.00,2.15,0.66,51.51
90.917822,0.0015,0.0625,1.0015,0.00,0.00,0.00,2.15,0.66,51.51
90.917822,0.0020,0.0630,1.0010,0.00,0.00,0.00,2.15,0.66,51.51
90.917822,0.0020,0.0625,1.0010,0.00,0.00,-0.06,2.15,0.66,51.51
90.917822,0.0020,0.0635,1.0005,0.00,0.00,0.00,2.15,0.66,51.51
90.948110,0.0020,0.0625,1.0005,0.00,0.00,0.00,2.15,0.66,51.51
90.948110,0.0024,0.0625,1.0010,0.00,0.00,0.00,2.15,0.66,51.51
90.948110,0.0024,0.0630,1.0015,0.00,0.00,-0.06,2.15,0.66,51.51
90.948110,0.0020,0.0630,1.0015,0.00,0.00,0.00,2.15,0.66,51.51
90.978029,0.0024,0.0625,1.0015,0.00,0.00,0.00,2.15,0.66,51.51
90.978029,0.0020,0.0625,1.0020,0.00,0.00,0.00,2.15,0.66,51.51
90.978029,0.0015,0.0630,1.0015,0.00,0.00,0.00,2.15,0.66,51.51
90.978029,0.0015,0.0640,1.0010,0.00,0.00,0.00,2.15,0.66,51.51
91.035809,0.0015,0.0640,1.0010,0.06,0.00,-0.06,2.15,0.66,51.51
91.035809,0.0020,0.0635,1.0010,0.00,0.00,-0.06,2.15,0.66,51.51
91.035809,0.0015,0.0630,1.0010,0.00,0.00,0.00,2.15,0.66,51.51
91.035809,0.0010,0.0625,1.0010,0.00,0.00,0.00,2.15,0.66,51.51
91.064907,0.0020,0.0625,1.0015,0.00,0.00,0.00,2.15,0.66,51.51
91.064907,0.0020,0.0625,1.0010,0.06,0.00,0.00,2.15,0.66,51.51
91.064907,0.0020,0.0625,1.0005,0.00,0.00,-0.06,2.15,0.66,51.51
91.064907,0.0015,0.0630,1.0010,0.00,0.00,-0.06,2.15,0.66,51.51
91.095041,0.0015,0.0630,1.0000,0.00,0.00,-0.06,2.15,0.66,51.51
91.095041,0.0010,0.0625,1.0005,0.00,0.00,-0.06,2.15,0.66,51.51
91.095041,0.0015,0.0630,1.0005,0.00,0.00,-0.06,2.15,0.66,51.51
91.095041,0.0020,0.0625,1.0010,0.00,0.00,-0.06,2.15,0.66,51.51
91.155862,0.0020,0.0630,1.0015,0.00,0.00,0.00,2.15,0.66,51.51
91.155862,0.0015,0.0625,1.0010,0.00,0.00,0.00,2.15,0.66,51.51
91.155862,0.0020,0.0630,1.0005,0.00,0.00,-0.06,2.15,0.66,51.51
91.155862,0.0020,0.0625,1.0010,0.00,0.00,0.00,2.15,0.66,51.51
91.184837,0.0020,0.0635,1.0010,0.00,0.00,-0.06,2.15,0.66,51.51
91.184837,0.0020,0.0630,1.0015,0.00,0.00,-0.06,2.15,0.66,51.51
91.184837,0.0015,0.0630,1.0015,0.00,0.00,-0.12,2.15,0.66,51.51
91.184837,0.0024,0.0630,1.0015,0.00,0.00,-0.06,2.15,0.66,51.51
91.214964,0.0024,0.0625,1.0010,0.00,0.00,-0.06,2.15,0.66,51.51
91.214964,0.0020,0.0630,1.0005,0.00,0.00,0.00,2.15,0.66,51.51
91.214964,0.0015,0.0635,1.0005,0.00,0.00,0.00,2.15,0.66,51.51
91.214964,0.0010,0.0640,1.0020,0.00,0.00,0.00,2.15,0.66,51.51
91.275624,0.0020,0.0635,1.0010,0.00,0.00,0.00,2.15,0.66,51.51
91.275624,0.0015,0.0630,1.0024,0.00,0.00,-0.06,2.15,0.66,51.51
91.275624,0.0015,0.0625,1.0010,0.00,0.00,-0.06,2.15,0.66,51.51
91.275624,0.0020,0.0635,1.0005,0.00,0.00,-0.06,2.15,0.66,51.51
91.304783,0.0020,0.0635,1.0000,0.00,0.00,-0.06,2.15,0.66,51.51
91.304783,0.0010,0.0630,1.0000,0.00,0.00,-0.06,2.15,0.66,51.51
91.304783,0.0015,0.0625,1.0010,0.00,0.00,0.00,2.15,0.66,51.51
91.304783,0.0020,0.0630,1.0015,0.00,0.00,0.00,2.15,0.66,51.51
91.337566,0.0020,0.0630,1.0005,0.00,0.00,-0.06,2.15,0.66,51.51
91.337566,0.0015,0.0625,1.0010,0.00,0.00,-0.06,2.15,0.66,51.51
91.337566,0.0020,0.0625,1.0015,0.00,0.00,-0.06,2.15,0.66,51.51
91.337566,0.0015,0.0625,1.0010,0.00,0.00,-0.06,2.15,0.66,51.51
91.425942,0.0024,0.0625,1.0005,0.00,0.00,-0.06,2.15,0.66,51.51
91.425942,0.0015,0.0630,1.0015,0.00,0.00,0.00,2.15,0.66,51.51
91.425942,0.0010,0.0630,1.0005,0.00,0.00,0.00,2.15,0.66,51.51
91.425942,0.0020,0.0630,1.0015,0.00,0.00,0.00,2.15,0.66,51.51
91.428408,0.0020,0.0635,1.0010,0.06,0.00,-0.06,2.15,0.66,51.51
91.428408,0.0024,0.0630,1.0015,0.00,0.00,-0.06,2.15,0.66,51.51
91.428408,0.0015,0.0635,1.0015,0.00,0.00,0.00,2.15,0.66,51.51
91.428408,0.0020,0.0630,1.0010,0.00,0.00,-0.06,2.15,0.66,51.51
91.457626,0.0024,0.0635,1.0015,0.00,0.00,-0.06,2.15,0.66,51.51
91.457626,0.0020,0.0630,1.0015,0.00,0.00,-0.06,2.15,0.66,51.51
91.457626,0.0024,0.0630,1.0010,0.00,0.00,0.00,2.15,0.66,51.51
91.457626,0.0024,0.0630,1.0010,0.00,0.00,0.00,2.15,0.66,51.51
91.515857,0.0020,0.0625,1.0015,0.00,0.00,0.00,2.15,0.66,51.51
91.515857,0.0015,0.0620,1.0020,0.00,0.00,-0.06,2.15,0.66,51.51
91.515857,0.0015,0.0620,1.0015,0.00,0.00,-0.06,2.15,0.66,51.51
91.515857,0.0015,0.0625,1.0015,0.00,0.00,-0.06,2.15,0.66,51.51
91.566838,0.0015,0.0640,1.0020,0.00,0.00,-0.12,2.15,0.66,51.51
91.566838,0.0015,0.0635,1.0020,0.06,0.00,-0.12,2.15,0.66,51.51
91.566838,0.0020,0.0640,1.0024,0.00,0.00,-0.06,2.15,0.66,51.51
91.566838,0.0020,0.0630,1.0020,0.00,0.00,-0.06,2.15,0.66,51.51
91.577797,0.0015,0.0625,1.0005,0.00,0.00,0.00,2.15,0.66,51.51
91.577797,0.0020,0.0625,1.0010,0.00,0.00,-0.06,2.15,0.66,51.51
91.577797,0.0015,0.0625,1.0010,0.00,0.00,-0.06,2.15,0.66,51.51
91.577797,0.0015,0.0640,1.0015,-0.06,0.00,-0.06,2.15,0.66,51.51
91.635585,0.0020,0.0630,1.0020,0.00,0.00,0.00,2.15,0.66,51.51
91.635585,0.0024,0.0630,1.0015,0.00,0.00,0.00,2.15,0.66,51.51
91.664893,0.0015,0.0625,1.0010,0.00,0.00,-0.06,2.15,0.66,51.51
91.664893,0.0015,0.0630,1.0015,0.00,0.00,-0.12,2.15,0.66,51.51
91.695430,0.0015,0.0630,1.0015,0.00,0.06,-0.06,2.15,0.66,51.51
91.695430,0.0020,0.0620,1.0015,0.00,0.00,0.00,2.15,0.66,51.51
91.755586,0.0020,0.0625,1.0015,0.00,0.00,-0.06,2.15,0.66,51.51
91.755586,0.0024,0.0635,1.0005,0.00,0.00,0.00,2.15,0.66,51.51
91.785109,0.0024,0.0630,1.0010,0.00,0.00,0.00,2.15,0.66,51.51
91.785109,0.0024,0.0635,1.0015,0.00,0.00,0.00,2.15,0.66,51.51
91.816754,0.0029,0.0630,1.0005,0.00,0.00,0.00,2.15,0.66,51.51
91.816754,0.0024,0.0630,1.0005,0.00,0.00,-0.06,2.15,0.66,51.51
91.877483,0.0020,0.0635,1.0020,0.00,0.00,0.00,2.15,0.66,51.51
91.877483,0.0024,0.0625,1.0020,0.00,0.00,-0.06,2.15,0.66,51.51
91.905953,0.0024,0.0620,1.0015,0.00,0.00,-0.06,2.15,0.66,51.51
91.905953,0.0015,0.0630,1.0015,0.00,0.00,-0.06,2.15,0.66,51.51
91.934689,0.0024,0.0635,1.0005,0.00,0.00,0.00,2.15,0.66,51.51
91.934689,0.0024,0.0630,1.0020,0.00,0.00,-0.06,2.15,0.66,51.51
91.995674,0.0020,0.0630,1.0024,0.00,0.00,-0.06,2.15,0.66,51.51
91.995674,0.0020,0.0635,1.0005,0.00,0.00,-0.06,2.15,0.66,51.51
92.024740,0.0024,0.0630,1.0020,0.00,0.00,-0.06,2.15,0.66,51.51
92.024740,0.0020,0.0630,1.0015,0.00,0.00,-0.06,2.15,0.66,51.51
92.055579,0.0020,0.0630,1.0005,0.00,0.00,0.00,2.15,0.66,51.51
92.055579,0.0010,0.0630,1.0029,0.00,-0.06,0.00,2.15,0.66,51.51
92.114960,0.0024,0.0625,1.0020,0.00,0.00,-0.06,2.15,0.66,51.51
92.114960,0.0024,0.0635,1.0005,0.00,0.00,0.00,2.15,0.66,51.51
92.146383,0.0020,0.0630,1.0024,0.00,0.00,0.00,2.15,0.66,51.51
92.146383,0.0020,0.0635,1.0020,0.00,0.00,0.00,2.15,0.66,51.51
92.174999,0.0010,0.0630,1.0015,0.00,0.00,0.00,2.15,0.66,51.51
92.174999,0.0015,0.0620,1.0020,0.00,0.00,0.00,2.15,0.66,51.51
92.235638,0.0015,0.0630,1.0015,0.00,0.00,0.00,2.15,0.66,51.51
92.235638,0.0024,0.0630,1.0000,0.00,0.00,-0.06,2.15,0.66,51.51
92.264957,0.0015,0.0630,1.0010,0.00,0.00,-0.06,2.15,0.66,51.51
92.264957,0.0010,0.0635,1.0020,0.06,0.00,0.00,2.15,0.66,51.51
92.325562,0.0020,0.0640,1.0015,0.06,0.00,-0.06,2.15,0.66,51.51
92.325562,0.0020,0.0625,1.0010,0.00,0.00,0.00,2.15,0.66,51.51
92.354889,0.0015,0.0635,1.0015,0.00,0.00,-0.06,2.15,0.66,51.51
92.354889,0.0015,0.0635,1.0024,0.00,0.00,-0.06,2.15,0.66,51.51
92.385589,0.0020,0.0625,1.0020,0.00,0.00,-0.06,2.15,0.66,51.51
92.385589,0.0020,0.0630,1.0010,0.00,0.00,-0.06,2.15,0.66,51.51
92.445927,0.0024,0.0630,1.0020,0.00,0.00,-0.06,2.15,0.66,51.51
92.445927,0.0020,0.0625,1.0020,0.06,0.00,0.00,2.15,0.66,51.51
92.476488,0.0020,0.0630,1.0005,0.00,0.00,-0.06,2.15,0.66,51.51
92.476488,0.0010,0.0630,1.0020,0.00,0.00,-0.06,2.15,0.66,51.51
92.504767,0.0020,0.0630,1.0010,0.00,0.00,0.00,2.15,0.66,51.51
92.504767,0.0020,0.0630,1.0024,0.00,0.00,-0.06,2.15,0.66,51.51
92.565687,0.0024,0.0635,1.0005,0.00,0.00,-0.06,2.15,0.66,51.51
92.565687,0.0020,0.0635,1.0020,0.00,0.00,0.00,2.15,0.66,51.51
92.594894,0.0024,0.0640,1.0020,0.00,0.00,-0.06,2.15,0.66,51.51
92.594894,0.0015,0.0635,1.0005,0.00,0.00,-0.06,2.15,0.66,51.51
92.625448,0.0010,0.0640,1.0020,0.06,0.00,-0.06,2.15,0.66,51.51
92.625448,0.0020,0.0630,1.0015,0.00,0.00,0.00,2.15,0.66,51.51
92.685674,0.0020,0.0635,1.0000,0.00,0.00,0.00,2.15,0.66,51.51
92.685674,0.0020,0.0620,1.0015,0.00,0.00,-0.06,2.15,0.66,51.51
92.714834,0.0015,0.0625,1.0015,0.00,0.00,-0.06,2.15,0.66,51.51
92.714834,0.0024,0.0615,1.0024,0.00,0.06,0.00,2.15,0.66,51.51
92.745937,0.0015,0.0630,1.0015,0.00,0.00,0.00,2.15,0.66,51.51
92.745937,0.0010,0.0630,1.0020,0.00,0.00,-0.06,2.15,0.66,51.51
92.805685,0.0020,0.0630,1.0015,0.00,0.00,-0.06,2.15,0.66,51.51
92.805685,0.0020,0.0630,1.0015,0.00,0.00,-0.12,2.15,0.66,51.51
92.840385,0.0015,0.0620,1.0010,0.00,0.00,-0.06,2.15,0.66,51.51
92.840385,0.0029,0.0635,1.0015,0.00,0.00,-0.06,2.15,0.66,51.51
92.865622,0.0024,0.0625,1.0015,0.00,0.00,0.00,2.15,0.66,51.51
92.865622,0.0020,0.0620,1.0015,0.00,0.00,-0.06,2.15,0.66,51.51
92.925894,0.0024,0.0620,1.0020,0.00,0.00,0.00,2.15,0.66,51.51
92.925894,0.0020,0.0635,1.0015,0.06,0.06,-0.06,2.15,0.66,51.51
92.954819,0.0024,0.0635,1.0010,0.00,0.00,0.00,2.15,0.66,51.51
92.954819,0.0015,0.0630,1.0015,0.00,0.00,0.00,2.15,0.66,51.51
92.985620,0.0024,0.0630,1.0020,0.00,0.00,0.00,2.15,0.66,51.51
92.985620,0.0029,0.0635,1.0015,0.00,0.00,-0.06,2.15,0.66,51.51
93.045135,0.0020,0.0630,1.0015,0.00,0.00,0.00,2.15,0.66,51.51
93.045135,0.0024,0.0630,1.0005,0.00,0.00,-0.06,2.15,0.66,51.51
93.077563,0.0020,0.0625,1.0015,0.06,0.00,0.00,2.15,0.66,51.51
93.077563,0.0015,0.0630,1.0005,0.06,0.00,-0.06,2.15,0.66,51.51
93.105552,0.0015,0.0630,1.0020,0.00,0.00,-0.06,2.15,0.66,51.51
93.105552,0.0020,0.0625,1.0015,0.00,0.00,-0.12,2.15,0.66,51.51
93.165695,0.0015,0.0625,1.0024,0.00,0.00,-0.06,2.15,0.66,51.51
93.165695,0.0015,0.0625,1.0010,0.00,0.00,0.00,2.15,0.66,51.51
93.194831,0.0024,0.0630,1.0010,0.06,0.00,0.00,2.15,0.66,51.51
93.194831,0.0015,0.0630,1.0010,0.00,0.00,-0.06,2.15,0.66,51.51
93.225619,0.0024,0.0630,1.0010,0.00,-0.06,0.00,2.15,0.66,51.51
93.225619,0.0015,0.0620,1.0020,0.00,0.00,-0.06,2.15,0.66,51.51
93.285672,0.0020,0.0630,1.0010,0.00,0.00,0.00,2.15,0.66,51.51
93.285672,0.0020,0.0635,1.0010,0.00,0.00,0.00,2.15,0.66,51.51
93.314832,0.0024,0.0635,1.0010,0.00,0.00,-0.06,2.15,0.66,51.51
93.314832,0.0015,0.0640,1.0020,0.00,0.00,-0.06,2.15,0.66,51.51
93.345499,0.0015,0.0625,1.0005,0.00,0.00,-0.06,2.15,0.66,51.51
93.345499,0.0024,0.0630,1.0015,0.00,0.00,0.00,2.15,0.66,51.51
93.404827,0.0020,0.0630,1.0005,0.06,0.00,0.00,2.15,0.66,51.51
93.404827,0.0015,0.0635,1.0015,0.00,0.00,-0.06,2.15,0.66,51.51
93.435677,0.0020,0.0635,1.0024,0.00,0.00,-0.06,2.15,0.66,51.51
93.435677,0.0020,0.0630,1.0020,0.00,0.00,0.00,2.15,0.66,51.51
93.464907,0.0020,0.0625,1.0020,0.00,0.06,0.00,2.15,0.66,51.51
93.464907,0.0020,0.0625,1.0020,0.00,0.00,-0.06,2.15,0.66,51.51
93.525653,0.0024,0.0620,1.0015,0.00,0.00,-0.06,2.15,0.66,51.51
93.525653,0.0024,0.0620,1.0005,0.00,0.00,-0.06,2.15,0.66,51.51
93.554845,0.0015,0.0620,1.0024,0.00,0.00,-0.06,2.15,0.66,51.51
93.554845,0.0029,0.0630,1.0015,0.00,0.00,-0.06,2.15,0.66,51.51
93.585673,0.0024,0.0630,1.0015,0.00,0.00,0.00,2.15,0.66,51.51
93.585673,0.0015,0.0625,1.0010,0.00,0.00,0.00,2.15,0.66,51.51
93.645185,0.0015,0.0630,1.0005,0.00,0.00,0.00,2.15,0.66,51.51
93.645185,0.0020,0.0630,1.0005,0.00,0.00,-0.06,2.15,0.66,51.51
93.675665,0.0005,0.0625,1.0005,0.00,0.00,0.00,2.15,0.66,51.51
93.675665,0.0020,0.0630,1.0015,0.00,0.00,-0.06,2.15,0.66,51.51
93.735698,0.0020,0.0630,1.0015,0.00,0.00,0.00,2.15,0.66,51.51
93.735698,0.0020,0.0635,1.0020,0.00,0.00,-0.06,2.15,0.66,51.51
93.764909,0.0010,0.0630,1.0015,0.00,0.00,0.00,2.15,0.66,51.51
93.764909,0.0024,0.0630,1.0015,0.00,0.00,0.00,2.15,0.66,51.51
93.795647,0.0024,0.0630,1.0020,0.00,0.00,-0.06,2.15,0.66,51.51
93.795647,0.0024,0.0630,1.0015,0.00,0.00,-0.06,2.15,0.66,51.51
93.854898,0.0024,0.0630,1.0020,0.00,0.00,-0.06,2.15,0.66,51.51
93.854898,0.0020,0.0630,1.0015,0.00,0.00,-0.06,2.15,0.66,51.51
93.889447,0.0024,0.0620,1.0005,0.00,0.00,0.00,2.15,0.66,51.51
93.889447,0.0020,0.0635,1.0010,0.00,0.00,-0.06,2.15,0.66,51.51
93.914914,0.0020,0.0635,1.0020,0.00,0.00,0.00,2.15,0.66,51.51
93.914914,0.0020,0.0625,1.0020,0.00,0.00,-0.06,2.15,0.66,51.51
93.975812,0.0020,0.0635,1.0015,0.00,0.00,0.00,2.15,0.66,51.51
93.975812,0.0020,0.0630,1.0020,0.00,0.00,0.00,2.15,0.66,51.51
94.004850,0.0024,0.0630,1.0010,0.00,0.00,-0.06,2.15,0.66,51.51
94.004850,0.0020,0.0630,1.0020,0.06,0.00,0.00,2.15,0.66,51.51
94.035607,0.0015,0.0625,1.0020,0.06,0.00,0.00,2.15,0.66,51.51
94.035607,0.0024,0.0625,1.0005,0.00,0.00,0.00,2.15,0.66,51.51
94.094905,0.0015,0.0625,1.0005,0.00,0.00,-0.06,2.15,0.66,51.51
94.094905,0.0020,0.0630,1.0010,0.00,0.00,-0.06,2.15,0.66,51.51
94.125720,0.0020,0.0630,1.0015,0.00,0.00,-0.06,2.15,0.66,51.51
94.125720,0.0024,0.0630,1.0015,0.00,0.00,0.00,2.15,0.66,51.51
94.154911,0.0020,0.0630,1.0010,0.00,0.00,-0.06,2.15,0.66,51.51
94.154911,0.0010,0.0630,1.0020,0.00,0.00,-0.06,2.15,0.66,51.51
94.215655,0.0015,0.0625,1.0020,0.00,0.00,0.00,2.15,0.66,51.51
94.215655,0.0010,0.0635,1.0015,0.00,0.00,0.00,2.15,0.66,51.51
94.245938,0.0020,0.0630,1.0020,0.00,0.00,-0.06,2.15,0.66,51.51
94.245938,0.0024,0.0630,1.0015,0.00,0.00,-0.06,2.15,0.66,51.51
94.275015,0.0020,0.0625,1.0010,0.00,0.00,0.00,2.15,0.66,51.51
94.275015,0.0015,0.0620,1.0010,0.00,0.00,-0.06,2.15,0.66,51.51
94.335716,0.0024,0.0625,1.0015,0.00,0.00,-0.06,2.15,0.66,51.51
94.335716,0.0020,0.0625,1.0005,0.06,0.00,-0.06,2.15,0.66,51.51
94.365718,0.0020,0.0630,1.0015,0.00,0.00,0.00,2.15,0.66,51.51
94.365718,0.0024,0.0620,1.0015,0.00,0.00,-0.06,2.15,0.66,51.51
94.394893,0.0020,0.0630,1.0020,0.00,0.00,-0.06,2.15,0.66,51.51
94.394893,0.0020,0.0630,1.0020,0.06,0.00,-0.06,2.15,0.66,51.51
94.455706,0.0020,0.0630,1.0015,0.00,0.00,-0.06,2.15,0.66,51.51
94.455706,0.0015,0.0635,1.0015,0.00,0.00,0.00,2.15,0.66,51.51
94.484952,0.0024,0.0630,1.0015,0.00,0.00,-0.06,2.15,0.66,51.51
94.484952,0.0020,0.0630,1.0015,0.00,0.00,0.00,2.15,0.66,51.51
94.515634,0.0024,0.0625,1.0015,0.00,0.06,0.00,2.15,0.66,51.51
94.515634,0.0024,0.0625,1.0020,0.00,0.00,-0.06,2.15,0.66,51.51
94.576105,0.0020,0.0630,1.0024,0.00,0.00,0.00,2.15,0.66,51.51
94.576105,0.0020,0.0635,1.0024,0.00,0.00,0.00,2.15,0.66,51.51
94.604903,0.0024,0.0625,1.0020,0.00,0.00,0.00,2.15,0.66,51.51
94.604903,0.0015,0.0625,1.0020,0.06,0.00,-0.06,2.15,0.66,51.51
94.635631,0.0015,0.0635,1.0015,0.00,0.00,0.00,2.15,0.66,51.51
94.635631,0.0015,0.0630,1.0005,0.00,0.00,-0.06,2.15,0.66,51.51
94.695270,0.0020,0.0630,1.0010,0.00,0.00,-0.06,2.15,0.66,51.51
94.695270,0.0020,0.0625,1.0005,0.00,0.00,0.00,2.15,0.66,51.51
94.726094,0.0029,0.0630,1.0010,0.00,0.00,0.00,2.15,0.66,51.51
94.726094,0.0020,0.0635,1.0020,0.00,0.00,-0.06,2.15,0.66,51.51
94.754951,0.0024,0.0625,1.0015,0.00,0.00,0.00,2.15,0.66,51.51
94.754951,0.0015,0.0635,1.0005,0.00,0.00,0.00,2.15,0.66,51.51
94.815728,0.0010,0.0635,1.0010,0.00,0.00,-0.06,2.15,0.66,51.51
94.815728,0.0020,0.0630,1.0015,0.00,0.00,0.00,2.15,0.66,51.51
94.845664,0.0020,0.0630,1.0015,0.00,0.00,-0.06,2.15,0.66,51.51
94.845664,0.0024,0.0630,1.0010,0.00,0.00,-0.06,2.15,0.66,51.51
94.874903,0.0015,0.0630,1.0015,0.00,0.00,-0.12,2.15,0.66,51.51
94.874903,0.0024,0.0625,1.0020,0.00,0.00,-0.06,2.15,0.66,51.51
94.935714,0.0015,0.0625,1.0015,0.00,0.06,0.00,2.15,0.66,51.51
94.935714,0.0010,0.0630,1.0015,0.00,0.00,-0.06,2.15,0.66,51.51
94.964952,0.0020,0.0630,1.0015,0.00,0.00,-0.06,2.15,0.66,51.51
94.964952,0.0020,0.0630,1.0020,0.00,0.00,0.00,2.15,0.66,51.51
94.995878,0.0020,0.0635,1.0024,0.00,0.00,0.00,2.15,0.66,51.51
94.995878,0.0015,0.0635,1.0015,0.00,0.00,-0.06,2.15,0.66,51.51
95.055714,0.0020,0.0635,1.0020,0.00,-0.06,0.00,2.15,0.66,51.51
95.055714,0.0020,0.0630,1.0015,0.00,0.00,0.00,2.15,0.66,51.51
95.084874,0.0029,0.0620,1.0010,0.00,0.00,-0.06,2.15,0.66,51.51
95.084874,0.0020,0.0635,1.0015,0.00,0.00,-0.06,2.15,0.66,51.51
95.146221,0.0005,0.0635,1.0020,0.00,0.00,0.00,2.15,0.66,51.51
95.146221,0.0029,0.0630,1.0005,0.00,0.00,-0.12,2.15,0.66,51.51
95.174855,0.0015,0.0635,1.0020,0.00,0.00,-0.06,2.15,0.66,51.51
95.174855,0.0015,0.0625,1.0024,0.00,0.00,0.00,2.15,0.66,51.51
95.205633,0.0024,0.0630,1.0015,0.00,0.00,-0.06,2.15,0.66,51.51
95.205633,0.0015,0.0630,1.0020,0.00,0.00,-0.06,2.15,0.66,51.51
95.265761,0.0015,0.0630,1.0010,0.00,0.00,-0.06,2.15,0.66,51.51
95.265761,0.0024,0.0625,1.0010,0.00,0.00,-0.06,2.15,0.66,51.51
95.295829,0.0024,0.0625,1.0000,0.00,0.00,0.00,2.15,0.66,51.51
95.295829,0.0020,0.0630,1.0020,0.00,0.00,-0.06,2.15,0.66,51.51
95.324870,0.0020,0.0635,1.0015,0.00,0.00,0.00,2.15,0.66,51.51
95.324870,0.0020,0.0630,1.0005,0.00,0.00,0.00,2.15,0.66,51.51
95.384928,0.0015,0.0630,1.0010,0.00,0.00,-0.06,2.15,0.66,51.51
95.384928,0.0020,0.0630,1.0015,0.00,0.00,0.00,2.15,0.66,51.51
95.415650,0.0020,0.0630,1.0010,0.00,0.00,-0.06,2.15,0.66,51.51
95.415650,0.0029,0.0635,1.0010,0.00,0.00,0.00,2.15,0.66,51.51
95.445517,0.0024,0.0635,1.0020,-0.06,0.00,-0.06,2.15,0.66,51.51
95.445517,0.0020,0.0635,1.0015,0.00,0.00,-0.12,2.15,0.66,51.51
95.505001,0.0020,0.0635,0.9995,0.00,0.00,0.00,2.15,0.66,51.51
95.505001,0.0015,0.0630,1.0010,0.00,0.00,0.00,2.15,0.66,51.51
95.534927,0.0015,0.0625,1.0010,0.00,0.00,-0.06,2.15,0.66,51.51
95.534927,0.0020,0.0630,1.0010,0.00,0.00,0.00,2.15,0.66,51.51
95.564984,0.0015,0.0630,1.0005,0.00,0.00,-0.06,2.15,0.66,51.51
95.564984,0.0015,0.0630,1.0015,0.00,0.00,-0.06,2.15,0.66,51.51
95.625797,0.0020,0.0630,1.0015,0.00,0.00,-0.06,2.15,0.66,51.51
95.625797,0.0020,0.0630,1.0010,0.00,0.00,-0.06,2.15,0.66,51.51
95.656108,0.0015,0.0630,1.0010,0.00,0.00,0.00,2.15,0.66,51.51
95.656108,0.0024,0.0625,1.0015,0.00,0.00,-0.06,2.15,0.66,51.51
95.684970,0.0015,0.0630,1.0015,0.00,0.00,-0.06,2.15,0.66,51.51
95.684970,0.0015,0.0635,1.0010,0.00,-0.06,-0.06,2.15,0.66,51.51
95.746503,0.0024,0.0635,1.0005,0.00,0.00,-0.06,2.15,0.66,51.51
95.746503,0.0015,0.0635,1.0015,0.00,0.00,0.00,2.15,0.66,51.51
95.775456,0.0015,0.0630,1.0015,0.00,0.00,0.00,2.15,0.66,51.51
95.775456,0.0015,0.0635,1.0015,0.00,0.00,0.00,2.15,0.66,51.51
95.805749,0.0020,0.0630,1.0005,0.00,0.00,0.00,2.15,0.66,51.51
95.805749,0.0020,0.0630,1.0005,0.00,0.00,-0.06,2.15,0.66,51.51
95.865726,0.0015,0.0630,1.0015,0.00,0.00,-0.06,2.15,0.66,51.51
95.865726,0.0015,0.0640,1.0020,0.00,0.00,0.00,2.15,0.66,51.51
95.894997,0.0024,0.0640,1.0000,0.00,0.00,-0.12,2.15,0.66,51.51
95.894997,0.0020,0.0625,1.0010,0.00,0.00,-0.06,2.15,0.66,51.51
95.937754,0.0020,0.0630,1.0010,0.00,0.00,0.00,2.15,0.66,51.51
95.937754,0.0020,0.0625,1.0010,0.00,0.00,0.00,2.15,0.66,51.51
95.987340,0.0020,0.0625,1.0020,0.00,0.00,-0.06,2.15,0.66,51.51
95.987340,0.0015,0.0625,1.0010,0.00,0.00,-0.06,2.15,0.66,51.51
96.017034,0.0005,0.0630,1.0015,0.00,0.00,-0.06,2.15,0.66,51.51
96.017034,0.0010,0.0625,1.0015,0.00,0.00,0.00,2.15,0.66,51.51
96.047987,0.0024,0.0625,1.0020,0.00,0.00,0.00,2.15,0.66,51.51
96.047987,0.0015,0.0635,1.0010,0.00,0.00,-0.12,2.15,0.66,51.51
96.106111,0.0020,0.0625,1.0010,0.00,0.00,0.00,2.15,0.66,51.51
96.106111,0.0024,0.0630,1.0015,0.00,0.00,0.00,2.15,0.66,51.51
96.135017,0.0020,0.0625,1.0020,0.00,0.00,-0.06,2.15,0.66,51.51
96.135017,0.0015,0.0630,1.0010,0.06,0.00,0.00,2.15,0.66,51.51
96.165804,0.0015,0.0630,1.0015,0.00,0.00,0.00,2.15,0.66,51.51
96.165804,0.0024,0.0635,1.0015,0.00,0.00,0.00,2.15,0.66,51.51
96.225799,0.0015,0.0630,1.0015,0.00,0.00,0.00,2.15,0.66,51.51
96.225799,0.0020,0.0635,1.0010,0.00,0.00,-0.12,2.15,0.66,51.51
96.255148,0.0029,0.0640,1.0015,0.00,0.00,-0.06,2.15,0.66,51.51
96.255148,0.0020,0.0635,1.0015,0.00,0.00,-0.06,2.15,0.66,51.51
96.285638,0.0015,0.0625,1.0015,0.00,0.00,0.00,2.15,0.66,51.51
96.285638,0.0024,0.0625,1.0020,0.00,0.00,-0.06,2.15,0.66,51.51
96.346409,0.0029,0.0630,1.0015,0.00,0.00,0.00,2.15,0.66,51.51
96.346409,0.0015,0.0635,1.0010,0.00,0.00,0.00,2.15,0.66,51.51
96.374887,0.0020,0.0630,1.0015,0.00,0.00,0.00,2.15,0.66,51.51
96.374887,0.0010,0.0625,1.0020,0.00,0.00,-0.06,2.15,0.66,51.51
96.405701,0.0015,0.0630,1.0015,0.00,0.00,-0.06,2.15,0.66,51.51
96.405701,0.0020,0.0635,1.0020,0.00,0.00,0.00,2.15,0.66,51.51
96.465764,0.0015,0.0630,1.0010,0.00,0.00,-0.12,2.15,0.66,51.51
96.465764,0.0015,0.0630,1.0005,0.00,0.00,0.00,2.15,0.66,51.51
96.494996,0.0020,0.0635,1.0015,0.06,0.00,-0.06,2.15,0.66,51.51
96.494996,0.0034,0.0625,1.0020,0.00,0.00,0.00,2.15,0.66,51.51
96.555892,0.0010,0.0625,1.0015,0.00,0.00,0.00,2.15,0.66,51.51
96.555892,0.0020,0.0630,1.0015,0.00,0.00,0.00,2.15,0.66,51.51
96.585025,0.0020,0.0635,1.0020,0.00,0.00,-0.06,2.15,0.66,51.51
96.585025,0.0029,0.0630,1.0010,0.00,0.00,-0.06,2.15,0.66,51.51
96.614950,0.0024,0.0640,1.0010,0.00,0.00,-0.06,2.15,0.66,51.51
96.614950,0.0020,0.0635,1.0010,0.00,0.00,-0.12,2.15,0.66,51.51
96.675908,0.0024,0.0625,1.0015,0.00,0.00,-0.06,2.15,0.66,51.51
96.675908,0.0024,0.0630,1.0015,0.00,0.00,-0.06,2.15,0.66,51.51
96.704964,0.0024,0.0625,1.0015,0.00,0.00,0.00,2.15,0.66,51.51
96.704964,0.0020,0.0630,1.0015,0.00,0.00,-0.06,2.15,0.66,51.51
96.734957,0.0015,0.0635,1.0020,0.00,0.00,-0.06,2.15,0.66,51.51
96.734957,0.0024,0.0635,1.0015,0.00,0.00,0.00,2.15,0.66,51.51
96.795735,0.0029,0.0635,1.0010,0.00,0.00,0.00,2.15,0.66,51.51
96.795735,0.0020,0.0635,1.0020,0.00,0.00,0.00,2.15,0.66,51.51
96.825000,0.0015,0.0615,1.0020,-0.06,0.00,0.00,2.15,0.66,51.51
96.825000,0.0020,0.0635,1.0015,0.00,0.00,0.00,2.15,0.66,51.51
96.855761,0.0020,0.0625,1.0024,-0.06,0.00,0.00,2.15,0.66,51.51
96.855761,0.0024,0.0620,1.0020,0.00,0.00,0.00,2.15,0.66,51.51
96.915711,0.0020,0.0625,1.0015,0.00,0.00,0.00,2.15,0.66,51.51
96.915711,0.0024,0.0620,1.0010,0.00,0.00,-0.06,2.15,0.66,51.51
96.952791,0.0010,0.0630,1.0005,0.06,0.00,0.00,2.15,0.66,51.51
96.952791,0.0015,0.0635,1.0020,0.06,0.00,-0.06,2.15,0.66,51.51
96.975018,0.0015,0.0635,1.0010,0.12,0.00,-0.06,2.15,0.66,51.51
96.975018,0.0005,0.0625,1.0015,0.00,0.00,-0.06,2.15,0.66,51.51
97.035762,0.0015,0.0640,1.0010,0.00,0.00,-0.06,2.15,0.66,51.51
97.035762,0.0010,0.0620,1.0010,0.06,-0.06,-0.06,2.15,0.66,51.51
97.065035,0.0024,0.0640,1.0010,0.06,0.00,0.00,2.15,0.66,51.51
97.065035,0.0024,0.0635,1.0015,0.12,0.00,0.00,2.15,0.66,51.51
97.095788,0.0020,0.0640,1.0015,0.06,0.00,-0.06,2.15,0.66,51.51
97.095788,0.0010,0.0635,1.0015,0.06,-0.06,-0.06,2.15,0.66,51.51
97.155034,0.0015,0.0645,1.0024,0.00,0.00,-0.06,2.15,0.66,51.51
97.155034,0.0020,0.0635,1.0024,0.00,0.00,0.00,2.15,0.66,51.51
97.185079,0.0020,0.0630,1.0020,-0.06,0.00,0.00,2.15,0.66,51.51
97.185079,0.0024,0.0620,1.0020,0.00,-0.06,0.00,2.15,0.66,51.51
97.214982,0.0020,0.0625,1.0024,0.06,0.00,-0.06,2.15,0.66,51.51
97.214982,-0.0010,0.0596,0.9873,0.06,0.55,-0.12,2.15,0.66,51.51
97.275856,-0.0029,0.0605,0.9897,-0.98,0.00,-0.18,2.15,0.66,51.51
97.275856,0.0054,0.0688,0.9951,0.06,0.06,0.00,2.15,0.66,51.51
97.304966,-0.0020,0.0610,0.9961,0.55,0.31,0.00,2.15,0.66,51.51
97.304966,0.0044,0.0518,1.0161,1.34,0.18,-0.49,2.15,0.66,51.51
97.335070,0.0142,0.0757,0.9917,-1.59,-0.06,-0.12,2.15,0.66,51.51
97.335070,-0.0010,0.0601,1.0015,0.49,-0.67,-0.06,2.15,0.66,51.51
97.395787,-0.0010,0.0610,1.0029,-0.49,0.12,-0.06,2.15,0.66,51.51
97.395787,0.0015,0.0669,0.9980,0.00,0.18,0.00,2.15,0.66,51.51
97.424955,0.0020,0.0645,0.9956,0.55,0.00,-0.06,2.15,0.66,51.51
97.424955,0.0005,0.0640,1.0024,-0.67,0.00,0.00,2.15,0.66,51.51
97.455757,0.0000,0.0610,0.9990,-0.24,0.06,-0.06,2.15,0.66,51.51
97.455757,0.0000,0.0654,0.9956,0.61,0.06,-0.06,2.15,0.66,51.51
97.516477,0.0112,0.0317,0.9678,0.55,0.85,-0.37,2.15,0.66,51.51
97.516477,0.0098,0.0840,0.9072,-5.37,-1.04,0.37,2.15,0.64,51.52
97.545569,-0.0220,0.0728,0.9780,-0.43,-1.04,0.24,2.15,0.65,51.53
97.545569,0.0122,0.0674,1.0098,1.53,0.37,0.24,2.15,0.66,51.52
97.575136,0.0103,0.0576,0.9702,-0.43,-0.24,-0.31,2.14,0.65,51.52
97.575136,-0.0039,0.0713,1.0112,0.12,-0.79,-0.18,2.16,0.65,51.52
97.635828,-0.0068,0.0581,0.9990,-0.73,0.43,-0.12,2.14,0.65,51.53
97.635828,0.0034,0.0698,1.0015,0.37,0.00,0.00,2.15,0.65,51.52
97.665058,-0.0024,0.0654,1.0015,0.43,0.00,0.06,2.16,0.65,51.52
97.665058,0.0015,0.0635,1.0005,0.12,0.18,0.00,2.15,0.65,51.52
97.695014,0.0044,0.0620,0.9990,-0.24,0.12,-0.06,2.15,0.65,51.52
97.695014,0.0039,0.0635,1.0000,0.31,-0.12,0.00,2.15,0.65,51.52
97.755075,0.0024,0.0635,1.0000,0.00,0.00,0.00,2.15,0.65,51.52
97.755075,0.0029,0.0640,1.0005,-0.18,0.00,0.00,2.15,0.65,51.52
97.784984,0.0020,0.0635,1.0015,0.12,0.00,-0.06,2.15,0.65,51.52
97.784984,0.0029,0.0635,1.0024,0.18,0.00,-0.06,2.15,0.65,51.52
97.815013,0.0034,0.0635,1.0020,0.00,0.00,0.00,2.15,0.65,51.52
97.815013,0.0034,0.0625,1.0034,-0.31,0.06,0.00,2.15,0.65,51.52
97.875086,0.0029,0.0610,1.0024,0.00,0.00,-0.06,2.15,0.65,51.52
97.875086,0.0029,0.0620,1.0034,0.12,0.00,-0.06,2.15,0.65,51.52
97.906064,0.0024,0.0620,1.0005,0.12,0.06,-0.18,2.15,0.65,51.52
97.906064,-0.0073,0.0249,1.0190,12.15,-2.62,0.00,2.23,0.63,51.51
97.965053,-0.0044,0.1143,0.9551,5.49,-7.75,-4.58,2.47,0.58,51.49
97.965053,0.0464,0.0259,0.9697,15.62,2.44,-9.95,2.57,0.46,51.27
98.005770,-0.0132,0.1035,0.9639,4.88,-5.43,-7.26,2.85,0.43,51.10
98.005770,-0.0024,0.0723,1.0000,8.91,-1.95,-1.59,2.96,0.38,51.02
98.025030,0.0688,0.0234,0.9771,-16.42,-4.76,-8.24,2.77,0.20,50.90
98.025030,-0.0088,0.1416,1.0088,7.32,4.82,-7.87,2.81,0.29,50.72
98.085063,0.0107,0.1079,0.9917,2.87,1.53,-2.75,2.85,0.34,50.66
98.085063,0.0068,0.1602,1.0107,8.24,4.94,-11.17,2.98,0.42,50.51
98.115100,-0.0537,0.2695,1.0283,3.97,-0.85,-2.50,3.13,0.49,50.34
98.115100,-0.0527,-0.0171,0.9751,1.89,-6.71,10.38,3.18,0.37,50.46
98.145333,0.0288,-0.0469,1.0098,1.16,-7.02,12.02,3.15,0.21,50.70
98.145333,0.0840,-0.0293,0.9873,-1.53,0.43,-1.53,3.13,0.13,50.81
98.204860,0.0259,0.0459,1.0181,1.40,1.28,-4.94,3.13,0.18,50.72
98.204860,0.0176,0.0732,1.0020,1.77,4.15,-3.85,3.18,0.24,50.64
98.234838,0.0273,0.0610,1.0269,7.51,0.73,-6.23,3.27,0.29,50.56
98.234838,0.0234,0.0918,0.9922,9.28,-0.49,-16.66,3.46,0.31,50.32
98.265066,-0.0239,0.0923,1.0000,7.32,-3.48,-17.33,3.63,0.30,49.95
98.265066,-0.0054,0.0762,1.0107,5.74,-5.19,-14.71,3.75,0.24,49.64
98.325079,0.0151,0.0757,1.0176,9.46,-4.64,-14.22,3.91,0.16,49.34
98.325079,0.0410,0.0708,1.0146,14.16,-0.49,-17.33,4.16,0.14,49.02
98.355055,0.0649,0.0957,1.0586,17.40,-2.87,-16.66,4.47,0.16,48.67
98.355055,0.0957,0.2280,1.1572,20.08,-14.59,-12.27,4.87,0.02,48.37
98.385074,0.0332,0.2178,1.1436,17.58,-12.21,-14.16,5.25,-0.26,48.09
98.385074,-0.0474,0.1816,1.0869,10.50,10.68,-25.45,5.55,-0.24,47.70
98.445243,-0.0293,0.1880,1.1035,2.01,25.57,-30.64,5.66,0.25,47.16
98.445243,0.0264,0.1528,1.0742,-2.69,17.88,-22.95,5.66,0.76,46.69
98.475025,0.0303,0.1772,1.0684,-10.13,8.00,-19.35,5.53,1.04,46.31
98.475025,-0.0107,0.1929,1.0889,-13.37,7.51,-21.00,5.28,1.23,45.93
98.505038,-0.0454,0.1943,1.0752,-13.24,16.05,-25.88,5.00,1.52,45.49
98.505038,-0.0601,0.1689,1.0361,-12.39,26.61,-29.11,4.74,2.02,44.99
98.565419,-0.0381,0.1050,0.9600,-14.83,32.47,-31.31,4.47,2.68,44.45
98.565419,-0.0181,0.0679,0.9258,-22.71,27.04,-29.17,4.06,3.35,43.90
98.595123,-0.0278,0.1279,0.9824,-20.45,15.62,-23.86,3.59,3.81,43.42
98.595123,-0.0552,0.0903,0.9556,-18.07,14.59,-22.77,3.19,4.13,42.99
98.625085,-0.0381,0.0103,0.8843,-23.74,20.94,-27.10,2.75,4.53,42.52
98.625085,-0.0190,0.0303,0.8984,-27.59,20.63,-29.30,2.18,5.00,41.97
98.685028,-0.0229,0.0684,0.9521,-20.81,10.44,-26.43,1.65,5.35,41.43
98.685028,-0.0752,0.0396,0.9429,-11.78,0.00,-19.65,1.29,5.46,40.98
98.715053,-0.1152,-0.0288,0.8931,-13.24,1.16,-17.64,1.03,5.47,40.62
98.715053,-0.1255,0.0088,0.9585,-19.41,7.57,-20.26,0.66,5.58,40.24
98.745369,-0.1162,0.0337,1.0415,-18.68,7.45,-18.86,0.23,5.76,39.85
98.745369,-0.1089,0.0356,1.0786,-14.65,3.42,-16.48,-0.12,5.87,39.51
98.806177,-0.1113,-0.0083,1.0889,-17.03,3.42,-18.62,-0.47,5.94,39.16
98.806177,-0.1025,0.0117,1.1738,-22.46,3.48,-21.67,-0.91,6.02,38.75
98.835043,-0.0913,0.0601,1.3086,-18.62,-2.20,-23.38,-1.38,6.04,38.29
98.835043,-0.1348,0.0405,1.3560,-11.11,-8.18,-22.46,-1.70,5.92,37.83
98.865105,-0.1304,0.0459,1.3564,-11.23,-5.07,-26.79,-1.96,5.78,37.35
98.865105,-0.1177,0.0620,1.3955,-8.42,-7.75,-30.94,-2.21,5.66,36.75
98.925072,-0.1426,-0.0049,1.3442,-3.72,-17.58,-29.97,-2.37,5.39,36.15
98.925072,-0.2007,-0.0371,1.2842,-4.64,-19.78,-28.81,-2.50,4.99,35.57
98.955088,-0.2373,-0.0449,1.2173,-10.25,-7.75,-35.71,-2.69,4.67,34.95
98.955088,-0.3296,-0.0210,1.2334,-18.07,18.80,-40.65,-3.04,4.78,34.14
98.985100,-0.2842,0.0659,1.3047,-4.70,31.43,-28.02,-3.34,5.30,33.44
98.985100,-0.1494,0.0474,1.2476,8.54,36.74,-25.94,-3.32,5.98,32.90
99.045566,-0.0830,-0.0562,1.1348,11.84,30.46,-24.90,-3.15,6.66,32.35
99.045566,-0.0425,-0.0977,1.0654,13.49,9.16,-15.44,-2.93,7.04,31.95
99.076143,-0.1035,-0.0620,1.0654,12.15,0.43,-12.27,-2.71,7.09,31.68
99.076143,-0.1304,-0.0366,1.0703,9.64,5.86,-14.53,-2.52,7.14,31.41
99.106137,-0.1318,-0.0293,1.0674,8.30,6.84,-13.79,-2.38,7.28,31.11
99.106137,-0.1016,0.0078,1.0840,10.50,2.14,-11.60,-2.22,7.37,30.86
99.165137,-0.0679,-0.0112,1.0601,12.33,-4.33,-10.74,-2.02,7.34,30.64
99.165137,-0.0942,-0.0068,1.0703,17.21,-10.25,-7.14,-1.74,7.19,30.45
99.195252,-0.1074,-0.0625,1.0269,20.26,-8.73,-2.20,-1.37,6.98,30.37
99.195252,-0.0869,-0.0747,0.9863,16.72,1.22,-1.10,-1.00,6.90,30.34
99.225065,-0.0396,-0.0483,0.9619,13.31,8.18,-0.37,-0.70,7.01,30.33
99.225065,0.0107,0.0254,0.9844,12.88,7.93,-1.65,-0.45,7.19,30.32
99.285163,0.0293,0.0430,0.9849,15.81,0.24,-3.23,-0.17,7.28,30.27
99.285163,0.0122,-0.0098,0.9282,18.19,-12.94,-1.65,0.17,7.15,30.22
99.315182,-0.0400,-0.0415,0.8818,15.50,-21.30,0.31,0.51,6.79,30.20
99.315182,-0.1099,-0.0645,0.8691,10.74,-21.36,2.87,0.77,6.35,30.21
99.375106,-0.1216,-0.0220,0.8789,5.86,-16.66,5.19,0.94,5.97,30.29
99.375106,-0.1089,0.0610,0.9312,6.77,-11.90,6.23,1.06,5.68,30.39
99.406151,-0.0879,0.0684,0.9209,10.68,-5.92,5.98,1.25,5.49,30.51
99.406151,-0.0923,0.0308,0.8882,12.51,-3.05,7.45,1.49,5.41,30.64
99.434790,-0.1016,-0.0220,0.8247,10.31,0.12,10.80,1.75,5.37,30.82
99.434790,-0.1094,-0.0088,0.8232,6.65,5.62,15.14,1.93,5.41,31.09
99.495519,-0.0703,0.0454,0.8682,6.77,9.52,15.62,2.08,5.56,31.42
99.495519,-0.0806,0.0498,0.8896,9.09,10.19,16.85,2.27,5.74,31.75
99.525098,-0.0518,0.0557,0.8804,11.66,10.31,16.60,2.52,5.92,32.11
99.525098,-0.0151,0.0317,0.8472,12.15,7.08,14.53,2.79,6.08,32.44
99.555121,0.0000,0.0225,0.8188,11.60,-0.24,14.16,3.05,6.12,32.73
99.555121,-0.0386,0.0225,0.8184,11.54,-6.53,16.30,3.31,6.02,33.03
99.615119,-0.0361,0.0190,0.7817,8.00,-5.80,14.16,3.54,5.86,33.34
99.615119,-0.0464,0.0347,0.7856,2.20,-3.78,9.89,3.66,5.75,33.56
99.645372,-0.0791,0.0664,0.8120,0.06,-2.69,10.68,3.69,5.66,33.76
99.645372,-0.0913,0.0913,0.8271,0.06,0.92,11.66,3.71,5.62,33.99
99.675087,-0.0776,0.0938,0.8335,-0.49,5.86,10.50,3.72,5.67,34.22
99.675087,-0.0854,0.0923,0.8525,0.85,8.12,11.41,3.74,5.80,34.45
99.735155,-0.0571,0.0869,0.8428,3.23,8.36,11.72,3.81,5.95,34.70
99.735155,-0.0420,0.0781,0.8091,4.21,4.82,9.34,3.91,6.06,34.93
99.765171,-0.0518,0.0566,0.7837,-0.73,3.60,5.07,3.96,6.12,35.08
99.765171,-0.0972,0.0640,0.8130,-5.62,3.72,3.54,3.89,6.19,35.17
99.795237,-0.0850,0.0850,0.8271,-8.48,3.66,2.81,3.76,6.26,35.24
99.795237,-0.0928,0.1006,0.8569,-9.09,1.16,2.50,3.58,6.31,35.30
99.855109,-0.1113,0.0825,0.8770,-9.70,1.46,1.46,3.39,6.32,35.35
99.855109,-0.1182,0.0981,0.9058,-9.09,4.58,-0.31,3.21,6.38,35.36
99.885097,-0.1206,0.1250,0.9165,-4.64,5.62,-0.55,3.07,6.49,35.36
99.885097,-0.1162,0.1177,0.8779,-1.22,7.63,-2.14,3.01,6.62,35.35
99.915071,-0.1016,0.0835,0.8408,-1.89,8.54,-5.37,2.98,6.80,35.28
99.915071,-0.1035,0.0654,0.8252,-3.91,3.72,-3.91,2.91,6.94,35.19
99.975141,-0.1045,0.0444,0.8071,-8.36,-1.04,-2.81,2.79,6.95,35.14
99.975141,-0.1050,0.0488,0.8242,-14.83,-1.53,-5.62,2.54,6.93,35.05
100.005177,-0.1147,0.0688,0.8589,-17.27,-2.99,-6.35,2.19,6.90,34.93
100.005177,-0.1060,0.0957,0.8804,-16.36,-5.25,-6.29,1.83,6.82,34.79
100.042855,-0.1055,0.1040,0.8848,-13.67,-7.14,-7.69,1.52,6.70,34.65
100.042855,-0.1167,0.0840,0.8760,-11.29,-9.70,-8.42,1.26,6.54,34.48
100.094957,-0.1309,0.0640,0.8643,-10.62,-12.02,-7.75,1.02,6.33,34.30
100.094957,-0.1328,0.0684,0.8623,-11.47,-12.76,-7.69,0.78,6.09,34.14
100.125168,-0.1387,0.0615,0.8574,-11.66,-12.82,-6.29,0.54,5.83,33.99
100.125168,-0.1392,0.0640,0.8677,-10.80,-11.23,-4.88,0.30,5.60,33.87
100.155153,-0.1147,0.0698,0.8911,-6.65,-11.17,-2.20,0.12,5.38,33.79
100.155153,-0.0864,0.0640,0.8955,-1.71,-15.32,2.38,0.04,5.11,33.79
100.214973,-0.0522,0.0146,0.8613,-1.40,-19.71,4.39,0.03,4.76,33.86
100.214973,-0.0283,-0.0259,0.8506,-7.69,-21.42,2.87,-0.06,4.34,33.93
100.245570,-0.0234,-0.0308,0.8799,-14.83,-20.57,-0.73,-0.29,3.92,33.94
100.245570,-0.0220,-0.0210,0.9282,-19.29,-19.23,-2.99,-0.64,3.52,33.89
100.275172,-0.0049,-0.0151,0.9443,-19.96,-18.43,-3.36,-1.04,3.15,33.83
100.275172,0.0400,-0.0112,0.9141,-21.24,-18.07,-7.69,-1.46,2.79,33.72
100.335155,0.0645,-0.0615,0.8730,-23.25,-19.90,-12.51,-1.91,2.41,33.51
100.335155,0.0723,-0.0972,0.8745,-28.20,-20.81,-18.49,-2.43,1.99,33.21
100.365166,0.0684,-0.0796,0.9087,-30.82,-23.56,-22.64,-3.03,1.54,32.80
100.365166,0.0605,-0.0166,0.9468,-30.09,-28.87,-25.63,-3.65,1.00,32.33
100.395210,0.0347,0.0093,0.9731,-24.11,-34.67,-24.90,-4.20,0.35,31.85
100.395210,0.0005,-0.0674,0.9658,-19.29,-34.42,-22.52,-4.61,-0.39,31.42
100.455201,-0.0034,-0.1055,0.9761,-19.29,-26.31,-21.00,-4.99,-1.02,31.02
100.455201,-0.0137,-0.0854,0.9956,-18.07,-16.60,-17.76,-5.36,-1.47,30.66
100.485178,-0.0151,-0.0786,0.9873,-15.26,-4.70,-12.82,-5.67,-1.71,30.37
100.485178,0.0156,-0.0938,0.9678,-15.99,8.61,-10.07,-5.97,-1.67,30.15
100.515147,0.0693,-0.0693,0.9751,-16.36,13.85,-9.64,-6.29,-1.43,29.93
100.515147,0.0942,-0.0811,0.9492,-12.76,7.26,-7.14,-6.58,-1.23,29.75
100.575162,0.0889,-0.1187,0.8872,-15.50,-0.12,-7.81,-6.84,-1.18,29.59
100.575162,0.0552,-0.1216,0.8848,-21.18,-3.72,-9.46,-7.21,-1.25,29.43
100.605206,0.0063,-0.1084,0.9282,-23.74,-4.46,-8.48,-7.67,-1.36,29.25
100.605206,-0.0371,-0.1235,0.9702,-21.67,-2.26,-3.72,-8.12,-1.44,29.14
100.635186,-0.0459,-0.1470,0.9902,-20.57,2.38,0.73,-8.54,-1.44,29.11
100.635186,-0.0386,-0.1577,0.9976,-19.90,4.88,3.36,-8.94,-1.35,29.15
100.695491,-0.0190,-0.1699,1.0039,-18.43,3.97,4.88,-9.33,-1.25,29.22
100.695491,-0.0278,-0.1841,1.0044,-16.54,0.61,7.45,-9.68,-1.18,29.33
100.724907,-0.0288,-0.1807,1.0107,-14.71,-0.12,11.35,-10.00,-1.16,29.53
100.724907,0.0063,-0.1816,1.0068,-13.55,1.10,12.63,-10.29,-1.10,29.77
100.786474,0.0396,-0.1733,1.0073,-13.37,-1.59,13.49,-10.57,-1.07,30.03
100.786474,0.0435,-0.1675,1.0254,-11.05,-7.81,14.71,-10.82,-1.11,30.32
100.815208,0.0259,-0.1582,1.0464,-6.96,-13.67,17.70,-11.02,-1.28,30.68
100.815208,-0.0527,-0.1455,1.0771,-0.12,-11.41,22.46,-11.11,-1.48,31.12
100.846271,-0.0801,-0.1748,1.0566,6.71,6.23,25.39,-11.05,-1.46,31.62
100.846271,-0.0068,-0.1875,1.0278,6.96,23.32,23.62,-10.93,-1.05,32.05
100.905891,0.0791,-0.2163,0.9966,4.27,24.84,21.97,-10.82,-0.48,32.42
100.905891,0.0547,-0.2012,1.0361,1.46,18.62,21.91,-10.77,0.02,32.78
100.935280,-0.0068,-0.1987,1.0630,2.08,16.54,23.74,-10.74,0.43,33.18
100.935280,-0.0103,-0.1880,1.0620,1.16,19.96,22.64,-10.71,0.86,33.59
100.965879,0.0356,-0.1733,1.0513,-0.92,23.01,18.62,-10.70,1.37,33.93
100.965879,0.0479,-0.1372,1.0986,3.05,16.72,17.70,-10.70,1.83,34.21
101.025916,-0.0024,-0.1787,1.0918,12.15,5.62,23.32,-10.52,2.10,34.58
101.025916,-0.0464,-0.2305,1.0591,11.23,9.28,21.48,-10.26,2.30,35.02
101.062120,-0.0371,-0.2188,1.0640,4.33,21.61,14.40,-10.10,2.67,35.33
101.062120,-0.0161,-0.1650,1.0991,0.49,29.24,7.75,-10.06,3.22,35.46
101.086274,-0.0264,-0.1445,1.1289,4.58,27.59,7.39,-10.01,3.82,35.52
101.086274,-0.0225,-0.1743,1.0898,6.10,23.62,6.10,-9.89,4.35,35.58
101.146405,-0.0264,-0.1870,1.0659,4.03,17.46,5.31,-9.78,4.77,35.63
101.146405,-0.0723,-0.1597,1.0757,3.85,13.37,5.86,-9.71,5.08,35.71
101.175068,-0.0894,-0.1245,1.0835,5.31,18.49,0.67,-9.61,5.39,35.74
101.175068,-0.0981,-0.1421,1.0942,6.53,25.02,-4.27,-9.50,5.83,35.63
101.205134,-0.0688,-0.1689,1.1021,6.65,24.05,-3.30,-9.38,6.32,35.47
101.205134,-0.0591,-0.1426,1.1069,6.77,16.91,-0.85,-9.26,6.72,35.39
101.265960,-0.1016,-0.1328,1.0938,8.30,12.94,-0.37,-9.11,7.00,35.34
101.265960,-0.1226,-0.1206,1.0664,9.46,13.85,-1.77,-8.94,7.26,35.29
101.295138,-0.1113,-0.1191,1.0591,10.99,15.32,-4.82,-8.75,7.55,35.18
101.295138,-0.1035,-0.1157,1.0664,11.54,12.82,-5.80,-8.54,7.82,35.03
101.326383,-0.1304,-0.1191,1.0635,12.88,8.91,-4.88,-8.31,8.02,34.90
101.326383,-0.1733,-0.1431,1.0405,10.56,7.39,-1.95,-8.09,8.17,34.81
101.385905,-0.1729,-0.1519,1.0112,5.74,7.93,-0.85,-7.93,8.32,34.77
101.385905,-0.1436,-0.1440,1.0283,0.18,7.39,-1.16,-7.88,8.47,34.73
101.415146,-0.1079,-0.1182,1.0596,-1.71,3.97,-0.43,-7.92,8.59,34.71
101.415146,-0.0938,-0.0908,1.0732,-1.22,-1.65,-1.16,-7.94,8.61,34.69
101.446388,-0.1294,-0.0972,1.0796,1.28,-9.34,0.85,-7.94,8.50,34.69
101.446388,-0.1890,-0.1265,1.0591,2.56,-11.66,3.36,-7.89,8.28,34.77
101.505913,-0.2036,-0.1357,1.0474,-0.61,-3.36,1.65,-7.86,8.13,34.85
101.505913,-0.1680,-0.1055,1.0664,-2.56,3.72,-1.89,-7.90,8.15,34.84
101.535128,-0.1475,-0.0996,1.0703,-0.92,2.32,-1.83,-7.95,8.22,34.79
101.535128,-0.1421,-0.1196,1.0479,-0.06,-3.42,0.67,-7.95,8.21,34.78
101.565177,-0.1426,-0.1274,1.0303,-1.10,-8.42,2.32,-7.96,8.08,34.84
101.565177,-0.1562,-0.1123,1.0386,-1.34,-11.23,3.17,-7.98,7.89,34.91
101.625972,-0.1719,-0.0938,1.0640,1.40,-13.24,4.76,-7.97,7.65,35.03
101.625972,-0.1772,-0.1182,1.0552,2.87,-10.25,4.27,-7.90,7.42,35.15
101.655120,-0.1582,-0.1284,1.0415,1.77,-6.65,3.85,-7.85,7.27,35.25
101.655120,-0.1494,-0.1255,1.0439,0.49,-4.39,2.75,-7.82,7.17,35.33
101.685973,-0.1406,-0.1138,1.0708,0.12,-0.55,0.18,-7.81,7.12,35.37
101.685973,-0.1382,-0.1270,1.1074,0.00,1.28,-0.55,-7.81,7.14,35.36
101.745458,-0.1440,-0.1245,1.1387,1.53,0.12,1.16,-7.79,7.15,35.36
101.745458,-0.1455,-0.1196,1.1489,1.89,3.42,-0.49,-7.76,7.19,35.38
101.775951,-0.1289,-0.0913,1.1826,3.42,7.75,-5.00,-7.71,7.30,35.31
101.775951,-0.1396,-0.0654,1.2256,8.54,6.47,-6.04,-7.62,7.44,35.17
101.805146,-0.1309,-0.0952,1.2178,13.00,1.89,-3.66,-7.40,7.51,35.07
101.805146,-0.1279,-0.1382,1.2134,9.58,0.06,-6.10,-7.17,7.51,34.98
101.865190,-0.1597,-0.1475,1.2407,4.21,-2.01,-5.86,-7.06,7.49,34.85
101.865190,-0.1675,-0.1724,1.2021,-1.10,-9.09,-0.12,-7.03,7.37,34.80
101.895250,-0.1714,-0.2041,1.1499,-12.88,-11.90,0.79,-7.16,7.15,34.85
101.895250,-0.1514,-0.0977,1.2144,-20.39,-5.49,-5.00,-7.53,6.97,34.83
101.925247,-0.1543,-0.0161,1.2886,-14.16,-1.04,-11.17,-7.90,6.90,34.67
101.925247,-0.1997,-0.0933,1.2466,-4.33,0.49,-10.62,-8.10,6.86,34.44
101.985931,-0.2227,-0.1826,1.1572,-5.86,5.86,-8.24,-8.20,6.90,34.24
101.985931,-0.2471,-0.2183,1.0991,-11.78,12.08,-3.42,-8.39,7.08,34.11
102.015163,-0.1895,-0.1963,1.0620,-17.88,15.01,1.04,-8.70,7.36,34.06
102.015163,-0.0942,-0.0723,1.0996,-17.21,12.82,-1.46,-9.07,7.64,34.04
102.046344,-0.0308,-0.0264,1.1323,-6.90,0.67,-5.74,-9.34,7.78,33.93
102.046344,0.0303,-0.1304,1.0366,1.89,-25.76,-3.72,-9.37,7.51,33.87
102.105913,0.0454,-0.2632,0.9341,-4.76,-49.80,-5.25,-9.38,6.73,33.90
102.105913,0.0488,-0.2285,0.9702,-15.08,-64.27,-11.17,-9.60,5.55,33.90
102.135182,0.0024,-0.1157,1.0874,-13.61,-70.37,-16.42,-9.90,4.16,33.82
102.135182,-0.0654,-0.0654,1.1558,-4.03,-65.73,-20.57,-10.10,2.75,33.65
102.196043,-0.1895,-0.1030,1.1401,6.23,-47.49,-20.45,-10.06,1.54,33.41
102.196043,-0.2480,-0.1641,1.0879,9.64,-14.47,-18.01,-9.89,0.88,33.12
102.225182,-0.2158,-0.1758,1.0654,9.95,15.87,-12.02,-9.70,0.90,32.82
102.225182,-0.0972,-0.1484,1.0532,13.24,31.56,-5.00,-9.47,1.38,32.59
102.255098,0.0024,-0.1201,1.0474,17.82,31.19,-1.10,-9.16,2.02,32.44
102.255098,0.0532,-0.1431,0.9961,22.28,18.37,1.77,-8.75,2.52,32.39
102.315908,0.0449,-0.1826,0.9287,20.51,6.65,2.38,-8.32,2.76,32.40
102.315908,-0.0015,-0.1294,0.9458,17.52,3.11,-0.24,-7.94,2.84,32.43
102.346390,-0.0483,-0.0674,0.9858,20.20,5.00,-1.83,-7.58,2.92,32.38
102.346390,-0.0820,-0.0693,0.9893,27.40,6.59,1.65,-7.10,3.03,32.37
102.376303,-0.0767,-0.1025,0.9629,30.70,11.35,3.72,-6.50,3.22,32.42
102.376303,-0.0518,-0.1147,0.9497,30.82,12.82,6.10,-5.88,3.48,32.49
102.435933,-0.0225,-0.1074,0.9302,30.09,10.25,8.00,-5.26,3.73,32.62
102.435933,-0.0127,-0.0679,0.9365,27.83,8.42,7.69,-4.68,3.92,32.77
102.465194,-0.0317,-0.0410,0.9561,28.87,5.55,9.03,-4.11,4.08,32.93
102.465194,-0.0415,-0.0337,0.9526,30.82,4.15,10.62,-3.49,4.17,33.13
102.497988,-0.0547,-0.0518,0.9204,30.76,4.88,11.35,-2.86,4.27,33.34
102.497988,-0.0664,-0.0620,0.8862,27.40,8.12,12.94,-2.26,4.41,33.59
102.555231,-0.0752,-0.0366,0.8740,23.13,14.34,13.06,-1.74,4.64,33.85
102.555231,-0.0811,-0.0474,0.8521,18.55,20.75,14.53,-1.31,4.99,34.12
102.586043,-0.0596,-0.0430,0.8506,13.00,25.51,16.42,-0.97,5.46,34.45
102.586043,-0.0464,-0.0186,0.8721,8.06,25.63,17.33,-0.74,5.98,34.79
102.615173,-0.0703,0.0054,0.9019,6.10,20.14,21.12,-0.57,6.44,35.19
102.615173,-0.0957,0.0151,0.9126,4.58,18.19,21.97,-0.42,6.81,35.63
102.675987,-0.1050,0.0249,0.9355,3.66,18.37,20.63,-0.29,7.16,36.07
102.675987,-0.1245,0.0474,0.9629,6.47,15.32,22.95,-0.15,7.50,36.51
102.705202,-0.1274,0.0396,0.9639,9.83,13.61,24.54,0.08,7.77,37.01
102.705202,-0.1172,0.0195,0.9619,10.25,15.08,22.77,0.35,8.04,37.50
102.735995,-0.1021,0.0029,0.9604,10.74,15.50,21.55,0.62,8.34,37.96
102.735995,-0.0605,-0.0010,0.9468,10.38,15.81,17.21,0.88,8.64,38.37
102.796414,-0.0273,0.0166,0.9414,10.68,9.83,12.63,1.13,8.90,38.67
102.796414,-0.0171,0.0220,0.9307,14.83,-3.23,11.66,1.42,8.95,38.92
102.825351,-0.0557,0.0117,0.9189,16.66,-12.45,10.31,1.76,8.76,39.13
102.825351,-0.0898,0.0005,0.9229,15.99,-12.76,7.75,2.12,8.48,39.30
102.855918,-0.1055,0.0371,0.9414,15.75,-9.03,6.04,2.44,8.26,39.42
102.855918,-0.1191,0.0625,0.9443,18.86,-6.71,7.69,2.81,8.09,39.55
102.915223,-0.1309,0.0679,0.9351,21.36,-2.32,10.38,3.23,7.99,39.73
102.915223,-0.1089,0.0513,0.9082,21.24,3.11,10.38,3.69,7.98,39.95
102.945514,-0.0903,0.0474,0.8931,18.49,5.07,8.73,4.11,8.06,40.14
102.945514,-0.0933,0.0693,0.8999,16.54,2.20,9.46,4.48,8.11,40.34
102.976162,-0.1011,0.0972,0.8911,14.71,0.79,9.22,4.82,8.12,40.53
102.976162,-0.1123,0.1333,0.8789,12.57,2.75,6.96,5.11,8.14,40.69
103.035977,-0.1177,0.1436,0.8662,11.29,4.76,5.55,5.37,8.20,40.83
103.035977,-0.1108,0.1211,0.8589,8.54,4.94,4.21,5.58,8.29,40.94
103.065167,-0.1279,0.1284,0.8774,6.90,2.99,5.62,5.74,8.36,41.05
103.065167,-0.1382,0.1538,0.8877,6.41,5.07,4.82,5.89,8.41,41.17
103.101794,-0.1499,0.1641,0.8896,6.16,8.79,3.66,6.03,8.54,41.27
103.101794,-0.1504,0.1611,0.8623,6.84,11.72,4.09,6.17,8.74,41.38
103.155939,-0.1421,0.1699,0.8330,6.65,14.04,3.48,6.32,8.99,41.49
103.155939,-0.1240,0.1567,0.8042,5.49,13.67,2.20,6.46,9.26,41.59
103.185261,-0.1270,0.1514,0.7881,2.75,11.35,0.49,6.55,9.51,41.65
103.185261,-0.1172,0.1587,0.7920,-1.65,9.22,-3.60,6.56,9.72,41.65
103.215914,-0.1406,0.1646,0.8159,-4.39,5.25,-6.35,6.48,9.88,41.57
103.215914,-0.1699,0.1685,0.8218,-5.25,2.81,-7.51,6.36,9.97,41.44
103.274923,-0.1772,0.1831,0.8237,-6.41,1.83,-9.89,6.21,10.04,41.27
103.274923,-0.1826,0.1792,0.8237,-5.74,-1.53,-10.50,6.06,10.07,41.07
103.305994,-0.1909,0.1646,0.8257,-6.29,-5.31,-10.74,5.91,10.03,40.85
103.305994,-0.2095,0.1450,0.8374,-6.90,-8.97,-9.46,5.73,9.90,40.62
103.337985,-0.2290,0.1416,0.8545,-8.54,-9.95,-8.42,5.55,9.73,40.42
103.337985,-0.2373,0.1348,0.8584,-10.74,-7.51,-7.45,5.33,9.58,40.24
103.395079,-0.2393,0.1299,0.8779,-12.27,-6.23,-5.07,5.07,9.46,40.10
103.395079,-0.2144,0.1172,0.8828,-13.31,-5.37,-3.23,4.81,9.35,40.01
103.425090,-0.1768,0.1157,0.8970,-13.43,-5.31,-3.23,4.52,9.26,39.94
103.425090,-0.1196,0.1021,0.9097,-12.02,-8.30,-3.97,4.26,9.14,39.85
103.455269,-0.0864,0.0859,0.9150,-11.78,-12.82,-7.51,4.00,8.94,39.72
103.455269,-0.0923,0.0732,0.9185,-12.33,-19.53,-10.68,3.73,8.63,39.50
103.515686,-0.1187,0.0811,0.9321,-13.18,-24.60,-12.82,3.43,8.20,39.22
103.515686,-0.1606,0.0771,0.9395,-13.12,-26.18,-12.57,3.13,7.71,38.92
103.546352,-0.1797,0.0728,0.9302,-12.21,-22.34,-10.44,2.85,7.24,38.65
103.546352,-0.1455,0.0747,0.9185,-11.11,-15.50,-9.28,2.59,6.88,38.43
103.605977,-0.1187,0.0527,0.9106,-9.89,-8.91,-7.26,2.36,6.65,38.25
103.605977,-0.0552,0.0410,0.8945,-10.99,-0.85,-7.93,2.14,6.57,38.10
103.635211,0.0063,0.0415,0.8853,-12.21,2.87,-12.76,1.88,6.62,37.89
103.635211,0.0361,0.0166,0.8555,-13.55,-4.88,-15.93,1.60,6.62,37.60
103.666415,-0.0054,0.0249,0.8506,-18.01,-13.61,-21.06,1.25,6.45,37.22
103.666415,-0.0918,0.0278,0.8662,-21.42,-18.92,-21.97,0.81,6.13,36.76
103.725967,-0.1592,0.0015,0.9082,-24.48,-17.09,-20.14,0.30,5.77,36.33
103.725967,-0.1855,0.0059,0.9614,-25.39,-7.45,-18.80,-0.24,5.54,35.94
103.755284,-0.1426,0.0029,0.9668,-22.89,0.00,-17.88,-0.75,5.48,35.57
103.755284,-0.0820,-0.0151,0.9478,-21.24,-1.04,-15.93,-1.22,5.49,35.23
103.815993,-0.0557,-0.0259,0.9443,-18.86,-8.30,-13.92,-1.64,5.40,34.93
103.815993,-0.0190,-0.0215,0.9570,-16.05,-16.30,-15.93,-2.02,5.15,34.64
103.845471,-0.0293,0.0249,0.9878,-9.77,-26.18,-17.33,-2.30,4.71,34.30
103.845471,-0.0874,0.0015,0.9741,-3.48,-30.52,-15.08,-2.44,4.13,33.99
103.875981,-0.1167,-0.0591,0.9272,-4.64,-23.13,-13.18,-2.53,3.57,33.72
103.875981,-0.0820,-0.0703,0.9233,-10.50,-12.33,-13.31,-2.70,3.22,33.46
103.906261,-0.0571,-0.0713,0.9497,-12.94,-9.70,-9.03,-2.95,3.02,33.24
103.906261,-0.0459,-0.0576,0.9741,-14.34,-7.81,-6.16,-3.23,2.83,33.10
103.965990,-0.0620,-0.0352,0.9980,-13.24,-3.66,-4.46,-3.52,2.71,33.00
103.965990,-0.0278,-0.0366,0.9829,-11.78,-0.24,-3.17,-3.77,2.68,32.93
103.995231,-0.0034,-0.0591,0.9722,-11.11,-1.40,-2.99,-4.00,2.67,32.87
103.995231,-0.0054,-0.0630,0.9458,-10.50,-4.52,-2.81,-4.22,2.60,32.82
104.025977,-0.0020,-0.0415,0.9092,-10.62,-5.68,-2.26,-4.43,2.50,32.77
104.025977,0.0005,-0.0483,0.8926,-11.96,-6.16,-1.65,-4.66,2.38,32.73
104.086095,-0.0078,-0.0796,0.9102,-12.57,-8.48,0.73,-4.91,2.24,32.73
104.086095,-0.0298,-0.0991,0.9136,-13.92,-10.01,3.23,-5.16,2.05,32.79
104.122646,-0.0210,-0.1030,0.9141,-20.63,-7.57,0.37,-5.51,1.87,32.85
104.122646,-0.0273,-0.1182,0.9355,-25.45,-6.29,-0.18,-5.98,1.74,32.85
104.145614,-0.0317,-0.1362,0.9697,-30.46,-5.37,0.12,-6.54,1.63,32.87
104.145614,-0.0586,-0.1162,1.0176,-31.07,-1.46,1.22,-7.17,1.55,32.89
104.205255,-0.0112,-0.0981,1.0420,-27.89,0.18,1.28,-7.76,1.56,32.92
104.205255,0.0327,-0.0972,1.0581,-22.71,-7.75,2.26,-8.27,1.50,32.96
104.235393,0.0366,-0.1313,1.0620,-16.72,-18.80,5.62,-8.66,1.24,33.08
104.235393,0.0015,-0.1504,1.0591,-13.61,-21.36,5.49,-8.95,0.83,33.24
104.265292,-0.0386,-0.1597,1.0596,-11.90,-15.81,5.68,-9.21,0.48,33.41
104.265292,-0.0576,-0.1411,1.0762,-8.67,-7.87,7.51,-9.42,0.26,33.57
104.326029,-0.0439,-0.1431,1.0620,-5.25,0.37,9.58,-9.56,0.22,33.76
104.326029,-0.0068,-0.1499,1.0396,-3.72,5.80,10.01,-9.65,0.33,33.94
104.355220,0.0273,-0.1709,1.0181,-2.69,2.99,11.90,-9.71,0.46,34.15
104.355220,0.0220,-0.1831,1.0020,-3.66,-0.31,11.78,-9.77,0.51,34.38
104.385997,-0.0142,-0.1860,1.0112,-6.04,0.18,12.94,-9.87,0.54,34.62
104.385997,-0.0322,-0.1631,1.0298,-8.12,6.71,14.22,-10.02,0.65,34.89
104.446382,0.0225,-0.1235,1.0562,-7.87,12.51,10.74,-10.19,0.89,35.11
104.446382,0.0479,-0.1245,1.0820,-2.56,7.57,10.31,-10.30,1.13,35.28
104.475163,0.0498,-0.1733,1.0596,1.22,-0.06,11.35,-10.30,1.23,35.49
104.475163,0.0205,-0.1890,1.0493,-0.31,-1.28,10.44,-10.29,1.24,35.71
104.505985,0.0088,-0.1826,1.0552,-0.43,0.37,11.05,-10.29,1.27,35.93
104.505985,0.0068,-0.1436,1.0708,-0.12,1.65,12.21,-10.31,1.32,36.16
104.566120,0.0215,-0.1055,1.0811,3.17,1.46,12.45,-10.28,1.40,36.39
104.566120,0.0264,-0.1055,1.0864,9.77,0.98,12.76,-10.14,1.46,36.64
104.595216,0.0366,-0.1831,1.0293,11.05,5.68,9.64,-9.91,1.55,36.86
104.595216,0.0303,-0.1943,1.0146,4.76,12.02,5.55,-9.75,1.76,36.99
104.625976,0.0215,-0.1313,1.0435,2.20,14.59,3.66,-9.69,2.05,37.03
104.625976,0.0352,-0.0962,1.0703,6.59,12.88,2.62,-9.61,2.33,37.06
104.685990,0.0566,-0.1133,1.0615,12.02,7.57,1.40,-9.42,2.54,37.07
104.685990,0.0210,-0.1621,1.0425,14.04,2.20,0.24,-9.15,2.64,37.07
104.715199,-0.0361,-0.1821,1.0312,13.37,-1.04,3.36,-8.87,2.65,37.11
104.715199,-0.0581,-0.1577,1.0190,10.68,0.37,3.36,-8.62,2.64,37.19
104.746367,-0.0649,-0.1152,1.0439,9.89,4.39,-0.31,-8.43,2.70,37.21
104.746367,-0.0923,-0.1255,1.0576,10.68,6.35,-0.67,-8.22,2.81,37.18
104.806793,-0.1133,-0.1416,1.0547,8.54,8.12,0.98,-8.03,2.96,37.17
104.806793,-0.1265,-0.1265,1.0669,3.91,11.66,-0.73,-7.90,3.15,37.16
104.835346,-0.1567,-0.1274,1.1030,3.97,12.21,1.83,-7.83,3.40,37.13
104.835346,-0.1353,-0.1465,1.1064,4.33,12.94,5.25,-7.75,3.65,37.19
104.865992,-0.0781,-0.1260,1.1040,1.46,16.36,1.04,-7.68,3.96,37.23
104.865992,-0.0742,-0.1245,1.1240,0.43,16.05,-2.38,-7.67,4.28,37.17
104.926422,-0.0776,-0.1094,1.1440,1.40,13.49,-2.32,-7.66,4.58,37.09
104.926422,-0.0991,-0.0938,1.1455,2.99,12.21,-2.56,-7.63,4.82,37.01
104.956007,-0.1108,-0.0991,1.1216,5.13,11.72,-2.14,-7.55,5.05,36.95
104.956007,-0.1060,-0.1226,1.0996,4.88,11.05,-1.59,-7.45,5.28,36.88
105.015304,-0.0894,-0.0742,1.1211,6.10,12.57,-3.36,-7.35,5.51,36.82
105.015304,-0.0903,-0.0742,1.1074,11.47,11.41,-3.85,-7.18,5.75,36.71
105.046437,-0.0947,-0.0947,1.0698,13.00,7.81,-2.38,-6.94,5.93,36.63
105.046437,-0.1084,-0.1304,1.0308,9.52,4.82,-0.98,-6.71,6.05,36.59
105.075196,-0.1235,-0.1328,1.0229,1.71,6.41,-1.46,-6.60,6.16,36.56
105.075196,-0.1055,-0.0933,1.0352,-3.11,7.02,-1.77,-6.63,6.30,36.51
105.136049,-0.0854,-0.0815,1.0356,-4.46,1.59,-0.43,-6.72,6.39,36.48
105.136049,-0.0708,-0.0864,1.0278,-5.25,-6.29,1.16,-6.81,6.33,36.50
105.175562,-0.0923,-0.0874,1.0381,-5.74,-12.02,1.16,-6.92,6.15,36.54
105.175562,-0.1392,-0.0898,1.0527,-4.70,-10.56,0.98,-7.01,5.91,36.59
105.195972,-0.1597,-0.1025,1.0601,-6.35,-2.20,-0.49,-7.13,5.78,36.61
105.195972,-0.1558,-0.0928,1.0835,-6.59,4.21,-0.12,-7.26,5.81,36.60
105.255235,-0.1094,-0.0752,1.1084,-5.37,8.73,-2.14,-7.39,5.95,36.56
105.255235,-0.0874,-0.0649,1.1289,-1.71,6.84,-2.87,-7.47,6.11,36.50
105.285236,-0.0850,-0.0913,1.1191,1.59,2.62,-1.89,-7.47,6.20,36.44
105.285236,-0.0835,-0.1060,1.1216,2.81,-1.77,-1.22,-7.42,6.21,36.41
105.315969,-0.1045,-0.1240,1.1372,2.14,-3.11,-2.20,-7.37,6.15,36.38
105.315969,-0.1533,-0.1377,1.1567,-0.12,-2.01,-2.32,-7.35,6.08,36.34
105.376069,-0.1924,-0.1475,1.1719,-5.19,5.00,-3.66,-7.42,6.11,36.28
105.376069,-0.1694,-0.1382,1.1748,-9.83,7.57,-3.42,-7.58,6.24,36.19
105.405288,-0.1426,-0.1211,1.1782,-12.27,4.27,-4.33,-7.82,6.36,36.11
105.405288,-0.1489,-0.1504,1.1577,-15.69,-3.11,-2.87,-8.10,6.36,36.03
105.435807,-0.1675,-0.1714,1.1548,-20.81,-9.46,-0.73,-8.47,6.23,36.01
105.435807,-0.2183,-0.1665,1.1802,-23.86,-11.11,3.17,-8.92,6.01,36.07
105.496016,-0.2275,-0.1704,1.1924,-26.06,-3.48,4.58,-9.41,5.88,36.18
105.496016,-0.1895,-0.0640,1.2671,-23.68,6.16,1.10,-9.93,5.93,36.23
105.525232,-0.1631,0.0186,1.3374,-3.36,6.04,0.43,-10.21,6.07,36.21
105.525232,-0.1465,-0.0845,1.2529,17.64,-1.46,6.29,-10.03,6.12,36.28
105.556049,-0.1421,-0.1885,1.1504,23.13,-3.42,7.51,-9.58,6.09,36.44
105.556049,-0.1572,-0.2471,1.0791,19.78,-1.28,9.64,-9.12,6.06,36.61
105.615981,-0.0981,-0.2490,1.0303,11.90,0.31,10.80,-8.78,6.09,36.83
105.615981,-0.0498,-0.1680,1.0474,3.48,-0.92,7.75,-8.64,6.11,37.01
105.646446,-0.0210,-0.0601,1.1030,6.41,-7.32,3.60,-8.54,6.05,37.13
105.646446,-0.0269,-0.0933,1.0752,11.35,-17.03,0.49,-8.34,5.81,37.20
105.675239,-0.0518,-0.1196,1.0435,11.60,-22.58,-2.14,-8.10,5.41,37.23
105.675239,-0.1851,-0.1343,1.0493,12.45,-16.11,-2.26,-7.87,4.98,37.23
105.735410,-0.2334,-0.0405,1.1108,17.46,9.83,-5.80,-7.58,4.92,37.16
105.735410,-0.1943,-0.0381,1.1128,30.27,20.45,2.62,-7.10,5.26,37.07
105.766028,-0.0908,-0.0708,1.0425,33.81,21.36,8.85,-6.42,5.70,37.18
105.766028,-0.0186,-0.0923,1.0029,28.26,16.24,7.75,-5.78,6.10,37.32
105.795270,0.0532,-0.0938,0.9912,23.25,0.00,6.65,-5.26,6.29,37.45
105.795270,0.0283,-0.0840,1.0020,20.08,-18.80,5.49,-4.82,6.09,37.58
105.856044,-0.0771,-0.0903,1.0195,18.13,-23.56,6.29,-4.43,5.64,37.73
105.856044,-0.1509,-0.0986,1.0259,16.30,-8.67,6.90,-4.07,5.30,37.88
105.885305,-0.1362,-0.0781,1.0332,14.65,17.40,6.04,-3.75,5.41,38.01
105.885305,-0.0796,-0.0400,1.0396,15.62,34.79,5.31,-3.44,5.96,38.11
105.915265,-0.0298,-0.0205,1.0273,20.32,41.38,5.13,-3.08,6.75,38.19
105.915265,0.0151,-0.0454,0.9785,21.06,39.55,2.75,-2.64,7.58,38.25
105.976137,0.0200,-0.0488,0.9580,19.59,29.85,1.53,-2.24,8.28,38.28
105.976137,-0.0249,-0.0630,0.9531,18.68,18.98,0.79,-1.85,8.76,38.30
106.005265,-0.0947,-0.0762,0.9341,17.46,12.39,2.50,-1.48,9.06,38.33
106.005265,-0.1328,-0.0552,0.9321,15.20,11.29,4.15,-1.15,9.29,38.40
106.035235,-0.1489,-0.0312,0.9297,16.60,8.97,8.24,-0.82,9.50,38.53
106.035235,-0.1401,-0.0039,0.9199,16.91,6.65,9.95,-0.45,9.65,38.73
106.095864,-0.1577,0.0000,0.9150,16.91,4.09,11.05,-0.08,9.76,38.94
106.095864,-0.1738,-0.0073,0.9009,16.36,0.85,13.49,0.30,9.79,39.20
106.125283,-0.1919,-0.0039,0.8833,14.59,-1.10,15.56,0.65,9.78,39.49
106.125283,-0.2051,0.0122,0.8774,12.94,-1.83,18.74,0.98,9.73,39.84
106.155278,-0.2144,0.0269,0.8760,11.41,1.59,21.12,1.28,9.71,40.25
106.155278,-0.2026,0.0288,0.8726,9.22,8.00,21.48,1.55,9.79,40.69
106.216280,-0.1802,0.0386,0.8862,8.18,11.11,22.64,1.80,9.96,41.14
106.216280,-0.1338,0.0493,0.8794,8.61,9.77,23.01,2.04,10.15,41.63
106.245588,-0.1104,0.0522,0.8823,8.73,5.13,22.16,2.29,10.28,42.09
106.245588,-0.1084,0.0537,0.8896,11.47,-3.48,23.62,2.58,10.26,42.56
106.276304,-0.1060,0.0425,0.8774,10.01,-6.16,20.20,2.87,10.12,43.01
106.276304,-0.1309,0.0532,0.9053,9.22,-7.69,18.49,3.11,9.96,43.37
106.335865,-0.1392,0.0625,0.9023,10.50,-10.44,20.14,3.38,9.74,43.75
106.335865,-0.1426,0.0708,0.8896,9.52,-7.81,17.09,3.64,9.51,44.12
106.365277,-0.1050,0.0723,0.8687,6.23,-1.22,8.61,3.83,9.40,44.37
106.365277,-0.0991,0.0820,0.8965,7.14,-3.72,7.57,3.97,9.37,44.52
106.426058,-0.0938,0.0894,0.8901,11.66,-10.44,10.68,4.19,9.20,44.69
106.426058,-0.0952,0.0762,0.8594,12.08,-13.00,12.02,4.47,8.94,44.90
106.455296,-0.0928,0.0894,0.8394,9.95,-11.84,11.23,4.72,8.66,45.12
106.455296,-0.0884,0.1260,0.8408,8.42,-9.46,9.40,4.92,8.43,45.29
106.486060,-0.0923,0.1504,0.8403,10.31,-10.13,10.31,5.13,8.21,45.47
106.486060,-0.0962,0.1396,0.8179,10.93,-7.45,9.09,5.37,8.01,45.65
106.545575,-0.1089,0.1206,0.8042,8.67,-2.38,7.63,5.58,7.89,45.80
106.545575,-0.1235,0.1260,0.8110,6.59,1.16,8.36,5.75,7.87,45.96
106.576111,-0.1279,0.1396,0.8149,3.66,6.04,6.71,5.87,7.92,46.13
106.576111,-0.1211,0.1499,0.8125,1.59,9.95,4.46,5.94,8.07,46.26
106.605228,-0.1089,0.1562,0.8193,0.00,9.89,2.81,5.97,8.27,46.36
106.605228,-0.0981,0.1606,0.8296,0.06,6.10,1.59,5.97,8.43,46.43
106.666515,-0.0938,0.1660,0.8340,-0.67,1.46,-1.95,5.97,8.50,46.43
106.666515,-0.1162,0.1675,0.8462,-0.73,-3.17,-3.48,5.94,8.49,46.37
106.695281,-0.1392,0.1660,0.8472,-1.46,-5.25,-4.64,5.91,8.40,46.28
106.695281,-0.1494,0.1631,0.8589,-3.11,-5.43,-6.29,5.84,8.32,46.16
106.726111,-0.1719,0.1411,0.8638,-4.46,-5.07,-5.80,5.75,8.22,46.02
106.726111,-0.1733,0.1401,0.8691,-6.59,-2.20,-4.39,5.62,8.16,45.91
106.786099,-0.1538,0.1538,0.8706,-7.57,1.34,-4.27,5.47,8.17,45.82
106.786099,-0.1279,0.1426,0.8687,-7.08,3.30,-3.30,5.31,8.23,45.76
106.815712,-0.0962,0.1167,0.8574,-8.18,5.62,-5.37,5.15,8.33,45.69
106.815712,-0.0747,0.1084,0.8511,-10.80,4.64,-8.30,4.94,8.45,45.56
106.846483,-0.0684,0.1108,0.8652,-12.15,0.55,-11.23,4.68,8.53,45.37
106.846483,-0.0703,0.1089,0.8735,-11.72,-4.33,-14.34,4.41,8.52,45.10
106.906222,-0.0742,0.1221,0.8755,-10.56,-8.61,-18.07,4.14,8.42,44.77
106.906222,-0.0996,0.1240,0.8755,-8.30,-11.84,-19.35,3.90,8.25,44.37
106.935550,-0.1323,0.0737,0.8633,-8.36,-11.11,-18.01,3.69,8.04,43.97
106.935550,-0.1367,0.0361,0.8589,-13.06,-2.26,-18.55,3.43,7.93,43.59
106.965388,-0.1221,0.0381,0.8965,-18.43,8.06,-20.69,3.06,8.04,43.20
106.965388,-0.1016,0.0552,0.9385,-20.94,12.45,-22.58,2.60,8.29,42.79
107.025840,-0.0811,0.0742,0.9712,-18.37,11.29,-24.90,2.14,8.57,42.32
107.025840,-0.0635,0.0732,0.9585,-13.79,4.27,-26.79,1.75,8.76,41.81
107.055251,-0.0610,0.0679,0.9355,-8.36,-5.13,-28.75,1.45,8.78,41.25
107.055251,-0.0742,0.0386,0.9111,-4.09,-16.42,-29.97,1.25,8.59,40.64
107.086125,-0.1167,-0.0015,0.8838,-3.48,-23.44,-28.02,1.10,8.19,40.05
107.086125,-0.1465,-0.0054,0.8774,-9.22,-18.68,-29.17,0.91,7.78,39.46
107.146487,-0.1504,0.0010,0.9219,-15.14,-11.84,-29.48,0.58,7.51,38.85
107.146487,-0.1416,0.0176,0.9619,-16.54,-8.97,-26.92,0.19,7.32,38.28
107.175282,-0.1333,0.0254,0.9888,-14.83,-7.02,-25.57,-0.19,7.19,37.75
107.175282,-0.1235,0.0220,0.9985,-11.41,-9.89,-24.05,-0.51,7.03,37.24
107.212860,-0.1245,0.0303,0.9976,-6.29,-16.30,-20.63,-0.74,6.77,36.79
107.212860,-0.1626,0.0278,0.9800,-1.10,-20.26,-15.99,-0.84,6.40,36.42
107.265322,-0.1982,-0.0205,0.9453,-1.46,-13.79,-12.57,-0.88,6.04,36.14
107.265322,-0.1948,-0.0435,0.9297,-9.22,0.67,-11.11,-1.01,5.93,35.90
107.296112,-0.1533,-0.0220,0.9561,-15.38,9.95,-8.48,-1.29,6.05,35.71
107.296112,-0.1157,0.0127,0.9780,-16.42,11.11,-6.04,-1.62,6.27,35.57
107.325291,-0.0835,0.0122,0.9888,-16.17,8.79,-6.77,-1.96,6.48,35.44
107.325291,-0.0879,0.0059,1.0044,-12.57,1.89,-5.07,-2.26,6.59,35.32
107.386104,-0.1260,-0.0166,0.9946,-8.12,-4.33,-1.53,-2.47,6.55,35.25
107.386104,-0.1772,-0.0386,0.9897,-7.45,-3.54,1.04,-2.63,6.46,35.25
107.415301,-0.1816,-0.0537,0.9780,-7.93,2.38,4.58,-2.77,6.45,35.32
107.415301,-0.1328,-0.0601,0.9634,-11.11,8.00,5.55,-2.94,6.57,35.42
107.446476,-0.0679,-0.0356,0.9775,-13.43,6.23,4.21,-3.19,6.73,35.51
107.446476,-0.0474,0.0181,1.0024,-10.19,-5.43,4.46,-3.43,6.75,35.60
107.506468,-0.1250,-0.0039,1.0088,-3.60,-11.29,7.45,-3.54,6.55,35.73
107.506468,-0.1641,-0.0420,0.9980,-2.08,0.67,6.71,-3.58,6.44,35.89
107.535305,-0.1406,-0.0850,0.9790,-2.87,13.06,6.96,-3.61,6.61,36.01
107.535305,-0.0527,-0.0801,0.9546,-6.35,16.24,6.04,-3.70,6.93,36.14
107.566268,0.0020,-0.0386,0.9487,-6.96,7.45,6.04,-3.82,7.19,36.25
107.566268,0.0044,-0.0127,0.9434,-5.55,-2.01,4.82,-3.94,7.23,36.36
107.626133,-0.0366,-0.0093,0.9419,-2.56,-4.21,3.17,-4.01,7.16,36.45
107.626133,-0.0684,-0.0742,0.9268,-3.91,-1.40,0.55,-4.06,7.10,36.49
107.655290,-0.0933,-0.1060,0.9365,-10.99,0.12,-1.40,-4.21,7.10,36.48
107.655290,-0.0952,-0.0762,0.9834,-13.55,-3.11,-0.43,-4.47,7.07,36.46
107.686128,-0.0771,-0.0718,1.0000,-13.49,-8.67,0.24,-4.75,6.95,36.46
107.686128,-0.0908,-0.0679,1.0093,-10.50,-15.01,4.09,-4.98,6.71,36.53
107.746470,-0.1157,-0.0747,1.0127,-8.67,-11.78,5.07,-5.16,6.44,36.64
107.746470,-0.1064,-0.1084,0.9985,-10.80,-5.13,3.91,-5.34,6.28,36.75
107.775382,-0.0723,-0.0947,1.0117,-13.06,-4.64,3.23,-5.58,6.20,36.83
107.775382,-0.0479,-0.0459,1.0425,-10.19,-10.44,3.91,-5.81,6.06,36.91
107.836085,-0.0361,-0.0439,1.0386,-2.75,-15.75,3.54,-5.92,5.80,37.01
107.836085,-0.0527,-0.0859,1.0122,1.04,-17.40,4.03,-5.93,5.47,37.11
107.865343,-0.0747,-0.1118,0.9946,1.59,-17.21,7.14,-5.88,5.13,37.25
107.865343,-0.0923,-0.0815,1.0205,0.92,-14.59,7.87,-5.85,4.82,37.43
107.896105,-0.0786,-0.0591,1.0483,3.91,-12.08,9.09,-5.79,4.57,37.63
107.896105,-0.0576,-0.0566,1.0654,7.26,-9.09,9.52,-5.66,4.37,37.83
107.956087,-0.0376,-0.0684,1.0547,10.56,-6.35,7.51,-5.47,4.23,38.02
107.956087,-0.0371,-0.1143,1.0200,7.81,-5.55,2.38,-5.27,4.13,38.13
107.985378,-0.0742,-0.1377,1.0264,3.05,-9.34,2.93,-5.16,3.98,38.18
107.985378,-0.0903,-0.1265,1.0483,-2.99,-10.80,5.68,-5.16,3.78,38.29
108.015239,-0.0786,-0.0840,1.0752,-6.84,-9.77,6.41,-5.26,3.58,38.43
108.015239,-0.0508,-0.0537,1.0991,-8.73,-9.28,3.30,-5.42,3.40,38.54
108.076106,-0.0776,-0.0156,1.1362,-5.80,-12.88,3.72,-5.58,3.19,38.62
108.076106,-0.1157,-0.0308,1.1382,1.22,-13.00,6.84,-5.60,2.92,38.75
108.105281,-0.1191,-0.0864,1.1021,3.48,-4.58,7.08,-5.54,2.75,38.91
108.105281,-0.0991,-0.1309,1.0840,0.55,6.10,5.55,-5.49,2.79,39.03
108.136087,-0.0322,-0.1030,1.0918,-6.23,10.50,0.92,-5.55,2.98,39.09
108.136087,-0.0396,-0.0430,1.1479,-4.70,2.56,2.75,-5.68,3.13,39.10
108.196049,-0.0664,-0.0278,1.1514,1.59,-4.15,7.26,-5.70,3.10,39.22
108.196049,-0.0732,-0.0415,1.1182,4.76,-0.55,5.74,-5.62,3.05,39.36
108.232271,-0.0728,-0.0718,1.0923,4.21,5.43,2.01,-5.53,3.11,39.43
108.232271,-0.0664,-0.0938,1.0967,3.60,6.04,2.62,-5.45,3.24,39.46
108.256047,-0.0581,-0.0918,1.0938,1.40,4.39,2.99,-5.39,3.35,39.52
108.256047,-0.0796,-0.0620,1.0981,0.43,1.59,5.43,-5.38,3.42,39.59
108.316076,-0.0830,-0.0391,1.0898,1.22,4.46,4.27,-5.35,3.47,39.70
108.316076,-0.0747,-0.0361,1.0830,1.89,9.34,0.37,-5.32,3.63,39.74
108.345646,-0.0781,-0.0640,1.0845,4.03,9.64,-0.37,-5.26,3.82,39.72
108.345646,-0.0854,-0.0859,1.0693,5.07,7.57,2.87,-5.17,4.00,39.73
108.376182,-0.0815,-0.1128,1.0342,3.85,6.77,4.88,-5.07,4.14,39.81
108.376182,-0.0566,-0.0928,1.0254,-1.95,8.48,1.71,-5.05,4.30,39.87
108.435404,-0.0601,-0.0645,1.0615,-3.72,5.37,0.49,-5.12,4.45,39.87
108.435404,-0.0762,-0.0708,1.0654,-3.42,-1.16,4.03,-5.19,4.49,39.92
108.465307,-0.0762,-0.0669,1.0659,-6.16,-1.89,3.66,-5.27,4.45,40.02
108.465307,-0.0703,-0.0542,1.1079,-7.63,-0.31,-1.28,-5.42,4.44,40.04
108.495293,-0.1074,-0.0615,1.1406,-6.47,-2.14,-0.43,-5.56,4.42,40.01
108.495293,-0.1216,-0.0654,1.1479,-5.13,-0.79,0.73,-5.67,4.37,40.03
108.556166,-0.1240,-0.0391,1.1831,-4.58,4.03,-1.34,-5.78,4.42,40.02
108.556166,-0.1108,-0.0215,1.2144,0.31,4.64,-0.61,-5.82,4.50,40.00
108.585357,-0.1006,-0.0332,1.2153,4.33,2.20,0.55,-5.77,4.58,39.99
108.585357,-0.0806,-0.0737,1.1938,4.64,-2.44,3.17,-5.66,4.58,40.03
108.616009,-0.0776,-0.0830,1.2021,1.83,-5.62,3.85,-5.60,4.50,40.12
108.616009,-0.0781,-0.0522,1.2080,-1.40,-6.04,3.23,-5.60,4.39,40.19
108.676131,-0.0605,-0.0430,1.2368,-1.77,-6.10,2.69,-5.62,4.27,40.27
108.676131,-0.0518,0.0127,1.3101,2.20,-3.42,-1.40,-5.63,4.17,40.29
108.706226,-0.0688,-0.0352,1.2925,9.34,-3.91,-1.28,-5.50,4.11,40.26
108.706226,-0.0713,-0.1357,1.1875,7.02,-5.00,0.12,-5.32,4.02,40.26
108.735283,-0.1006,-0.2163,1.1113,-8.06,-4.64,0.00,-5.33,3.92,40.27
108.735283,-0.1152,-0.1938,1.1147,-24.66,-3.78,1.10,-5.67,3.83,40.29
108.796141,-0.0957,-0.0952,1.1855,-31.37,-3.17,1.22,-6.26,3.77,40.33
108.796141,-0.0566,-0.0161,1.2417,-26.86,-2.44,-3.72,-6.86,3.71,40.31
108.825335,-0.0327,0.0073,1.2510,-16.78,-2.75,-10.62,-7.30,3.65,40.17
108.825335,-0.0557,-0.0029,1.2456,0.00,-6.84,-12.21,-7.48,3.54,39.94
108.856140,-0.0854,-0.1055,1.1431,12.57,-8.12,-10.19,-7.33,3.35,39.74
108.856140,-0.0981,-0.1938,1.0571,13.79,0.98,-12.21,-7.06,3.25,39.53
108.916089,-0.0317,-0.1714,1.0776,11.47,10.13,-15.99,-6.83,3.35,39.23
108.916089,0.0210,-0.0796,1.1504,18.13,5.62,-16.05,-6.56,3.50,38.89
108.945647,0.0312,-0.0562,1.1416,26.86,-6.10,-15.26,-6.11,3.47,38.58
108.945647,-0.0361,-0.0801,1.0820,30.40,-11.84,-16.05,-5.54,3.24,38.29
108.975381,-0.1396,-0.0566,1.0718,32.65,-3.17,-15.62,-4.93,3.05,37.98
108.975381,-0.1553,-0.0796,1.0488,35.58,12.63,-13.49,-4.25,3.14,37.69
109.035409,-0.1147,-0.0664,1.0454,37.23,23.62,-10.07,-3.53,3.52,37.44
109.035409,-0.0518,-0.0400,1.0234,38.21,26.25,-7.26,-2.79,4.02,37.25
109.066112,0.0049,-0.0176,0.9990,35.46,23.38,-9.77,-2.05,4.53,37.08
109.066112,0.0078,0.0098,1.0039,32.29,13.43,-12.02,-1.40,4.90,36.86
109.095366,-0.0737,-0.0029,1.0059,29.36,6.35,-13.43,-0.80,5.09,36.60
109.095366,-0.2090,-0.0005,1.0210,25.94,10.38,-10.50,-0.27,5.24,36.35
109.156180,-0.2788,0.0166,1.0288,25.02,25.15,-4.82,0.23,5.60,36.22
109.156180,-0.2368,0.0479,1.0220,24.05,41.63,-1.16,0.71,6.29,36.19
109.185445,-0.1450,0.0786,1.0098,26.18,46.08,2.81,1.21,7.20,36.24
109.185445,-0.0679,0.0776,0.9678,29.48,38.51,4.76,1.80,8.04,36.38
109.245735,-0.0117,0.0527,0.9033,27.40,26.55,1.40,2.40,8.69,36.49
109.245735,-0.0254,0.0396,0.8721,21.85,9.77,-0.61,2.88,9.05,36.51
109.283412,-0.1050,0.0308,0.8599,17.82,-4.76,1.89,3.28,9.07,36.52
109.283412,-0.1782,0.0410,0.8589,13.00,-9.28,4.46,3.59,8.92,36.58
109.305340,-0.1792,0.0679,0.8481,10.62,-8.24,7.20,3.84,8.73,36.68
109.305340,-0.1699,0.0874,0.8545,9.58,-10.07,10.19,4.06,8.54,36.84
109.365323,-0.2046,0.0879,0.8550,10.25,-8.12,15.87,4.29,8.32,37.10
109.365323,-0.1851,0.0845,0.8589,9.70,-2.56,18.74,4.54,8.18,37.44
109.396050,-0.1553,0.0762,0.8740,10.13,-3.05,23.32,4.79,8.09,37.86
109.396050,-0.1113,0.0679,0.8818,9.22,-5.55,25.76,5.05,7.95,38.35
109.425433,-0.0820,0.0718,0.8848,8.48,-9.09,26.98,5.29,7.75,38.86
109.425433,-0.0435,0.0732,0.8862,7.26,-12.27,24.90,5.50,7.47,39.36
109.485422,-0.0317,0.0923,0.9009,7.08,-15.93,22.03,5.69,7.14,39.80
109.485422,-0.0371,0.0942,0.9131,9.09,-19.90,21.67,5.90,6.72,40.18
109.515343,-0.0371,0.1152,0.9326,11.54,-21.48,20.81,6.14,6.25,40.56
109.515343,-0.0396,0.1177,0.9297,13.98,-21.30,20.02,6.43,5.77,40.91
109.547007,-0.0674,0.1021,0.9194,14.65,-17.09,19.96,6.75,5.33,41.25
109.547007,-0.0737,0.0825,0.8916,12.94,-7.02,19.90,7.06,5.03,41.62
109.606158,-0.0483,0.1060,0.8931,9.70,5.98,16.24,7.30,4.97,41.97
109.606158,-0.0200,0.1470,0.8994,11.29,13.12,15.32,7.53,5.13,42.31
109.635340,0.0195,0.1646,0.8662,13.79,17.70,12.88,7.82,5.39,42.65
109.635340,0.0459,0.1704,0.8364,14.77,20.57,7.93,8.12,5.75,42.92
109.665346,0.0444,0.1670,0.8154,16.17,16.54,6.71,8.45,6.10,43.13
109.665346,0.0283,0.1650,0.7900,16.54,8.12,6.65,8.81,6.32,43.31
109.725467,0.0000,0.1724,0.7744,10.80,3.66,1.34,9.09,6.41,43.41
109.725467,-0.0630,0.1924,0.8047,6.59,0.43,-0.85,9.26,6.45,43.41
109.756228,-0.0991,0.2090,0.8169,6.53,-1.53,1.22,9.39,6.43,43.42
109.756228,-0.1152,0.2104,0.8076,5.80,2.87,-0.06,9.51,6.43,43.43
109.785391,-0.1123,0.2026,0.8013,4.94,9.52,-2.20,9.62,6.57,43.43
109.785391,-0.0801,0.1914,0.7935,5.31,11.35,-3.11,9.72,6.80,43.42
109.846545,-0.0586,0.1768,0.7715,4.64,8.00,-3.60,9.82,7.00,43.40
109.846545,-0.0518,0.1792,0.7544,1.16,4.70,-6.96,9.88,7.15,43.32
109.875337,-0.0723,0.1987,0.7622,-1.34,1.16,-10.13,9.85,7.23,43.16
109.875337,-0.1050,0.1982,0.7603,-2.81,-0.12,-11.96,9.78,7.28,42.95
109.906185,-0.1318,0.1772,0.7388,-6.90,1.89,-13.31,9.66,7.35,42.70
109.906185,-0.1431,0.1685,0.7480,-12.51,4.52,-14.47,9.43,7.47,42.44
109.966181,-0.1382,0.1807,0.7822,-15.81,4.76,-15.81,9.11,7.62,42.16
109.966181,-0.1377,0.1953,0.8203,-13.92,1.34,-15.93,8.76,7.75,41.85
109.995502,-0.1187,0.1875,0.8345,-8.79,-4.09,-16.17,8.50,7.77,41.53
109.995502,-0.1226,0.1938,0.8374,-1.77,-9.03,-14.77,8.36,7.68,41.20
110.026143,-0.1045,0.1626,0.8081,2.87,-8.61,-16.05,8.34,7.55,40.87
110.026143,-0.1147,0.1245,0.7964,1.71,0.18,-21.85,8.34,7.53,40.48
110.086657,-0.1250,0.0991,0.8115,-0.49,5.37,-22.77,8.31,7.67,40.04
110.086657,-0.1089,0.0767,0.8193,-4.94,7.75,-23.74,8.20,7.89,39.61
110.115352,-0.1035,0.1118,0.8687,-8.12,5.80,-26.00,8.00,8.12,39.13
110.115352,-0.0923,0.1455,0.8931,-3.91,-5.19,-25.51,7.81,8.22,38.62
110.149038,-0.1050,0.1714,0.8823,2.62,-18.49,-23.62,7.73,8.05,38.09
110.149038,-0.1733,0.1367,0.8516,5.68,-23.44,-19.78,7.76,7.68,37.59
110.206154,-0.2285,0.0498,0.8252,-0.12,-12.94,-17.21,7.78,7.36,37.17
110.206154,-0.1899,0.0225,0.8535,-9.58,0.55,-16.24,7.64,7.32,36.82
110.235480,-0.1206,0.0850,0.8896,-12.21,0.31,-11.90,7.37,7.39,36.55
110.235480,-0.0928,0.1362,0.8853,-12.02,-5.74,-7.75,7.10,7.36,36.35
110.266212,-0.0718,0.1685,0.8916,-16.11,-5.00,-11.23,6.80,7.27,36.15
110.266212,-0.0913,0.1558,0.9600,-12.45,-5.80,-12.08,6.47,7.21,35.89
110.326192,-0.1025,0.1035,0.9692,-4.09,-11.66,-8.06,6.28,7.06,35.67
110.326192,-0.1147,0.0781,0.9082,-3.54,-17.40,-5.37,6.21,6.78,35.50
110.355307,-0.1665,0.0703,0.8755,-9.83,-15.56,-2.08,6.06,6.45,35.38
110.355307,-0.1421,0.0796,0.8872,-19.17,-7.02,-0.55,5.76,6.23,35.34
110.385541,-0.1211,0.0879,0.9282,-22.64,-7.75,2.14,5.33,6.11,35.33
110.385541,-0.1035,0.1011,0.9604,-22.40,-15.50,6.41,4.89,5.86,35.40
110.445698,-0.1333,0.1099,0.9819,-21.48,-17.70,11.11,4.46,5.49,35.54
110.445698,-0.1167,0.0933,0.9824,-22.40,-6.77,12.21,4.04,5.22,35.76
110.476135,-0.0239,0.1108,1.0142,-22.40,3.05,6.71,3.60,5.19,35.95
110.476135,0.0464,0.0952,1.0352,-18.19,-7.32,4.46,3.20,5.17,36.05
110.505357,0.0225,0.0508,1.0327,-14.53,-29.17,7.81,2.89,4.78,36.15
110.505357,-0.0864,0.0728,1.0317,-14.16,-32.47,11.35,2.61,4.10,36.30
110.565457,-0.1260,0.1167,1.0469,-14.47,-13.43,10.19,2.33,3.63,36.49
110.565457,-0.0693,0.1138,1.0718,-10.62,0.00,10.50,2.08,3.52,36.68
110.595522,-0.0151,0.0796,1.0537,-4.76,-5.07,13.73,1.95,3.48,36.93
110.595522,-0.0283,0.0249,0.9932,-3.23,-14.65,14.89,1.90,3.25,37.21
110.656209,-0.0864,-0.0146,0.9146,-8.97,-15.69,15.26,1.80,2.91,37.49
110.656209,-0.1089,-0.0078,0.9058,-20.32,-5.19,13.67,1.51,2.68,37.78
110.685413,-0.0645,0.0186,0.9526,-28.87,3.72,11.47,1.01,2.68,38.02
110.685413,-0.0239,0.0493,1.0215,-31.80,2.87,11.47,0.40,2.75,38.25
110.716077,-0.0249,0.0640,1.0830,-28.56,-0.67,11.90,-0.20,2.76,38.50
110.716077,-0.0444,0.0518,1.1045,-21.85,-1.95,11.47,-0.70,2.72,38.73
110.776192,-0.0605,0.0103,1.0923,-16.48,-1.10,12.57,-1.07,2.69,38.97
110.776192,-0.0674,-0.0356,1.0732,-12.63,0.98,15.56,-1.35,2.69,39.25
110.805307,-0.0239,-0.0283,1.0571,-12.57,5.37,17.21,-1.58,2.76,39.59
110.805307,0.0337,0.0146,1.0713,-14.04,8.36,12.82,-1.83,2.90,39.90
110.836250,0.0532,0.0415,1.1025,-12.33,5.68,7.57,-2.09,3.05,40.10
110.836250,0.0181,0.0342,1.1411,-7.02,-0.18,5.19,-2.29,3.11,40.22
110.896271,-0.0488,-0.0283,1.1445,-1.59,-3.42,8.42,-2.36,3.07,40.35
110.896271,-0.0747,-0.0332,1.1216,-0.49,1.53,7.93,-2.37,3.03,40.53
110.925390,-0.0518,-0.0093,1.1084,0.73,10.13,1.40,-2.36,3.17,40.62
110.925390,-0.0269,0.0068,1.1182,6.04,9.03,0.00,-2.30,3.38,40.63
110.956164,-0.0151,-0.0112,1.0898,11.05,2.14,0.85,-2.11,3.49,40.64
110.956164,0.0073,-0.0518,1.0659,9.03,-5.00,-0.06,-1.90,3.46,40.65
111.016151,-0.0117,-0.0635,1.0952,3.54,-14.16,0.06,-1.79,3.26,40.64
111.016151,-0.0229,-0.0513,1.1250,-2.26,-21.30,4.09,-1.77,2.89,40.70
111.046596,-0.0264,-0.0234,1.1377,-5.31,-22.34,3.78,-1.85,2.45,40.79
111.046596,-0.0576,-0.0156,1.1440,-5.92,-18.37,1.59,-1.97,2.04,40.84
111.075330,-0.0801,-0.0303,1.1338,-5.92,-10.38,1.65,-2.08,1.75,40.88
111.075330,-0.0469,0.0024,1.1489,-7.26,0.31,-3.17,-2.22,1.65,40.87
111.136233,-0.0225,0.0273,1.1743,-6.96,5.98,-7.14,-2.37,1.74,40.76
111.136233,-0.0186,0.0225,1.1738,-2.99,3.05,-6.77,-2.47,1.83,40.62
111.165394,-0.0425,0.0093,1.1460,-2.08,-0.98,-4.88,-2.52,1.85,40.50
111.165394,-0.0698,-0.0205,1.1030,-1.77,-1.77,-2.99,-2.55,1.81,40.43
111.196203,-0.0674,-0.0449,1.0684,-6.23,3.11,-3.48,-2.63,1.82,40.37
111.196203,-0.0322,-0.0400,1.0654,-10.80,7.81,-6.10,-2.80,1.93,40.27
111.256159,-0.0205,-0.0005,1.0962,-12.33,9.46,-8.42,-3.05,2.11,40.12
111.256159,-0.0195,0.0093,1.1069,-8.97,7.39,-8.30,-3.27,2.28,39.95
111.286138,-0.0356,-0.0176,1.0903,-8.12,4.46,-7.75,-3.44,2.39,39.78
111.286138,-0.0605,-0.0337,1.0806,-7.63,2.32,-2.62,-3.60,2.46,39.67
111.325167,-0.0415,-0.0610,1.0493,-10.25,2.62,-0.49,-3.77,2.50,39.65
111.325167,-0.0425,-0.0474,1.0610,-15.50,4.82,-2.93,-4.04,2.58,39.61
111.376465,-0.0439,0.0269,1.1323,-13.00,3.66,-3.17,-4.35,2.67,39.55
111.376465,-0.0537,0.0371,1.1694,-3.05,-2.14,-0.37,-4.50,2.68,39.51
111.405443,-0.0645,-0.0352,1.1514,1.04,-2.62,0.79,-4.50,2.62,39.52
111.405443,-0.0742,-0.0488,1.1650,-3.42,4.82,-2.62,-4.53,2.64,39.51
111.436233,-0.0718,-0.0229,1.2041,-3.36,7.39,-2.62,-4.61,2.78,39.44
111.436233,-0.0640,0.0068,1.2271,0.61,4.09,-0.49,-4.64,2.89,39.41
111.496156,-0.0986,0.0161,1.2622,5.31,4.21,-1.10,-4.58,2.97,39.39
111.496156,-0.1182,-0.0078,1.2700,8.06,6.35,-0.24,-4.43,3.08,39.37
111.525363,-0.1226,-0.0239,1.2495,7.08,7.81,1.53,-4.27,3.23,39.38
111.525363,-0.1211,-0.0527,1.1929,3.36,8.48,1.71,-4.15,3.38,39.41
111.556259,-0.1084,-0.0933,1.1377,-8.06,10.25,-0.12,-4.20,3.59,39.41
111.556259,-0.0659,-0.0308,1.1997,-17.64,10.74,-3.97,-4.48,3.78,39.39
111.616190,-0.0962,0.1479,1.4023,-7.20,16.54,-15.69,-4.78,4.06,39.15
111.616190,-0.1382,0.0503,1.3916,14.95,13.61,-10.13,-4.70,4.35,38.86
111.645820,-0.1289,-0.1011,1.2773,19.59,13.37,-4.46,-4.32,4.61,38.71
111.645820,-0.1328,-0.1353,1.2271,14.47,15.69,-1.65,-3.99,4.90,38.64
111.675490,-0.1064,-0.1260,1.2017,9.03,16.24,-0.31,-3.75,5.22,38.62
111.675490,-0.1021,-0.1245,1.2095,4.70,13.92,0.24,-3.62,5.53,38.61
111.736227,-0.0894,-0.1270,1.2100,-0.61,9.89,1.22,-3.58,5.77,38.62
111.736227,-0.0742,0.0435,1.3003,3.30,8.79,-3.97,-3.59,5.96,38.58
111.765429,-0.0923,0.0234,1.2383,18.62,-3.91,-3.17,-3.36,6.02,38.50
111.765429,-0.1519,-0.0630,1.1240,24.78,-12.21,1.28,-2.89,5.82,38.50
111.796152,-0.1689,-0.0684,1.0894,20.26,-2.08,-4.39,-2.44,5.67,38.48
111.796152,-0.1064,-0.0327,1.0835,17.82,5.80,-10.50,-2.09,5.73,38.32
111.856229,0.0132,0.0605,1.1050,24.48,1.34,-15.87,-1.69,5.82,38.06
111.856229,0.0186,0.1079,1.1504,37.11,-15.32,-15.75,-1.13,5.69,37.72
111.885540,0.0015,0.0630,1.0923,49.38,-39.06,-6.90,-0.24,5.13,37.49
111.885540,-0.0376,-0.0220,0.9893,48.52,-51.33,-4.64,0.75,4.19,37.36
111.915500,-0.1265,-0.0508,0.9375,36.93,-40.16,-8.85,1.60,3.25,37.19
111.915500,-0.1763,-0.0381,0.9229,24.23,-15.08,-9.16,2.20,2.72,36.96
111.975462,-0.1318,0.0132,0.9463,16.30,6.04,-4.09,2.58,2.68,36.83
111.975462,-0.0205,0.0815,0.9746,13.00,19.10,-2.81,2.86,2.96,36.80
112.005426,0.0825,0.1323,0.9751,15.08,18.98,-4.64,3.14,3.37,36.75
112.005426,0.1265,0.1011,0.9263,18.13,6.47,-6.04,3.48,3.64,36.67
112.066287,0.1250,0.0522,0.8818,15.44,-9.22,-7.75,3.81,3.61,36.53
112.066287,0.0996,0.0439,0.8838,12.88,-25.39,-7.45,4.08,3.27,36.34
112.095451,0.0381,0.0376,0.8838,10.74,-35.83,-5.62,4.31,2.66,36.15
112.095451,-0.0239,0.0391,0.8823,6.10,-35.34,-3.05,4.48,1.93,35.99
112.126142,-0.0708,0.0586,0.8975,0.73,-22.03,-2.44,4.54,1.36,35.88
112.126142,-0.0952,0.0605,0.9180,-3.30,-2.56,-1.65,4.51,1.13,35.81
112.185453,-0.0703,0.0796,0.9458,-3.78,12.39,2.01,4.43,1.25,35.83
112.185453,-0.0366,0.0732,0.9604,0.92,18.86,7.87,4.40,1.57,35.97
112.216139,0.0137,0.0547,0.9312,4.58,19.29,10.68,4.47,1.93,36.20
112.216139,0.0229,0.0381,0.9131,6.04,14.95,12.27,4.58,2.26,36.47
112.245676,0.0117,0.0396,0.8984,7.14,10.01,13.61,4.72,2.47,36.75
112.245676,-0.0317,0.0239,0.8853,6.71,9.64,14.89,4.87,2.63,37.06
112.305461,-0.0405,0.0137,0.8555,3.48,16.17,14.28,4.99,2.85,37.39
112.305461,-0.0083,0.0200,0.8359,-2.01,26.86,8.24,5.02,3.25,37.67
112.343740,0.0620,0.0234,0.8179,-7.32,35.77,-3.60,4.92,3.88,37.79
112.343740,0.0591,0.0410,0.8589,-10.93,32.78,-8.30,4.71,4.62,37.71
112.365457,-0.0146,0.0742,0.9058,2.62,7.75,12.21,4.63,5.02,37.79
112.365457,-0.0176,0.0776,0.8618,6.96,0.85,13.49,4.78,5.02,38.11
112.425502,-0.0498,0.0859,0.8755,3.78,8.42,2.14,4.88,5.10,38.25
112.425502,-0.0942,0.1284,0.9087,9.46,6.84,5.98,5.01,5.26,38.34
112.457370,-0.0820,0.1460,0.8774,15.93,7.39,10.07,5.30,5.37,38.53
112.457370,-0.0742,0.1357,0.8413,15.38,13.49,6.16,5.63,5.56,38.72
112.485389,-0.0684,0.1338,0.8408,15.44,14.34,5.92,5.95,5.84,38.88
112.485389,-0.0718,0.1343,0.8330,16.11,9.77,8.18,6.28,6.05,39.05
112.554171,-0.0708,0.1504,0.8262,14.28,8.06,4.39,6.60,6.21,39.21
112.554171,-0.0928,0.1860,0.8320,14.83,6.23,1.95,6.89,6.34,39.29
112.578274,-0.1050,0.1963,0.8081,17.64,3.66,2.01,7.22,6.43,39.34
112.578274,-0.1079,0.1870,0.7676,18.25,2.01,1.28,7.59,6.48,39.39
112.606659,-0.1299,0.1763,0.7402,15.87,2.26,0.49,7.94,6.52,39.41
112.606659,-0.1484,0.1484,0.7114,10.74,3.91,0.73,8.21,6.58,39.44
112.665502,-0.1621,0.1572,0.7178,3.48,6.35,1.04,8.35,6.68,39.47
112.665502,-0.1616,0.1714,0.7368,-1.71,7.87,1.46,8.37,6.82,39.52
112.695417,-0.1445,0.2070,0.7476,-5.31,8.30,0.06,8.30,6.98,39.57
112.695417,-0.1372,0.2339,0.7617,-6.29,5.31,-2.14,8.17,7.12,39.57
112.726141,-0.1528,0.2261,0.7520,-4.58,0.37,-1.34,8.06,7.18,39.55
112.726141,-0.1587,0.1865,0.7295,-6.41,-0.43,-2.44,7.96,7.18,39.52
112.786265,-0.1606,0.1636,0.7271,-11.35,0.37,-3.85,7.77,7.19,39.45
112.786265,-0.1519,0.1748,0.7617,-15.56,0.12,-4.09,7.49,7.21,39.38
112.815415,-0.1538,0.2021,0.7896,-15.26,1.46,-4.33,7.16,7.23,39.30
112.815415,-0.1421,0.1963,0.7944,-14.65,6.84,-5.62,6.85,7.33,39.20
112.848495,-0.1074,0.1650,0.8013,-11.60,11.84,-6.41,6.59,7.54,39.12
112.848495,-0.0479,0.1519,0.8008,-10.07,14.71,-10.68,6.35,7.84,38.99
112.905515,-0.0132,0.1948,0.8403,-4.21,10.68,-14.83,6.17,8.14,38.77
112.905515,-0.0200,0.2109,0.8228,5.86,-0.49,-15.14,6.16,8.28,38.47
112.936242,-0.0820,0.1548,0.7598,9.89,-10.56,-13.12,6.31,8.20,38.17
112.936242,-0.1289,0.0874,0.7549,2.69,-13.00,-12.76,6.41,7.98,37.89
112.965473,-0.1465,0.0854,0.8208,-4.70,-8.00,-16.91,6.33,7.81,37.56
112.965473,-0.1519,0.1016,0.8628,-5.31,-8.06,-15.62,6.18,7.71,37.21
113.026337,-0.1392,0.1133,0.8579,-5.92,-9.89,-12.63,6.04,7.56,36.91
113.026337,-0.1362,0.0972,0.8765,-8.12,-7.02,-11.35,5.87,7.42,36.65
113.055465,-0.1040,0.0762,0.8989,-8.73,-3.66,-10.99,5.67,7.34,36.42
113.055465,-0.0718,0.0591,0.9165,-7.75,-4.39,-12.82,5.48,7.31,36.17
113.086264,-0.0527,0.0786,0.9160,-5.55,-12.88,-11.47,5.31,7.17,35.91
113.086264,-0.0557,0.1221,0.8882,-4.82,-18.86,-11.47,5.18,6.87,35.65
113.148536,-0.0786,0.1333,0.8594,-2.93,-19.04,-11.72,5.08,6.51,35.36
113.148536,-0.1108,0.0845,0.8481,-2.44,-15.87,-8.61,5.00,6.19,35.12
113.178140,-0.1104,0.0518,0.8354,-5.13,-11.72,-4.33,4.92,5.92,34.96
113.178140,-0.0913,0.0820,0.8408,-8.24,-5.74,-0.85,4.77,5.76,34.90
113.206679,-0.0527,0.0376,0.8604,-14.22,-1.10,-1.59,4.55,5.70,34.88
113.206679,-0.0342,0.0205,0.9233,-21.61,-2.26,-3.36,4.19,5.69,34.82
113.266229,-0.0312,0.0352,1.0010,-25.02,-8.97,-3.05,3.70,5.58,34.74
113.266229,-0.0518,0.0508,1.0503,-23.50,-12.45,-2.93,3.20,5.36,34.67
113.295456,-0.0518,0.0303,1.0557,-21.73,-9.52,-3.11,2.75,5.14,34.59
113.295456,-0.0312,-0.0029,1.0425,-22.28,-4.94,-4.88,2.31,5.00,34.51
113.326252,0.0093,-0.0190,1.0552,-26.55,-4.52,-9.40,1.81,4.93,34.36
113.326252,-0.0161,0.0132,1.1265,-24.48,-14.40,-6.71,1.27,4.76,34.17
113.386083,-0.0688,0.0103,1.1343,-17.64,-19.71,-1.53,0.85,4.39,34.09
113.386083,-0.0840,0.0020,1.1211,-13.37,-12.70,-0.85,0.54,4.06,34.06
113.418098,-0.0552,-0.0444,1.0708,-13.06,-7.02,-1.04,0.29,3.88,34.04
113.418098,-0.0107,-0.0347,1.0571,-15.87,-8.48,-0.43,-0.01,3.74,34.01
113.475548,-0.0024,0.0083,1.0825,-15.38,-15.56,0.73,-0.34,3.50,34.01
113.475548,-0.0376,0.0107,1.0859,-9.34,-19.17,4.09,-0.58,3.13,34.06
113.505502,-0.0576,-0.0229,1.0591,-7.57,-14.65,4.21,-0.73,2.79,34.15
113.505502,-0.0684,-0.0376,1.0356,-10.13,-7.93,3.54,-0.91,2.57,34.22
113.535509,-0.0117,-0.0239,1.0269,-10.44,-6.29,2.75,-1.12,2.44,34.29
113.535509,0.0229,0.0073,1.0444,-8.36,-14.47,3.23,-1.31,2.25,34.34
113.596327,0.0161,0.0542,1.0356,3.78,-27.65,12.21,-1.36,1.80,34.50
113.596327,0.0107,0.0283,0.9536,13.73,-23.50,15.81,-1.15,1.25,34.80
113.625489,0.0132,-0.0688,0.8887,8.85,-9.52,9.03,-0.90,0.93,35.05
113.625489,0.0078,-0.1250,0.8906,-8.79,-3.17,2.38,-0.89,0.82,35.16
113.656324,-0.0024,-0.0488,0.9771,-24.11,-8.00,0.98,-1.25,0.74,35.18
113.656324,0.0073,0.0376,1.0562,-27.59,-17.15,3.85,-1.78,0.47,35.23
113.715550,0.0049,0.0586,1.1094,-24.60,-19.90,4.15,-2.31,0.09,35.32
113.715550,-0.0342,0.0312,1.1387,-17.82,-16.97,4.82,-2.72,-0.29,35.43
113.746656,-0.0884,0.0122,1.1572,-14.34,-7.26,5.68,-3.05,-0.53,35.54
113.746656,-0.0938,0.0200,1.1748,-7.93,5.13,5.74,-3.27,-0.54,35.66
113.775441,-0.0542,0.0176,1.1572,-1.34,14.28,4.52,-3.37,-0.32,35.75
113.775441,0.0010,0.0034,1.1260,3.17,15.50,3.72,-3.34,-0.01,35.83
113.836342,0.0317,0.0161,1.1270,2.20,8.91,2.62,-3.28,0.25,35.88
113.836342,-0.0259,0.0068,1.1499,4.46,-2.62,6.41,-3.22,0.31,35.96
113.865434,-0.0698,-0.0493,1.1221,6.23,-8.36,13.61,-3.10,0.18,36.17
113.865434,-0.0596,-0.0645,1.0923,1.22,-0.85,13.67,-3.03,0.09,36.47
113.896775,-0.0029,-0.0498,1.0835,-2.93,9.83,7.14,-3.05,0.20,36.68
113.896775,0.0659,-0.0020,1.0884,-2.75,7.51,2.50,-3.12,0.40,36.76
113.956298,0.1543,0.0381,1.1104,0.98,-6.53,-3.60,-3.15,0.41,36.77
113.956298,0.1440,-0.0059,1.1421,4.88,-25.82,-11.35,-3.07,0.07,36.60
113.985529,-0.0664,-0.1108,1.1724,4.52,-39.98,3.91,-2.98,-0.62,36.52
113.985529,-0.1216,-0.1157,1.1216,-0.98,-27.53,15.50,-2.93,-1.34,36.79
114.015561,-0.0391,-0.0376,1.1143,-13.49,5.80,0.92,-3.09,-1.53,36.97
114.015561,0.0322,0.0356,1.1504,-11.23,19.96,-8.54,-3.37,-1.21,36.85
114.076306,0.0928,0.0215,1.1279,-1.95,11.54,-4.82,-3.49,-0.88,36.70
114.076306,0.0835,-0.0254,1.0947,3.42,-2.50,1.89,-3.47,-0.81,36.68
114.105604,0.0308,-0.0562,1.0747,2.93,-5.37,2.50,-3.39,-0.91,36.74
114.105604,0.0059,-0.0977,1.0396,-4.64,0.37,1.16,-3.40,-0.97,36.78
114.136294,0.0405,-0.0381,1.0679,-13.24,6.59,-0.98,-3.60,-0.88,36.78
114.136294,0.0459,0.0088,1.1162,-11.35,5.13,-1.40,-3.86,-0.75,36.74
114.196296,0.0283,-0.0220,1.1113,-10.25,4.39,-2.38,-4.06,-0.67,36.71
114.196296,0.0200,0.2163,1.3521,-78.31,35.77,-23.74,-4.89,-0.31,36.45
114.225462,-0.1396,-0.1729,1.2251,-2.69,13.00,-2.99,-5.62,0.18,36.11
114.225462,-0.0059,-0.1250,1.1704,6.41,11.84,1.34,-5.64,0.43,36.12
114.256399,0.0400,-0.0654,1.1172,4.94,2.99,-2.87,-5.46,0.58,36.08
114.256399,-0.0059,0.0635,1.2705,-6.10,-3.54,-3.11,-5.54,0.55,36.03
114.316224,-0.0469,0.0703,1.3232,7.81,-4.39,-5.68,-5.51,0.47,35.94
114.316224,-0.0752,-0.0420,1.2832,12.08,-1.77,-6.41,-5.28,0.39,35.83
114.346652,-0.1299,-0.1060,1.2773,3.97,3.54,-4.88,-5.11,0.40,35.71
114.346652,-0.1465,-0.0312,1.3403,-2.44,13.00,-4.52,-5.11,0.57,35.61
114.385427,-0.1245,0.0093,1.3896,2.08,14.40,-3.36,-5.13,0.85,35.51
114.385427,-0.0850,-0.0273,1.3623,5.68,6.84,-0.98,-5.03,1.07,35.46
114.436270,-0.0981,-0.0537,1.3916,5.49,-0.43,0.12,-4.92,1.12,35.45
114.436270,-0.1128,0.0361,1.4937,12.82,-1.34,-1.95,-4.75,1.09,35.44
114.465608,-0.1494,0.0425,1.5342,26.86,0.18,-1.95,-4.34,1.08,35.39
114.465608,-0.1841,-0.0483,1.4644,34.55,5.62,2.87,-3.70,1.13,35.40
114.496167,-0.1421,-0.1689,1.3184,26.55,17.15,4.46,-3.05,1.37,35.48
114.496167,-0.0703,-0.2148,1.2192,6.29,24.11,1.83,-2.73,1.81,35.53
114.556939,-0.0205,-0.2217,1.1890,-10.74,13.85,6.10,-2.79,2.22,35.58
114.556939,0.0923,-0.0562,1.2568,-17.52,-1.40,4.39,-3.09,2.34,35.72
114.585558,0.1348,0.0225,1.2983,-1.04,-27.89,2.14,-3.30,2.05,35.78
114.585558,0.0864,-0.0034,1.2197,16.97,-47.12,1.89,-3.11,1.26,35.85
114.616269,0.0005,-0.1079,1.1001,25.45,-41.26,-2.08,-2.66,0.35,35.88
114.616269,-0.0215,-0.1650,1.0068,22.16,-19.96,-6.41,-2.18,-0.26,35.80
114.676370,-0.0151,-0.1743,0.9390,15.69,1.22,-7.08,-1.80,-0.42,35.66
114.676370,0.0239,-0.1382,0.8896,6.77,15.08,-3.66,-1.57,-0.24,35.55
114.705534,0.0723,-0.0669,0.9033,0.12,22.03,-2.93,-1.51,0.15,35.49
114.705534,0.1050,0.0054,0.9380,-1.04,19.23,-4.94,-1.53,0.58,35.41
114.736336,0.1045,0.0088,0.9058,0.92,11.29,-6.41,-1.53,0.88,35.30
114.736336,0.0869,0.0171,0.9048,0.12,6.16,-11.41,-1.52,1.05,35.12
114.795600,0.0513,0.0493,0.9517,4.88,-1.16,-12.27,-1.48,1.11,34.88
114.795600,0.0200,0.0610,0.9595,16.30,-12.94,-4.88,-1.27,0.96,34.70
114.826278,-0.0005,0.0459,0.9297,24.78,-17.70,-0.49,-0.84,0.64,34.66
114.826278,-0.0381,0.0142,0.9048,27.77,-13.98,2.38,-0.30,0.31,34.67
114.886343,-0.0811,-0.0229,0.8701,26.55,-4.70,7.87,0.25,0.12,34.77
114.886343,-0.0752,-0.0215,0.8369,19.23,9.09,11.72,0.71,0.15,34.97
114.915598,-0.0596,-0.0039,0.8398,10.80,24.66,13.06,1.00,0.50,35.24
114.915598,-0.0132,-0.0161,0.8604,5.86,33.08,16.85,1.16,1.08,35.56
114.945824,0.0044,0.0049,0.8955,6.96,29.91,25.21,1.28,1.71,36.02
114.945824,0.0103,-0.0015,0.8818,8.97,26.79,29.72,1.46,2.24,36.61
115.005539,0.0156,0.0093,0.8721,8.61,28.08,29.48,1.65,2.76,37.23
115.005539,0.0537,0.0293,0.8652,11.05,26.73,29.11,1.87,3.27,37.86
115.035614,0.0811,0.0547,0.8379,12.82,24.29,23.13,2.14,3.75,38.42
115.035614,0.0737,0.0435,0.8164,13.43,20.20,16.48,2.43,4.18,38.83
115.065556,0.0249,-0.0015,0.8071,14.65,10.80,17.82,2.74,4.47,39.18
115.065556,0.0015,-0.0137,0.7847,14.10,5.37,19.71,3.06,4.58,39.58
115.126330,-0.0127,-0.0054,0.7515,6.84,11.72,12.08,3.30,4.71,39.92
115.126330,0.0405,0.0239,0.7295,-1.34,19.90,-2.20,3.36,5.03,40.06
115.155583,0.0366,0.0527,0.7871,-5.98,12.82,-3.23,3.24,5.41,39.98
115.155583,0.0073,0.1074,0.8667,6.10,-13.31,12.82,3.24,5.39,40.08
115.186664,-0.0234,0.1240,0.8589,14.16,-24.48,14.22,3.49,4.92,40.37
115.186664,-0.0557,0.1372,0.8643,14.47,-16.05,1.83,3.78,4.50,40.48
115.246707,-0.0811,0.1582,0.8667,20.39,-14.04,1.83,4.13,4.22,40.47
115.246707,-0.1016,0.1411,0.8359,26.61,-15.99,8.97,4.61,3.90,40.56
115.275528,-0.1006,0.1309,0.7979,26.18,-9.46,9.89,5.16,3.61,40.73
115.275528,-0.0879,0.1372,0.7646,23.19,-1.28,7.39,5.66,3.50,40.89
115.306284,-0.0596,0.1392,0.7334,20.08,0.06,6.47,6.10,3.49,41.02
115.306284,-0.0532,0.1548,0.7065,15.99,-2.99,6.90,6.47,3.44,41.15
115.366299,-0.0601,0.1709,0.6851,10.01,-3.11,4.52,6.73,3.35,41.26
115.366299,-0.0786,0.1709,0.6865,1.89,0.12,1.65,6.84,3.32,41.32
115.405053,-0.0796,0.1694,0.7119,-5.43,3.66,-0.06,6.80,3.36,41.34
115.405053,-0.0928,0.1885,0.7422,-8.97,4.15,0.79,6.65,3.44,41.36
115.428300,-0.0923,0.1870,0.7598,-13.12,6.65,0.31,6.43,3.54,41.39
115.428300,-0.0796,0.2036,0.7905,-16.11,9.28,-1.46,6.13,3.71,41.40
115.485679,-0.0571,0.2080,0.7974,-15.20,8.85,-2.93,5.82,3.90,41.38
115.485679,-0.0400,0.1953,0.7925,-14.59,6.84,-5.25,5.52,4.06,41.31
115.516132,-0.0366,0.1660,0.7910,-15.38,3.54,-7.32,5.21,4.19,41.20
115.516132,-0.0381,0.1426,0.8125,-15.62,-0.06,-7.20,4.89,4.24,41.06
115.546658,-0.0513,0.1499,0.8379,-14.34,-1.77,-6.90,4.58,4.23,40.91
115.546658,-0.1016,0.1455,0.8457,-10.86,-4.46,-1.28,4.32,4.17,40.81
115.606366,-0.1284,0.1187,0.8452,-10.62,0.18,3.11,4.11,4.11,40.85
115.606366,-0.0923,0.1064,0.8506,-16.97,14.16,-3.48,3.85,4.27,40.86
115.635694,-0.0596,0.1196,0.8994,-17.15,17.70,-7.45,3.49,4.63,40.77
115.635694,-0.0376,0.0991,0.9111,-12.82,8.61,-4.58,3.19,4.91,40.68
115.666305,-0.0288,0.0679,0.8862,-13.18,1.46,-6.35,2.93,5.00,40.58
115.666305,-0.0176,0.0669,0.9116,-15.08,-3.78,-10.86,2.64,4.99,40.40
115.726391,-0.0405,0.0659,0.9531,-12.51,-14.10,-9.46,2.34,4.83,40.18
115.726391,-0.0596,0.0483,0.9604,-10.13,-18.68,-9.40,2.10,4.49,39.98
115.755598,-0.0889,0.0322,0.9238,-11.41,-14.47,-9.64,1.88,4.16,39.77
115.755598,-0.0791,0.0034,0.9058,-18.31,-4.88,-8.97,1.58,3.98,39.57
115.786340,-0.0732,0.0063,0.9531,-24.48,2.62,-6.65,1.13,3.98,39.41
115.786340,-0.0425,0.0122,1.0132,-23.32,5.37,-4.39,0.63,4.08,39.31
115.846798,-0.0205,0.0488,1.0220,-17.09,4.46,-4.70,0.23,4.19,39.22
115.846798,-0.0142,0.0464,0.9834,-11.23,1.46,-3.54,-0.05,4.25,39.14
115.875555,-0.0391,0.0220,0.9355,-8.97,2.81,-4.15,-0.25,4.28,39.07
115.875555,-0.0664,-0.0254,0.9287,-10.74,7.32,-2.93,-0.45,4.39,39.00
115.906494,-0.0557,-0.0586,0.9629,-14.40,10.19,-2.56,-0.70,4.58,38.95
115.906494,-0.0322,-0.0269,1.0039,-14.89,8.67,-2.50,-1.01,4.77,38.90
115.966370,-0.0049,0.0112,1.0059,-13.00,5.86,-4.39,-1.29,4.92,38.84
115.966370,0.0093,0.0156,0.9722,-10.93,4.27,-7.51,-1.54,5.02,38.72
115.996366,0.0142,-0.0200,0.9575,-9.89,-0.73,-9.58,-1.75,5.06,38.55
115.996366,-0.0723,-0.0537,0.9668,-9.77,-3.05,-8.67,-1.97,5.00,38.35
116.025520,-0.1230,-0.0708,0.9668,-11.90,3.42,-4.39,-2.18,4.99,38.23
116.025520,-0.0664,-0.0479,0.9873,-16.60,14.16,-6.29,-2.48,5.18,38.13
116.086367,0.0312,0.0000,1.0234,-15.14,11.23,-9.46,-2.82,5.47,37.96
116.086367,0.0601,0.0190,1.0156,-5.92,-9.28,-7.26,-3.04,5.48,37.79
116.115591,0.0356,-0.0312,0.9692,-0.06,-25.09,-7.57,-3.10,5.10,37.66
116.115591,0.0073,-0.0713,0.9468,-1.95,-31.07,-12.02,-3.13,4.52,37.48
116.146815,0.0054,-0.0957,0.9546,-6.65,-34.24,-17.33,-3.23,3.86,37.20
116.146815,-0.0386,-0.0713,0.9751,-9.64,-37.84,-16.72,-3.41,3.13,36.87
116.206372,-0.0459,-0.0493,0.9854,-9.83,-39.55,-10.93,-3.61,2.33,36.63
116.206372,-0.0410,-0.0435,0.9912,-13.18,-34.48,-9.46,-3.85,1.58,36.46
116.235473,-0.0571,-0.0352,1.0400,-11.72,-27.77,-7.75,-4.10,0.96,36.31
116.235473,-0.0845,-0.0811,1.0449,-6.10,-23.80,-3.97,-4.27,0.45,36.21
116.296378,-0.0791,-0.1123,0.9912,-6.29,-18.86,0.12,-4.38,0.02,36.20
116.296378,-0.0664,-0.0938,0.9648,-7.87,-13.85,4.82,-4.53,-0.30,36.27
116.325514,-0.0039,-0.0610,0.9590,-10.31,-8.18,4.70,-4.72,-0.51,36.39
116.325514,0.0483,-0.0312,0.9800,-10.31,-7.20,1.59,-4.93,-0.65,36.46
116.356427,0.0195,0.0000,0.9751,-5.07,-12.57,4.33,-5.09,-0.85,36.53
116.356427,-0.0347,-0.0742,0.9326,-3.11,-9.40,5.74,-5.16,-1.08,36.66
116.416359,-0.0591,-0.1890,0.8892,-14.95,5.00,2.26,-5.32,-1.12,36.74
116.416359,-0.0596,-0.2100,0.9487,-29.05,13.55,2.87,-5.78,-0.90,36.77
116.453897,0.0073,-0.1689,1.0234,-37.17,12.27,5.31,-6.47,-0.62,36.84
116.453897,0.0547,-0.0869,1.1084,-36.87,4.39,5.62,-7.23,-0.44,36.93
116.476123,0.0312,-0.0117,1.1772,-24.54,-2.93,8.42,-7.86,-0.42,37.07
116.476123,0.0029,0.0005,1.1919,-8.61,-0.24,9.95,-8.18,-0.45,37.27
116.536253,-0.0474,-0.0630,1.1655,4.52,10.99,10.01,-8.22,-0.32,37.45
116.536253,-0.0161,-0.1646,1.0933,8.73,22.34,9.58,-8.06,0.05,37.61
116.565606,0.0254,-0.1641,1.0684,4.70,22.58,8.36,-7.92,0.54,37.73
116.565606,0.0176,-0.1182,1.0977,3.72,16.48,8.24,-7.84,0.94,37.85
116.596317,-0.0278,-0.1025,1.1143,3.85,15.50,7.51,-7.77,1.26,37.98
116.596317,-0.0640,-0.1221,1.1250,2.56,20.51,5.19,-7.70,1.64,38.07
116.656419,-0.0854,-0.1250,1.1362,2.20,23.93,4.94,-7.66,2.10,38.12
116.656419,-0.0850,-0.1392,1.1196,3.48,24.48,6.53,-7.60,2.60,38.18
116.685576,-0.0732,-0.1123,1.1221,5.19,25.82,5.92,-7.51,3.11,38.26
116.685576,-0.0454,-0.0850,1.1440,11.23,24.90,5.13,-7.34,3.64,38.31
116.729113,-0.0200,-0.1001,1.1211,16.78,20.20,5.00,-7.05,4.10,38.38
116.729113,-0.0171,-0.1060,1.0977,17.40,15.99,2.62,-6.70,4.47,38.42
116.777167,-0.0400,-0.1021,1.0884,15.69,11.11,-0.85,-6.37,4.74,38.41
116.777167,-0.0952,-0.1172,1.0859,15.62,5.25,2.75,-6.05,4.89,38.41
116.806967,-0.0811,-0.1118,1.0859,10.07,5.19,3.30,-5.79,4.99,38.49
116.806967,-0.0713,-0.0723,1.1089,8.67,6.16,1.10,-5.61,5.12,38.51
116.835865,-0.0581,-0.0439,1.0972,9.28,4.52,-0.24,-5.43,5.23,38.52
116.835865,-0.0762,-0.0459,1.0796,11.23,1.83,-0.49,-5.23,5.30,38.50
116.895665,-0.0884,-0.0718,1.0552,8.67,1.34,-0.67,-5.02,5.32,38.49
116.895665,-0.0840,-0.0596,1.0625,4.09,3.66,-2.75,-4.90,5.37,38.46
116.926327,-0.0610,-0.0342,1.0728,2.62,3.66,-4.46,-4.84,5.44,38.38
116.926327,-0.0537,-0.0454,1.0664,1.65,-0.31,-5.86,-4.81,5.48,38.27
116.955652,-0.1069,-0.0464,1.0835,2.50,-6.35,-1.28,-4.78,5.40,38.20
116.955652,-0.1113,-0.0664,1.0688,3.85,-7.26,1.53,-4.71,5.25,38.23
117.016443,-0.0933,-0.0815,1.0566,0.00,-4.09,-0.24,-4.66,5.14,38.25
117.016443,-0.0884,-0.0630,1.0718,-2.38,-1.77,-2.32,-4.70,5.09,38.22
117.045610,-0.0850,-0.0610,1.0732,-2.75,-4.09,-0.73,-4.75,5.03,38.19
117.045610,-0.0874,-0.0474,1.0894,-3.97,-7.63,0.49,-4.82,4.91,38.20
117.076416,-0.1255,-0.0537,1.1099,-2.75,-9.03,2.20,-4.89,4.74,38.24
117.076416,-0.1323,-0.0723,1.1025,-4.52,-4.46,1.59,-4.95,4.60,38.30
117.136439,-0.1196,-0.0693,1.1226,-7.02,0.43,-0.55,-5.08,4.58,38.31
117.136439,-0.1128,-0.0293,1.1675,-6.59,2.08,-1.34,-5.22,4.61,38.29
117.165651,-0.1045,-0.0117,1.2026,-1.65,1.04,-1.71,-5.30,4.64,38.25
117.165651,-0.1074,-0.0352,1.2129,2.08,-1.40,-0.85,-5.30,4.64,38.23
117.195607,-0.1304,-0.0625,1.2026,1.46,-1.28,0.55,-5.25,4.60,38.23
117.195607,-0.1265,-0.0586,1.1978,-2.20,5.55,-2.20,-5.26,4.64,38.22
117.256351,-0.1030,-0.0757,1.1709,-6.71,8.42,-4.03,-5.35,4.79,38.14
117.256351,-0.0732,-0.0908,1.1455,-11.35,2.56,-2.93,-5.54,4.91,38.07
117.285546,-0.1206,-0.0752,1.1699,-14.53,-2.08,-1.46,-5.82,4.91,38.01
117.285546,-0.1377,-0.1079,1.1616,-14.53,-2.81,2.50,-6.10,4.84,38.04
117.316333,-0.0933,-0.1411,1.1201,-21.67,1.28,0.31,-6.45,4.83,38.08
117.316333,-0.0845,-0.1309,1.1465,-26.37,2.50,-2.38,-6.95,4.88,38.06
117.376370,-0.0869,-0.0576,1.2075,-23.38,1.46,-6.23,-7.48,4.92,37.96
117.376370,-0.1558,-0.0728,1.2134,-12.45,-1.89,-3.66,-7.84,4.89,37.85
117.405865,-0.1802,-0.1177,1.1729,-5.68,-0.18,0.61,-8.00,4.87,37.84
117.405865,-0.1626,-0.1880,1.1108,-9.52,5.37,-1.16,-8.15,4.92,37.83
117.438355,-0.1465,-0.2148,1.0903,-17.03,5.49,1.46,-8.42,5.05,37.81
117.438355,-0.1040,-0.1938,1.1001,-21.30,-1.46,6.23,-8.81,5.10,37.89
117.496559,-0.0884,-0.1182,1.1592,-21.55,-4.52,4.21,-9.24,5.05,38.01
117.496559,-0.0737,-0.0503,1.2178,-12.15,-5.00,-0.49,-9.57,4.95,38.06
117.525663,-0.0889,-0.0854,1.2090,0.98,-4.58,-1.83,-9.67,4.86,38.05
117.525663,-0.0713,-0.1431,1.1562,10.01,-4.82,0.18,-9.55,4.77,38.05
117.559067,-0.0366,-0.1558,1.1323,15.08,-7.93,-0.24,-9.29,4.65,38.07
117.559067,-0.0659,-0.1621,1.1245,20.14,-11.78,1.16,-8.94,4.45,38.10
117.615663,-0.0566,-0.1616,1.1035,21.42,-11.23,1.65,-8.50,4.22,38.17
117.615663,-0.0762,-0.1265,1.1055,20.75,-5.92,0.06,-8.07,4.05,38.20
117.646435,-0.0840,-0.0811,1.1323,20.45,1.53,-2.32,-7.66,4.01,38.19
117.646435,-0.0679,-0.0840,1.1226,22.83,7.45,-5.74,-7.22,4.10,38.10
117.706677,-0.0264,-0.0718,1.0928,25.45,6.84,-6.10,-6.76,4.25,37.96
117.706677,0.0278,-0.0596,1.0664,32.04,-0.98,-5.92,-6.19,4.30,37.84
117.736810,0.0815,-0.0845,1.0117,33.20,-11.47,-9.64,-5.54,4.16,37.70
117.736810,0.0601,-0.1157,0.9707,29.11,-20.75,-15.38,-4.91,3.81,37.46
117.768628,-0.0254,-0.1294,0.9639,21.12,-24.90,-16.24,-4.43,3.32,37.17
117.768628,-0.1841,-0.1528,0.9556,13.37,-14.65,-10.01,-4.10,2.89,36.92
117.826448,-0.2373,-0.1260,0.9702,4.03,12.51,-3.48,-3.94,2.87,36.79
117.826448,-0.2002,-0.0435,1.0205,1.89,36.19,4.27,-3.90,3.38,36.78
117.855598,-0.0938,0.0112,1.0371,8.06,47.61,9.83,-3.80,4.26,36.90
117.855598,-0.0054,0.0151,1.0259,18.37,42.79,13.67,-3.52,5.21,37.10
117.886926,0.0552,-0.0098,0.9775,29.05,25.76,14.77,-3.01,5.90,37.38
117.886926,0.0771,-0.0308,0.9165,34.36,4.21,11.29,-2.35,6.20,37.63
117.946457,0.0508,-0.0562,0.8506,34.24,-16.36,8.30,-1.63,6.06,37.83
117.946457,0.0005,-0.0620,0.8286,30.46,-31.19,7.26,-0.97,5.56,37.99
117.975598,-0.0117,-0.0469,0.8169,23.19,-39.43,4.21,-0.42,4.84,38.09
117.975598,-0.0747,-0.0371,0.8496,16.66,-43.76,5.13,-0.03,4.00,38.16
118.006674,-0.1255,-0.0107,0.8926,13.98,-40.71,9.83,0.29,3.13,38.29
118.006674,-0.1577,0.0054,0.9419,14.22,-27.89,14.16,0.57,2.44,38.51
118.066437,-0.1636,0.0195,0.9575,17.76,-12.51,21.67,0.89,2.03,38.85
118.066437,-0.1108,0.0352,0.9429,20.87,5.98,26.61,1.29,1.95,39.35
118.096423,0.0195,0.0591,0.9058,24.29,19.47,25.09,1.76,2.22,39.90
118.096423,0.1309,0.0474,0.8521,26.25,16.24,20.81,2.28,2.58,40.37
118.125752,0.1396,0.0356,0.8169,29.97,-2.62,24.78,2.85,2.69,40.83
118.125752,0.1304,0.0269,0.7568,26.43,-13.06,20.57,3.46,2.45,41.29
118.186419,0.0879,0.0605,0.7646,17.94,-11.78,9.22,3.89,2.18,41.55
118.186419,0.0278,0.0820,0.7959,16.11,-12.33,7.87,4.23,1.92,41.68
118.215620,-0.0127,0.0737,0.8062,16.24,-7.63,9.64,4.56,1.69,41.84
118.215620,-0.0376,0.0791,0.8125,14.34,2.38,10.74,4.86,1.62,42.04
118.246481,-0.0376,0.0981,0.8179,14.22,10.86,13.37,5.15,1.74,42.30
118.246481,-0.0254,0.1206,0.8193,14.95,17.03,14.22,5.44,1.99,42.61
118.306636,0.0078,0.1499,0.8140,17.15,18.92,12.51,5.77,2.32,42.93
118.306636,0.0459,0.1602,0.7739,18.68,14.59,8.61,6.14,2.64,43.18
118.335565,0.0435,0.1694,0.7290,18.25,7.20,3.48,6.52,2.83,43.33
118.335565,0.0103,0.1689,0.6865,13.92,2.32,-2.44,6.85,2.91,43.35
118.366209,-0.0381,0.1787,0.6826,6.35,0.85,-7.14,7.05,2.96,43.25
118.366209,-0.0703,0.1714,0.7095,-0.18,0.55,-9.09,7.10,2.99,43.09
118.425653,-0.0728,0.1875,0.7476,-5.49,0.06,-10.38,7.02,3.03,42.90
118.425653,-0.0776,0.1978,0.7739,-8.06,-1.71,-11.54,6.87,3.05,42.68
118.456434,-0.0864,0.1948,0.7832,-8.97,-3.11,-10.68,6.69,3.03,42.46
118.456434,-0.1016,0.1812,0.7822,-10.31,-0.24,-11.35,6.49,3.02,42.23
118.495149,-0.0977,0.1367,0.7793,-14.65,1.46,-10.68,6.23,3.07,42.01
118.495149,-0.0859,0.1392,0.8047,-17.70,1.10,-9.34,5.89,3.13,41.82
118.545653,-0.0703,0.1387,0.8208,-19.35,1.04,-9.83,5.51,3.17,41.63
118.545653,-0.0474,0.1260,0.8340,-19.35,0.43,-10.50,5.11,3.21,41.43
118.576544,-0.0322,0.1040,0.8311,-19.65,0.61,-11.78,4.72,3.25,41.22
118.576544,-0.0293,0.0908,0.8403,-21.00,1.83,-12.88,4.30,3.30,40.97
118.605962,-0.0532,0.0884,0.8521,-19.84,5.00,-12.27,3.88,3.39,40.72
118.605962,-0.0571,0.0684,0.8335,-19.59,11.90,-11.72,3.48,3.58,40.51
118.668281,-0.0200,0.0640,0.8408,-23.86,17.88,-15.08,3.04,3.92,40.26
118.668281,-0.0059,0.0869,0.8721,-24.11,11.23,-15.56,2.53,4.24,39.97
118.698498,-0.0405,0.0723,0.9033,-21.18,1.10,-13.92,2.07,4.38,39.69
118.698498,-0.0791,0.0176,0.9253,-19.29,-4.70,-11.60,1.65,4.34,39.44
118.728354,-0.1035,0.0029,0.9409,-17.64,-3.48,-11.60,1.26,4.26,39.20
118.728354,-0.0947,0.0283,0.9419,-16.42,1.34,-13.12,0.90,4.26,38.95
118.786510,-0.0737,0.0044,0.9385,-13.79,4.09,-11.84,0.59,4.33,38.70
118.786510,-0.0298,-0.0249,0.9209,-15.56,5.31,-13.98,0.29,4.43,38.46
118.815591,-0.0034,0.0000,0.9561,-18.19,0.61,-18.13,-0.08,4.52,38.13
118.815591,-0.0059,0.0396,1.0010,-14.04,-11.78,-19.04,-0.43,4.41,37.75
118.845672,-0.0576,0.0552,0.9780,-8.73,-20.14,-17.33,-0.68,4.08,37.38
118.845672,-0.1182,0.0063,0.9414,-9.83,-13.73,-16.24,-0.86,3.72,37.05
118.906751,-0.1475,-0.0225,0.9834,-11.96,2.87,-14.22,-1.10,3.62,36.74
118.906751,-0.0649,-0.0034,1.0190,-10.01,13.73,-13.43,-1.35,3.82,36.46
118.935711,-0.0312,0.0269,0.9922,-5.13,12.02,-8.18,-1.50,4.09,36.24
118.935711,-0.0117,0.0161,0.9419,-5.74,13.79,-5.92,-1.60,4.33,36.12
118.966495,0.0015,-0.0225,0.9878,-8.30,16.72,-8.85,-1.76,4.65,35.97
118.966495,0.0298,-0.0625,1.0117,-7.45,9.95,-9.58,-1.93,4.93,35.78
119.026824,0.0327,-0.0596,1.0205,-2.93,-6.35,-6.96,-2.05,4.97,35.61
119.026824,0.0063,-0.0459,0.9819,0.92,-19.10,-4.03,-2.07,4.69,35.51
119.055730,-0.0483,-0.0498,0.9771,-6.10,-17.64,-8.24,-2.14,4.30,35.39
119.055730,-0.0918,-0.0449,1.0317,-9.70,-13.55,-8.36,-2.32,4.00,35.22
119.115740,-0.1182,-0.0283,1.0737,-7.63,-12.88,-3.78,-2.52,3.74,35.10
119.115740,-0.1304,-0.0312,1.0444,-5.74,-8.12,-0.12,-2.64,3.51,35.07
119.146480,-0.1089,-0.0337,1.0210,-10.25,3.23,-0.73,-2.80,3.47,35.07
119.146480,-0.0601,-0.0171,1.0503,-12.33,7.69,-1.95,-3.03,3.60,35.04
119.175651,-0.0024,-0.0356,1.0757,-9.70,-0.79,-2.69,-3.26,3.69,34.99
119.175651,-0.0283,-0.0283,1.0825,-5.13,-15.32,-0.73,-3.41,3.51,34.96
119.236473,-0.0996,-0.0391,1.0327,-1.59,-18.68,3.66,-3.46,3.14,35.01
119.236473,-0.1274,-0.0425,1.0142,-5.07,-4.15,3.85,-3.53,2.90,35.10
119.265603,-0.0776,-0.0200,1.0366,-6.41,9.70,2.08,-3.65,2.99,35.15
119.265603,-0.0039,-0.0068,1.0361,-1.16,8.00,3.78,-3.72,3.19,35.20
119.296393,0.0210,-0.0342,0.9971,3.36,-2.44,5.55,-3.69,3.25,35.30
119.296393,-0.0171,-0.0747,0.9639,3.91,-11.05,6.71,-3.60,3.10,35.43
119.355660,-0.0464,-0.0972,0.9438,-0.79,-12.82,6.35,-3.56,2.86,35.57
119.355660,-0.0811,-0.0991,0.9492,-7.08,-11.72,6.16,-3.64,2.61,35.71
119.385647,-0.0854,-0.0537,0.9746,-10.62,-10.50,9.46,-3.82,2.40,35.88
119.385647,-0.0469,-0.0156,0.9873,-11.84,-5.98,9.03,-4.04,2.24,36.08
119.416458,-0.0171,-0.0308,1.0146,-11.29,-3.85,7.20,-4.28,2.16,36.24
119.416458,-0.0098,-0.0825,1.0176,-10.68,-5.37,6.90,-4.49,2.08,36.39
119.476383,-0.0273,-0.0952,1.0366,-10.31,-9.09,8.73,-4.70,1.94,36.55
119.476383,-0.0420,-0.0645,1.0542,-9.22,-10.44,9.77,-4.89,1.75,36.75
119.513339,-0.0542,-0.0288,1.0801,-5.37,-7.57,10.56,-5.04,1.58,36.97
119.513339,-0.0605,-0.0337,1.0854,2.08,-2.14,12.21,-5.07,1.50,37.21
119.535959,-0.0356,-0.0884,1.0444,5.31,4.76,11.29,-4.98,1.55,37.44
119.535959,0.0005,-0.1162,1.0103,1.95,7.32,9.64,-4.89,1.70,37.64
119.596528,0.0391,-0.0654,1.0205,-0.61,3.91,8.42,-4.89,1.82,37.82
119.596528,0.0508,-0.0376,1.0347,-0.61,-2.44,6.77,-4.91,1.85,37.97
119.626467,0.0220,-0.0342,1.0552,2.20,-9.77,6.04,-4.89,1.74,38.11
119.626467,-0.0293,-0.0518,1.0718,4.52,-13.31,8.30,-4.82,1.49,38.27
119.655670,-0.0610,-0.0874,1.0542,4.52,-6.59,7.63,-4.71,1.29,38.44
119.655670,-0.0503,-0.0874,1.0278,1.04,5.74,5.74,-4.65,1.30,38.58
119.716474,-0.0239,-0.0698,1.0225,-0.12,13.61,4.09,-4.65,1.51,38.67
119.716474,0.0029,-0.0864,1.0327,-2.44,13.49,3.23,-4.67,1.80,38.72
119.745779,-0.0122,-0.0698,1.0542,-7.20,10.31,2.44,-4.77,2.04,38.77
119.745779,-0.0688,-0.0840,1.0791,-10.01,8.42,0.31,-4.94,2.22,38.79
119.776447,-0.1187,-0.1006,1.1138,-14.83,11.60,0.37,-5.20,2.42,38.78
119.776447,-0.1147,-0.0830,1.1660,-18.43,18.92,-0.73,-5.54,2.72,38.76
119.836403,-0.0684,-0.0508,1.2119,-17.46,22.34,-3.30,-5.91,3.15,38.68
119.836403,-0.0474,-0.0356,1.2178,-10.44,18.19,-1.95,-6.20,3.55,38.59
119.865626,-0.0479,-0.0464,1.1870,-2.44,13.06,0.31,-6.32,3.86,38.56
119.865626,-0.0361,-0.0610,1.1411,2.32,9.34,-0.37,-6.31,4.09,38.55
119.895646,-0.0332,-0.0488,1.1187,4.27,4.52,-2.08,-6.25,4.22,38.51
119.895646,-0.0796,-0.0503,1.1094,8.67,-4.58,0.92,-6.12,4.22,38.49
119.956531,-0.1172,-0.0596,1.0620,11.90,-8.18,5.62,-5.91,4.08,38.58
119.956531,-0.1279,-0.0747,0.9863,11.78,-3.11,5.98,-5.65,3.97,38.72
119.985668,-0.1196,-0.1050,0.9512,8.61,6.53,2.62,-5.44,4.02,38.80
119.985668,-0.0977,-0.1353,0.9653,1.40,14.16,2.99,-5.34,4.24,38.83
120.016451,-0.0347,-0.0972,1.0083,-4.70,14.65,3.60,-5.38,4.54,38.89
120.016451,0.0151,-0.0776,1.0303,-8.42,8.48,2.20,-5.52,4.79,38.93
120.075824,0.0000,-0.0522,1.0776,-10.07,-1.83,3.17,-5.71,4.86,38.98
120.075824,-0.0312,-0.0317,1.1162,-7.69,-10.38,4.15,-5.88,4.73,39.07
120.106741,-0.0737,-0.0635,1.1245,-6.84,-13.67,4.39,-6.01,4.48,39.18
120.106741,-0.0996,-0.0938,1.1323,-9.95,-10.01,2.93,-6.17,4.25,39.28
120.135816,-0.1011,-0.0571,1.1973,-14.04,-1.16,-1.65,-6.42,4.14,39.30
120.135816,-0.0972,-0.0010,1.2612,-9.89,3.36,-4.15,-6.67,4.17,39.23
120.195693,-0.0957,-0.0249,1.2651,-4.70,2.32,-3.97,-6.81,4.22,39.14
120.195693,-0.1113,-0.0649,1.2661,-5.07,0.92,-2.62,-6.90,4.25,39.08
120.226448,-0.1079,-0.0645,1.2876,-6.29,2.87,-3.17,-7.03,4.28,39.02
120.226448,-0.0874,-0.0249,1.3242,-3.30,3.85,-2.99,-7.14,4.35,38.95
120.255689,-0.0542,0.0225,1.3428,7.08,1.40,-3.17,-7.11,4.39,38.89
120.255689,-0.0767,0.0093,1.3296,19.96,0.18,-5.55,-6.83,4.40,38.80
120.316527,-0.1079,-0.0586,1.2593,25.45,2.26,-5.80,-6.37,4.42,38.68
120.316527,-0.0957,-0.1582,1.1616,19.23,2.01,-4.21,-5.90,4.46,38.58
120.345645,-0.0972,-0.2456,1.1045,2.56,-3.91,0.31,-5.69,4.45,38.53
120.345645,-0.1040,-0.3013,1.0737,-21.24,-11.90,7.63,-5.87,4.28,38.64
120.376421,-0.0728,-0.2759,1.0815,-44.31,-12.70,5.55,-6.53,4.04,38.81
120.376421,-0.0386,-0.1514,1.1875,-58.84,-12.21,-3.78,-7.60,3.80,38.86
120.436472,-0.0571,-0.0171,1.3276,-50.90,-17.94,-11.78,-8.75,3.49,38.73
120.436472,-0.1079,0.0337,1.4038,-24.90,-22.40,-15.14,-9.51,3.04,38.51
120.465663,-0.1602,-0.0562,1.3843,0.85,-21.30,-13.79,-9.74,2.55,38.28
120.465663,-0.1953,-0.1621,1.3037,18.80,-11.05,-7.69,-9.52,2.19,38.11
120.526465,-0.1841,-0.2275,1.2178,26.61,7.20,-4.88,-9.04,2.14,38.01
120.526465,-0.1401,-0.2456,1.1670,27.04,24.17,-3.30,-8.50,2.47,37.88
120.566604,-0.0518,-0.2622,1.1060,22.22,30.09,-3.48,-8.01,3.03,37.75
120.566604,0.0161,-0.2656,1.0449,12.94,24.72,-4.76,-7.66,3.58,37.61
120.585769,0.0498,-0.2261,1.0229,2.87,15.20,-8.85,-7.52,3.96,37.44
120.585769,0.0293,-0.1655,1.0601,-3.11,6.41,-15.75,-7.55,4.14,37.17
120.646584,-0.0527,-0.0947,1.1313,1.95,-1.83,-15.69,-7.60,4.14,36.84
120.646584,-0.1494,-0.0581,1.1504,15.50,1.46,-12.21,-7.44,4.08,36.57
120.675673,-0.1357,-0.0288,1.1353,26.79,15.20,-10.99,-7.03,4.24,36.33
120.675673,-0.0747,-0.0112,1.1147,41.14,18.07,-6.71,-6.36,4.58,36.11
120.706847,-0.0151,-0.0405,1.0405,52.61,10.38,-2.32,-5.41,4.86,36.01
120.706847,0.0366,-0.0513,0.9551,55.11,-1.04,-3.66,-4.32,4.95,35.95
120.766517,0.0493,-0.0454,0.9092,54.32,-19.04,-4.46,-3.23,4.75,35.87
120.766517,0.0308,-0.0874,0.8384,47.79,-33.87,-7.63,-2.20,4.19,35.77
120.795635,-0.0142,-0.1060,0.8115,33.87,-41.69,-9.64,-1.40,3.42,35.59
120.795635,-0.0708,-0.0679,0.8306,17.52,-38.82,-9.34,-0.91,2.60,35.40
120.826377,-0.1191,-0.0107,0.8960,5.49,-26.43,-8.67,-0.70,1.94,35.21
120.826377,-0.1528,0.0103,0.9800,1.95,-13.73,-0.37,-0.64,1.55,35.10
120.885720,-0.1606,0.0000,1.0234,4.58,-1.95,10.93,-0.58,1.41,35.22
120.885720,-0.1206,-0.0156,1.0342,8.61,9.22,20.63,-0.44,1.49,35.54
120.916493,-0.0815,-0.0054,1.0396,16.11,14.53,30.15,-0.19,1.73,36.06
120.916493,-0.0586,-0.0205,1.0049,27.04,16.48,40.89,0.26,2.03,36.79
120.945862,-0.0308,-0.0449,0.9482,32.84,22.89,46.20,0.90,2.38,37.69
120.945862,0.0146,-0.0352,0.9131,36.56,28.69,48.40,1.62,2.87,38.67
121.006742,0.0991,-0.0298,0.8540,37.96,27.95,47.12,2.42,3.39,39.67
121.006742,0.1250,-0.0381,0.8081,35.95,23.13,42.36,3.20,3.84,40.59
121.035927,0.1079,-0.0371,0.7505,33.39,16.97,38.15,3.95,4.16,41.44
121.035927,0.0854,-0.0371,0.6968,24.78,16.24,29.60,4.58,4.42,42.14
121.066533,0.0752,-0.0015,0.6660,14.59,17.21,20.87,5.00,4.70,42.68
121.066533,0.0688,0.0518,0.6836,9.64,10.86,16.66,5.25,4.95,43.07
121.126500,0.0068,0.0967,0.7241,13.31,-1.95,22.28,5.50,4.98,43.46
121.126500,-0.0176,0.1084,0.7090,13.24,-0.37,18.62,5.81,4.88,43.89
121.155722,-0.0381,0.1406,0.7231,10.50,5.07,12.27,6.06,4.90,44.19
121.155722,-0.0352,0.1660,0.7129,11.96,3.11,11.72,6.30,4.95,44.44
121.186483,-0.0288,0.1880,0.6899,11.54,0.73,7.69,6.55,4.97,44.64
121.186483,-0.0542,0.1987,0.6831,10.19,-4.03,5.55,6.78,4.92,44.76
121.246512,-0.0811,0.1787,0.6841,6.59,-6.65,3.30,6.96,4.78,44.84
121.246512,-0.1318,0.1797,0.7153,0.79,-6.47,2.20,7.03,4.65,44.87
121.275739,-0.1621,0.2090,0.7617,-1.46,-4.94,4.03,7.01,4.52,44.92
121.275739,-0.1733,0.2378,0.7803,-3.36,0.00,3.66,6.97,4.46,44.98
121.305993,-0.1538,0.2441,0.7798,-3.48,3.48,4.03,6.90,4.49,45.07
121.305993,-0.1104,0.2539,0.7769,-2.75,2.26,4.03,6.84,4.55,45.16
121.366482,-0.0879,0.2427,0.7744,-1.04,-2.87,4.27,6.81,4.53,45.25
121.366482,-0.0850,0.2207,0.7744,-2.26,-5.49,2.69,6.78,4.43,45.31
121.395731,-0.0771,0.1899,0.7690,-5.43,-5.31,1.04,6.71,4.31,45.33
121.395731,-0.0659,0.1992,0.7798,-9.28,-5.13,-0.18,6.56,4.21,45.32
121.426185,-0.0571,0.1855,0.7822,-11.60,-4.03,-0.92,6.35,4.11,45.30
121.426185,-0.0361,0.1670,0.8042,-15.50,-0.92,-3.36,6.07,4.08,45.25
121.486506,-0.0161,0.1846,0.8364,-15.01,-0.67,-4.58,5.76,4.08,45.16
121.486506,-0.0190,0.1792,0.8525,-14.28,-0.06,-6.71,5.46,4.08,45.05
121.515708,-0.0122,0.1523,0.8550,-13.67,1.71,-9.40,5.17,4.12,44.90
121.515708,0.0063,0.1318,0.8354,-15.69,1.46,-12.15,4.87,4.19,44.68
121.546445,0.0000,0.1216,0.8071,-16.72,-1.95,-12.82,4.53,4.20,44.43
121.546445,-0.0220,0.0703,0.7549,-21.79,-4.15,-14.28,4.14,4.16,44.15
121.606131,-0.0674,0.0610,0.7646,-33.75,-1.95,-16.91,3.56,4.13,43.84
121.606131,-0.1196,0.0815,0.8540,-41.20,0.31,-15.20,2.77,4.15,43.51
121.636778,-0.1201,0.0801,0.9092,-40.59,1.71,-10.56,1.93,4.18,43.26
121.636778,-0.0801,0.0723,0.9419,-39.98,5.31,-10.99,1.12,4.27,43.05
121.665774,-0.0215,0.0693,0.9961,-37.78,5.13,-13.18,0.32,4.39,42.81
121.665774,0.0024,0.0454,1.0303,-29.85,-0.61,-12.39,-0.37,4.44,42.56
121.726563,0.0083,-0.0005,1.0186,-23.62,-2.87,-14.77,-0.91,4.40,42.29
121.726563,0.0039,-0.0278,1.0063,-19.47,-1.34,-18.80,-1.35,4.37,41.95
121.755778,0.0020,-0.0234,0.9849,-17.88,-2.32,-18.62,-1.74,4.33,41.57
121.755778,0.0229,-0.0039,0.9761,-17.88,-3.11,-20.39,-2.12,4.27,41.18
121.786518,0.0464,-0.0005,0.9673,-16.30,-7.63,-22.95,-2.49,4.16,40.75
121.786518,0.0298,-0.0371,0.9380,-13.49,-13.79,-23.19,-2.81,3.93,40.29
121.846535,-0.0161,-0.1050,0.9155,-17.94,-14.04,-23.01,-3.14,3.63,39.83
121.846535,-0.0713,-0.1162,0.9468,-24.72,-9.83,-20.39,-3.59,3.37,39.40
121.875673,-0.0825,-0.0986,1.0132,-27.59,-1.59,-18.43,-4.14,3.24,39.03
121.875673,-0.0576,-0.0659,1.0654,-23.50,3.54,-17.40,-4.67,3.26,38.67
121.935790,-0.0386,-0.0547,1.0591,-16.85,4.52,-14.28,-5.09,3.32,38.34
121.935790,-0.0171,-0.0972,1.0537,-8.24,6.65,-13.61,-5.35,3.42,38.07
121.965755,0.0098,-0.1177,1.0513,-1.83,5.74,-16.48,-5.47,3.53,37.75
121.965755,-0.0264,-0.0996,1.0303,4.21,-1.65,-15.14,-5.44,3.55,37.42
121.996523,-0.1143,-0.1001,0.9985,6.77,-1.65,-7.14,-5.33,3.47,37.22
121.996523,-0.0903,-0.1201,1.0059,2.08,11.72,-8.61,-5.25,3.57,37.06
122.056532,-0.0259,-0.1045,1.0342,0.37,13.37,-8.30,-5.24,3.84,36.86
122.056532,0.0239,-0.0645,1.0156,1.83,1.77,-5.98,-5.22,3.98,36.72
122.085796,-0.0063,-0.0693,0.9858,1.71,-8.61,-6.04,-5.21,3.89,36.62
122.085796,-0.0400,-0.1152,0.9492,-5.00,-6.16,-11.54,-5.24,3.72,36.45
122.115795,-0.0532,-0.1411,0.9849,-9.28,-1.34,-14.53,-5.41,3.63,36.19
122.115795,-0.0488,-0.1045,1.0083,-10.25,-3.11,-13.92,-5.63,3.58,35.90
122.176548,-0.0566,-0.0356,1.0044,-4.15,-6.41,-9.83,-5.78,3.46,35.67
122.176548,-0.0312,-0.0859,0.9810,0.31,-4.27,-10.31,-5.81,3.33,35.49
122.206025,-0.0229,-0.1553,0.9897,-0.43,-6.35,-11.60,-5.82,3.22,35.27
122.206025,-0.0337,-0.1724,0.9854,2.14,-18.62,-6.90,-5.82,2.96,35.10
122.235987,-0.0630,-0.1548,0.9429,0.67,-27.95,-3.11,-5.78,2.47,35.05
122.235987,-0.1030,-0.1108,0.9199,-5.68,-26.06,-0.92,-5.83,1.91,35.05
122.296532,-0.0825,-0.0889,0.9424,-10.74,-18.92,0.43,-6.00,1.46,35.08
122.296532,-0.0430,-0.0684,0.9941,-12.02,-16.11,1.65,-6.24,1.13,35.13
122.325681,-0.0166,-0.0557,1.0278,-8.61,-20.63,4.39,-6.44,0.77,35.23
122.325681,-0.0342,-0.0562,1.0249,-5.43,-23.19,7.45,-6.58,0.34,35.39
122.356485,-0.0317,-0.0884,0.9990,-5.37,-17.58,8.06,-6.69,-0.07,35.59
122.356485,-0.0225,-0.1240,1.0000,-5.92,-11.11,8.54,-6.81,-0.32,35.78
122.416569,0.0034,-0.1357,0.9829,-8.24,-9.40,10.25,-6.94,-0.50,35.99
122.416569,0.0273,-0.1030,0.9966,-13.12,-9.03,9.58,-7.17,-0.66,36.21
122.446455,0.0322,-0.0732,1.0312,-14.34,-9.64,9.40,-7.46,-0.83,36.41
122.446455,0.0176,-0.0630,1.0581,-10.80,-8.97,10.31,-7.72,-1.00,36.63
122.478531,0.0093,-0.0776,1.0674,-4.09,-5.98,11.41,-7.88,-1.12,36.86
122.478531,0.0308,-0.1182,1.0327,1.83,-2.93,13.06,-7.89,-1.18,37.13
122.536520,0.0762,-0.1318,1.0078,4.15,-2.20,12.88,-7.84,-1.20,37.40
122.536520,0.1182,-0.1245,1.0103,2.62,-3.11,10.99,-7.79,-1.22,37.64
122.565824,0.1299,-0.1450,1.0054,2.44,-6.47,8.97,-7.74,-1.29,37.85
122.565824,0.1108,-0.1548,1.0176,0.37,-9.77,6.65,-7.72,-1.44,38.02
122.604172,0.0742,-0.1182,1.0381,-0.98,-9.28,3.78,-7.73,-1.63,38.14
122.604172,0.0454,-0.0938,1.0479,1.22,-6.59,2.50,-7.73,-1.78,38.23
122.656522,0.0381,-0.1260,1.0303,2.26,-3.48,1.46,-7.68,-1.87,38.28
122.656522,0.0171,-0.1792,1.0366,-2.14,-3.30,1.89,-7.70,-1.93,38.32
122.688467,0.0034,-0.1890,1.0439,-8.73,-3.72,3.48,-7.81,-1.99,38.38
122.688467,0.0088,-0.1465,1.0776,-14.22,-2.14,4.58,-8.05,-2.05,38.47
122.718398,0.0127,-0.0679,1.1191,-13.00,-1.16,6.47,-8.33,-2.07,38.58
122.718398,0.0171,-0.0708,1.1226,-8.12,0.00,7.75,-8.55,-2.06,38.73
122.776515,0.0171,-0.1191,1.1230,-6.23,2.50,7.87,-8.70,-2.02,38.89
122.776515,0.0269,-0.1357,1.1196,-5.19,4.52,9.03,-8.82,-1.92,39.05
122.805984,0.0513,-0.1226,1.1113,-4.52,7.14,7.69,-8.92,-1.78,39.20
122.805984,0.0703,-0.0928,1.1299,-2.93,9.16,3.66,-9.00,-1.60,39.29
122.836721,0.0679,-0.0991,1.1411,-0.24,7.39,1.22,-9.04,-1.42,39.31
122.836721,0.0488,-0.1206,1.1377,-0.31,4.76,0.37,-9.04,-1.31,39.31
122.896515,0.0342,-0.1372,1.1221,-3.48,5.25,-0.31,-9.08,-1.21,39.30
122.896515,0.0127,-0.1284,1.1357,-6.47,6.10,-0.49,-9.19,-1.09,39.28
122.925723,-0.0020,-0.1201,1.1357,-6.04,5.43,1.10,-9.32,-0.97,39.27
122.925723,0.0103,-0.0889,1.1328,-3.36,5.25,0.92,-9.41,-0.86,39.28
122.956495,0.0151,-0.0688,1.1284,2.50,4.27,-0.37,-9.42,-0.77,39.27
122.956495,0.0166,-0.0972,1.1099,9.46,2.01,0.55,-9.29,-0.70,39.26
123.016550,0.0083,-0.1401,1.0767,11.29,2.14,0.49,-9.07,-0.66,39.27
123.016550,0.0127,-0.1768,1.0581,7.51,4.39,-1.46,-8.87,-0.60,39.25
123.045732,0.0005,-0.1509,1.0864,6.23,3.42,-0.12,-8.75,-0.52,39.23
123.045732,0.0020,-0.1323,1.1050,7.32,1.28,0.55,-8.61,-0.47,39.22
123.076549,0.0000,-0.1470,1.1045,8.85,-5.37,3.48,-8.44,-0.50,39.27
123.076549,-0.0186,-0.1509,1.1196,7.75,-10.80,6.53,-8.28,-0.65,39.39
123.135792,-0.0269,-0.1528,1.1240,5.25,-10.19,7.45,-8.15,-0.86,39.57
123.135792,-0.0107,-0.1182,1.1602,-0.92,-2.62,2.69,-8.11,-0.97,39.69
123.166547,-0.0044,-0.0923,1.2549,-5.43,3.36,-3.11,-8.18,-0.96,39.68
123.166547,-0.0068,-0.0830,1.3428,-3.36,2.87,-3.85,-8.27,-0.90,39.59
123.195684,-0.0356,-0.0713,1.3921,1.16,3.54,-4.88,-8.29,-0.85,39.50
123.195684,-0.0483,-0.0669,1.4009,5.74,6.23,-6.04,-8.21,-0.75,39.38
123.256555,-0.0396,-0.0718,1.3984,9.70,5.86,-5.43,-8.04,-0.64,39.25
123.256555,-0.0103,-0.0840,1.3960,10.31,4.39,-8.30,-7.83,-0.55,39.11
123.285729,0.0220,-0.0723,1.4106,11.41,-2.50,-11.66,-7.61,-0.54,38.90
123.285729,0.0098,-0.0737,1.4248,15.75,-16.05,-10.50,-7.34,-0.76,38.69
123.346499,-0.0947,0.0068,1.4858,25.82,-21.85,-7.26,-6.93,-1.17,38.55
123.346499,-0.1440,-0.0190,1.4370,34.42,-12.02,-5.13,-6.29,-1.54,38.48
123.375676,-0.1113,-0.0664,1.3682,28.81,7.08,-10.68,-5.64,-1.58,38.32
123.375676,-0.0303,-0.1284,1.3096,24.23,7.63,-6.96,-5.11,-1.40,38.12
123.406884,0.1089,-0.1831,1.2192,17.09,-8.36,-1.71,-4.69,-1.41,38.04
123.406884,0.1875,-0.2041,1.1255,6.84,-24.11,-2.56,-4.45,-1.75,38.02
123.466510,0.1152,-0.1372,1.1094,-2.50,-28.02,-7.81,-4.42,-2.31,37.95
123.466510,-0.0342,-0.0630,1.1372,-3.66,1.04,-14.71,-4.47,-2.63,37.74
123.498464,0.0215,0.0391,1.1802,1.28,34.79,-22.16,-4.49,-2.24,37.34
123.498464,0.1284,0.0596,1.2056,19.47,41.44,-24.05,-4.26,-1.43,36.82
123.526629,0.2705,0.0938,1.2085,45.90,18.49,-22.58,-3.58,-0.82,36.33
123.526629,0.3662,0.0439,1.1260,70.13,-24.23,-24.17,-2.37,-0.92,35.86
123.585858,0.2993,0.0049,1.0288,82.70,-69.64,-19.10,-0.80,-1.90,35.43
123.585858,-0.0059,-0.1187,0.9014,80.08,-76.29,-14.40,0.89,-3.45,35.06
123.622635,-0.2124,-0.1431,0.8159,56.76,-33.02,-13.79,2.29,-4.56,34.72
123.622635,-0.2480,-0.0806,0.8477,32.29,20.87,-6.10,3.16,-4.61,34.50
123.645832,-0.1768,-0.0107,0.8833,17.94,61.71,7.57,3.64,-3.74,34.60
123.645832,0.0122,0.0410,0.8838,7.75,85.39,13.31,3.87,-2.25,34.97
123.706947,0.1675,0.1113,0.8979,3.30,82.40,13.12,3.94,-0.55,35.40
123.706947,0.2207,0.1348,0.8984,9.83,57.37,14.22,4.06,0.82,35.81
123.735690,0.1943,0.0815,0.8682,16.30,30.09,14.10,4.33,1.64,36.18
123.735690,0.1538,0.0601,0.8521,21.73,8.12,13.73,4.73,1.97,36.50
123.766504,0.1128,0.0488,0.8350,24.48,-6.96,13.06,5.20,1.93,36.76
123.766504,0.0649,0.0249,0.8247,23.32,-12.45,11.60,5.70,1.69,36.99
123.826472,0.0352,0.0020,0.8037,18.68,-12.21,8.79,6.12,1.41,37.16
123.826472,0.0166,0.0000,0.7930,12.33,-5.49,4.88,6.43,1.21,37.27
123.885868,0.0059,-0.0205,0.8101,8.54,0.24,5.00,6.62,1.16,37.35
123.885868,0.0181,0.0005,0.8115,5.74,5.74,5.25,6.77,1.20,37.47
123.887930,0.0298,0.0078,0.7998,3.97,10.99,1.83,6.86,1.36,37.57
123.887930,0.0532,0.0474,0.7974,0.49,17.27,-4.27,6.90,1.66,37.58
123.946517,-0.0190,0.0703,0.8535,4.76,10.56,5.31,6.92,1.97,37.61
123.946517,-0.0308,0.1128,0.8242,15.93,3.72,19.35,7.17,2.03,37.91
123.976499,-0.0073,0.1436,0.7856,14.47,16.66,9.77,7.49,2.18,38.24
123.976499,-0.0156,0.1479,0.7739,15.87,23.50,7.32,7.79,2.58,38.46
124.006817,-0.0098,0.1274,0.7515,16.91,20.81,11.90,8.12,2.99,38.72
124.006817,0.0039,0.1343,0.7324,15.99,16.36,13.73,8.48,3.31,39.05
124.065779,-0.0068,0.1528,0.7188,12.15,14.47,9.58,8.77,3.57,39.34
124.065779,-0.0469,0.1768,0.7241,8.48,12.08,7.08,8.98,3.81,39.55
124.098381,-0.0913,0.1812,0.7295,5.37,12.63,5.62,9.13,4.02,39.72
124.098381,-0.0928,0.2070,0.7300,1.22,16.24,2.38,9.20,4.29,39.85
124.126820,-0.0742,0.2520,0.7388,-0.12,14.28,0.18,9.21,4.60,39.94
124.126820,-0.0728,0.2520,0.7456,0.98,7.14,-0.31,9.22,4.81,39.97
124.185784,-0.1074,0.2388,0.7539,1.46,2.75,-0.67,9.25,4.89,39.98
124.185784,-0.1284,0.2158,0.7622,-0.31,3.66,-2.32,9.26,4.96,39.96
124.215738,-0.1279,0.2007,0.7578,-3.78,4.03,-2.87,9.21,5.05,39.93
124.215738,-0.1260,0.2061,0.7568,-8.42,3.60,-3.11,9.09,5.14,39.89
124.246504,-0.1226,0.2158,0.7759,-11.54,1.89,-2.26,8.88,5.21,39.84
124.246504,-0.1143,0.2324,0.7949,-12.51,0.85,-2.14,8.63,5.23,39.81
124.306779,-0.0947,0.2275,0.8003,-12.88,1.53,-4.70,8.37,5.27,39.74
124.306779,-0.0918,0.2119,0.7891,-12.27,0.06,-4.52,8.11,5.31,39.66
124.335741,-0.0771,0.1987,0.7744,-14.22,0.55,-5.86,7.84,5.33,39.56
124.335741,-0.0723,0.1807,0.7900,-16.24,1.77,-8.18,7.53,5.38,39.42
124.365796,-0.0728,0.1616,0.8013,-18.49,2.38,-10.44,7.16,5.45,39.25
124.365796,-0.0732,0.1357,0.8091,-21.79,4.15,-12.76,6.74,5.55,39.02
124.426587,-0.0591,0.1284,0.8389,-24.35,5.92,-14.83,6.26,5.69,38.77
124.426587,-0.0322,0.1582,0.8730,-23.07,5.98,-19.04,5.75,5.86,38.45
124.455735,-0.0322,0.1460,0.8721,-19.71,2.08,-21.36,5.28,5.99,38.05
124.455735,-0.0376,0.1104,0.8638,-18.68,0.98,-25.09,4.87,6.06,37.60
124.485753,-0.0581,0.0815,0.8770,-18.01,0.43,-27.83,4.44,6.15,37.06
124.485753,-0.0796,0.0791,0.9028,-15.50,-5.37,-24.35,4.06,6.15,36.52
124.546493,-0.0879,0.0918,0.9038,-13.12,-8.06,-23.13,3.74,6.04,36.05
124.546493,-0.0620,0.1011,0.9312,-13.12,-7.08,-26.67,3.42,5.94,35.54
124.575827,-0.0464,0.0796,0.9541,-7.51,-13.12,-25.51,3.17,5.79,34.99
124.575827,-0.0547,0.0601,0.9370,-3.85,-17.52,-23.13,3.02,5.51,34.49
124.606748,-0.0986,0.0293,0.9097,-4.09,-13.92,-21.30,2.91,5.22,34.02
124.606748,-0.0942,0.0029,0.8862,-9.40,-3.48,-21.42,2.75,5.08,33.59
124.666522,-0.0942,-0.0190,0.9248,-15.20,2.38,-19.23,2.46,5.11,33.17
124.666522,-0.0737,0.0039,0.9795,-19.17,4.52,-17.82,2.09,5.21,32.82
124.695751,-0.0713,0.0645,1.0356,-15.87,0.43,-14.89,1.70,5.30,32.48
124.695751,-0.0474,0.0664,1.0391,-6.96,-7.93,-9.95,1.46,5.23,32.24
124.756554,-0.1152,0.0342,1.0249,-2.50,-13.49,-6.71,1.35,5.01,32.07
124.756554,-0.1650,-0.0430,0.9570,-3.91,-7.87,-3.66,1.30,4.78,31.96
124.785735,-0.1582,-0.0693,0.9507,-11.72,2.38,-1.10,1.14,4.74,31.92
124.785735,-0.0801,-0.0356,0.9932,-15.38,3.11,0.85,0.85,4.82,31.92
124.816522,-0.0425,0.0278,1.0220,-13.92,-7.51,4.09,0.55,4.78,31.97
124.816522,-0.0571,0.0576,1.0020,-12.02,-16.97,6.53,0.31,4.50,32.08
124.875743,-0.0781,0.0459,0.9893,-12.02,-15.62,5.55,0.07,4.16,32.19
124.875743,-0.0854,-0.0088,1.0078,-12.76,-11.78,5.00,-0.17,3.89,32.29
124.906949,-0.0981,-0.0098,1.0220,-12.02,-9.77,7.63,-0.41,3.68,32.41
124.906949,-0.0571,0.0010,1.0200,-10.62,-6.29,11.96,-0.63,3.52,32.61
124.936214,0.0332,0.0303,1.0415,-9.89,-5.68,10.13,-0.82,3.41,32.84
124.936214,0.0864,0.0781,1.0767,-2.69,-14.89,6.10,-0.95,3.21,33.00
124.996507,0.0269,0.0732,1.0771,9.46,-29.60,9.52,-0.88,2.75,33.15
124.996507,-0.0972,-0.0078,0.9956,14.40,-27.53,13.43,-0.60,2.13,33.38
125.025701,-0.1514,-0.0776,0.9180,4.52,-1.22,10.19,-0.40,1.83,33.62
125.025701,-0.0693,-0.0483,0.9409,-7.69,21.18,5.49,-0.44,2.08,33.78
125.056588,0.0684,0.0327,0.9966,-12.63,19.17,0.31,-0.66,2.52,33.84
125.056588,0.0918,0.0938,1.0518,-8.54,-4.39,-0.92,-0.88,2.69,33.82
125.116517,-0.0186,0.0898,1.0723,-0.37,-28.50,5.68,-0.96,2.31,33.87
125.116517,-0.1509,0.0493,1.0547,4.33,-28.75,10.56,-0.91,1.70,34.04
125.145820,-0.2212,-0.0386,1.0107,1.65,-8.36,12.51,-0.83,1.31,34.27
125.145820,-0.1699,-0.0830,0.9863,-7.26,15.38,14.28,-0.90,1.42,34.55
125.176469,-0.0078,-0.0308,1.0010,-16.72,23.80,11.60,-1.15,1.85,34.82
125.176469,0.0928,0.0645,1.0474,-16.42,12.63,8.12,-1.49,2.24,35.01
125.236926,0.1084,0.0835,1.0366,-8.00,-5.74,7.26,-1.72,2.29,35.17
125.236926,0.0830,0.0386,0.9878,-3.17,-17.58,4.09,-1.82,2.04,35.29
125.265730,0.0391,-0.0049,0.9644,-3.85,-22.46,0.24,-1.89,1.63,35.34
125.265730,0.0171,-0.0254,0.9624,-4.46,-24.78,-0.79,-1.97,1.15,35.33
125.296437,-0.0146,-0.0249,0.9751,-3.85,-28.38,2.56,-2.06,0.62,35.35
125.296437,-0.0488,-0.0190,0.9731,-3.11,-25.63,6.90,-2.13,0.07,35.45
125.356520,-0.0225,-0.0410,0.9502,-5.00,-18.68,8.42,-2.20,-0.37,35.62
125.356520,0.0034,-0.0610,0.9570,-9.70,-13.79,11.66,-2.37,-0.68,35.83
125.385684,0.0376,-0.0767,0.9736,-13.67,-12.08,15.01,-2.61,-0.93,36.11
125.385684,0.0459,-0.0791,1.0054,-18.19,-8.36,14.47,-2.94,-1.13,36.41
125.416973,0.0356,-0.0566,1.0356,-20.32,-3.66,12.88,-3.34,-1.24,36.69
125.416973,0.0552,-0.0161,1.0718,-17.09,-2.69,12.57,-3.73,-1.28,36.95
125.476491,0.0527,0.0122,1.1118,-11.47,-3.78,12.02,-4.03,-1.33,37.19
125.476491,0.0439,0.0063,1.1089,-1.34,-3.42,9.89,-4.14,-1.40,37.42
125.508754,0.0186,-0.0054,1.1006,7.14,-3.11,8.18,-4.09,-1.46,37.60
125.508754,-0.0005,-0.0234,1.0815,16.97,-4.15,7.93,-3.84,-1.53,37.77
125.538376,-0.0063,-0.0737,1.0674,17.40,-2.69,7.93,-3.49,-1.59,37.93
125.538376,-0.0264,-0.0815,1.0615,11.35,3.17,6.35,-3.21,-1.59,38.09
125.595743,0.0127,-0.0527,1.0747,4.21,11.47,0.79,-3.07,-1.42,38.14
125.595743,0.0234,-0.0605,1.0981,1.16,9.46,1.83,-3.02,-1.20,38.16
125.626448,0.0479,-0.0459,1.1138,-2.75,6.71,5.43,-3.05,-1.04,38.24
125.626448,0.0786,-0.0269,1.1318,-4.21,7.14,4.58,-3.13,-0.91,38.34
125.667945,0.0908,-0.0166,1.1401,-4.46,10.07,-0.55,-3.22,-0.73,38.38
125.667945,0.1094,-0.0132,1.1416,-5.00,10.31,-5.55,-3.31,-0.52,38.31
125.716558,0.1108,0.0078,1.1592,-3.23,5.55,-8.42,-3.39,-0.36,38.16
125.716558,0.1099,0.0249,1.1499,-0.43,1.40,-13.49,-3.41,-0.30,37.94
125.745724,0.0894,0.0278,1.1357,-0.55,-1.04,-19.59,-3.43,-0.31,37.60
125.745724,0.0327,0.0278,1.1348,2.93,-1.59,-22.83,-3.39,-0.36,37.18
125.776473,-0.0361,0.0049,1.1133,5.31,3.78,-22.34,-3.30,-0.36,36.72
125.776473,-0.0557,-0.0474,1.0718,3.85,13.49,-21.79,-3.18,-0.20,36.27
125.836494,-0.0361,-0.0889,1.0674,-3.78,20.32,-20.57,-3.16,0.14,35.83
125.836494,-0.0273,-0.0566,1.1118,-7.63,16.05,-11.84,-3.30,0.51,35.49
125.865724,0.0161,-0.0156,1.1323,-6.96,7.75,-3.17,-3.44,0.74,35.35
125.865724,0.0488,0.0103,1.1553,-2.69,-2.93,1.34,-3.55,0.78,35.34
125.896607,0.0264,0.0122,1.1616,3.23,-12.21,3.17,-3.54,0.62,35.39
125.896607,-0.0312,-0.0342,1.1265,5.92,-10.74,2.56,-3.43,0.37,35.47
125.956531,-0.0532,-0.0596,1.1040,1.71,-0.92,-0.18,-3.35,0.26,35.50
125.956531,-0.0469,-0.0645,1.0977,-2.20,3.97,-0.67,-3.36,0.31,35.49
125.986565,-0.0371,-0.0596,1.0991,-7.08,6.16,-1.46,-3.45,0.41,35.46
125.986565,-0.0405,-0.0493,1.1235,-10.38,4.94,0.18,-3.64,0.53,35.44
126.015726,-0.0591,0.0088,1.1919,-8.48,4.21,0.37,-3.83,0.62,35.45
126.015726,-0.1011,0.0049,1.2310,1.22,2.38,4.58,-3.91,0.68,35.50
126.076558,-0.0928,-0.0513,1.1992,6.16,5.68,2.69,-3.81,0.76,35.58
126.076558,-0.0801,-0.0669,1.2085,2.44,11.29,-2.26,-3.72,0.93,35.57
126.105962,-0.0474,-0.0366,1.2554,4.58,6.59,-2.08,-3.66,1.13,35.51
126.105962,-0.0264,-0.0220,1.2681,5.98,-2.50,0.31,-3.55,1.17,35.50
126.165788,-0.0122,-0.0127,1.2690,6.59,-12.27,2.26,-3.42,1.02,35.54
126.165788,-0.0669,0.0317,1.3159,6.90,-14.65,-1.65,-3.30,0.74,35.56
126.196472,-0.1426,-0.0088,1.3037,10.38,-12.57,0.79,-3.12,0.47,35.55
126.196472,-0.1631,-0.1152,1.2222,5.25,-8.30,9.22,-2.94,0.26,35.66
126.225637,-0.0923,-0.1675,1.1460,-11.54,0.73,11.29,-3.00,0.19,35.89
126.225637,-0.0063,-0.1660,1.1235,-31.43,7.14,7.75,-3.45,0.29,36.07
126.286524,0.0430,-0.1318,1.1616,-44.62,4.39,6.84,-4.24,0.43,36.22
126.286524,0.0908,0.0166,1.2646,-43.21,-1.10,0.61,-5.16,0.47,36.29
126.315677,0.0781,0.0728,1.3096,-23.68,-15.75,1.34,-5.84,0.32,36.30
126.315677,0.0767,-0.0464,1.2114,-2.20,-33.14,8.18,-6.06,-0.19,36.45
126.346448,0.0225,-0.2319,1.0566,-3.91,-32.04,7.57,-6.09,-0.86,36.67
126.346448,0.0034,-0.2910,0.9980,-17.09,-14.53,3.66,-6.31,-1.32,36.83
126.406812,0.0425,-0.2173,1.0298,-31.92,7.32,-2.08,-6.82,-1.36,36.84
126.406812,0.0688,-0.1313,1.0791,-35.22,20.51,-5.49,-7.49,-1.07,36.73
126.435636,0.1152,-0.0552,1.1050,-32.59,26.12,-10.25,-8.17,-0.62,36.54
126.435636,0.1382,0.0244,1.1562,-26.25,29.05,-22.28,-8.77,-0.08,36.13
126.466587,0.1206,0.0068,1.1719,-7.81,15.81,-22.95,-9.10,0.31,35.60
126.466587,0.0791,-0.0571,1.1289,8.54,2.08,-18.68,-9.07,0.41,35.17
126.525749,0.0332,-0.1040,1.0889,18.55,-0.24,-17.94,-8.78,0.37,34.82
126.525749,0.0005,-0.1113,1.0791,24.35,4.39,-19.10,-8.33,0.36,34.44
126.556600,0.0078,-0.0674,1.0986,28.14,8.06,-17.52,-7.81,0.45,34.06
126.556600,0.0020,-0.0386,1.1118,35.03,8.24,-14.71,-7.17,0.58,33.72
126.588879,0.0020,-0.0264,1.0903,39.49,9.52,-14.16,-6.41,0.74,33.43
126.588879,-0.0054,-0.0371,1.0361,42.60,9.40,-12.39,-5.58,0.90,33.15
126.647351,-0.0254,-0.0566,0.9878,42.36,9.52,-10.13,-4.73,1.08,32.91
126.647351,-0.0366,-0.0654,0.9443,40.83,9.64,-6.90,-3.89,1.26,32.73
126.684303,-0.0352,-0.0684,0.9233,34.79,13.61,-7.08,-3.14,1.48,32.59
126.684303,-0.0142,-0.0303,0.9385,29.97,14.28,-6.04,-2.50,1.77,32.45
126.712249,-0.0181,-0.0308,0.9409,28.93,7.51,-0.37,-1.91,1.99,32.38
126.712249,-0.0103,-0.0469,0.8960,23.80,6.65,-0.06,-1.38,2.12,32.39
126.766514,0.0005,-0.0620,0.8892,13.24,6.96,-4.21,-1.02,2.27,32.34
126.766514,-0.0151,-0.0449,0.9189,10.25,0.24,-1.22,-0.80,2.35,32.28
126.795728,-0.0830,-0.0347,0.9531,11.84,-5.62,6.29,-0.58,2.29,32.33
126.795728,-0.1167,-0.0366,0.9468,13.24,-1.04,11.72,-0.31,2.20,32.53
126.825776,-0.0967,-0.0181,0.9336,13.79,9.58,14.71,-0.04,2.29,32.79
126.825776,-0.0347,0.0073,0.9023,15.20,15.38,15.75,0.26,2.54,33.11
126.886562,-0.0166,0.0132,0.8877,16.42,14.10,17.76,0.59,2.85,33.45
126.886562,-0.0205,-0.0156,0.8608,20.87,8.30,24.78,0.99,3.04,33.90
126.915780,0.0054,-0.0508,0.7993,14.71,12.57,19.35,1.37,3.22,34.37
126.915780,0.0068,-0.0225,0.7847,7.45,17.82,12.82,1.60,3.52,34.69
126.946449,0.0439,0.0078,0.7690,4.70,19.29,7.45,1.72,3.88,34.92
126.946449,0.1392,0.0205,0.7134,-0.43,15.01,-1.34,1.78,4.24,35.01
127.006559,0.1221,0.0352,0.7231,-1.95,0.00,-3.78,1.74,4.40,34.94
127.006559,0.0293,0.0391,0.7476,3.05,-17.33,5.25,1.74,4.20,34.95
127.035976,-0.0166,0.0332,0.7339,2.32,-13.98,5.19,1.82,3.84,35.06
127.035976,-0.0288,0.0537,0.7339,-4.33,5.98,-4.70,1.80,3.77,35.06
127.067336,-0.0410,0.1143,0.8022,-5.86,13.98,-4.09,1.67,4.02,34.94
127.067336,-0.1240,0.1392,0.8335,4.82,10.38,11.35,1.66,4.25,35.05
127.127660,-0.1245,0.1265,0.7861,9.22,21.67,11.66,1.84,4.54,35.33
127.127660,-0.1421,0.1230,0.7759,8.00,35.95,5.55,2.02,5.13,35.52
127.155789,-0.0859,0.1499,0.7383,11.66,34.79,4.82,2.23,5.85,35.68
127.155789,-0.0479,0.1533,0.6919,12.45,21.67,1.89,2.48,6.42,35.78
127.186543,-0.0586,0.1094,0.6587,9.03,4.94,-1.22,2.72,6.67,35.80
127.186543,-0.0903,0.0742,0.6572,2.62,-5.31,-5.62,2.83,6.65,35.74
127.246487,-0.1553,0.0742,0.7056,-5.13,-9.95,-8.79,2.78,6.51,35.57
127.246487,-0.2119,0.1035,0.7534,-8.61,-10.99,-6.71,2.62,6.30,35.40
127.275686,-0.2339,0.0938,0.7725,-9.95,-5.62,-3.48,2.42,6.13,35.29
127.275686,-0.2134,0.0547,0.7612,-14.10,2.56,-2.75,2.18,6.11,35.23
127.306516,-0.1846,0.0439,0.7725,-17.33,7.75,-0.12,1.85,6.23,35.21
127.306516,-0.1465,0.0420,0.7793,-18.68,10.86,1.28,1.49,6.42,35.24
127.368504,-0.0942,0.0186,0.7808,-18.74,14.10,-1.04,1.13,6.67,35.26
127.368504,-0.0381,0.0483,0.7778,-17.52,14.77,-7.14,0.75,6.98,35.19
127.396919,0.0269,0.0454,0.7637,-14.89,7.39,-16.11,0.40,7.22,34.97
127.396919,0.0356,0.0308,0.7554,-12.08,-5.98,-23.38,0.08,7.25,34.56
127.425794,-0.0063,-0.0298,0.7578,-7.63,-17.03,-26.55,-0.16,7.01,34.05
127.425794,-0.0449,-0.0771,0.7798,-6.10,-22.03,-26.55,-0.35,6.62,33.50
127.486501,-0.0708,-0.0513,0.8364,-6.10,-21.67,-26.79,-0.53,6.19,32.96
127.486501,-0.0776,-0.0015,0.8813,-2.69,-14.83,-30.70,-0.68,5.83,32.38
127.518499,-0.0410,0.0430,0.8809,9.03,-14.10,-30.21,-0.68,5.56,31.76
127.518499,0.0083,0.0000,0.8096,21.18,-19.47,-28.02,-0.40,5.24,31.17
127.576615,0.0088,-0.0874,0.7461,23.62,-26.43,-26.61,0.02,4.79,30.61
127.576615,-0.0513,-0.1226,0.7466,16.60,-31.37,-23.19,0.39,4.21,30.10
127.605844,-0.1182,-0.0625,0.8042,9.89,-27.34,-19.90,0.64,3.63,29.65
127.605844,-0.1377,-0.0234,0.8857,4.27,-19.47,-15.44,0.74,3.18,29.28
127.636866,-0.1201,0.0005,0.9326,1.65,-14.47,-9.83,0.80,2.86,29.02
127.636866,-0.1162,0.0010,0.9468,1.22,-16.36,-3.17,0.82,2.57,28.88
127.696564,-0.0684,-0.0332,0.9106,-3.11,-18.74,1.77,0.80,2.21,28.87
127.696564,-0.0552,-0.0371,0.9360,-11.35,-18.62,4.15,0.65,1.83,28.91
127.735734,-0.0537,-0.0381,1.0054,-18.13,-17.09,9.22,0.35,1.47,29.04
127.735734,-0.0532,0.0337,1.0947,-21.24,-13.18,11.90,-0.05,1.17,29.25
127.755792,-0.0371,0.1362,1.1567,-15.14,-11.78,13.24,-0.43,0.92,29.49
127.755792,-0.0312,0.1216,1.1489,-2.62,-13.31,16.66,-0.59,0.67,29.79
127.816615,0.0210,0.0044,1.0601,2.01,-12.82,17.82,-0.58,0.40,30.15
127.816615,0.0532,-0.0879,0.9980,-8.00,-14.59,14.83,-0.63,0.13,30.47
127.845750,0.0391,-0.0107,1.0586,-19.84,-22.77,14.34,-0.93,-0.24,30.75
127.845750,-0.0161,0.1177,1.1455,-18.55,-29.17,19.29,-1.34,-0.78,31.08
127.876501,-0.0488,0.1230,1.1553,-12.33,-20.51,22.71,-1.65,-1.30,31.52
127.876501,0.0083,0.0454,1.1235,-13.92,-3.42,15.56,-1.92,-1.52,31.91
127.936839,0.0732,-0.0322,1.1094,-18.86,-0.85,9.22,-2.26,-1.52,32.15
127.936839,0.0469,-0.0430,1.1328,-21.36,-13.31,13.24,-2.69,-1.65,32.36
127.968668,-0.0024,-0.0229,1.1328,-18.80,-22.64,20.87,-3.10,-2.03,32.73
127.968668,-0.0352,0.0171,1.1411,-19.04,-14.59,19.90,-3.50,-2.41,33.16
127.998522,-0.0229,0.0269,1.1577,-15.50,-1.04,17.70,-3.87,-2.54,33.54
127.998522,0.0225,0.0171,1.1685,-12.63,6.71,17.58,-4.17,-2.44,33.89
128.056532,0.0786,-0.0225,1.1479,-9.22,5.19,20.02,-4.41,-2.29,34.27
128.056532,0.0967,-0.0679,1.1230,-9.52,1.95,21.24,-4.61,-2.20,34.68
128.085732,0.0825,-0.0513,1.1235,-9.16,1.10,21.48,-4.83,-2.15,35.11
128.085732,0.0659,-0.0225,1.1206,-5.55,5.19,21.24,-4.99,-2.07,35.53
128.116517,0.0923,-0.0112,1.1221,0.43,10.93,19.17,-5.06,-1.87,35.93
128.116517,0.1040,-0.0254,1.1045,6.23,13.85,17.70,-5.01,-1.59,36.28
128.175782,0.1094,-0.0576,1.0518,10.74,15.32,16.05,-4.84,-1.28,36.60
128.175782,0.1157,-0.0889,1.0137,8.54,16.97,12.39,-4.64,-0.93,36.86
128.206643,0.1099,-0.0757,1.0190,8.97,16.78,11.05,-4.48,-0.58,37.08
128.206643,0.0996,-0.0513,1.0273,9.34,20.39,6.04,-4.30,-0.20,37.24
128.236778,0.0864,-0.0396,1.0371,12.76,22.34,0.00,-4.08,0.24,37.28
128.236778,0.0640,-0.1069,1.0122,16.05,16.42,0.73,-3.78,0.64,37.25
128.296257,0.0474,-0.1582,0.9688,11.05,6.23,5.98,-3.50,0.85,37.32
128.296257,0.0410,-0.1440,0.9731,1.16,1.16,6.16,-3.39,0.92,37.45
128.325855,0.0063,-0.0693,1.0273,-5.00,2.99,0.85,-3.44,0.96,37.52
128.325855,-0.0210,-0.0181,1.0898,-3.23,2.99,-1.16,-3.53,1.02,37.51
128.355809,-0.0327,-0.0166,1.1045,0.73,0.98,-1.59,-3.55,1.07,37.48
128.355809,-0.0269,-0.0566,1.0840,2.62,-1.28,-3.05,-3.52,1.05,37.44
128.415911,-0.0527,-0.0947,1.0801,-2.69,-1.40,-2.62,-3.52,1.03,37.37
128.415911,-0.0547,-0.0620,1.1094,-4.39,-3.30,3.11,-3.60,0.98,37.38
128.445815,-0.0117,-0.0010,1.1382,-2.81,-2.56,2.81,-3.67,0.92,37.46
128.445815,0.0205,0.0093,1.1357,0.00,-2.56,-1.95,-3.70,0.88,37.47
128.475790,0.0278,-0.0244,1.1274,0.43,-7.45,-4.27,-3.69,0.78,37.40
128.475790,-0.0137,-0.0132,1.1475,-0.92,-12.57,-1.46,-3.69,0.58,37.34
128.536065,-0.0337,0.0166,1.1675,4.09,-15.32,4.46,-3.67,0.29,37.40
128.536065,-0.0259,-0.0068,1.1348,6.10,-9.70,3.54,-3.55,0.03,37.50
128.565938,-0.0190,-0.0039,1.1274,5.55,-2.20,-0.73,-3.43,-0.08,37.53
128.565938,-0.0254,0.0146,1.1279,6.23,2.08,-1.46,-3.32,-0.07,37.50
128.595866,-0.0127,0.0439,1.1304,9.89,3.97,-1.71,-3.16,0.00,37.47
128.595866,-0.0186,0.0098,1.0859,13.49,4.64,-0.98,-2.91,0.08,37.44
128.655789,-0.0083,-0.0317,1.0312,11.41,5.37,-0.55,-2.66,0.19,37.42
128.655789,0.0239,-0.0640,1.0073,6.10,3.23,-0.24,-2.48,0.28,37.41
128.686184,0.0415,-0.0713,0.9917,-2.20,-1.89,0.73,-2.44,0.30,37.42
128.686184,0.0210,-0.0308,1.0254,-6.71,-6.35,1.04,-2.55,0.21,37.44
128.715718,-0.0239,-0.0049,1.0498,-6.71,-5.55,1.16,-2.69,0.08,37.47
128.715718,-0.0229,0.0083,1.0781,-4.09,2.08,-2.20,-2.80,0.04,37.46
128.775768,-0.0063,-0.0010,1.0879,1.10,6.10,-3.36,-2.83,0.14,37.40
128.775768,0.0181,-0.0527,1.0596,5.37,4.88,-2.44,-2.75,0.26,37.34
128.805787,0.0078,-0.0991,1.0444,4.94,2.01,-1.34,-2.64,0.32,37.30
128.805787,-0.0044,-0.0977,1.0493,3.60,-1.71,2.26,-2.55,0.32,37.32
128.836051,0.0059,-0.0806,1.0547,3.42,-4.33,3.17,-2.49,0.26,37.38
128.836051,-0.0024,-0.0850,1.0386,3.54,-6.96,4.39,-2.42,0.15,37.45
128.895914,-0.0210,-0.0776,1.0337,2.69,-5.86,5.19,-2.36,0.02,37.56
128.895914,-0.0215,-0.0728,1.0229,3.30,0.00,0.85,-2.30,-0.04,37.63
128.925799,-0.0303,-0.0562,1.0376,4.27,5.37,-3.97,-2.23,0.03,37.58
128.925799,-0.0244,-0.0596,1.0225,10.07,2.87,0.55,-2.08,0.12,37.55
128.985813,0.0054,-0.0752,0.9844,12.08,0.67,4.52,-1.85,0.15,37.60
128.985813,0.0347,-0.0767,0.9487,11.11,1.10,5.49,-1.61,0.16,37.72
129.015806,0.0645,-0.0796,0.9292,4.64,4.88,0.12,-1.46,0.23,37.78
129.015806,0.0376,-0.0518,0.9600,-1.22,4.15,-2.44,-1.44,0.33,37.74
129.045788,0.0249,-0.0049,1.0010,0.00,-0.67,-0.67,-1.46,0.36,37.71
129.045788,0.0181,-0.0127,0.9897,4.33,-5.55,3.42,-1.42,0.30,37.74
129.105817,0.0151,-0.0527,0.9370,5.19,-4.33,4.64,-1.31,0.18,37.84
129.105817,0.0254,-0.0771,0.9058,-3.11,4.88,-1.77,-1.29,0.19,37.88
129.136108,0.0049,-0.0391,0.9624,-12.21,9.58,-10.38,-1.45,0.36,37.74
129.136108,-0.0210,0.0186,1.0254,-11.78,6.23,-7.69,-1.70,0.52,37.55
129.165751,-0.0239,0.0400,1.0312,-7.51,1.83,-2.62,-1.89,0.59,37.45
129.165751,-0.0264,0.0215,1.0269,-5.98,2.20,-1.22,-2.02,0.63,37.42
129.225719,-0.0625,0.0161,1.0444,-7.26,6.90,-3.91,-2.15,0.72,37.36
129.225719,-0.0654,0.0034,1.0239,-2.75,10.01,-0.12,-2.26,0.88,37.32
129.256123,-0.0254,0.0083,0.9800,-0.73,12.70,2.26,-2.29,1.12,37.35
129.256123,0.0024,0.0029,0.9673,-3.72,13.12,-0.18,-2.34,1.38,37.37
129.286071,-0.0024,0.0181,0.9810,-7.20,9.46,-1.28,-2.45,1.62,37.35
129.286071,-0.0156,0.0132,0.9893,-8.00,3.42,0.43,-2.61,1.74,37.34
129.346569,-0.0669,0.0449,1.0293,-10.25,-0.06,4.27,-2.80,1.77,37.38
129.346569,-0.0747,0.0640,1.0293,-2.32,1.46,8.24,-2.93,1.78,37.52
129.375732,-0.0229,0.0381,0.9644,0.85,8.61,5.19,-2.93,1.89,37.66
129.375732,0.0151,0.0308,0.9463,0.92,11.78,-1.16,-2.91,2.11,37.69
129.406558,0.0151,0.0527,0.9702,0.92,7.32,-4.09,-2.89,2.31,37.63
129.406558,-0.0034,0.0781,1.0142,4.39,-2.01,-0.85,-2.85,2.36,37.57
129.466580,-0.0659,-0.0142,1.0039,16.78,-10.07,7.75,-2.66,2.24,37.63
129.466580,-0.0469,0.0269,0.9189,3.48,-6.65,9.16,-2.38,2.04,37.84
129.495738,-0.0195,0.0195,0.9541,-3.97,3.85,1.04,-2.42,2.03,37.94
129.495738,-0.0176,0.0000,0.9595,-3.85,4.70,-0.61,-2.50,2.14,37.94
129.528489,0.0073,0.0161,0.9902,-5.92,1.95,-1.28,-2.60,2.20,37.92
129.528489,-0.0229,0.0068,1.0132,-2.69,-0.24,-0.49,-2.70,2.21,37.90
129.585834,-0.0347,-0.0161,0.9907,-2.44,-0.55,0.43,-2.73,2.20,37.90
129.585834,-0.0342,-0.0469,0.9956,-5.49,0.12,0.24,-2.82,2.20,37.91
129.616510,-0.0693,0.0947,1.4858,75.44,-17.88,11.54,-2.57,2.10,37.96
129.616510,-0.0513,0.0620,1.1343,49.01,-10.19,12.21,-1.19,1.76,38.29
129.645761,-0.0332,0.0210,1.0742,31.01,2.08,1.71,-0.42,1.73,38.41
129.645761,-0.0244,0.0249,1.0312,21.67,3.60,-0.43,0.09,1.80,38.41
129.706546,-0.0190,0.0117,0.9937,17.27,0.79,1.89,0.44,1.85,38.43
129.706546,-0.0078,0.0186,0.9771,19.71,-4.15,1.95,0.80,1.81,38.48
129.737203,-0.0259,0.0869,1.0083,20.63,-6.23,0.92,1.21,1.70,38.50
129.737203,-0.0513,0.0679,1.0205,17.52,-5.07,0.55,1.59,1.59,38.52
129.782041,0.0010,0.0356,1.0034,22.16,-8.73,-16.85,2.02,1.42,38.35
129.782041,-0.0332,0.0620,1.0210,10.74,-2.20,-7.39,2.29,1.37,38.10
129.826614,-0.0117,-0.0229,0.9902,18.13,0.73,-8.67,2.60,1.34,37.95
129.826614,-0.0010,0.0635,1.0176,19.71,1.04,-8.91,2.96,1.39,37.77
129.855770,0.0146,0.3594,0.8594,-22.16,-1.10,-9.64,3.11,1.40,37.58
129.855770,-0.0117,0.0845,1.1128,-25.45,4.03,-6.65,2.49,1.46,37.42
129.886509,-0.0264,0.1016,1.0151,-19.78,-0.43,-2.14,2.17,1.47,37.33
129.886509,-0.0103,-0.0146,1.0215,-13.67,1.95,-0.06,1.68,1.49,37.29
129.946602,-0.0195,0.1006,0.9985,-8.36,-0.37,0.61,1.58,1.51,37.34
129.946602,-0.0190,0.0132,1.0059,-11.60,0.92,-0.12,1.26,1.52,37.32
129.975773,-0.0186,0.0381,1.0029,6.77,-0.24,0.55,1.26,1.52,37.33
129.975773,-0.0205,0.0430,1.0024,7.14,-0.31,0.12,1.40,1.52,37.34
130.006465,-0.0205,0.0537,1.0103,16.54,-1.04,0.49,1.65,1.51,37.35
130.006465,-0.0146,0.0903,0.9941,7.63,-0.43,0.37,1.91,1.48,37.36
130.066596,-0.0176,0.0815,0.9976,-2.93,0.12,-0.06,1.94,1.48,37.36
130.066596,-0.0161,0.0752,1.0000,-10.44,0.79,-0.06,1.80,1.49,37.36
130.095814,-0.0205,0.0444,1.0044,-8.79,0.55,0.06,1.59,1.51,37.37
130.095814,-0.0195,0.0459,1.0039,-2.87,0.06,-0.06,1.48,1.52,37.38
130.126538,-0.0195,0.0479,1.0034,0.67,-0.06,0.00,1.46,1.52,37.38
130.126538,-0.0186,0.0508,1.0039,3.30,-0.18,0.00,1.51,1.52,37.38
130.186572,-0.0186,0.0542,1.0024,5.37,-0.31,0.00,1.60,1.52,37.38
130.186572,-0.0176,0.0630,1.0020,5.31,-0.24,0.00,1.71,1.51,37.38
130.215970,-0.0181,0.0732,0.9985,1.04,-0.06,0.00,1.78,1.51,37.38
130.215970,-0.0176,0.0679,1.0010,-3.54,0.18,-0.06,1.75,1.51,37.38
130.276618,-0.0181,0.0601,1.0020,-5.55,0.31,-0.12,1.65,1.52,37.39
130.276618,-0.0195,0.0503,1.0010,-2.69,0.12,-0.06,1.56,1.52,37.39
130.305862,-0.0176,0.0527,1.0039,0.24,0.00,0.00,1.54,1.52,37.39
130.305862,-0.0186,0.0542,1.0034,2.20,-0.12,0.00,1.57,1.52,37.39
130.338842,-0.0176,0.0576,1.0015,2.75,-0.12,0.00,1.63,1.52,37.39
130.338842,-0.0181,0.0605,1.0005,2.56,-0.18,0.00,1.68,1.52,37.39
130.396631,-0.0171,0.0645,1.0000,0.55,0.00,-0.12,1.71,1.52,37.39
130.396631,-0.0181,0.0640,1.0000,-1.65,0.12,-0.06,1.70,1.52,37.39
130.425755,-0.0176,0.0591,1.0020,-2.81,0.18,-0.06,1.65,1.53,37.39
130.425755,-0.0186,0.0537,1.0020,-1.59,0.06,-0.06,1.60,1.53,37.39
130.456600,-0.0186,0.0547,1.0024,0.31,0.00,0.00,1.59,1.53,37.39
130.456600,-0.0176,0.0562,1.0034,1.34,-0.06,0.00,1.61,1.53,37.40
130.516559,-0.0181,0.0586,1.0024,1.65,-0.06,0.00,1.64,1.53,37.40
130.516559,-0.0181,0.0601,1.0020,1.04,0.00,-0.06,1.68,1.53,37.40
130.546897,-0.0181,0.0615,1.0020,0.00,0.00,0.00,1.68,1.53,37.40
130.546897,-0.0186,0.0605,1.0024,-1.04,0.06,-0.06,1.67,1.53,37.40
130.575806,-0.0181,0.0591,1.0034,-1.59,0.12,-0.12,1.64,1.54,37.40
130.575806,-0.0181,0.0557,1.0024,-0.79,0.06,0.00,1.62,1.54,37.40
130.636859,-0.0176,0.0562,1.0024,0.43,0.00,-0.06,1.61,1.54,37.40
130.636859,-0.0190,0.0571,1.0010,0.98,-0.06,-0.06,1.63,1.54,37.40
130.665818,-0.0186,0.0601,1.0005,0.92,0.00,0.00,1.65,1.54,37.41
130.665818,-0.0181,0.0605,1.0010,0.31,0.00,-0.06,1.66,1.54,37.41
130.698515,-0.0171,0.0596,1.0005,-0.31,0.00,-0.06,1.67,1.54,37.41
130.698515,-0.0190,0.0596,1.0020,-0.79,0.00,-0.06,1.66,1.54,37.41
130.756638,-0.0186,0.0571,1.0015,-0.61,0.12,0.00,1.64,1.55,37.41
130.756638,-0.0186,0.0571,1.0024,-0.18,0.00,0.00,1.63,1.55,37.41
130.795716,-0.0186,0.0566,1.0029,0.43,0.00,0.00,1.64,1.55,37.42
130.795716,-0.0186,0.0576,1.0024,0.67,-0.06,-0.06,1.65,1.55,37.42
130.815753,-0.0186,0.0596,1.0024,0.49,-0.06,-0.06,1.66,1.55,37.42
130.815753,-0.0181,0.0596,1.0020,0.00,-0.06,-0.06,1.67,1.55,37.42
130.876602,-0.0186,0.0596,1.0020,-0.37,0.00,0.00,1.66,1.55,37.42
130.876602,-0.0181,0.0591,1.0020,-0.49,0.00,-0.06,1.65,1.55,37.42
130.905780,-0.0181,0.0581,1.0010,-0.37,0.00,0.00,1.65,1.55,37.42
130.905780,-0.0186,0.0581,1.0020,0.06,-0.06,-0.06,1.64,1.55,37.42
130.936817,-0.0181,0.0586,1.0020,0.37,-0.06,-0.12,1.65,1.55,37.42
130.936817,-0.0181,0.0591,1.0000,0.43,0.00,-0.06,1.70,1.61,37.42
130.996589,-0.0176,0.0596,1.0010,0.12,0.00,0.00,1.71,1.63,37.43
130.996589,-0.0181,0.0581,1.0020,-0.12,0.00,-0.06,1.72,1.64,37.43
131.025833,-0.0176,0.0591,1.0015,-0.24,0.00,0.00,1.73,1.65,37.43
131.025833,-0.0171,0.0571,1.0015,-0.18,0.06,0.00,1.74,1.65,37.43
131.056533,-0.0176,0.0591,1.0005,0.06,0.06,-0.06,1.74,1.66,37.44
131.056533,-0.0200,0.0576,1.0010,0.06,0.18,-0.12,1.74,1.66,37.44
131.116747,-0.0176,0.0591,1.0010,0.31,0.06,-0.06,1.74,1.66,37.44
131.116747,-0.0176,0.0576,1.0024,0.18,-0.06,-0.12,1.74,1.66,37.44
131.207486,-0.0186,0.0596,1.0024,-0.18,-0.06,-0.12,1.75,1.67,37.44
131.207486,-0.0195,0.0586,1.0029,-0.12,0.00,0.00,1.75,1.67,37.44
131.207529,-0.0181,0.0581,1.0020,-0.31,0.00,-0.12,1.75,1.67,37.44
131.207529,-0.0190,0.0581,1.0020,-0.06,0.00,0.00,1.75,1.67,37.44
131.266802,-0.0186,0.0576,1.0020,0.00,0.00,0.00,1.75,1.67,37.44
131.266802,-0.0190,0.0581,1.0015,0.12,0.00,0.00,1.75,1.68,37.45
131.268494,-0.0186,0.0581,1.0024,0.12,0.00,0.00,1.75,1.68,37.45
131.268494,-0.0190,0.0596,1.0029,0.00,0.00,0.00,1.75,1.68,37.45
131.298342,-0.0176,0.0591,1.0015,-0.12,0.00,0.00,1.75,1.68,37.45
131.298342,-0.0176,0.0586,1.0015,-0.18,0.00,0.00,1.75,1.68,37.45
131.355782,-0.0190,0.0581,1.0020,-0.12,0.00,0.00,1.75,1.68,37.45
131.355782,-0.0190,0.0586,1.0024,0.06,0.00,0.00,1.75,1.68,37.45
131.386565,-0.0181,0.0586,1.0024,0.12,0.00,-0.06,1.76,1.68,37.45
131.386565,-0.0181,0.0596,1.0020,0.12,0.00,0.00,1.76,1.68,37.45
131.415780,-0.0181,0.0576,1.0015,0.00,0.00,-0.06,1.76,1.68,37.45
131.415780,-0.0186,0.0591,1.0020,0.00,0.00,0.00,1.76,1.68,37.46
131.476776,-0.0181,0.0591,1.0024,-0.06,0.00,0.00,1.76,1.68,37.46
131.476776,-0.0181,0.0581,1.0024,-0.06,0.00,0.00,1.76,1.69,37.46
131.505691,-0.0186,0.0581,1.0034,0.00,0.00,-0.06,1.76,1.69,37.46
131.505691,-0.0181,0.0586,1.0015,0.00,0.00,-0.06,1.76,1.69,37.46
131.536082,-0.0181,0.0586,1.0024,0.12,0.00,0.00,1.76,1.69,37.46
131.536082,-0.0176,0.0576,1.0024,0.12,0.00,-0.06,1.76,1.69,37.46
131.596661,-0.0176,0.0591,1.0015,0.06,0.06,-0.06,1.77,1.70,43.88
131.596661,-0.0176,0.0601,1.0029,0.00,0.00,-0.06,1.77,1.70,43.88
131.625935,-0.0186,0.0586,1.0024,0.00,0.00,-0.06,1.90,1.74,43.93
131.625935,-0.0186,0.0581,1.0015,-0.06,0.00,-0.12,1.90,1.80,43.95
131.656730,-0.0186,0.0591,1.0020,0.00,0.00,0.00,1.90,1.82,43.96
131.656730,-0.0181,0.0581,1.0010,0.06,0.00,-0.12,1.90,1.83,43.96
131.762488,-0.0171,0.0591,1.0020,-0.06,0.00,0.00,1.91,1.83,43.97
131.762488,-0.0181,0.0581,1.0005,-0.12,-0.06,0.00,1.91,1.83,43.97
131.762537,-0.0171,0.0586,1.0010,-0.06,0.00,0.00,1.91,1.82,43.97
131.762537,-0.0190,0.0581,1.0029,-0.06,-0.06,0.00,1.91,1.82,43.97
131.805802,-0.0176,0.0581,1.0020,-0.06,0.00,0.00,1.91,1.82,43.97
131.805802,-0.0181,0.0581,1.0020,0.00,0.00,0.00,1.90,1.82,43.98
131.837567,-0.0181,0.0581,1.0015,0.06,0.00,0.00,1.90,1.82,43.98
131.837567,-0.0186,0.0596,1.0024,0.06,0.00,0.00,1.90,1.82,43.98
131.865686,-0.0186,0.0586,1.0024,0.00,0.00,-0.06,1.90,1.82,43.98
131.865686,-0.0186,0.0586,1.0015,-0.06,0.00,0.00,1.90,1.82,43.98
131.926659,-0.0181,0.0586,1.0015,-0.06,0.00,0.00,1.90,1.82,43.98
131.926659,-0.0186,0.0586,1.0010,0.00,0.00,0.00,1.91,1.82,43.99
131.955863,-0.0176,0.0591,1.0010,-0.06,0.06,0.00,1.91,1.82,43.99
131.955863,-0.0181,0.0581,1.0000,0.00,0.00,0.00,1.91,1.82,43.99
131.986655,-0.0186,0.0586,1.0020,0.00,-0.06,-0.06,1.91,1.83,43.99
131.986655,-0.0190,0.0581,1.0020,0.06,0.00,0.00,1.91,1.83,43.99
132.045855,-0.0186,0.0586,1.0020,0.00,0.06,0.00,1.91,1.83,43.99
132.045855,-0.0186,0.0581,1.0020,-0.06,0.00,0.00,1.90,1.83,43.99
132.076664,-0.0171,0.0576,1.0015,0.00,0.00,-0.06,1.90,1.83,43.99
132.076664,-0.0181,0.0581,1.0015,0.00,-0.06,-0.06,1.90,1.83,43.99
132.105777,-0.0176,0.0591,1.0024,0.00,0.00,-0.12,1.90,1.83,43.99
132.105777,-0.0186,0.0576,1.0029,0.00,0.00,-0.12,1.90,1.83,44.00
132.167076,-0.0176,0.0591,1.0024,0.00,0.00,0.00,1.90,1.83,44.00
132.167076,-0.0166,0.0576,1.0024,0.06,0.00,0.00,1.90,1.83,44.00
132.195808,-0.0171,0.0581,1.0015,-0.12,0.00,-0.06,1.90,1.82,44.00
132.195808,-0.0186,0.0586,1.0020,0.00,-0.06,0.00,1.90,1.82,44.00
132.226516,-0.0190,0.0581,1.0020,0.00,0.00,0.00,1.90,1.82,44.00
132.226516,-0.0181,0.0586,1.0015,0.00,0.00,0.00,1.90,1.82,44.00
132.286675,-0.0181,0.0576,1.0020,0.06,0.00,0.00,1.90,1.82,44.00
132.286675,-0.0176,0.0596,1.0020,0.00,0.00,-0.06,1.90,1.82,44.00
132.315801,-0.0181,0.0586,1.0024,0.06,0.00,0.00,1.90,1.82,44.00
132.315801,-0.0171,0.0586,1.0024,0.00,0.00,-0.06,1.90,1.82,44.00
132.346669,-0.0181,0.0581,1.0020,0.00,0.00,-0.06,1.90,1.82,44.01
132.346669,-0.0171,0.0576,1.0034,0.00,0.00,-0.06,1.90,1.82,44.01
132.406655,-0.0181,0.0581,1.0024,0.00,0.00,-0.12,1.90,1.82,44.01
132.406655,-0.0181,0.0576,1.0024,0.06,0.00,0.00,1.90,1.82,44.01
132.436068,-0.0181,0.0586,1.0015,0.00,0.00,-0.06,1.90,1.82,44.01
132.436068,-0.0186,0.0596,1.0020,0.00,0.00,-0.06,1.90,1.82,44.01
132.504029,-0.0186,0.0581,1.0020,0.00,0.00,0.00,1.90,1.82,44.01
132.504029,-0.0181,0.0596,1.0020,0.00,0.00,0.00,1.90,1.82,44.01
132.527216,-0.0181,0.0596,1.0029,0.00,0.00,0.00,1.90,1.82,44.01
132.527216,-0.0186,0.0576,1.0015,0.00,0.00,0.00,1.90,1.82,44.01
132.557315,-0.0181,0.0581,1.0024,0.00,0.00,0.00,1.90,1.82,44.01
132.557315,-0.0176,0.0586,1.0024,0.00,0.00,0.00,1.90,1.82,44.01
132.588054,-0.0181,0.0586,1.0024,0.00,0.00,0.00,1.90,1.82,44.01
132.588054,-0.0186,0.0586,1.0010,0.00,0.00,-0.06,1.90,1.82,44.01
132.647550,-0.0176,0.0586,1.0029,0.00,0.00,-0.06,1.90,1.82,44.01
132.647550,-0.0181,0.0581,1.0020,0.00,0.00,0.00,1.90,1.82,44.01
132.676486,-0.0186,0.0586,1.0029,0.00,0.00,0.00,1.90,1.82,44.01
132.676486,-0.0181,0.0581,1.0029,0.00,0.00,0.00,1.90,1.82,44.01
132.706052,-0.0176,0.0581,1.0020,0.00,0.00,0.00,1.90,1.82,44.01
132.706052,-0.0181,0.0586,1.0024,0.00,0.00,-0.06,1.90,1.82,44.01
132.766817,-0.0186,0.0581,1.0015,0.00,0.00,-0.06,1.90,1.82,44.01
132.766817,-0.0181,0.0586,1.0020,0.00,0.00,0.00,1.90,1.82,44.01
132.809705,-0.0181,0.0586,1.0020,0.00,0.00,-0.06,1.90,1.82,44.01
132.809705,-0.0186,0.0591,1.0029,0.00,0.00,-0.06,1.90,1.82,44.01
132.826094,-0.0186,0.0586,1.0029,0.00,0.00,-0.06,1.90,1.82,44.01
132.826094,-0.0181,0.0581,1.0020,0.00,0.06,-0.06,1.90,1.82,44.01
132.888096,-0.0186,0.0581,1.0024,0.00,0.00,-0.06,1.90,1.82,44.01
132.888096,-0.0186,0.0576,1.0015,0.00,0.00,-0.12,1.90,1.82,44.01
132.916219,-0.0176,0.0586,1.0029,0.00,0.00,-0.12,1.90,1.82,44.01
132.916219,-0.0176,0.0586,1.0015,0.00,0.00,0.00,1.90,1.82,44.01
132.946817,-0.0190,0.0586,1.0015,0.00,0.00,-0.12,1.90,1.82,44.01
132.946817,-0.0181,0.0591,1.0029,0.00,0.00,-0.12,1.90,1.82,44.01
133.007128,-0.0186,0.0586,1.0024,0.00,0.00,0.00,1.90,1.82,44.01
133.007128,-0.0190,0.0591,1.0020,0.00,0.00,-0.06,1.90,1.82,44.01
133.035897,-0.0181,0.0586,1.0020,0.00,0.00,0.00,1.90,1.82,44.01
133.035897,-0.0186,0.0591,1.0029,0.00,0.00,-0.06,1.90,1.82,44.01
133.066126,-0.0181,0.0581,1.0024,0.00,0.00,-0.06,1.90,1.82,44.01
133.066126,-0.0176,0.0581,1.0020,0.00,0.00,-0.06,1.90,1.82,44.01
133.127080,-0.0176,0.0586,1.0029,0.00,0.00,-0.06,1.90,1.82,44.01
133.127080,-0.0181,0.0586,1.0020,0.00,0.00,-0.06,1.90,1.82,44.01
133.156225,-0.0186,0.0586,1.0020,-0.06,0.00,0.00,1.90,1.82,44.01
133.156225,-0.0186,0.0586,1.0015,0.00,0.00,-0.12,1.90,1.82,44.01
133.218559,-0.0186,0.0586,1.0020,0.00,-0.06,-0.12,1.90,1.82,44.01
133.218559,-0.0186,0.0591,1.0024,0.00,0.00,0.00,1.90,1.82,44.02
133.246510,-0.0181,0.0586,1.0024,0.00,0.00,-0.06,1.90,1.82,44.02
133.246510,-0.0181,0.0581,1.0015,0.00,0.00,-0.12,1.90,1.82,44.02
133.275747,-0.0176,0.0581,1.0029,0.00,0.00,-0.06,1.90,1.82,44.02
133.275747,-0.0186,0.0581,1.0024,0.00,0.00,-0.06,1.90,1.82,44.02
133.336673,-0.0190,0.0576,1.0015,0.00,0.00,0.00,1.90,1.82,44.02
133.336673,-0.0190,0.0586,1.0015,0.00,0.00,-0.06,1.90,1.82,44.02
133.366989,-0.0186,0.0586,1.0015,0.00,0.00,-0.06,1.90,1.82,44.02
133.366989,-0.0181,0.0586,1.0034,0.00,0.00,-0.12,1.90,1.82,44.02
133.398522,-0.0181,0.0581,1.0034,0.00,0.00,-0.06,1.90,1.82,44.02
133.398522,-0.0186,0.0581,1.0020,0.00,0.06,-0.12,1.90,1.82,44.02
133.456702,-0.0181,0.0586,1.0029,0.00,0.06,-0.06,1.90,1.82,44.02
133.456702,-0.0186,0.0586,0.9995,0.06,0.12,-0.06,1.90,1.82,44.02
133.486198,-0.0181,0.0591,0.9976,0.00,0.06,0.00,1.90,1.82,44.02
133.486198,-0.0181,0.0586,1.0010,0.00,0.00,0.00,1.90,1.82,44.02
133.515920,-0.0186,0.0591,1.0015,-0.12,0.00,-0.06,1.90,1.82,44.02
133.515920,-0.0186,0.0586,1.0015,0.00,0.00,0.00,1.90,1.82,44.02
