t,ax,ay,az,gx,gy,gz,wx,wy,wz
0.017745,0.0361,0.4443,0.8989,-3.42,4.33,-0.24,-1.46,0.78,0.00
0.017745,0.0371,0.4404,0.9023,1.10,3.17,0.24,-1.46,0.78,0.00
0.045927,0.0410,0.4390,0.9014,1.22,3.85,-0.06,-1.46,0.78,0.00
0.045927,0.0371,0.4463,0.8994,3.05,2.99,0.00,-1.46,0.78,0.00
0.076134,0.0396,0.4438,0.8945,1.34,2.56,-0.18,-1.46,0.78,0.00
0.076134,0.0410,0.4429,0.8965,0.92,2.93,-0.55,-1.46,0.78,0.00
0.136218,0.0361,0.4419,0.8984,1.28,4.09,-0.98,-1.46,0.78,0.00
0.136218,0.0356,0.4404,0.8975,3.23,5.68,-1.10,-1.46,0.78,0.00
0.165825,0.0283,0.4507,0.8955,1.46,4.33,-1.40,-1.46,0.78,0.00
0.165825,0.0298,0.4473,0.8945,0.18,1.16,-0.49,-1.46,0.78,0.00
0.227072,0.0322,0.4409,0.8955,-1.46,1.46,-0.61,-1.46,0.78,0.00
0.227072,0.0283,0.4380,0.9038,-1.28,1.65,-0.79,-1.46,0.78,0.00
0.256169,0.0356,0.4346,0.9038,-0.06,1.65,-1.71,-1.46,0.78,0.00
0.256169,0.0332,0.4385,0.8984,-0.67,2.38,-2.99,-1.46,0.78,0.00
0.304380,0.0269,0.4438,0.8945,0.67,3.48,-3.36,-1.46,0.78,0.00
0.304380,0.0210,0.4492,0.8945,0.67,4.76,-3.42,-1.46,0.78,0.00
0.347160,0.0229,0.4497,0.8911,0.67,4.88,-3.54,-1.46,0.78,0.00
0.347160,0.0229,0.4497,0.8843,1.59,4.70,-3.60,-1.46,0.78,0.00
0.377292,0.0161,0.4536,0.8857,0.55,4.39,-3.17,-1.46,0.78,0.00
0.377292,0.0073,0.4546,0.8901,-0.73,2.99,-2.32,-1.46,0.78,0.00
0.405823,0.0107,0.4512,0.8945,-2.87,1.40,-1.71,-1.46,0.78,0.00
0.405823,0.0137,0.4478,0.9023,-3.66,1.89,-1.53,-1.46,0.78,0.00
0.465963,0.0142,0.4434,0.9023,-3.05,1.77,-1.53,-1.46,0.78,0.00
0.465963,0.0107,0.4434,0.9058,-4.15,1.59,-1.89,-1.46,0.78,0.00
0.495819,0.0073,0.4409,0.9028,-2.81,0.37,-1.22,-1.46,0.78,0.00
0.495819,0.0117,0.4360,0.8989,-1.59,0.85,-1.28,-1.46,0.78,0.00
0.526140,0.0078,0.4390,0.8984,-1.34,1.04,-1.71,-1.46,0.78,0.00
0.526140,0.0039,0.4434,0.8984,-1.10,0.85,-1.71,-1.46,0.78,0.00
0.585911,0.0020,0.4463,0.8940,-1.53,0.73,-1.46,-1.46,0.78,0.00
0.585911,0.0039,0.4492,0.8965,-0.31,0.37,-0.85,-1.46,0.78,0.00
0.616921,0.0078,0.4429,0.8950,-0.73,0.61,-0.67,-1.46,0.78,0.00
0.616921,0.0059,0.4453,0.8975,-0.98,0.49,-0.24,-1.46,0.78,0.00
0.645821,0.0103,0.4414,0.8960,-1.22,0.00,0.12,-1.46,0.78,0.00
0.645821,0.0112,0.4385,0.9009,-1.65,0.37,-0.06,-1.46,0.78,0.00
0.706916,0.0171,0.4321,0.8979,-0.12,0.37,-0.55,-1.46,0.78,0.00
0.706916,0.0127,0.4331,0.9014,-1.22,0.18,-1.46,-1.46,0.78,0.00
0.735884,0.0054,0.4355,0.8994,-1.40,-0.06,-1.34,-1.46,0.78,0.00
0.735884,0.0093,0.4331,0.8984,-0.85,0.18,-1.22,-1.46,0.78,0.00
0.765919,0.0083,0.4326,0.9023,-1.46,0.55,-1.53,-1.46,0.78,0.00
0.765919,0.0063,0.4346,0.9019,-1.10,0.00,-1.28,-1.46,0.78,0.00
0.825947,0.0063,0.4346,0.9077,-1.34,0.06,-1.28,-1.46,0.78,0.00
0.825947,0.0049,0.4360,0.9067,-1.22,0.12,-1.40,-1.46,0.78,0.00
0.855905,0.0029,0.4370,0.9043,-1.10,0.55,-1.53,-1.46,0.78,0.00
0.855905,-0.0044,0.4438,0.9067,-1.65,0.43,-1.04,-1.46,0.78,0.00
0.885867,-0.0020,0.4424,0.9043,-1.53,-0.12,-0.12,-1.46,0.78,0.00
0.885867,0.0024,0.4414,0.9014,-2.62,0.00,0.00,-1.46,0.78,0.00
0.945916,0.0073,0.4355,0.8984,-2.81,0.24,0.00,-1.46,0.78,0.00
0.945916,0.0112,0.4282,0.8979,-3.97,0.67,-0.49,-1.46,0.78,0.00
0.976212,0.0122,0.4233,0.8999,-4.15,0.73,-1.10,-1.46,0.78,0.00
0.976212,0.0078,0.4224,0.9102,-3.85,0.18,-1.71,-1.46,0.78,0.00
1.005937,0.0112,0.4185,0.9111,-1.89,-1.34,-2.32,-1.46,0.78,0.00
1.005937,0.0107,0.4204,0.9150,-1.04,-1.59,-3.17,-1.46,0.78,0.00
1.065875,0.0000,0.4316,0.9180,-0.85,-1.22,-2.69,-1.46,0.78,0.00
1.065875,-0.0063,0.4370,0.9087,0.00,-1.65,-1.10,-1.46,0.78,0.00
1.095876,-0.0005,0.4331,0.9033,-0.73,-1.95,-0.06,-1.46,0.78,0.00
1.095876,0.0073,0.4258,0.9009,-0.12,-2.14,-0.31,-1.46,0.78,0.00
1.126965,0.0088,0.4253,0.9009,0.85,-1.04,-1.16,-1.46,0.78,0.00
1.126965,-0.0005,0.4341,0.9033,1.22,-0.73,-0.92,-1.46,0.78,0.00
1.185782,-0.0020,0.4385,0.9019,2.01,-0.31,0.43,-1.46,0.78,0.00
1.185782,0.0005,0.4395,0.9048,0.92,-0.67,1.34,-1.46,0.78,0.00
1.215929,0.0078,0.4321,0.9028,-0.55,-1.10,1.46,-1.46,0.78,0.00
1.215929,0.0107,0.4233,0.9009,-0.43,-0.61,0.98,-1.46,0.78,0.00
1.245900,0.0112,0.4224,0.9009,0.73,0.12,0.24,-1.46,0.78,0.00
1.245900,0.0078,0.4263,0.9062,1.04,0.43,0.79,-1.46,0.78,0.00
1.305864,0.0107,0.4272,0.9121,0.31,0.00,0.79,-1.46,0.78,0.00
1.305864,0.0151,0.4282,0.9126,0.31,-0.06,0.37,-1.46,0.78,0.00
1.335863,0.0117,0.4282,0.9062,0.37,0.24,0.00,-1.46,0.78,0.00
1.335863,0.0054,0.4282,0.9053,0.12,0.37,0.00,-1.46,0.78,0.00
1.365907,0.0054,0.4287,0.8960,0.55,0.31,0.24,-1.46,0.78,0.00
1.365907,0.0083,0.4297,0.8931,-0.24,0.79,0.18,-1.46,0.78,0.00
1.425849,0.0103,0.4292,0.8975,-1.16,0.43,0.00,-1.46,0.78,0.00
1.425849,0.0103,0.4282,0.9028,-1.59,0.55,-0.55,-1.46,0.78,0.00
1.455893,0.0059,0.4302,0.9033,-0.85,1.22,-0.55,-1.46,0.78,0.00
1.455893,-0.0005,0.4336,0.9014,0.61,1.65,0.37,-1.46,0.78,0.00
1.485882,0.0015,0.4326,0.9009,-0.55,0.92,0.92,-1.46,0.78,0.00
1.485882,0.0063,0.4263,0.9014,-1.53,0.98,0.55,-1.46,0.78,0.00
1.545834,0.0034,0.4292,0.9077,-1.34,2.08,0.24,-1.46,0.78,0.00
1.545834,0.0000,0.4336,0.9106,0.37,0.92,0.92,-1.46,0.78,0.00
1.576165,0.0093,0.4282,0.9102,-0.43,0.06,0.73,-1.46,0.78,0.00
1.576165,0.0073,0.4282,0.9131,-1.40,-0.24,0.31,-1.46,0.78,0.00
1.637097,0.0103,0.4229,0.9072,0.18,-0.43,0.12,-1.46,0.78,0.00
1.637097,0.0054,0.4233,0.9082,-0.49,0.06,-0.31,-1.46,0.78,0.00
1.665878,0.0098,0.4248,0.9043,1.40,-0.12,0.18,-1.46,0.78,0.00
1.665878,0.0156,0.4238,0.9038,0.92,0.06,-0.37,-1.46,0.78,0.00
1.695882,0.0107,0.4258,0.9058,0.98,-0.43,-1.16,-1.46,0.78,0.00
1.695882,0.0078,0.4282,0.9033,2.01,-0.43,-1.04,-1.46,0.78,0.00
1.755827,0.0000,0.4312,0.9048,1.40,0.00,-0.61,-1.46,0.78,0.00
1.755827,0.0000,0.4292,0.9067,2.62,-0.73,0.00,-1.46,0.78,0.00
1.785842,0.0015,0.4282,0.9053,0.73,-0.92,-0.49,-1.46,0.78,0.00
1.785842,-0.0024,0.4336,0.9116,0.98,-0.79,-0.37,-1.46,0.78,0.00
1.816477,-0.0005,0.4375,0.9072,2.08,-0.73,0.24,-1.46,0.78,0.00
1.816477,-0.0015,0.4355,0.9067,0.98,-0.43,0.37,-1.46,0.78,0.00
1.877582,0.0000,0.4336,0.9072,0.37,-0.73,0.43,-1.46,0.78,0.00
1.877582,0.0000,0.4321,0.9155,-1.04,-1.40,0.18,-1.46,0.78,0.00
1.906866,0.0015,0.4360,0.9189,-0.85,-2.81,0.98,-1.46,0.78,0.00
1.906866,0.0176,0.4331,0.9077,0.61,-2.44,1.40,-1.46,0.78,0.00
1.935805,0.0317,0.4336,0.8936,0.79,-1.28,0.85,-1.46,0.78,0.00
1.935805,0.0347,0.4321,0.8828,-0.79,-1.71,-0.06,-1.46,0.78,0.00
1.995879,0.0317,0.4229,0.8799,-1.89,-1.34,-0.67,-1.46,0.78,0.00
1.995879,0.0234,0.4155,0.8931,-1.77,-0.31,-1.28,-1.46,0.78,0.00
2.025815,0.0146,0.4102,0.9116,-1.59,0.00,-1.77,-1.46,0.78,0.00
2.025815,0.0146,0.4087,0.9277,-0.12,-0.55,-2.81,-1.46,0.78,0.00
2.056286,0.0107,0.4121,0.9419,-0.12,-1.40,-3.72,-1.46,0.78,0.00
2.056286,-0.0020,0.4238,0.9526,0.49,-2.75,-3.48,-1.46,0.78,0.00
2.115896,0.0020,0.4282,0.9321,3.97,-3.23,-2.38,-1.46,0.78,0.00
2.115896,0.0029,0.4375,0.9087,4.09,-3.54,-2.99,-1.46,0.78,0.00
2.145843,0.0000,0.4521,0.8828,3.23,-3.23,-2.75,-1.46,0.78,0.00
2.145843,-0.0088,0.4658,0.8677,1.83,-2.69,-1.46,-1.46,0.78,0.00
2.176125,-0.0054,0.4668,0.8618,1.10,-2.32,0.55,-1.46,0.78,0.00
2.176125,0.0063,0.4580,0.8633,-0.06,-1.46,1.59,-1.46,0.78,0.00
2.235913,0.0127,0.4497,0.8779,-1.53,-0.43,1.83,-1.46,0.78,0.00
2.235913,0.0181,0.4380,0.8931,-1.53,-0.24,2.26,-1.46,0.78,0.00
2.266098,0.0269,0.4238,0.9126,-1.65,-0.37,1.83,-1.46,0.78,0.00
2.266098,0.0303,0.4150,0.9292,-1.16,-0.67,1.10,-1.46,0.78,0.00
2.296025,0.0303,0.4141,0.9331,-0.24,-1.16,0.37,-1.46,0.78,0.00
2.296025,0.0278,0.4194,0.9336,-1.04,-2.69,-0.12,-1.46,0.78,0.00
2.356095,0.0244,0.4214,0.9473,-2.50,-4.58,-2.26,-1.48,0.73,63.42
2.356095,0.0352,0.4238,0.9580,-3.11,-6.35,-2.20,-1.55,0.61,63.35
2.386104,0.0332,0.4331,0.9375,1.04,-7.14,-1.65,-1.53,0.47,63.32
2.386104,0.0312,0.4414,0.9189,0.43,-8.79,-1.77,-1.46,0.31,63.29
2.415858,0.0308,0.4385,0.8970,0.00,-10.07,-1.46,-1.33,0.11,63.26
2.415858,0.0322,0.4321,0.8887,-1.34,-10.01,-1.77,-1.14,-0.10,63.25
2.476404,0.0298,0.4351,0.8828,-1.77,-9.28,-2.08,-0.89,-0.31,63.23
2.476404,0.0322,0.4341,0.8823,-1.77,-9.34,-2.26,-0.53,-0.52,63.20
2.506117,0.0366,0.4346,0.8784,-2.99,-9.09,-3.42,-0.08,-0.72,63.17
2.506117,0.0283,0.4365,0.8784,-2.93,-8.12,-4.09,0.47,-0.91,63.12
2.536069,0.0293,0.4351,0.8760,-2.50,-7.57,-4.21,1.14,-1.08,63.07
2.536069,0.0371,0.4253,0.8735,-3.54,-7.20,-5.25,1.91,-1.24,63.01
2.596082,0.0459,0.4131,0.8716,-4.88,-5.80,-6.77,2.74,-1.38,62.92
2.596082,0.0708,0.4146,0.8809,-9.03,-1.83,-9.03,3.60,-1.46,62.80
2.626062,0.0713,0.3804,0.8540,-4.82,-2.44,-11.54,4.52,-1.51,62.66
2.626062,0.0669,0.3745,0.8843,-18.92,5.43,-18.31,5.33,-1.46,62.39
2.656043,0.0225,0.4111,0.9565,-7.75,5.62,-15.32,6.14,-1.32,62.11
2.656043,-0.0010,0.4263,0.9712,-1.59,2.14,-11.84,7.12,-1.22,61.90
2.716053,0.0181,0.4390,0.9653,-1.16,-4.58,-8.42,8.14,-1.20,61.78
2.716053,0.0352,0.4268,0.9375,-1.53,-10.62,-8.54,9.14,-1.30,61.68
2.746061,0.0200,0.4380,0.9043,3.72,-11.23,-6.04,10.13,-1.46,61.58
2.746061,0.0225,0.4253,0.8862,-3.54,-8.61,-7.14,11.09,-1.58,61.51
2.776431,0.0303,0.4360,0.8828,-1.34,-7.20,-4.94,11.91,-1.65,61.44
2.776431,0.0312,0.4297,0.8765,-1.34,-6.53,-3.11,12.75,-1.72,61.41
2.836134,0.0254,0.4316,0.8950,-5.55,-5.37,-2.50,13.46,-1.77,61.40
2.836134,0.0269,0.4297,0.9087,-3.85,-4.64,-0.24,14.12,-1.80,61.42
2.866104,0.0400,0.4146,0.9077,-3.54,-4.76,0.31,14.73,-1.84,61.47
2.866104,0.0430,0.4028,0.9019,-4.27,-4.21,-0.18,15.29,-1.88,61.51
2.896095,0.0366,0.4019,0.8984,-2.93,-3.05,0.43,15.80,-1.91,61.55
2.896095,0.0425,0.3965,0.8872,-1.53,-1.89,1.46,16.29,-1.92,61.61
2.956092,0.0464,0.3896,0.8896,-3.91,-0.18,0.85,16.73,-1.91,61.67
2.956092,0.0439,0.3896,0.9053,-4.52,0.79,0.79,17.08,-1.87,61.72
2.986109,0.0469,0.3867,0.9209,-4.64,1.71,1.22,17.40,-1.83,61.78
2.986109,0.0503,0.3892,0.9355,-4.09,2.01,1.77,17.67,-1.78,61.85
3.046097,0.0591,0.3926,0.9346,-2.32,1.71,2.08,17.94,-1.74,61.92
3.046097,0.0708,0.3984,0.9165,-0.79,1.77,1.65,18.20,-1.71,62.00
3.076944,0.0679,0.4126,0.8989,-0.37,2.93,1.40,18.46,-1.67,62.07
3.076944,0.0635,0.4199,0.8984,0.12,4.09,2.20,18.71,-1.61,62.15
3.136112,0.0542,0.4141,0.9243,-0.55,4.27,2.50,18.94,-1.55,62.24
3.136112,0.0469,0.4072,0.9429,0.43,3.30,3.30,19.15,-1.52,62.34
3.166106,0.0532,0.3921,0.9292,2.01,3.48,3.72,-1.43,0.82,0.05
3.166106,0.0483,0.3867,0.9263,2.08,4.46,3.30,-1.38,0.91,0.12
3.196068,0.0454,0.3765,0.9326,1.65,4.76,2.69,-1.32,1.00,0.18
3.196068,0.0435,0.3711,0.9443,1.10,4.27,1.22,-1.24,1.09,0.22
3.226118,0.0352,0.3716,0.9604,0.85,4.03,-0.31,-1.10,1.15,0.23
3.226118,0.0210,0.3848,0.9639,3.85,3.48,-0.18,-0.86,1.21,0.22
3.286086,0.0190,0.3906,0.9458,5.00,2.99,0.31,-0.50,1.25,0.23
3.286086,0.0195,0.3979,0.9292,4.21,2.56,0.24,-0.04,1.27,0.24
3.316072,0.0210,0.4111,0.9102,3.11,2.14,0.92,0.48,1.28,0.25
3.316072,0.0278,0.4189,0.8843,3.97,3.05,2.08,1.10,1.28,0.29
3.346079,0.0308,0.4258,0.8574,4.64,5.00,3.05,1.85,1.30,0.36
3.346079,0.0254,0.4258,0.8315,4.15,6.65,3.91,2.69,1.35,0.44
3.406093,0.0215,0.4248,0.8218,2.69,8.61,4.52,3.60,1.41,0.55
3.406093,0.0161,0.4253,0.8364,-0.43,10.68,4.76,4.55,1.51,0.68
3.436051,0.0112,0.4253,0.8765,-3.23,12.02,4.88,5.48,1.64,0.81
3.436051,0.0117,0.4233,0.9272,-4.39,12.15,5.07,6.40,1.77,0.96
3.466200,0.0132,0.4189,0.9644,-3.66,10.56,5.37,7.33,1.88,1.11
3.466200,0.0146,0.4214,0.9854,-2.20,8.48,6.29,8.30,1.95,1.28
3.526213,0.0234,0.4106,0.9795,0.37,5.80,7.45,9.28,1.96,1.46
3.526213,0.0430,0.3984,0.9604,1.77,3.97,7.39,10.25,1.90,1.65
3.556027,0.0532,0.3901,0.9404,2.01,2.75,6.04,11.19,1.80,1.81
3.556027,0.0557,0.3940,0.9268,2.26,2.14,4.21,12.08,1.68,1.92
3.585871,0.0527,0.3945,0.9199,2.62,2.08,3.48,12.91,1.55,2.02
3.585871,0.0542,0.3940,0.9175,1.89,1.40,2.01,13.68,1.41,2.08
3.645782,0.0527,0.3921,0.9116,2.20,1.22,0.49,14.39,1.27,2.11
3.645782,0.0425,0.3936,0.9092,1.40,1.28,-1.22,15.04,1.14,2.10
3.676090,0.0288,0.3994,0.9092,1.40,1.04,-1.65,15.63,1.02,2.07
3.676090,0.0249,0.3955,0.8960,1.77,1.77,-2.32,16.18,0.92,2.03
3.706849,0.0103,0.3994,0.8926,1.10,2.99,-3.30,16.68,0.86,1.99
3.706849,-0.0088,0.4033,0.8916,-0.37,3.60,-3.23,17.12,0.83,1.94
3.765825,-0.0186,0.4019,0.9121,-1.22,2.93,-2.93,17.51,0.82,1.90
3.765825,-0.0244,0.4004,0.9365,-2.14,2.44,-2.93,17.84,0.82,1.86
3.795815,-0.0273,0.4072,0.9629,-1.53,1.65,-2.69,18.13,0.82,1.82
3.795815,-0.0234,0.4214,0.9707,0.06,0.00,-1.65,18.42,0.81,1.79
3.825871,-0.0068,0.4316,0.9448,2.56,-0.92,-0.55,18.72,0.78,1.76
3.825871,0.0073,0.4424,0.9116,3.05,-1.16,0.00,19.03,0.74,1.75
3.885886,0.0132,0.4468,0.8730,3.48,-0.73,0.67,19.34,0.70,1.75
3.885886,0.0156,0.4429,0.8423,2.14,0.49,1.10,19.63,0.67,1.77
3.915894,0.0151,0.4346,0.8379,-1.04,1.89,1.16,19.86,0.66,1.81
3.915894,0.0112,0.4209,0.8647,-4.21,2.99,1.10,20.02,0.68,1.85
3.945965,0.0137,0.4053,0.9033,-5.37,3.30,1.16,20.13,0.71,1.90
3.945965,0.0146,0.3916,0.9438,-6.29,3.17,0.55,20.19,0.75,1.94
4.005888,0.0200,0.3809,0.9600,-3.30,2.14,0.18,20.25,0.77,1.97
4.005888,0.0215,0.3706,0.9487,-0.43,2.75,-1.46,20.37,0.80,1.98
4.035943,0.0000,0.3799,0.9404,0.00,2.75,-2.87,20.48,0.85,1.95
4.035943,-0.0132,0.3901,0.9341,0.37,1.46,-2.50,20.60,0.88,1.92
4.065904,-0.0161,0.4023,0.9287,-0.06,0.85,-2.44,20.70,0.91,1.88
4.065904,-0.0166,0.4180,0.9229,0.55,0.61,-1.95,20.80,0.93,1.85
4.125931,-0.0186,0.4331,0.9165,0.24,0.31,-0.67,20.90,0.94,1.83
4.125931,-0.0063,0.4365,0.9111,-0.18,-0.67,0.98,20.98,0.92,1.83
4.156002,0.0059,0.4312,0.9062,-0.61,-1.22,1.46,21.05,0.89,1.85
4.156002,0.0063,0.4263,0.9033,-0.67,-0.18,1.95,21.12,0.86,1.88
4.185866,0.0034,0.4199,0.9072,-0.18,0.12,2.99,21.19,0.83,1.93
4.185866,0.0117,0.4048,0.9131,-0.85,-0.18,2.69,21.25,0.80,1.98
4.245896,0.0146,0.3940,0.9185,-1.16,-0.18,1.65,21.29,0.78,2.02
4.245896,0.0093,0.3867,0.9238,-0.55,0.37,0.73,21.34,0.77,2.04
4.276982,0.0049,0.3838,0.9316,0.12,-0.06,0.31,21.38,0.76,2.05
4.276982,0.0068,0.3818,0.9302,0.18,-0.79,-0.31,21.44,0.74,2.05
4.305805,0.0083,0.3857,0.9199,0.49,-0.43,-1.28,21.49,0.73,2.03
4.305805,0.0049,0.3945,0.9111,1.22,0.49,-2.14,21.55,0.74,2.00
4.366256,-0.0024,0.4067,0.9043,0.49,0.55,-2.62,21.60,0.76,1.96
4.366256,-0.0112,0.4175,0.9048,-0.49,0.43,-2.32,21.64,0.78,1.92
4.395908,-0.0112,0.4238,0.9116,-0.67,0.24,-1.40,21.66,0.80,1.88
4.395908,-0.0112,0.4253,0.9224,-0.67,-0.12,-0.55,21.68,0.80,1.87
4.455925,-0.0122,0.4258,0.9326,-0.49,-0.67,0.79,21.70,0.79,1.87
4.455925,-0.0029,0.4185,0.9321,0.24,-1.22,1.89,21.73,0.76,1.89
4.485847,0.0049,0.4077,0.9321,0.43,-1.71,1.95,21.77,0.72,1.92
4.485847,0.0112,0.3984,0.9268,0.37,-2.50,1.59,21.81,0.66,1.93
4.515921,0.0186,0.3926,0.9185,0.67,-2.69,1.04,21.84,0.60,1.94
4.515921,0.0195,0.3911,0.9175,0.61,-2.20,0.00,21.88,0.55,1.93
4.576254,0.0171,0.3960,0.9165,0.98,-2.08,-0.49,21.92,0.51,1.91
4.576254,0.0166,0.3979,0.9072,1.53,-1.59,-1.10,21.97,0.48,1.87
4.605881,0.0098,0.4058,0.9023,1.04,-1.04,-1.77,22.01,0.47,1.83
4.605881,0.0068,0.4087,0.8892,1.28,-0.85,-1.77,22.06,0.46,1.80
4.635896,0.0005,0.4121,0.8862,0.06,0.24,-2.01,22.08,0.46,1.76
4.635896,-0.0059,0.4155,0.8936,0.00,0.98,-1.34,22.10,0.48,1.74
4.695904,-0.0093,0.4180,0.9126,-1.34,1.22,-0.98,22.11,0.51,1.72
4.695904,-0.0137,0.4219,0.9302,-1.10,0.98,0.00,22.09,0.54,1.72
4.725914,-0.0142,0.4229,0.9375,0.00,0.79,1.28,22.10,0.55,1.74
4.725914,-0.0063,0.4199,0.9312,1.22,0.06,2.44,22.13,0.54,1.78
4.755921,0.0059,0.4116,0.9170,1.04,-0.37,2.50,22.17,0.52,1.83
4.755921,0.0117,0.4043,0.9038,0.79,0.06,2.01,22.20,0.50,1.87
4.815978,0.0088,0.4038,0.9043,0.00,0.55,2.01,22.23,0.49,1.91
4.815978,0.0146,0.3989,0.9077,0.06,0.61,2.01,22.24,0.48,1.96
4.845947,0.0190,0.3984,0.9155,-0.18,0.67,1.10,22.25,0.48,1.99
4.845947,0.0181,0.3984,0.9180,0.24,1.04,0.18,22.26,0.49,2.01
4.876148,0.0098,0.4077,0.9214,0.18,0.92,-0.31,22.28,0.52,2.02
4.876148,0.0088,0.4092,0.9150,0.61,0.43,-0.06,22.30,0.53,2.02
4.935928,0.0068,0.4126,0.9072,0.61,0.67,-0.12,22.32,0.54,2.02
4.935928,0.0073,0.4146,0.8984,0.73,0.92,-0.12,22.35,0.55,2.02
4.965865,0.0044,0.4180,0.8979,-0.49,1.16,-0.43,22.36,0.57,2.03
4.965865,0.0000,0.4189,0.9082,-0.73,1.10,0.24,22.35,0.59,2.03
4.995887,0.0049,0.4097,0.9160,-0.55,1.22,0.31,22.35,0.61,2.05
4.995887,0.0029,0.4033,0.9253,-0.67,1.40,-0.31,22.35,0.64,2.06
5.055911,-0.0059,0.4023,0.9414,0.00,1.40,-0.55,22.35,0.66,2.06
5.055911,-0.0122,0.4092,0.9458,2.32,1.40,0.00,22.38,0.69,2.07
5.085890,-0.0142,0.4170,0.9321,4.15,1.46,0.55,22.46,0.71,2.09
5.085890,-0.0176,0.4258,0.9126,3.97,1.40,1.10,22.55,0.74,2.11
5.115902,-0.0229,0.4346,0.8970,2.26,0.92,2.08,22.62,0.75,2.15
5.115902,-0.0195,0.4351,0.8975,1.40,0.31,3.66,22.66,0.74,2.21
5.176189,-0.0103,0.4258,0.9058,0.85,0.00,4.88,22.70,0.72,2.38
5.176189,0.0054,0.4136,0.9116,0.18,-0.18,5.19,22.72,0.69,2.57
5.205930,0.0181,0.4023,0.9170,-0.24,-0.61,4.76,22.72,0.66,2.75
5.205930,0.0317,0.3906,0.9160,0.00,-0.49,3.60,22.73,0.63,2.91
5.235892,0.0386,0.3872,0.9111,0.49,-0.06,1.77,22.74,0.61,3.04
5.235892,0.0327,0.3945,0.9067,0.73,0.06,0.67,22.75,0.62,3.15
5.295866,0.0366,0.3989,0.8975,0.31,0.00,-0.24,22.77,0.63,3.25
5.295866,0.0332,0.4023,0.8994,-0.37,0.18,-2.01,22.77,0.65,3.31
5.325950,0.0215,0.4102,0.9043,-0.31,0.49,-3.30,22.77,0.68,3.35
5.325950,0.0049,0.4204,0.9087,-0.43,0.67,-3.54,22.77,0.73,3.38
5.355923,0.0000,0.4214,0.9106,-0.06,0.18,-2.87,22.77,0.77,3.41
5.355923,-0.0073,0.4229,0.9146,-1.10,-0.12,-2.50,22.76,0.79,3.44
5.415913,-0.0039,0.4180,0.9131,-0.24,-0.55,-1.59,22.75,0.81,3.49
5.415913,-0.0015,0.4160,0.9185,-1.16,-0.18,-1.71,22.74,0.82,3.54
5.445871,-0.0015,0.4146,0.9243,-0.18,-0.43,-1.28,22.73,0.83,3.59
5.445871,-0.0029,0.4165,0.9263,-0.37,-0.73,-1.10,22.73,0.83,3.65
5.476250,-0.0010,0.4146,0.9214,0.49,-0.79,-0.49,22.74,0.83,3.71
5.476250,-0.0010,0.4136,0.9150,0.67,-0.73,-0.24,22.75,0.82,3.78
5.535932,0.0010,0.4121,0.9058,0.61,-0.55,-0.31,22.77,0.82,3.86
5.535932,0.0020,0.4116,0.9004,0.31,-0.31,-0.67,22.78,0.82,3.93
5.565936,0.0010,0.4146,0.8960,0.12,0.49,-0.79,22.79,0.83,4.00
5.565936,-0.0054,0.4189,0.9043,0.00,0.85,-0.18,22.80,0.85,4.08
5.595898,-0.0020,0.4165,0.9111,-0.12,0.92,0.06,22.80,0.87,4.17
5.595898,-0.0024,0.4180,0.9185,-0.55,0.92,-0.12,22.80,0.90,4.26
5.656333,-0.0039,0.4209,0.9180,0.18,0.98,0.06,22.80,0.92,4.35
5.656333,-0.0073,0.4243,0.9131,0.18,0.85,1.04,22.81,0.93,4.45
5.685945,0.0005,0.4194,0.9058,0.55,0.43,1.77,22.82,0.94,4.56
5.685945,0.0063,0.4146,0.9033,-0.18,0.43,1.46,22.82,0.93,4.69
5.715910,0.0093,0.4111,0.9043,-0.37,0.73,1.04,22.82,0.94,4.80
5.715910,0.0073,0.4126,0.9087,-0.49,0.92,0.79,22.82,0.95,4.90
5.776185,0.0127,0.4077,0.9053,0.79,1.28,0.67,22.82,0.97,5.00
5.776185,0.0054,0.4077,0.9180,-1.16,1.04,-0.31,22.82,0.99,5.10
5.806933,0.0039,0.4053,0.9209,-0.37,0.12,-0.31,22.81,1.01,5.17
5.806933,0.0039,0.4048,0.9243,-0.55,0.31,-1.10,22.80,1.02,5.24
5.865863,0.0024,0.4062,0.9189,0.85,0.37,-1.16,22.81,1.03,5.31
5.865863,-0.0010,0.4097,0.9067,0.43,0.37,-1.65,22.83,1.05,5.36
5.896270,-0.0098,0.4165,0.9082,0.00,0.55,-1.59,22.84,1.08,5.41
5.896270,-0.0137,0.4204,0.9087,0.18,0.55,-0.98,22.84,1.10,5.47
5.926258,-0.0151,0.4238,0.9131,-0.18,0.49,-0.67,22.84,1.12,5.54
5.926258,-0.0166,0.4229,0.9189,0.12,0.43,-0.24,22.84,1.13,5.61
5.986183,-0.0181,0.4263,0.9238,0.31,0.24,0.12,22.85,1.14,5.70
5.986183,-0.0117,0.4331,0.9180,0.85,-0.43,1.53,22.87,1.13,5.79
6.016286,-0.0024,0.4253,0.9053,0.98,-0.24,2.56,22.89,1.11,5.91
6.016286,0.0000,0.4185,0.9004,0.12,0.31,2.93,22.90,1.09,6.04
6.046294,0.0034,0.4126,0.8994,-0.18,0.37,3.36,22.91,1.07,6.18
6.046294,0.0034,0.4131,0.9072,-1.28,0.37,3.42,22.89,1.05,6.33
6.106135,0.0107,0.4077,0.9224,-0.61,0.00,3.48,22.87,1.02,6.47
6.106135,0.0166,0.4019,0.9312,-0.49,-0.18,2.26,22.86,1.00,6.61
6.136264,0.0166,0.4033,0.9331,0.79,-0.55,1.04,22.87,0.98,6.71
6.136264,0.0083,0.4102,0.9219,1.10,-0.98,0.18,22.89,0.96,6.80
6.166331,0.0093,0.4121,0.9092,1.10,-1.10,0.24,22.92,0.94,6.87
6.166331,0.0142,0.4116,0.9004,0.67,-1.22,0.00,22.93,0.91,6.95
6.226168,0.0176,0.4062,0.8999,0.00,-1.04,-0.61,22.94,0.90,7.01
6.226168,0.0132,0.4072,0.9053,0.00,-0.55,-1.46,22.94,0.89,7.07
6.256678,0.0098,0.4097,0.9077,0.43,0.00,-2.01,22.94,0.90,7.12
6.256678,0.0015,0.4180,0.9082,0.55,0.37,-2.08,22.95,0.92,7.16
6.286268,-0.0015,0.4229,0.9009,0.73,0.37,-1.53,22.97,0.94,7.22
6.286268,-0.0039,0.4233,0.8940,0.18,0.55,-1.59,22.98,0.96,7.27
6.346260,-0.0112,0.4233,0.8970,-0.55,0.79,-1.10,22.97,0.98,7.34
6.346260,-0.0103,0.4194,0.9058,-0.92,0.85,-0.61,22.96,1.01,7.41
6.376514,-0.0127,0.4189,0.9189,-1.59,0.85,-0.31,22.93,1.03,7.49
6.376514,-0.0103,0.4189,0.9331,-0.98,0.37,0.55,22.91,1.04,7.58
6.436299,-0.0024,0.4146,0.9370,-0.18,-0.49,1.10,22.90,1.03,7.68
6.436299,0.0068,0.4102,0.9307,0.49,-0.92,0.98,22.90,1.00,7.77
6.466294,0.0132,0.4077,0.9160,1.40,-0.79,0.31,22.92,0.98,7.86
6.466294,0.0107,0.4102,0.9023,1.28,-0.18,-0.12,22.95,0.97,7.93
6.496237,0.0054,0.4136,0.8979,0.55,-0.06,-0.12,22.97,0.96,8.01
6.496237,0.0073,0.4146,0.8984,0.12,-0.18,0.00,22.97,0.96,8.09
6.526169,0.0083,0.4141,0.9043,-0.18,0.31,-0.85,22.97,0.96,8.16
6.526169,0.0034,0.4175,0.9077,0.24,0.55,-1.10,22.97,0.98,8.22
6.586206,-0.0044,0.4209,0.9111,-0.12,0.61,-0.79,22.98,1.00,8.29
6.586206,-0.0034,0.4233,0.9116,0.00,0.00,0.24,22.97,1.01,8.37
6.616238,0.0020,0.4185,0.9102,-0.12,0.24,0.24,22.97,1.00,8.45
6.616238,0.0005,0.4194,0.9106,0.00,0.43,-0.12,22.97,1.01,8.53
6.646229,-0.0039,0.4233,0.9121,-0.06,0.24,0.12,22.97,1.02,8.61
6.646229,-0.0015,0.4219,0.9116,-0.06,-0.06,0.92,22.97,1.01,8.70
6.707126,0.0078,0.4111,0.9111,0.00,-0.31,0.67,22.97,0.99,8.79
6.707126,0.0063,0.4087,0.9111,-0.18,-0.06,-0.18,22.97,0.99,8.87
6.735984,0.0010,0.4102,0.9146,0.06,0.00,-0.18,22.97,0.99,8.94
6.735984,0.0010,0.4111,0.9136,0.12,-0.06,-0.24,22.97,0.99,9.01
6.791274,0.0024,0.4111,0.9092,0.18,-0.06,-0.67,22.97,0.99,9.08
6.791274,-0.0005,0.4150,0.9077,0.00,0.18,-0.98,22.97,0.99,9.14
6.825890,-0.0078,0.4204,0.9111,0.00,0.18,-0.43,22.97,1.01,9.21
6.825890,-0.0039,0.4194,0.9111,0.06,-0.06,0.00,22.97,1.01,9.28
6.855914,-0.0034,0.4204,0.9116,-0.06,0.06,-0.06,22.97,1.01,9.35
6.855914,-0.0039,0.4233,0.9097,0.18,0.00,0.12,22.98,1.01,9.43
6.886021,-0.0039,0.4263,0.9106,-0.12,-0.18,0.67,22.98,1.00,9.51
6.886021,0.0020,0.4199,0.9092,0.00,-0.43,1.10,22.98,0.98,9.60
6.946401,0.0059,0.4150,0.9116,-0.31,-0.24,0.73,22.98,0.97,9.68
6.946401,0.0068,0.4111,0.9141,-0.06,-0.12,0.31,22.97,0.96,9.76
6.976218,0.0063,0.4116,0.9141,0.18,-0.31,0.12,22.98,0.95,9.84
6.976218,0.0049,0.4126,0.9131,0.43,-0.55,0.18,22.98,0.94,9.90
7.005937,0.0093,0.4106,0.9077,0.43,-0.49,-0.06,22.99,0.93,9.97
7.005937,0.0083,0.4116,0.9053,0.00,-0.18,-0.67,23.00,0.92,10.03
7.066020,0.0059,0.4146,0.9038,0.06,0.00,-0.85,23.00,0.93,10.08
7.066020,0.0015,0.4170,0.9067,-0.12,0.24,-1.10,23.00,0.94,10.13
7.096070,-0.0049,0.4224,0.9116,0.00,0.06,-0.67,23.00,0.95,10.18
7.096070,-0.0044,0.4229,0.9106,-0.31,0.00,0.06,23.00,0.95,10.24
7.126009,0.0000,0.4189,0.9126,-0.24,0.00,0.31,22.99,0.94,10.31
7.126009,-0.0005,0.4189,0.9160,-0.06,0.18,0.31,22.99,0.94,10.38
7.186173,0.0020,0.4106,0.9146,0.67,0.37,0.43,23.01,0.94,10.46
7.186173,0.0015,0.4092,0.9106,0.18,0.06,0.00,23.01,0.94,10.53
7.216121,0.0000,0.4092,0.9102,-0.24,-0.06,-0.12,23.01,0.94,10.60
7.216121,0.0063,0.4106,0.9092,0.37,0.06,-0.37,23.02,0.94,10.66
7.276448,0.0049,0.4204,0.9126,0.43,0.43,-0.61,23.02,0.96,10.72
7.276448,0.0117,0.4219,0.9077,1.04,-0.12,-0.37,23.04,0.96,10.78
7.306091,0.0132,0.4214,0.9062,0.06,-0.18,-1.16,23.05,0.96,10.82
7.306091,0.0146,0.4180,0.8950,1.10,0.31,-1.10,23.07,0.97,10.87
7.336156,0.0098,0.4160,0.8945,-0.18,1.22,-1.71,23.08,0.99,10.92
7.336156,0.0039,0.4170,0.9014,0.00,0.98,-1.28,23.08,1.03,10.97
7.396274,0.0054,0.4131,0.9121,-0.98,1.16,-1.77,23.07,1.06,11.01
7.396274,-0.0010,0.4141,0.9268,-0.73,0.85,-2.14,23.05,1.09,11.05
7.425974,-0.0103,0.4146,0.9331,-0.18,0.12,-1.83,23.04,1.12,11.09
7.425974,-0.0103,0.4146,0.9258,0.92,0.00,-1.16,23.05,1.13,11.12
7.455970,-0.0063,0.4141,0.9058,1.65,0.18,-0.92,23.08,1.14,11.17
7.455970,-0.0039,0.4150,0.8901,0.67,0.61,-1.46,23.10,1.15,11.21
7.516179,-0.0068,0.4209,0.8848,-0.43,0.79,-1.71,23.11,1.18,11.25
7.516179,-0.0117,0.4253,0.8945,-1.28,1.28,-1.59,23.09,1.21,11.29
7.546097,-0.0127,0.4292,0.9106,-0.73,1.53,-0.79,23.07,1.25,11.35
7.546097,-0.0083,0.4272,0.9160,0.00,1.59,-0.43,23.06,1.28,11.41
7.576372,-0.0073,0.4258,0.9165,0.12,1.71,-0.37,23.07,1.31,11.48
7.576372,-0.0127,0.4258,0.9155,-0.43,1.04,0.06,23.07,1.34,11.55
7.636161,-0.0103,0.4233,0.9165,-0.49,0.31,0.79,23.05,1.35,11.62
7.636161,-0.0029,0.4180,0.9146,-0.18,0.61,0.98,23.05,1.35,11.71
7.666152,-0.0024,0.4194,0.9141,0.24,0.61,0.98,23.05,1.35,11.80
7.666152,0.0010,0.4150,0.9136,-0.18,0.00,0.79,23.06,1.35,11.88
7.696150,0.0010,0.4102,0.9150,-0.31,-0.18,0.12,23.05,1.34,11.95
7.696150,0.0000,0.4082,0.9131,0.18,-0.12,-0.18,23.05,1.33,12.01
7.756098,-0.0024,0.4111,0.9092,0.00,-0.18,-0.49,23.06,1.33,12.07
7.756098,-0.0010,0.4131,0.9072,-0.18,-0.31,-0.73,23.05,1.33,12.12
7.789069,0.0005,0.4126,0.9072,-0.37,-0.18,-1.28,23.05,1.33,12.16
7.789069,-0.0044,0.4175,0.9102,-0.24,-0.18,-1.22,23.04,1.35,12.19
7.815999,-0.0073,0.4189,0.9131,-0.18,-0.18,-0.98,23.04,1.35,12.24
7.815999,-0.0063,0.4194,0.9106,0.00,-0.12,-0.92,23.04,1.35,12.29
7.876622,-0.0103,0.4233,0.9058,0.00,0.00,-0.85,23.04,1.36,12.33
7.876622,-0.0146,0.4263,0.9009,-0.06,0.06,-0.37,23.04,1.36,12.39
7.906186,-0.0103,0.4248,0.8975,-0.61,0.00,0.24,23.03,1.36,12.45
7.906186,-0.0054,0.4199,0.9028,-1.34,0.18,0.18,23.02,1.36,12.52
7.936195,-0.0034,0.4165,0.9131,-1.10,0.00,0.24,22.99,1.36,12.60
7.936195,0.0000,0.4102,0.9199,-0.85,0.00,-0.06,22.97,1.36,12.66
7.996084,-0.0044,0.4116,0.9238,-0.37,0.00,0.00,22.96,1.36,12.72
7.996084,-0.0020,0.4077,0.9194,0.31,-0.24,0.00,22.96,1.35,12.79
8.026063,0.0000,0.4097,0.9136,0.24,-0.49,-0.67,22.97,1.35,12.84
8.026063,-0.0034,0.4136,0.9062,0.12,-0.18,-0.98,22.98,1.35,12.88
8.056022,-0.0088,0.4189,0.9014,-0.06,0.06,-0.67,22.98,1.35,12.93
8.056022,-0.0073,0.4185,0.9019,-0.31,0.24,-0.24,22.98,1.36,12.99
8.116089,-0.0054,0.4155,0.9067,-0.49,0.06,-0.37,22.97,1.36,13.05
8.116089,-0.0078,0.4180,0.9141,-0.67,0.12,-0.67,22.96,1.37,13.10
8.146034,-0.0107,0.4185,0.9165,-0.12,0.24,-0.49,22.94,1.37,13.15
8.146034,-0.0103,0.4189,0.9165,-0.06,0.06,-0.06,22.94,1.38,13.21
8.176305,-0.0083,0.4165,0.9150,0.00,-0.12,0.12,22.94,1.37,13.28
8.176305,-0.0044,0.4155,0.9087,0.12,-0.49,0.12,22.94,1.37,13.34
8.236124,-0.0024,0.4141,0.9033,-0.18,-0.06,-0.12,22.95,1.36,13.40
8.236124,-0.0049,0.4189,0.9038,-0.12,0.00,0.00,22.94,1.36,13.46
8.266015,-0.0039,0.4199,0.9043,-0.37,0.24,-0.06,22.94,1.36,13.52
8.266015,-0.0024,0.4204,0.9043,-0.24,0.31,0.00,22.93,1.37,13.58
8.296014,-0.0024,0.4170,0.9067,-0.49,0.12,0.00,22.92,1.37,13.65
8.296014,-0.0010,0.4097,0.9072,-0.67,0.24,-0.18,22.91,1.37,13.71
8.356070,-0.0054,0.4092,0.9165,-0.49,0.37,0.00,22.90,1.38,13.77
8.356070,0.0000,0.4038,0.9194,-0.12,0.18,0.00,22.90,1.38,13.84
8.385951,-0.0005,0.4053,0.9248,-0.67,0.06,-1.10,22.89,1.39,13.89
8.385951,-0.0063,0.4106,0.9253,0.24,-0.18,-1.16,22.88,1.40,13.93
8.415964,-0.0093,0.4150,0.9194,0.79,-0.37,-0.98,22.90,1.40,13.96
8.415964,-0.0137,0.4194,0.9102,0.79,-0.49,-0.61,22.91,1.40,14.01
8.476310,-0.0127,0.4209,0.8989,0.73,-0.31,-0.37,22.93,1.40,14.06
8.476310,-0.0146,0.4229,0.8984,-0.18,0.00,-0.31,22.93,1.40,14.11
8.505987,-0.0137,0.4233,0.8979,-0.18,0.06,0.31,22.93,1.40,14.17
8.505987,-0.0103,0.4189,0.9033,-0.61,0.31,0.24,22.92,1.39,14.17
8.536024,-0.0142,0.4214,0.9155,-0.73,0.55,0.79,22.98,1.29,14.14
8.536024,-0.0078,0.4160,0.9175,0.24,0.06,1.59,22.98,1.28,14.15
8.595921,-0.0005,0.4121,0.9160,-0.43,-0.06,0.79,22.98,1.27,14.17
8.595921,0.0005,0.4111,0.9092,0.31,0.12,0.43,22.97,1.26,14.18
8.625972,-0.0005,0.4126,0.9043,0.00,0.55,0.12,22.98,1.27,14.19
8.625972,-0.0039,0.4141,0.9053,0.00,0.24,0.24,22.98,1.28,14.20
8.685969,-0.0024,0.4102,0.9106,-0.61,0.06,0.12,22.97,1.28,14.21
8.685969,-0.0039,0.4097,0.9204,-0.61,0.00,-0.12,22.96,1.28,14.21
8.715981,-0.0039,0.4082,0.9233,-0.18,-0.31,-0.43,22.95,1.28,14.20
8.715981,-0.0054,0.4106,0.9199,0.18,-0.43,-0.55,22.95,1.27,14.19
8.745981,-0.0044,0.4131,0.9131,0.73,-0.67,-0.49,22.96,1.27,14.17
8.745981,-0.0059,0.4155,0.9072,0.43,-0.67,-0.73,22.97,1.26,14.16
8.805896,-0.0078,0.4175,0.9043,0.37,-0.61,-0.55,22.98,1.25,14.14
8.805896,-0.0107,0.4185,0.9048,-0.12,-0.12,-0.37,22.98,1.25,14.12
8.836010,-0.0122,0.4204,0.9082,-0.12,-0.12,0.00,22.98,1.25,14.12
8.836010,-0.0127,0.4199,0.9087,-0.31,-0.12,0.12,22.97,1.25,14.12
8.866063,-0.0107,0.4204,0.9087,-0.12,-0.06,0.67,22.97,1.24,14.13
8.866063,-0.0068,0.4189,0.9106,-0.24,0.00,0.79,22.96,1.24,14.14
8.925983,-0.0044,0.4136,0.9150,-0.12,-0.12,0.98,22.96,1.22,14.16
8.925983,-0.0044,0.4111,0.9180,0.00,-0.31,0.98,22.96,1.21,14.18
8.955907,0.0000,0.4087,0.9146,0.24,-0.31,0.67,22.96,1.20,14.19
8.955907,-0.0005,0.4102,0.9141,0.37,-0.37,0.37,22.97,1.19,14.19
8.985995,0.0015,0.4106,0.9087,0.67,-0.37,0.18,22.98,1.18,14.20
8.985995,0.0000,0.4121,0.9058,0.18,-0.18,-0.24,22.99,1.18,14.20
9.045935,-0.0049,0.4150,0.9058,0.00,-0.12,-0.24,22.99,1.18,14.19
9.045935,-0.0049,0.4155,0.9087,-0.18,-0.18,-0.12,22.99,1.17,14.18
9.076475,-0.0020,0.4150,0.9136,-0.06,-0.06,-0.12,22.98,1.17,14.18
9.076475,-0.0029,0.4131,0.9170,-0.18,-0.31,-0.37,22.98,1.17,14.18
9.107310,-0.0015,0.4116,0.9170,0.06,-0.67,-0.24,22.98,1.16,14.17
9.107310,-0.0010,0.4111,0.9146,0.37,-0.43,-0.37,22.98,1.15,14.16
9.166206,-0.0020,0.4131,0.9111,0.92,-0.06,-0.67,23.00,1.15,14.14
9.166206,-0.0103,0.4233,0.9043,0.49,-0.18,-0.61,23.01,1.16,14.13
9.197250,-0.0088,0.4248,0.9004,0.18,-0.18,0.00,23.02,1.16,14.12
9.197250,-0.0044,0.4243,0.9014,0.18,-0.18,0.43,23.02,1.15,14.12
9.226226,-0.0005,0.4146,0.9009,-0.18,0.12,0.06,23.03,1.15,14.13
9.226226,-0.0015,0.4131,0.9067,-0.49,0.24,-0.06,23.02,1.15,14.13
9.285949,-0.0015,0.4082,0.9165,-0.61,0.37,-0.24,23.01,1.16,14.13
9.285949,-0.0039,0.4106,0.9238,-0.06,0.24,-0.24,22.99,1.17,14.13
9.315950,-0.0039,0.4136,0.9248,0.24,0.00,-0.31,23.00,1.18,14.13
9.315950,-0.0039,0.4150,0.9175,0.73,-0.18,-0.24,23.01,1.18,14.12
9.346052,-0.0063,0.4175,0.9072,0.49,-0.43,-0.31,23.02,1.18,14.11
9.346052,-0.0063,0.4155,0.8994,0.37,-0.06,-0.18,23.03,1.17,14.11
9.405964,-0.0063,0.4185,0.9004,0.06,0.06,0.06,23.04,1.17,14.10
9.405964,-0.0005,0.4150,0.9028,-0.18,0.06,0.06,23.04,1.17,14.11
9.436485,-0.0024,0.4141,0.9097,-0.67,0.49,-0.55,23.03,1.18,14.10
9.436485,-0.0083,0.4175,0.9150,0.00,0.55,-0.24,23.02,1.19,14.10
9.466037,-0.0063,0.4175,0.9165,0.06,0.18,-0.06,23.02,1.20,14.10
9.466037,-0.0059,0.4180,0.9136,0.18,0.00,0.06,23.02,1.20,14.10
9.526443,-0.0015,0.4175,0.9048,0.31,0.18,0.00,23.03,1.20,14.11
9.526443,-0.0020,0.4194,0.9048,-0.31,0.31,0.00,23.03,1.21,14.11
9.555965,-0.0020,0.4160,0.9048,-0.24,0.24,0.00,23.02,1.21,14.11
9.555965,-0.0024,0.4141,0.9131,-0.43,0.24,-0.12,23.02,1.21,14.11
9.585933,-0.0044,0.4131,0.9194,-0.06,0.12,-0.12,23.04,1.15,14.05
9.585933,-0.0034,0.4106,0.9185,0.12,-0.06,-0.37,23.04,1.15,14.04
9.646083,-0.0054,0.4136,0.9155,0.12,-0.06,-0.55,23.04,1.14,14.04
9.646083,-0.0063,0.4155,0.9116,0.37,-0.18,-0.37,23.03,1.14,14.03
9.676257,-0.0049,0.4141,0.9106,0.24,-0.37,-0.49,23.03,1.14,14.03
9.676257,-0.0059,0.4150,0.9097,0.31,-0.18,-0.55,23.03,1.14,14.02
9.705948,-0.0078,0.4180,0.9082,0.24,0.00,-0.61,23.03,1.14,14.02
9.705948,-0.0088,0.4194,0.9077,0.06,0.00,-0.24,23.03,1.14,14.02
9.766191,-0.0098,0.4219,0.9077,0.18,0.00,0.12,23.04,1.14,14.02
9.766191,-0.0078,0.4185,0.9067,0.06,0.24,0.00,23.04,1.14,14.02
9.796152,-0.0073,0.4189,0.9082,0.06,0.18,0.12,23.04,1.14,14.02
9.796152,-0.0083,0.4185,0.9097,-0.12,0.18,0.31,23.04,1.14,14.02
9.825984,-0.0020,0.4180,0.9121,0.00,0.24,0.61,23.04,1.15,14.02
9.825984,0.0005,0.4150,0.9146,0.00,0.24,0.37,23.04,1.15,14.02
9.886060,-0.0029,0.4155,0.9136,0.00,0.37,0.00,23.05,1.14,14.02
9.886060,-0.0044,0.4185,0.9106,0.43,0.00,0.43,23.05,1.14,14.02
9.916059,-0.0005,0.4141,0.9077,-0.06,0.06,0.24,23.05,1.14,14.01
9.916059,-0.0044,0.4185,0.9082,-0.12,0.31,0.24,23.05,1.14,14.01
9.976480,-0.0049,0.4160,0.9077,0.18,0.43,0.43,23.05,1.14,14.01
9.976480,-0.0034,0.4150,0.9087,-0.06,0.61,0.18,23.05,1.14,14.01
10.005971,-0.0054,0.4136,0.9111,-0.12,0.37,0.06,23.05,1.14,14.01
10.005971,-0.0034,0.4102,0.9087,-0.18,0.43,-0.18,23.05,1.14,14.01
10.035958,-0.0034,0.4111,0.9106,-0.24,0.61,-0.37,23.05,1.13,14.01
10.035958,-0.0059,0.4160,0.9131,-0.06,0.67,-0.37,23.05,1.13,14.01
10.096004,-0.0029,0.4180,0.9136,0.18,0.67,-0.43,23.05,1.13,14.01
10.096004,-0.0034,0.4219,0.9102,0.31,0.55,-0.49,23.05,1.13,14.01
10.125979,-0.0029,0.4204,0.9038,0.24,0.67,-0.55,23.05,1.13,14.01
10.125979,-0.0098,0.4224,0.9033,-0.31,0.92,-0.43,23.05,1.13,14.01
10.156008,-0.0059,0.4189,0.9028,0.00,0.98,0.24,23.05,1.13,14.01
10.156008,-0.0044,0.4160,0.9097,-0.92,1.16,0.12,23.06,1.13,14.01
10.215982,-0.0044,0.4141,0.9175,-0.31,0.92,0.00,23.06,1.13,14.01
10.215982,-0.0078,0.4116,0.9194,-0.37,0.98,-0.55,23.06,1.13,14.01
10.246017,-0.0122,0.4131,0.9204,-0.06,0.61,-0.49,23.06,1.13,14.01
10.246017,-0.0117,0.4106,0.9155,0.24,0.37,-0.37,23.06,1.13,14.00
10.276301,-0.0127,0.4126,0.9111,0.12,0.49,-0.43,23.05,1.13,14.00
10.276301,-0.0127,0.4150,0.9072,0.43,0.49,-0.43,23.05,1.13,14.00
10.335992,-0.0156,0.4189,0.9077,-0.12,0.37,-0.43,23.05,1.14,14.00
10.335992,-0.0151,0.4194,0.9092,-0.18,0.31,-0.31,23.05,1.14,14.00
10.366468,-0.0142,0.4204,0.9111,-0.06,0.43,-0.24,23.05,1.14,14.00
10.366468,-0.0146,0.4224,0.9126,0.00,0.37,0.00,23.05,1.15,14.00
10.395998,-0.0132,0.4238,0.9116,0.43,0.00,0.61,23.06,1.15,13.99
10.395998,-0.0059,0.4194,0.9058,0.06,0.00,0.73,23.06,1.15,13.99
10.455996,-0.0005,0.4150,0.9048,-0.24,0.24,0.18,23.07,1.15,13.99
10.455996,-0.0024,0.4131,0.9082,-0.43,0.31,-0.12,23.07,1.15,13.99
10.486066,-0.0039,0.4126,0.9136,-0.43,0.31,-0.31,23.07,1.15,13.99
10.486066,-0.0063,0.4116,0.9219,0.00,0.00,-0.18,23.07,1.15,13.99
10.515992,-0.0044,0.4082,0.9185,0.31,-0.31,-0.61,23.07,1.15,13.99
10.515992,-0.0073,0.4106,0.9150,0.24,-0.43,-1.28,23.06,1.15,13.99
# luecke 10.593820-24.330570
24.348354,-0.0225,0.4043,0.9048,-0.24,0.37,-0.24,-1.46,0.78,0.00
24.348354,-0.0229,0.4067,0.9097,-0.79,0.55,-0.49,-1.46,0.78,0.00
24.376579,-0.0239,0.4097,0.9175,-0.61,0.55,-0.61,-1.46,0.78,0.00
24.376579,-0.0244,0.4106,0.9219,-0.18,0.43,-0.31,-1.46,0.78,0.00
24.406622,-0.0269,0.4082,0.9219,0.00,0.12,-0.12,-1.46,0.78,0.00
24.406622,-0.0273,0.4097,0.9194,0.37,-0.18,0.12,-1.46,0.78,0.00
24.466838,-0.0244,0.4102,0.9126,0.37,-0.24,0.18,-1.46,0.78,0.00
24.466838,-0.0249,0.4111,0.9058,0.43,0.00,0.31,-1.46,0.78,0.00
24.496718,-0.0244,0.4097,0.9053,0.00,0.12,0.31,-1.46,0.78,0.00
24.496718,-0.0225,0.4077,0.9092,-0.18,0.00,0.12,-1.46,0.78,0.00
24.526613,-0.0229,0.4082,0.9121,-0.18,0.12,0.00,-1.46,0.78,0.00
24.526613,-0.0220,0.4092,0.9121,0.12,0.49,0.06,-1.46,0.78,0.00
24.586689,-0.0195,0.4067,0.9102,0.18,0.43,0.00,-1.46,0.78,0.00
24.586689,-0.0190,0.4038,0.9111,-0.31,0.18,-0.24,-1.46,0.78,0.00
24.618186,-0.0205,0.4038,0.9126,-0.18,0.49,-0.55,-1.46,0.78,0.00
24.618186,-0.0254,0.4058,0.9189,-0.06,0.43,-0.49,-1.46,0.78,0.00
24.646558,-0.0264,0.4062,0.9229,0.24,0.12,-0.49,-1.46,0.78,0.00
24.646558,-0.0312,0.4106,0.9209,0.67,0.12,-0.43,-1.46,0.78,0.00
24.706393,-0.0327,0.4131,0.9165,0.92,-0.12,-0.06,-1.46,0.78,0.00
24.706393,-0.0308,0.4136,0.9106,0.55,-0.37,0.31,-1.46,0.78,0.00
24.736493,-0.0264,0.4116,0.9087,0.49,-0.31,0.61,-1.46,0.78,0.00
24.736493,-0.0234,0.4102,0.9131,0.37,-0.12,0.49,-1.46,0.78,0.00
24.767512,-0.0244,0.4111,0.9146,0.61,-0.31,0.24,-1.46,0.78,0.00
24.767512,-0.0244,0.4131,0.9097,0.79,-0.37,0.31,-1.46,0.78,0.00
24.826691,-0.0239,0.4136,0.9048,0.37,-0.18,0.49,-1.46,0.78,0.00
24.826691,-0.0186,0.4106,0.9009,0.24,-0.06,0.67,-1.46,0.78,0.00
24.886464,-0.0166,0.4072,0.9004,-0.31,0.24,0.12,-1.46,0.78,0.00
24.886464,-0.0151,0.4053,0.9033,-0.37,0.49,-0.18,-1.46,0.78,0.00
24.887915,-0.0176,0.4048,0.9092,-0.98,0.43,-0.43,-1.46,0.78,0.00
24.887915,-0.0142,0.4014,0.9121,-0.67,0.49,-0.73,22.67,2.13,65.98
24.946479,-0.0151,0.4023,0.9155,-0.67,0.79,-1.53,22.66,2.14,65.98
24.946479,-0.0205,0.4058,0.9194,-0.37,0.43,-1.71,22.36,1.89,66.50
24.977350,-0.0215,0.4062,0.9185,-0.06,0.18,-2.01,22.36,1.92,66.67
24.977350,-0.0283,0.4111,0.9146,0.06,0.49,-2.14,22.36,1.94,66.64
25.006247,-0.0361,0.4165,0.9106,0.12,0.49,-1.53,22.37,1.97,66.61
25.006247,-0.0361,0.4180,0.9038,-0.12,0.43,-0.73,22.37,1.99,66.59
25.066330,-0.0342,0.4175,0.9072,-0.67,0.49,-0.55,22.36,2.01,66.59
25.066330,-0.0347,0.4146,0.9136,-0.61,0.49,-0.31,22.35,2.02,66.58
25.096293,-0.0347,0.4131,0.9136,0.00,0.55,0.06,22.34,2.03,66.58
25.096293,-0.0298,0.4072,0.9106,0.61,0.92,0.24,22.35,2.04,66.60
25.126318,-0.0308,0.4062,0.9131,-0.49,0.67,-0.24,22.35,2.06,66.60
25.126318,-0.0322,0.4082,0.9136,-0.49,0.37,0.00,22.34,2.08,66.60
25.186304,-0.0273,0.4067,0.9146,-0.43,0.67,-0.06,22.34,2.09,66.62
25.186304,-0.0288,0.4102,0.9087,-0.06,0.61,-0.06,22.34,2.11,66.62
25.216243,-0.0269,0.4102,0.9033,-0.55,0.73,0.06,22.34,2.13,66.63
25.216243,-0.0254,0.4067,0.9087,-0.98,0.55,0.00,22.32,2.14,66.64
25.246308,-0.0244,0.4043,0.9170,-1.04,0.55,-0.24,22.31,2.16,66.64
25.246308,-0.0273,0.4053,0.9248,-0.55,0.49,-0.37,22.30,2.18,66.64
25.306402,-0.0288,0.4062,0.9282,0.00,0.12,-0.24,22.29,2.19,66.64
25.306402,-0.0254,0.4053,0.9233,0.49,-0.12,-0.43,22.31,2.20,66.63
25.336408,-0.0273,0.4087,0.9165,0.37,-0.24,-0.85,22.32,2.21,66.62
25.336408,-0.0327,0.4116,0.9121,0.37,-0.43,-0.61,22.33,2.21,66.61
25.366340,-0.0327,0.4102,0.9058,0.06,-0.37,-0.31,22.35,2.21,66.60
25.366340,-0.0352,0.4097,0.9043,-0.18,0.12,-0.43,22.35,2.22,66.60
25.456555,-0.0391,0.4121,0.9087,-0.31,0.18,0.12,22.35,2.24,66.60
25.456555,-0.0332,0.4067,0.9146,-0.67,-0.06,0.43,22.35,2.24,66.61
25.457466,-0.0288,0.4033,0.9194,-0.61,-0.18,0.31,22.35,2.25,66.62
25.457466,-0.0259,0.4033,0.9199,0.00,0.00,0.06,22.35,2.25,66.63
25.486313,-0.0269,0.4067,0.9180,0.49,0.00,-0.24,22.36,2.26,66.63
25.486313,-0.0317,0.4131,0.9126,0.55,0.12,-0.31,22.38,2.27,66.63
25.546407,-0.0356,0.4180,0.9082,0.73,0.18,0.31,22.41,2.29,66.63
25.546407,-0.0322,0.4155,0.9082,-0.06,-0.12,0.67,22.42,2.29,66.65
25.576378,-0.0273,0.4111,0.9102,-0.37,-0.12,0.79,22.42,2.29,66.67
25.576378,-0.0234,0.4072,0.9131,-0.18,0.12,0.73,22.43,2.30,66.69
25.657275,-0.0249,0.4048,0.9175,-0.18,0.12,0.73,22.43,2.30,66.71
25.657275,-0.0210,0.4004,0.9194,0.18,-0.12,0.37,22.45,2.30,66.73
25.673909,-0.0225,0.4009,0.9194,0.31,-0.06,-0.24,22.46,2.31,66.73
25.673909,-0.0259,0.4023,0.9146,0.49,-0.12,-0.43,22.47,2.31,66.72
25.697546,-0.0283,0.4062,0.9106,0.24,-0.12,-0.55,22.48,2.32,66.71
25.697546,-0.0293,0.4072,0.9077,0.31,-0.18,-0.37,22.49,2.33,66.71
25.756706,-0.0254,0.4062,0.9048,0.00,0.12,-0.85,22.51,2.34,66.70
25.756706,-0.0288,0.4106,0.9062,-0.31,0.06,-0.92,22.51,2.36,66.69
25.786321,-0.0288,0.4111,0.9106,-0.61,0.06,-0.92,22.51,2.37,66.68
25.786321,-0.0308,0.4121,0.9180,-0.49,0.06,-0.73,22.50,2.38,66.66
25.816319,-0.0332,0.4126,0.9204,-0.06,0.00,-0.37,22.50,2.40,66.65
25.816319,-0.0332,0.4131,0.9165,0.18,-0.12,0.06,22.51,2.40,66.65
25.877405,-0.0264,0.4077,0.9092,0.06,-0.12,0.00,22.52,2.40,66.66
25.877405,-0.0249,0.4062,0.9043,-0.06,0.12,-0.31,22.52,2.41,66.65
25.907361,-0.0269,0.4067,0.9067,-0.24,0.24,-0.61,22.52,2.42,66.65
25.907361,-0.0308,0.4067,0.9126,-0.67,0.18,-0.49,22.52,2.43,66.64
25.936297,-0.0308,0.4058,0.9194,-0.49,0.00,-0.37,22.51,2.44,66.64
25.936297,-0.0303,0.4062,0.9185,-0.18,0.00,-0.43,22.51,2.45,66.63
25.996802,-0.0308,0.4082,0.9146,0.00,-0.12,-0.43,22.51,2.46,66.63
25.996802,-0.0342,0.4097,0.9097,0.12,0.00,-0.06,22.52,2.46,66.62
26.026387,-0.0312,0.4082,0.9082,0.00,0.00,0.06,22.52,2.46,66.63
26.026387,-0.0317,0.4097,0.9111,-0.37,0.06,0.00,22.52,2.46,66.63
26.056390,-0.0327,0.4097,0.9160,-0.43,0.12,0.00,22.52,2.47,66.63
26.056390,-0.0332,0.4082,0.9194,0.00,-0.06,0.31,22.52,2.47,66.64
26.116364,-0.0293,0.4058,0.9185,0.18,-0.18,0.18,22.52,2.47,66.64
26.116364,-0.0332,0.4102,0.9155,0.24,-0.18,0.49,22.53,2.47,66.65
26.146327,-0.0288,0.4092,0.9092,0.37,-0.37,0.85,22.54,2.46,66.67
26.146327,-0.0259,0.4077,0.9077,-0.18,-0.31,0.49,22.54,2.44,66.68
26.176364,-0.0259,0.4087,0.9072,0.18,0.00,0.43,22.55,2.44,66.68
26.176364,-0.0264,0.4077,0.9121,-0.06,0.12,0.37,22.55,2.44,66.69
26.236346,-0.0254,0.4062,0.9146,-0.12,-0.06,0.24,22.55,2.44,66.70
26.236346,-0.0249,0.4062,0.9175,0.00,0.00,0.12,22.55,2.44,66.70
26.266288,-0.0249,0.4058,0.9189,0.06,-0.12,0.06,22.55,2.44,66.71
26.266288,-0.0244,0.4033,0.9165,0.06,-0.49,-0.18,22.56,2.43,66.70
26.297454,-0.0254,0.4043,0.9126,0.18,-0.37,-0.43,22.57,2.43,66.69
26.297454,-0.0283,0.4087,0.9077,0.49,0.18,-0.61,22.58,2.43,66.69
26.357915,-0.0327,0.4106,0.9102,0.24,0.06,-0.24,22.58,2.44,66.68
26.357915,-0.0327,0.4116,0.9131,-0.37,-0.37,0.00,22.58,2.44,66.68
26.387424,-0.0269,0.4082,0.9121,0.18,-0.18,0.06,22.58,2.43,66.68
26.387424,-0.0273,0.4082,0.9126,-0.06,0.00,-0.12,22.59,2.43,66.68
26.416348,-0.0264,0.4082,0.9092,0.24,0.06,-0.12,22.59,2.43,66.68
26.416348,-0.0278,0.4106,0.9097,0.18,0.24,-0.18,22.60,2.44,66.67
26.476371,-0.0269,0.4087,0.9106,0.06,0.24,-0.12,22.60,2.45,66.68
26.476371,-0.0254,0.4087,0.9106,0.06,0.37,-0.18,22.60,2.46,66.68
26.506380,-0.0269,0.4092,0.9126,0.00,0.43,-0.18,22.61,2.47,66.68
26.506380,-0.0259,0.4062,0.9146,0.06,0.49,-0.18,22.61,2.48,66.68
26.537312,-0.0273,0.4077,0.9165,0.00,0.31,-0.31,22.61,2.49,66.68
26.537312,-0.0269,0.4062,0.9155,0.12,0.18,-0.37,22.62,2.49,66.67
26.596262,-0.0273,0.4077,0.9155,0.06,0.00,-0.49,22.65,2.50,66.74
26.596262,-0.0264,0.4077,0.9082,0.24,0.18,-0.43,22.65,2.50,66.79
26.626304,-0.0332,0.4116,0.9102,-0.18,0.55,-0.18,22.65,2.50,66.83
26.626304,-0.0293,0.4077,0.9082,0.61,0.49,0.18,22.65,2.50,66.87
26.656738,-0.0278,0.4062,0.9082,-0.12,0.67,-0.55,22.65,2.50,66.90
26.656738,-0.0332,0.4087,0.9097,0.06,0.49,-0.67,22.65,2.50,66.93
26.716218,-0.0322,0.4097,0.9102,-0.61,0.24,-0.43,22.65,2.50,66.96
26.716218,-0.0288,0.4082,0.9224,-0.67,0.06,-0.37,22.65,2.50,66.99
26.746334,-0.0249,0.4077,0.9258,0.37,0.06,-0.43,22.65,2.50,67.01
26.746334,-0.0215,0.4102,0.9204,0.73,-0.24,-0.55,22.65,2.50,67.04
26.776261,-0.0234,0.4141,0.9131,0.43,-0.73,-0.67,22.65,2.49,67.06
26.776261,-0.0215,0.4155,0.9053,0.61,-0.55,-0.31,22.65,2.49,67.08
26.836369,-0.0249,0.4150,0.9072,0.06,-0.24,-0.31,22.65,2.49,67.09
26.836369,-0.0259,0.4072,0.9111,-0.12,-0.61,-0.24,22.66,2.48,67.12
26.866279,-0.0308,0.4019,0.9170,-0.73,-0.79,-0.85,22.66,2.48,67.13
26.866279,-0.0366,0.3975,0.9243,-0.24,-0.85,-0.79,22.66,2.48,67.14
26.896265,-0.0410,0.3960,0.9243,0.24,-1.04,-0.79,22.65,2.48,67.16
26.896265,-0.0391,0.3979,0.9194,0.55,-1.10,-1.04,22.64,2.49,67.17
26.956255,-0.0376,0.4038,0.9102,0.73,-1.16,-1.40,22.64,2.49,67.19
26.956255,-0.0381,0.4106,0.8965,0.61,-0.67,-1.40,22.64,2.49,67.20
26.986288,-0.0391,0.4185,0.8872,0.43,-0.12,-1.10,22.64,2.50,67.21
26.986288,-0.0396,0.4224,0.8867,-0.31,0.61,-0.73,22.64,2.50,67.23
27.046306,-0.0415,0.4268,0.8999,-1.34,0.79,-0.18,22.65,2.51,67.24
27.046306,-0.0376,0.4282,0.9131,-1.53,0.67,0.67,22.66,2.52,67.25
27.076259,-0.0312,0.4243,0.9268,-1.22,0.24,1.16,22.68,2.52,67.26
27.076259,-0.0249,0.4185,0.9307,-0.49,-0.37,1.89,22.66,2.51,67.27
27.107381,-0.0146,0.4072,0.9224,0.00,-0.67,1.89,22.66,2.48,67.31
27.107381,-0.0117,0.3979,0.9126,0.31,-0.55,1.10,22.66,2.46,67.33
27.166290,-0.0166,0.3950,0.9102,-0.18,-0.61,0.37,22.66,2.44,67.34
27.166290,-0.0190,0.3936,0.9160,-0.37,-0.67,-0.18,22.66,2.43,67.34
27.196330,-0.0244,0.3975,0.9229,-0.31,-0.92,-0.67,22.65,2.42,67.32
27.196330,-0.0278,0.4019,0.9263,0.12,-1.34,-1.16,22.65,2.41,67.29
27.226291,-0.0356,0.4087,0.9194,0.61,-1.59,-1.10,22.65,2.39,67.26
27.226291,-0.0347,0.4131,0.9082,0.61,-1.71,-0.67,22.66,2.37,67.23
27.286264,-0.0361,0.4155,0.9038,0.00,-1.65,-0.43,22.68,2.34,67.20
27.286264,-0.0381,0.4175,0.9014,0.00,-1.28,0.06,22.67,2.31,67.19
27.316301,-0.0371,0.4189,0.9019,0.00,-0.79,0.49,22.67,2.29,67.19
27.316301,-0.0366,0.4214,0.9019,-0.37,-0.61,1.16,22.66,2.27,67.20
27.347305,-0.0288,0.4165,0.9048,-0.98,-0.85,1.77,22.65,2.25,67.22
27.347305,-0.0176,0.4087,0.9058,-1.40,-0.85,1.89,22.63,2.21,67.25
27.406302,-0.0078,0.3999,0.9038,-0.73,-0.31,1.53,22.60,2.19,67.27
27.406302,-0.0039,0.3940,0.9043,-1.10,0.12,0.37,22.59,2.18,67.29
27.436317,-0.0044,0.3950,0.9106,-1.34,0.24,-0.49,22.56,2.18,67.29
27.436317,-0.0083,0.3975,0.9199,-1.22,0.49,-1.16,22.54,2.20,67.27
27.466389,-0.0127,0.4028,0.9253,-0.85,0.37,-1.34,22.52,2.22,67.26
27.466389,-0.0161,0.4048,0.9243,-0.49,0.06,-1.34,22.50,2.24,67.23
27.526285,-0.0205,0.4028,0.9214,-0.18,0.00,-1.53,22.49,2.25,67.21
27.526285,-0.0273,0.4033,0.9233,-0.37,-0.31,-1.65,22.48,2.26,67.18
27.556376,-0.0327,0.4048,0.9243,-0.06,-0.55,-1.34,22.48,2.26,67.14
27.556376,-0.0361,0.4062,0.9214,0.00,-0.43,-0.98,22.48,2.26,67.12
27.586631,-0.0405,0.4111,0.9131,0.43,-0.43,-0.24,22.48,2.26,67.10
27.586631,-0.0366,0.4131,0.9023,0.12,-0.18,0.12,22.49,2.25,67.10
27.648188,-0.0337,0.4146,0.8984,-0.06,0.12,0.49,22.49,2.25,67.10
27.648188,-0.0303,0.4141,0.8989,-0.49,0.55,0.79,22.48,2.25,67.12
27.677086,-0.0283,0.4116,0.9043,-0.98,0.67,1.04,22.47,2.25,67.14
27.677086,-0.0215,0.4077,0.9102,-0.98,0.73,1.16,22.45,2.26,67.17
27.708485,-0.0190,0.4048,0.9175,-1.16,0.85,1.04,22.43,2.26,67.20
27.708485,-0.0146,0.4014,0.9160,-0.06,1.16,0.98,22.42,2.27,67.23
27.796666,-0.0122,0.4009,0.9150,-0.31,0.92,0.55,22.41,2.29,67.25
27.796666,-0.0137,0.3975,0.9189,-0.73,0.49,0.00,22.40,2.30,67.26
27.798705,-0.0200,0.4009,0.9199,-0.43,0.37,-0.12,22.39,2.31,67.26
27.798705,-0.0225,0.4014,0.9185,-0.12,0.12,-0.06,22.38,2.31,67.26
27.826662,-0.0264,0.4048,0.9150,-0.61,0.12,-0.18,22.38,2.32,67.26
27.826662,-0.0601,0.4238,0.9194,-0.79,0.73,2.26,22.36,2.32,67.28
27.887666,-0.0884,0.4473,0.8794,2.01,0.18,8.67,22.37,2.29,67.38
27.887666,-0.0894,0.4595,0.8130,2.32,1.89,13.98,22.42,2.21,67.60
27.917445,-0.0669,0.4502,0.8350,4.70,4.82,18.86,22.49,2.15,67.96
27.917445,-0.0542,0.4102,0.8237,-11.66,9.34,16.36,22.46,2.12,68.33
27.946262,-0.0786,0.4653,0.9023,-25.88,8.30,16.30,22.01,2.18,68.68
27.946262,-0.0415,0.4038,0.9546,-5.74,6.16,24.72,21.75,2.13,69.13
28.006397,0.0898,0.2271,1.2271,-8.18,7.51,27.40,21.49,2.04,69.70
28.006397,0.0957,0.2617,1.0698,9.28,-7.57,6.29,21.69,1.92,69.99
28.036482,0.0278,0.4097,0.8091,-6.59,-6.59,-4.03,21.69,1.76,69.91
28.036482,-0.0029,0.4106,0.9033,3.23,1.46,4.39,21.54,1.75,69.90
28.066613,0.0161,0.3584,0.9214,-0.98,-0.61,1.89,21.60,1.70,69.97
28.066613,0.0059,0.3760,0.9136,0.31,0.92,-2.50,21.62,1.71,69.96
28.126595,-0.0132,0.3979,0.9272,-2.62,1.28,-4.88,21.58,1.77,69.89
28.126595,-0.0303,0.4043,0.9526,-2.32,-1.53,-3.91,21.52,1.80,69.80
28.157186,-0.0298,0.3999,0.9360,0.00,-1.34,-2.62,21.50,1.80,69.73
28.157186,-0.0337,0.4009,0.9268,2.32,-0.37,-0.98,21.52,1.80,69.69
28.186510,-0.0244,0.3955,0.9116,2.44,-0.12,-0.12,21.58,1.79,69.68
28.186510,-0.0190,0.3945,0.9023,0.85,-0.31,-0.37,21.61,1.79,69.68
28.246711,-0.0132,0.3936,0.8926,0.61,0.37,-0.24,21.63,1.79,69.67
28.246711,-0.0098,0.3906,0.8950,-0.67,0.73,-0.06,21.63,1.81,69.67
28.276613,-0.0039,0.3853,0.9077,-1.16,0.98,-0.06,21.60,1.82,69.68
28.276613,-0.0005,0.3818,0.9219,-0.06,1.89,-0.73,21.59,1.85,69.68
28.306647,-0.0098,0.3901,0.9277,0.12,2.26,-1.53,21.59,1.90,69.68
28.306647,-0.0166,0.3940,0.9365,0.06,1.04,-1.16,21.59,1.94,69.66
28.366617,-0.0137,0.3887,0.9404,0.43,0.55,-1.16,21.60,1.97,69.65
28.366617,-0.0117,0.3892,0.9390,1.22,0.06,-1.28,21.62,1.98,69.63
28.396649,-0.0068,0.3896,0.9341,1.28,-0.92,-1.53,21.64,1.98,69.60
28.396649,-0.0166,0.3936,0.9419,0.79,-0.61,-1.77,21.66,1.98,69.55
28.456626,-0.0200,0.3945,0.9390,3.23,-1.16,-0.98,21.70,1.98,69.53
28.456626,-0.0254,0.3965,0.9258,2.44,-1.77,-1.53,21.76,1.96,69.49
28.486389,-0.0288,0.3999,0.9131,2.50,-2.20,-0.85,21.81,1.93,69.45
28.486389,-0.0234,0.3970,0.9043,2.14,-2.08,-0.67,21.85,1.90,69.42
28.516314,-0.0190,0.3926,0.8960,1.34,-1.40,-1.59,21.89,1.87,69.38
28.516314,-0.0264,0.3970,0.8936,0.85,-0.55,-1.95,21.91,1.87,69.34
28.577292,-0.0332,0.4048,0.8984,0.61,0.00,-0.85,21.92,1.87,69.31
28.577292,-0.0273,0.4028,0.9077,0.12,0.12,-0.24,21.93,1.88,69.30
28.606271,-0.0229,0.4009,0.9175,-0.37,0.18,-0.55,21.93,1.89,69.30
28.606271,-0.0283,0.4048,0.9233,-0.31,0.00,-0.24,21.92,1.90,69.29
28.637661,-0.0234,0.4033,0.9175,0.55,-0.12,0.37,21.92,1.89,69.29
28.637661,-0.0195,0.4028,0.9155,0.18,-0.24,0.49,21.93,1.88,69.30
28.697437,-0.0137,0.4014,0.9102,0.00,-0.06,0.49,21.93,1.87,69.31
28.697437,-0.0132,0.4038,0.9121,-0.12,0.06,0.85,21.93,1.87,69.32
28.726419,-0.0127,0.4004,0.9199,-0.73,0.00,1.04,21.92,1.86,69.33
28.726419,-0.0103,0.3970,0.9194,0.18,-0.55,1.59,21.92,1.85,69.36
28.756275,-0.0117,0.3936,0.8960,0.00,-0.24,1.04,21.92,1.82,69.38
28.756275,-0.0234,0.4062,0.8438,-0.73,0.61,1.59,21.92,1.82,69.40
28.816607,-0.0337,0.4233,0.8022,-5.19,3.30,2.81,21.86,1.83,69.46
28.816607,-0.0386,0.4331,0.8325,-10.56,5.25,5.25,21.70,1.89,69.57
28.847459,-0.0020,0.3794,1.0190,-11.47,11.84,13.12,21.46,1.96,69.78
28.847459,0.0801,0.2593,1.1128,25.33,16.36,4.82,21.70,2.17,70.11
28.877806,0.0273,0.3867,0.8813,12.33,15.26,-6.47,22.05,2.47,70.18
28.877806,-0.0488,0.4224,0.9038,9.77,15.62,-1.34,22.25,2.80,70.24
28.936038,-0.0513,0.4116,0.9434,8.54,11.72,-2.01,22.46,3.05,70.32
28.936038,-0.0703,0.4365,0.9326,8.91,8.67,-1.46,22.64,3.25,70.36
28.965971,-0.0630,0.4336,0.9307,5.80,4.70,0.00,22.79,3.38,70.41
28.965971,-0.0649,0.4297,0.9453,-2.14,-2.20,-0.67,22.82,3.41,70.41
28.996049,-0.0601,0.4248,0.9302,-0.31,-4.94,0.43,22.78,3.33,70.37
28.996049,-0.0420,0.4087,0.8965,0.18,-3.48,0.43,22.79,3.25,70.35
29.056039,-0.0410,0.4019,0.9004,0.49,-2.20,0.00,22.79,3.19,70.33
29.056039,-0.0410,0.3979,0.9033,0.37,-1.53,0.12,22.80,3.16,70.31
29.085924,-0.0337,0.3975,0.9111,0.12,-1.16,0.18,22.80,3.13,70.31
29.085924,-0.0264,0.4014,0.9092,0.67,-0.37,-0.73,22.81,3.12,70.30
29.116271,-0.0317,0.4141,0.8940,2.14,1.40,-1.04,22.84,3.14,70.28
29.116271,-0.0337,0.4224,0.8745,1.40,1.40,-1.16,22.88,3.18,70.27
29.177489,-0.0439,0.4326,0.8618,-0.79,1.71,-0.43,22.88,3.21,70.26
29.177489,-0.0488,0.4292,0.8760,-2.62,2.32,0.85,22.85,3.25,70.29
29.206011,-0.0410,0.4155,0.9214,-4.88,1.77,1.04,22.77,3.27,70.32
29.206011,-0.0264,0.3931,0.9819,0.00,3.05,1.71,22.70,3.31,70.37
29.235994,-0.0249,0.3901,0.9585,3.72,1.95,-1.16,22.77,3.36,70.40
29.235994,-0.0513,0.4233,0.9058,0.18,-0.06,-1.77,22.81,3.38,70.37
29.296082,-0.0493,0.4175,0.8960,0.43,-0.49,-0.49,22.81,3.38,70.35
29.296082,-0.0430,0.4116,0.9004,0.00,0.55,-1.40,22.81,3.39,70.33
29.326084,-0.0503,0.4155,0.9131,0.24,0.67,-1.04,22.82,3.42,70.31
29.326084,-0.0459,0.4160,0.9170,0.06,-0.12,-0.24,22.82,3.42,70.31
29.357501,-0.0405,0.4116,0.9229,-0.37,-0.43,-0.67,22.81,3.42,70.30
29.357501,-0.0459,0.4111,0.9243,0.61,-0.49,-0.55,22.82,3.42,70.27
29.416043,-0.0474,0.4116,0.9219,0.79,-1.53,0.06,22.83,3.40,70.26
29.416043,-0.0396,0.4067,0.9111,0.98,-1.46,-0.31,22.85,3.37,70.25
29.446450,-0.0400,0.4136,0.8975,1.83,-0.12,-0.61,22.87,3.36,70.23
29.446450,-0.0444,0.4214,0.8906,0.55,0.24,-0.55,22.91,3.37,70.21
29.476125,-0.0454,0.4199,0.9009,-0.73,-0.31,-0.24,22.90,3.37,70.21
29.476125,-0.0386,0.4111,0.9131,-0.55,-0.18,-0.43,22.88,3.37,70.20
29.536329,-0.0366,0.4048,0.9199,-0.37,-0.43,-1.46,22.87,3.37,70.18
29.536329,-0.0376,0.4077,0.9146,0.06,-0.12,-1.95,22.87,3.37,70.14
29.565996,-0.0469,0.4150,0.9189,0.73,0.73,-1.89,22.87,3.40,70.11
29.565996,-0.0459,0.4199,0.9194,1.40,-0.37,-1.34,22.90,3.42,70.08
29.596079,-0.0425,0.4219,0.9053,1.04,-0.55,-2.01,22.92,3.42,70.04
29.596079,-0.0493,0.4263,0.8994,0.98,0.55,-1.77,22.93,3.44,70.01
29.656041,-0.0566,0.4297,0.9033,0.55,-0.06,-0.24,22.95,3.46,69.99
29.656041,-0.0444,0.4180,0.9058,-0.49,-0.98,0.79,22.95,3.44,69.99
29.686015,-0.0361,0.4082,0.9180,-0.98,-1.22,0.43,22.93,3.41,70.00
29.686015,-0.0376,0.4072,0.9136,0.98,-0.06,0.43,22.94,3.39,70.00
29.717491,-0.0430,0.4150,0.9092,0.85,0.18,0.31,22.96,3.39,70.00
29.717491,-0.0371,0.4155,0.9102,0.43,-0.61,0.31,22.97,3.38,70.01
29.776058,-0.0322,0.4111,0.8984,0.24,-0.24,-0.85,22.98,3.38,70.00
29.776058,-0.0288,0.4087,0.8799,0.00,0.55,-2.62,22.98,3.39,69.97
29.806411,-0.0273,0.4053,0.8794,-2.50,1.59,-5.00,22.95,3.45,69.91
29.806411,-0.0107,0.3940,0.8779,-3.23,1.53,-8.36,22.88,3.53,69.80
29.866034,-0.0283,0.3887,0.8906,-6.84,2.99,-12.57,22.78,3.66,69.61
29.866034,-0.0889,0.4233,0.9517,-2.01,6.53,-7.20,22.64,3.85,69.46
29.900919,-0.0640,0.4111,0.9458,4.82,3.30,-2.32,22.73,3.97,69.44
29.900919,-0.0381,0.4097,0.9102,-2.38,-1.95,-4.27,22.73,4.00,69.38
29.927484,-0.0522,0.4131,0.9116,-2.01,0.24,-4.21,22.67,4.02,69.29
29.927484,-0.0601,0.4146,0.9229,0.37,1.10,-3.30,22.66,4.06,69.22
29.986020,-0.0645,0.4175,0.9248,-1.34,-1.22,-3.36,22.65,4.09,69.16
29.986020,-0.0664,0.4204,0.9194,-0.24,-1.59,-1.77,22.63,4.08,69.10
30.017086,-0.0625,0.4160,0.9209,0.37,-0.55,-0.98,22.63,4.07,69.08
30.017086,-0.0679,0.4180,0.9229,0.24,-1.53,-0.61,22.64,4.06,69.05
30.046155,-0.0659,0.4141,0.9136,0.49,-1.77,0.00,22.65,4.03,69.03
30.046155,-0.0620,0.4106,0.9062,1.04,-1.16,0.49,22.66,4.00,69.03
30.106032,-0.0625,0.4121,0.9067,0.73,-1.16,0.43,22.69,3.98,69.03
30.106032,-0.0635,0.4170,0.9072,0.49,-0.79,0.49,22.69,3.95,69.02
30.136040,-0.0601,0.4150,0.9136,1.28,-0.73,1.53,22.71,3.93,69.04
30.136040,-0.0518,0.4155,0.9067,0.85,-0.55,1.59,22.73,3.91,69.06
30.166014,-0.0503,0.4116,0.9082,0.92,-0.43,1.34,22.75,3.88,69.08
30.166014,-0.0508,0.4136,0.9019,0.98,-0.24,1.28,22.77,3.86,69.10
30.226288,-0.0532,0.4141,0.9087,0.43,-0.06,1.53,22.79,3.85,69.13
30.226288,-0.0474,0.4116,0.9126,0.43,-0.55,1.71,22.80,3.83,69.16
30.256041,-0.0376,0.4058,0.9155,0.37,-0.55,0.61,22.81,3.81,69.18
30.256041,-0.0391,0.4067,0.9175,0.92,-0.55,-0.31,22.82,3.80,69.18
30.286975,-0.0386,0.4062,0.9150,1.46,-0.79,-0.92,22.85,3.79,69.16
30.286975,-0.0361,0.4038,0.9131,1.46,-0.92,-1.89,22.87,3.78,69.12
30.345987,-0.0347,0.4058,0.9136,1.59,-0.98,-2.81,22.90,3.78,69.07
30.345987,-0.0308,0.4033,0.9180,1.46,-1.28,-4.09,22.93,3.79,69.00
30.375992,-0.0264,0.4019,0.9180,1.04,-2.50,-5.86,22.95,3.80,68.89
30.375992,-0.0054,0.3896,0.8867,0.31,-2.08,-9.77,22.96,3.81,68.73
30.405940,0.0059,0.3760,0.8765,-2.44,1.34,-15.87,22.91,3.92,68.49
30.405940,-0.0679,0.4043,0.9004,-5.31,2.56,-18.86,22.83,4.11,68.18
30.465959,-0.1216,0.4375,0.9214,2.38,1.71,-10.13,22.77,4.27,67.92
30.465959,-0.0879,0.4277,0.9111,3.48,-1.04,-4.94,22.86,4.33,67.80
30.496250,-0.0806,0.4370,0.9004,-0.18,0.00,-5.31,22.87,4.36,67.70
30.496250,-0.1001,0.4478,0.9116,1.71,0.24,-2.01,22.88,4.41,67.63
30.526308,-0.0962,0.4419,0.9111,-0.55,-1.04,-0.55,22.88,4.40,67.60
30.526308,-0.0903,0.4341,0.9082,0.37,-1.28,1.77,22.88,4.37,67.61
30.585946,-0.0767,0.4302,0.9014,0.85,-0.31,2.81,22.90,4.33,67.65
30.585946,-0.0732,0.4277,0.9048,-0.31,-0.24,2.99,22.91,4.31,67.70
30.617067,-0.0703,0.4272,0.9155,-0.31,-0.79,4.03,22.90,4.27,67.76
30.617067,-0.0581,0.4146,0.9150,0.31,-0.85,4.09,22.91,4.21,67.84
30.647858,-0.0581,0.4121,0.9199,0.61,-0.49,4.21,22.92,4.17,67.91
30.647858,-0.0474,0.3999,0.9185,1.10,-1.22,3.97,22.95,4.11,67.97
30.707016,-0.0444,0.3999,0.9175,0.67,-1.22,2.99,22.96,4.06,68.03
30.707016,-0.0444,0.4019,0.9116,2.14,-0.61,2.69,23.00,4.02,68.07
30.737038,-0.0366,0.4048,0.9004,2.14,-0.24,1.77,23.05,3.99,68.11
30.737038,-0.0366,0.4116,0.8950,0.79,-0.49,0.49,23.08,3.98,68.13
30.767507,-0.0435,0.4185,0.8950,0.43,-0.24,0.43,23.09,3.97,68.13
30.767507,-0.0444,0.4185,0.9028,0.31,0.12,0.61,23.10,3.96,68.14
30.827384,-0.0449,0.4165,0.9126,0.18,0.00,0.06,23.10,3.96,68.15
30.827384,-0.0498,0.4194,0.9180,0.67,-0.12,-0.12,23.12,3.96,68.15
30.857027,-0.0581,0.4243,0.9141,1.34,0.00,0.31,23.14,3.96,68.15
30.857027,-0.0571,0.4268,0.9053,1.77,-0.37,1.46,23.17,3.94,68.16
30.886992,-0.0474,0.4224,0.8999,1.10,-0.61,1.34,23.20,3.92,68.19
30.886992,-0.0469,0.4209,0.8955,0.61,-0.06,0.67,23.22,3.91,68.20
30.946037,-0.0532,0.4219,0.9014,0.24,0.37,0.37,23.23,3.91,68.21
30.946037,-0.0552,0.4214,0.9053,0.12,0.00,0.79,23.24,3.90,68.23
30.977113,-0.0483,0.4136,0.9077,-0.31,0.00,0.31,23.24,3.89,68.24
30.977113,-0.0498,0.4131,0.9062,0.12,0.24,-0.18,23.24,3.89,68.24
31.005950,-0.0503,0.4165,0.9028,0.18,0.24,-0.18,23.24,3.90,68.24
31.005950,-0.0508,0.4170,0.8975,0.00,0.67,-0.31,23.24,3.91,68.24
31.065921,-0.0547,0.4219,0.8994,-0.18,0.92,-0.12,23.24,3.93,68.24
31.065921,-0.0537,0.4204,0.9033,-0.49,0.79,-0.24,23.23,3.95,68.25
31.097410,-0.0566,0.4224,0.9116,-0.73,0.43,-0.43,23.21,3.96,68.25
31.097410,-0.0605,0.4219,0.9160,-0.24,0.49,-0.18,23.21,3.97,68.25
31.127377,-0.0605,0.4258,0.9155,0.37,0.06,0.31,23.21,3.98,68.25
31.127377,-0.0522,0.4214,0.9062,0.12,-0.18,0.37,23.22,3.97,68.26
31.186438,-0.0527,0.4243,0.9038,-0.18,-0.12,0.37,23.21,3.97,68.26
31.186438,-0.0483,0.4209,0.8994,0.55,0.00,0.92,23.23,3.96,68.27
31.216253,-0.0430,0.4175,0.8994,0.00,0.00,0.49,23.23,3.95,68.29
31.216253,-0.0391,0.4111,0.8999,-0.49,-0.06,-0.43,23.23,3.94,68.29
31.276305,-0.0386,0.4062,0.9053,-0.73,0.06,-1.65,23.21,3.96,68.27
31.276305,-0.0410,0.4058,0.9141,-0.61,0.00,-2.56,23.19,3.98,68.23
31.306384,-0.0449,0.4092,0.9180,-0.06,0.00,-3.23,23.19,4.00,68.18
31.306384,-0.0479,0.4126,0.9146,0.85,0.12,-3.72,23.19,4.03,68.11
31.336266,-0.0571,0.4189,0.9126,1.04,0.12,-3.97,23.21,4.06,68.04
31.336266,-0.0659,0.4253,0.9194,0.43,-0.43,-3.48,23.22,4.09,67.97
31.396620,-0.0698,0.4292,0.9243,-0.18,-1.89,-2.32,23.22,4.09,67.91
31.396620,-0.0630,0.4287,0.9126,1.53,-1.59,-1.53,23.23,4.08,67.86
31.426667,-0.0635,0.4326,0.8999,1.53,-1.04,-1.04,23.26,4.06,67.82
31.426667,-0.0596,0.4312,0.8867,0.55,-1.53,-0.24,23.29,4.04,67.81
31.456277,-0.0552,0.4297,0.8857,-0.18,-0.85,0.12,23.29,4.02,67.80
31.456277,-0.0537,0.4277,0.8926,-0.12,0.00,0.31,23.28,4.01,67.80
31.516452,-0.0547,0.4263,0.8970,-0.31,0.43,0.12,23.28,4.01,67.81
31.516452,-0.0557,0.4243,0.8999,-0.49,0.43,0.00,23.27,4.02,67.81
31.546458,-0.0664,0.4272,0.9106,-0.67,0.73,0.49,23.26,4.03,67.82
31.546458,-0.0562,0.4199,0.9102,0.43,0.24,1.34,23.26,4.03,67.85
31.576277,-0.0542,0.4189,0.9043,-0.12,0.61,0.73,23.26,4.03,67.87
31.576277,-0.0547,0.4180,0.8979,0.67,1.16,0.98,23.27,4.04,67.90
31.636295,-0.0552,0.4204,0.9014,-0.18,0.73,0.98,23.27,4.05,67.92
31.636295,-0.0483,0.4160,0.9009,-0.73,0.31,0.31,23.27,4.05,67.94
31.666305,-0.0474,0.4175,0.9004,-0.79,0.79,-0.37,23.25,4.06,67.94
31.666305,-0.0552,0.4194,0.9062,-0.85,1.10,-0.61,23.24,4.08,67.94
31.696693,-0.0518,0.4185,0.9097,-0.55,0.37,0.06,23.22,4.10,67.94
31.696693,-0.0474,0.4136,0.9155,-1.34,0.00,-0.37,23.20,4.10,67.94
31.756300,-0.0498,0.4155,0.9189,-0.12,-0.06,-0.43,23.18,4.10,67.93
31.756300,-0.0527,0.4150,0.9185,0.00,-0.06,-1.04,23.18,4.11,67.92
31.786475,-0.0630,0.4238,0.9170,0.37,-0.61,-0.55,23.18,4.11,67.90
31.786475,-0.0586,0.4238,0.9043,0.85,-0.92,-0.06,23.20,4.09,67.89
31.816373,-0.0571,0.4248,0.8984,0.06,-0.73,-0.43,23.21,4.08,67.88
31.816373,-0.0605,0.4258,0.8950,-0.31,-0.55,-0.24,23.21,4.07,67.87
31.876310,-0.0620,0.4229,0.8965,-0.79,-0.18,0.06,23.20,4.06,67.87
31.876310,-0.0566,0.4180,0.9028,-0.85,-0.12,0.24,23.18,4.06,67.87
31.906349,-0.0557,0.4170,0.9033,-1.22,0.06,-0.12,23.15,4.06,67.87
31.906349,-0.0591,0.4189,0.9033,-1.04,0.43,-0.06,23.13,4.06,67.87
31.936279,-0.0615,0.4209,0.9053,-1.10,0.49,0.37,23.11,4.07,67.88
31.936279,-0.0566,0.4204,0.9048,-0.98,0.37,0.73,23.09,4.07,67.90
31.996611,-0.0547,0.4194,0.9043,-0.73,0.85,0.73,23.08,4.08,67.92
31.996611,-0.0522,0.4194,0.9062,-0.85,0.79,0.67,23.06,4.09,67.94
32.026476,-0.0498,0.4199,0.9072,-1.46,0.49,0.67,23.03,4.09,67.96
32.026476,-0.0454,0.4165,0.9067,-0.73,0.92,0.55,23.02,4.10,67.98
32.056269,-0.0483,0.4175,0.9126,-1.04,0.85,0.12,23.00,4.11,67.99
32.056269,-0.0469,0.4150,0.9136,-0.18,0.55,0.31,22.99,4.13,68.01
32.116321,-0.0459,0.4141,0.9121,0.12,0.73,-0.24,22.99,4.14,68.01
32.116321,-0.0498,0.4150,0.9160,0.00,0.43,-0.49,22.99,4.15,68.01
32.146398,-0.0522,0.4175,0.9180,0.24,0.00,-0.12,22.99,4.15,68.01
32.146398,-0.0493,0.4126,0.9209,0.31,-0.06,-0.43,23.00,4.15,68.00
32.176153,-0.0527,0.4126,0.9185,0.61,-0.31,-0.85,23.01,4.16,67.98
32.176153,-0.0562,0.4141,0.9121,1.04,-0.61,-1.10,23.03,4.15,67.96
32.236048,-0.0610,0.4165,0.9048,1.04,-0.61,-0.79,23.04,4.15,67.94
32.236048,-0.0562,0.4155,0.8970,0.98,-0.49,-0.61,23.07,4.14,67.92
32.266071,-0.0591,0.4185,0.8926,0.06,0.06,-1.28,23.08,4.15,67.90
32.266071,-0.0679,0.4238,0.8936,0.06,0.49,-0.79,23.08,4.16,67.88
32.296385,-0.0674,0.4253,0.8970,-0.43,0.49,-0.24,23.08,4.17,67.88
32.296385,-0.0640,0.4238,0.9014,-0.92,0.61,0.00,23.06,4.19,67.88
32.386205,-0.0654,0.4238,0.9067,-0.79,0.85,0.12,23.04,4.20,67.90
32.386205,-0.0640,0.4214,0.9111,-0.43,0.73,0.37,23.03,4.21,67.91
32.387129,-0.0645,0.4214,0.9116,-0.67,0.37,0.43,23.02,4.22,67.92
32.387129,-0.0620,0.4214,0.9111,-0.37,0.24,0.92,23.01,4.22,67.93
32.416089,-0.0576,0.4185,0.9131,-0.55,0.06,1.04,23.01,4.21,67.96
32.416089,-0.0562,0.4165,0.9155,-0.49,-0.37,0.98,23.04,4.19,67.96
32.476095,-0.0522,0.4131,0.9155,-0.18,-0.73,0.92,23.05,4.18,67.96
32.476095,-0.0503,0.4121,0.9116,0.00,-0.67,0.61,23.05,4.17,67.96
32.506029,-0.0508,0.4111,0.9062,0.24,-0.55,0.43,23.06,4.17,67.96
32.506029,-0.0513,0.4136,0.9043,0.00,-0.49,0.06,23.06,4.17,67.96
32.566353,-0.0518,0.4150,0.9058,-0.24,-0.61,0.00,23.06,4.16,67.96
32.566353,-0.0503,0.4131,0.9077,-0.37,-0.49,-0.55,23.07,4.16,67.97
32.596253,-0.0581,0.4170,0.9146,-0.55,-0.61,-0.73,23.07,4.16,67.97
32.596253,-0.0610,0.4194,0.9160,0.00,-0.92,-0.49,23.07,4.16,67.97
32.626288,-0.0615,0.4204,0.9155,0.24,-0.79,-0.06,23.07,4.16,67.97
32.626288,-0.0581,0.4165,0.9136,0.61,-1.10,0.12,23.07,4.16,67.97
32.686042,-0.0562,0.4185,0.9087,-0.12,-1.22,-0.12,23.07,4.16,67.97
32.686042,-0.0537,0.4180,0.9033,0.43,-1.10,0.18,23.07,4.16,67.97
32.716055,-0.0566,0.4204,0.9043,-0.24,-0.61,0.06,23.07,4.16,67.97
32.716055,-0.0576,0.4238,0.9058,0.24,-0.67,0.85,23.07,4.16,67.97
32.746031,-0.0513,0.4199,0.9058,0.18,-0.49,0.67,23.07,4.16,67.97
32.746031,-0.0537,0.4238,0.9067,0.37,-0.43,1.10,23.07,4.15,67.97
32.806000,-0.0483,0.4180,0.9038,0.43,-0.37,1.28,23.07,4.15,67.97
32.806000,-0.0459,0.4141,0.9058,-0.18,-0.18,0.85,23.07,4.15,67.97
32.835931,-0.0444,0.4116,0.9067,0.18,0.00,0.37,23.08,4.15,67.97
32.835931,-0.0503,0.4146,0.9146,0.00,0.06,0.12,23.08,4.15,67.98
32.866031,-0.0498,0.4141,0.9170,0.18,-0.43,0.18,23.08,4.15,67.98
32.866031,-0.0474,0.4146,0.9150,0.37,-0.37,0.06,23.08,4.15,67.98
32.926370,-0.0479,0.4165,0.9092,0.92,-0.37,0.31,23.08,4.15,67.98
32.926370,-0.0439,0.4155,0.8999,0.79,-0.49,-0.12,23.08,4.15,67.98
32.956012,-0.0469,0.4175,0.8940,0.12,0.00,-0.49,23.08,4.15,67.98
32.956012,-0.0498,0.4209,0.8936,-0.06,0.18,-0.18,23.08,4.14,67.98
32.986028,-0.0518,0.4204,0.9053,-1.04,0.37,-0.31,23.08,4.14,67.98
32.986028,-0.0532,0.4199,0.9146,-0.18,0.06,0.00,23.08,4.14,67.98
33.046043,-0.0508,0.4170,0.9165,-0.12,0.12,-0.43,23.09,4.11,67.98
33.046043,-0.0537,0.4209,0.9116,0.55,0.24,-0.37,23.09,4.11,68.05
33.076050,-0.0547,0.4233,0.9033,0.55,0.18,0.18,23.09,4.11,68.12
33.076050,-0.0503,0.4233,0.8989,0.12,0.06,0.37,23.10,4.11,68.18
33.106059,-0.0493,0.4214,0.8984,-0.37,0.24,0.06,23.10,4.11,68.24
33.106059,-0.0488,0.4199,0.9028,-0.37,0.24,-0.06,23.10,4.10,68.30
33.166130,-0.0488,0.4165,0.9097,-0.85,0.12,-0.18,23.10,4.10,68.36
33.166130,-0.0483,0.4126,0.9165,-0.49,-0.06,-0.06,23.10,4.10,68.41
33.196214,-0.0469,0.4121,0.9180,-0.12,0.00,-0.37,23.10,4.10,68.46
33.196214,-0.0503,0.4126,0.9146,0.06,-0.12,-0.61,23.10,4.09,68.51
33.225975,-0.0503,0.4165,0.9087,0.24,-0.31,-0.49,23.10,4.09,68.56
33.225975,-0.0493,0.4175,0.9043,0.37,-0.24,-0.61,23.10,4.09,68.61
33.286005,-0.0503,0.4199,0.8999,-0.18,-0.06,-1.16,23.10,4.09,68.65
33.286005,-0.0557,0.4238,0.9023,-0.06,0.06,-0.79,23.10,4.08,68.70
33.316027,-0.0576,0.4229,0.9072,-0.31,0.24,-0.18,23.11,4.08,68.74
33.316027,-0.0581,0.4219,0.9121,-0.24,0.06,0.00,23.11,4.08,68.78
33.346051,-0.0586,0.4219,0.9106,-0.18,0.00,0.06,23.11,4.08,68.82
33.346051,-0.0581,0.4219,0.9092,-0.06,0.00,0.24,23.12,4.08,68.86
33.406020,-0.0610,0.4224,0.9121,-0.18,-0.12,1.10,23.12,4.08,68.90
33.406020,-0.0518,0.4141,0.9111,0.49,-0.24,1.71,23.12,4.07,68.91
33.436017,-0.0459,0.4082,0.9092,0.43,-0.06,0.61,23.13,4.05,68.93
33.436017,-0.0518,0.4116,0.9082,0.43,0.00,-0.06,23.14,4.05,68.93
33.466193,-0.0571,0.4175,0.9087,0.06,-0.24,0.06,23.15,4.05,68.93
33.466193,-0.0488,0.4180,0.9062,0.06,-0.73,0.55,23.15,4.04,68.93
33.526369,-0.0371,0.4204,0.9033,0.31,-0.43,0.00,23.15,4.02,68.93
33.526369,-0.0337,0.4219,0.8975,0.18,0.00,-0.43,23.16,4.02,68.93
33.556044,-0.0396,0.4219,0.9004,-0.61,-0.12,-0.73,23.15,4.03,68.92
33.556044,-0.0420,0.4175,0.8994,-0.18,0.00,-0.67,23.14,4.03,68.91
33.586092,-0.0493,0.4180,0.9009,-0.31,0.79,-1.04,23.14,4.04,68.89
33.586092,-0.0562,0.4224,0.9102,-0.43,0.31,-0.98,23.13,4.06,68.88
33.646022,-0.0591,0.4253,0.9165,-0.85,0.00,-0.49,23.12,4.08,68.86
33.646022,-0.0532,0.4224,0.9194,0.18,-0.37,0.37,23.11,4.07,68.86
33.676004,-0.0439,0.4111,0.9141,0.24,-0.49,-0.06,23.12,4.06,68.86
33.676004,-0.0483,0.4082,0.9106,0.55,-0.18,-0.43,23.12,4.05,68.86
33.706035,-0.0562,0.4111,0.9077,0.55,0.18,-0.49,23.13,4.06,68.85
33.706035,-0.0566,0.4146,0.9062,0.61,0.06,-0.06,23.14,4.06,68.84
33.766073,-0.0532,0.4175,0.9072,-0.06,0.12,-0.61,23.15,4.07,68.83
33.766073,-0.0547,0.4229,0.9082,0.18,0.24,-0.67,23.15,4.08,68.82
33.796523,-0.0566,0.4253,0.9082,0.00,0.06,-0.24,23.15,4.09,68.82
33.796523,-0.0576,0.4258,0.9097,0.24,0.00,0.79,23.15,4.09,68.82
33.826449,-0.0425,0.4180,0.9053,0.49,0.00,0.92,23.16,4.08,68.84
33.826449,-0.0430,0.4185,0.9028,-0.06,0.24,-0.18,23.16,4.08,68.85
33.886073,-0.0498,0.4194,0.9019,0.12,0.37,-0.24,23.16,4.09,68.85
33.886073,-0.0552,0.4224,0.9067,-0.24,0.24,0.24,23.16,4.09,68.85
33.915992,-0.0488,0.4180,0.9077,-0.06,0.00,0.37,23.16,4.09,68.86
33.915992,-0.0454,0.4155,0.9058,-0.06,0.18,-0.18,23.16,4.09,68.86
33.945985,-0.0503,0.4160,0.9048,-0.06,0.43,-0.73,23.16,4.10,68.85
33.945985,-0.0552,0.4194,0.9053,0.00,0.24,-0.24,23.16,4.12,68.85
34.005926,-0.0513,0.4180,0.9058,-0.06,0.12,-0.18,23.16,4.13,68.85
34.005926,-0.0488,0.4194,0.9058,-0.06,0.24,-0.61,23.15,4.13,68.84
34.036031,-0.0532,0.4219,0.9072,-0.18,0.18,-0.85,23.15,4.14,68.82
34.036031,-0.0576,0.4229,0.9097,-0.12,0.00,-0.31,23.15,4.15,68.81
34.096277,-0.0547,0.4185,0.9102,0.18,0.00,-0.24,23.15,4.15,68.81
34.096277,-0.0547,0.4199,0.9067,0.00,0.00,-0.37,23.15,4.15,68.80
34.126265,-0.0571,0.4219,0.9077,0.00,-0.12,-0.18,23.15,4.16,68.80
34.126265,-0.0557,0.4224,0.9077,0.00,-0.31,0.18,23.15,4.15,68.80
34.155927,-0.0518,0.4199,0.9062,0.31,-0.18,0.31,23.15,4.14,68.80
34.155927,-0.0508,0.4180,0.9033,0.18,-0.18,0.00,23.16,4.14,68.80
34.215944,-0.0503,0.4175,0.9028,-0.06,-0.12,-0.24,23.16,4.14,68.80
34.215944,-0.0557,0.4204,0.9038,-0.12,0.18,-0.18,23.15,4.14,68.79
34.245920,-0.0542,0.4209,0.9038,-0.06,0.12,0.18,23.15,4.14,68.80
34.245920,-0.0513,0.4204,0.9082,-0.49,0.00,0.00,23.15,4.14,68.80
34.276069,-0.0522,0.4194,0.9116,-0.49,0.06,-0.18,23.14,4.14,68.80
34.276069,-0.0547,0.4204,0.9136,0.12,-0.06,0.12,23.13,4.14,68.80
34.336002,-0.0527,0.4194,0.9141,0.18,-0.24,0.49,23.14,4.14,68.80
34.336002,-0.0503,0.4180,0.9092,0.37,-0.43,0.61,23.14,4.12,68.81
34.365977,-0.0474,0.4150,0.9043,0.31,-0.37,0.18,23.15,4.11,68.81
34.365977,-0.0483,0.4180,0.9019,0.00,-0.18,-0.06,23.15,4.10,68.81
34.396270,-0.0483,0.4160,0.9033,0.00,-0.18,-0.18,23.15,4.10,68.80
34.396270,-0.0493,0.4180,0.9062,-0.24,-0.31,-0.24,23.20,4.01,68.79
34.455993,-0.0469,0.4146,0.9082,0.00,0.00,-0.61,23.20,4.00,68.78
34.455993,-0.0518,0.4209,0.9087,0.37,0.06,-0.49,23.20,4.00,68.77
34.485994,-0.0493,0.4175,0.9092,0.00,-0.06,-0.43,23.20,4.00,68.76
34.485994,-0.0503,0.4189,0.9126,-0.12,-0.43,-0.61,23.20,4.00,68.75
34.515996,-0.0508,0.4185,0.9082,0.49,-0.31,-0.61,23.20,4.00,68.75
34.515996,-0.0552,0.4243,0.9072,0.37,-0.12,-0.49,23.20,3.99,68.74
34.576010,-0.0557,0.4272,0.9038,0.49,-0.43,0.06,23.20,3.99,68.73
34.576010,-0.0522,0.4277,0.9009,0.31,-0.18,0.31,23.21,3.99,68.72
34.606027,-0.0503,0.4238,0.8994,0.37,0.06,0.31,23.21,3.99,68.72
34.606027,-0.0522,0.4229,0.8989,-0.12,0.12,0.43,23.21,3.99,68.71
34.635986,-0.0493,0.4175,0.9009,-0.24,0.18,0.49,23.21,3.99,68.70
34.635986,-0.0498,0.4155,0.9087,-0.24,0.61,0.00,23.22,3.99,68.70
34.696350,-0.0532,0.4189,0.9131,0.18,0.49,0.06,23.22,3.99,68.69
34.696350,-0.0532,0.4209,0.9136,0.12,0.24,0.12,23.22,3.98,68.69
34.726266,-0.0508,0.4204,0.9082,0.49,0.00,0.31,23.22,3.98,68.68
34.726266,-0.0527,0.4243,0.9072,0.37,0.12,0.55,23.22,3.98,68.68
34.756023,-0.0483,0.4219,0.9048,0.49,-0.06,0.85,23.22,3.98,68.67
34.756023,-0.0474,0.4180,0.9067,0.37,0.00,0.49,23.23,3.98,68.66
34.815958,-0.0493,0.4175,0.9058,0.43,-0.06,0.24,23.23,3.98,68.66
34.815958,-0.0508,0.4175,0.9053,0.12,0.00,0.12,23.23,3.98,68.65
34.845929,-0.0479,0.4185,0.9048,0.24,-0.06,0.06,23.23,3.97,68.65
34.845929,-0.0493,0.4199,0.9043,0.37,0.06,-0.18,23.23,3.97,68.64
34.876032,-0.0503,0.4214,0.9019,0.43,0.12,-0.31,23.23,3.97,68.64
34.876032,-0.0518,0.4229,0.9004,0.06,0.12,-0.37,23.23,3.97,68.63
34.936259,-0.0537,0.4238,0.9009,-0.18,0.24,-0.24,23.23,3.97,68.63
34.936259,-0.0537,0.4263,0.9033,-0.12,0.24,0.00,23.24,3.97,68.63
34.966360,-0.0508,0.4243,0.9067,-0.24,0.00,0.00,23.24,3.96,68.62
34.966360,-0.0493,0.4233,0.9121,-0.31,-0.06,-0.12,23.24,3.96,68.62
34.996358,-0.0508,0.4224,0.9136,0.00,-0.18,0.00,23.24,3.96,68.62
34.996358,-0.0522,0.4219,0.9131,0.37,-0.43,0.18,23.24,3.96,68.61
35.056433,-0.0483,0.4180,0.9106,0.43,-0.67,0.12,23.24,3.96,68.60
35.056433,-0.0532,0.4199,0.9082,0.43,-0.49,-0.06,23.24,3.96,68.60
35.086564,-0.0518,0.4204,0.9038,0.79,-0.55,0.06,23.24,3.96,68.59
35.086564,-0.0532,0.4224,0.8989,0.18,-0.43,0.00,23.25,3.96,68.59
35.115958,-0.0518,0.4248,0.8931,0.43,-0.24,0.37,23.25,3.95,68.59
35.115958,-0.0474,0.4238,0.8940,-0.31,0.06,0.06,23.25,3.95,68.59
35.175966,-0.0474,0.4258,0.9019,-0.55,-0.06,0.24,23.25,3.95,68.58
35.175966,-0.0444,0.4224,0.9033,-0.37,0.18,0.18,23.26,3.95,68.58
35.205945,-0.0435,0.4204,0.9048,-0.24,0.37,0.00,23.26,3.94,68.58
35.205945,-0.0454,0.4209,0.9062,-0.31,0.43,-0.24,23.26,3.94,68.57
35.236368,-0.0488,0.4238,0.9092,-0.43,0.49,-0.31,23.26,3.94,68.57
35.236368,-0.0483,0.4233,0.9116,0.00,0.06,0.00,23.26,3.93,68.57
35.296657,-0.0464,0.4224,0.9097,0.00,0.00,-0.24,23.26,3.93,68.56
35.296657,-0.0488,0.4204,0.9082,0.00,-0.06,-0.43,23.26,3.93,68.56
35.326215,-0.0522,0.4189,0.9072,0.06,-0.06,-0.31,23.27,3.93,68.55
35.326215,-0.0518,0.4185,0.9038,0.12,-0.06,-0.24,23.27,3.93,68.55
35.356330,-0.0518,0.4199,0.9048,0.00,0.00,-0.43,23.27,3.93,68.55
35.356330,-0.0527,0.4229,0.9048,0.00,0.12,-0.43,23.27,3.92,68.55
35.416620,-0.0527,0.4243,0.9067,-0.12,0.06,-0.31,23.27,3.92,68.54
35.416620,-0.0498,0.4248,0.9053,-0.12,0.00,-0.12,23.27,3.92,68.54
35.446085,-0.0483,0.4219,0.9053,-0.12,0.06,-0.18,23.27,3.92,68.54
35.446085,-0.0488,0.4204,0.9038,-0.18,0.18,-0.31,23.27,3.92,68.54
35.506273,-0.0508,0.4199,0.9028,-0.31,0.61,-0.43,23.28,3.92,68.53
35.506273,-0.0503,0.4214,0.9048,-0.12,0.67,-0.18,23.28,3.92,68.53
35.536357,-0.0488,0.4194,0.9067,-0.55,0.37,-0.49,23.28,3.92,68.53
35.536357,-0.0513,0.4204,0.9116,-0.43,0.31,-0.18,23.28,3.91,68.53
35.566369,-0.0508,0.4199,0.9146,-0.06,0.12,-0.12,23.28,3.91,68.52
35.566369,-0.0498,0.4214,0.9150,0.00,-0.06,-0.49,23.28,3.91,68.52
35.627778,-0.0498,0.4238,0.9106,0.49,-0.06,-0.67,23.28,3.91,68.52
35.627778,-0.0527,0.4272,0.9043,0.55,0.00,-0.37,23.29,3.91,68.52
35.655945,-0.0522,0.4248,0.9004,0.37,-0.18,0.00,23.29,3.91,68.51
35.655945,-0.0508,0.4219,0.8999,0.00,0.00,0.00,23.29,3.91,68.51
35.686039,-0.0503,0.4189,0.9028,-0.06,0.37,-0.12,23.29,3.91,68.51
35.686039,-0.0513,0.4194,0.9077,-0.18,0.24,-0.37,23.29,3.91,68.51
35.746058,-0.0547,0.4219,0.9116,0.00,0.12,-0.37,23.29,3.90,68.51
35.746058,-0.0547,0.4219,0.9102,0.31,0.18,-0.18,23.29,3.90,68.50
35.776071,-0.0542,0.4209,0.9058,0.12,0.18,-0.24,23.29,3.90,68.50
35.776071,-0.0532,0.4199,0.9019,0.12,0.12,-0.18,23.30,3.90,68.50
35.806010,-0.0552,0.4229,0.9038,-0.31,0.31,-0.18,23.30,3.90,68.49
35.806010,-0.0547,0.4248,0.9053,0.00,0.18,0.24,23.30,3.90,68.49
35.866048,-0.0537,0.4233,0.9087,-0.24,0.12,0.31,23.30,3.90,68.49
35.866048,-0.0532,0.4209,0.9116,-0.24,-0.06,0.18,23.30,3.90,68.49
35.896362,-0.0537,0.4224,0.9136,0.06,-0.18,0.31,23.30,3.90,68.49
35.896362,-0.0479,0.4199,0.9082,0.24,-0.43,0.00,23.30,3.90,68.48
35.926345,-0.0474,0.4229,0.9038,0.31,-0.18,-0.06,23.30,3.90,68.48
35.926345,-0.0479,0.4238,0.9014,0.31,-0.12,0.00,23.30,3.90,68.48
35.986069,-0.0464,0.4209,0.9023,-0.12,-0.12,-0.12,23.31,3.89,68.48
35.986069,-0.0483,0.4214,0.9028,-0.12,-0.24,-0.31,23.31,3.89,68.48
36.016007,-0.0483,0.4209,0.9053,-0.18,-0.12,-0.43,23.31,3.89,68.48
36.016007,-0.0488,0.4199,0.9092,-0.24,-0.37,-0.61,23.31,3.89,68.47
36.046072,-0.0503,0.4189,0.9102,0.18,-0.49,-0.79,23.31,3.89,68.47
36.046072,-0.0522,0.4209,0.9067,0.24,-0.24,-0.85,23.31,3.89,68.47
36.105999,-0.0576,0.4224,0.9043,0.18,-0.31,-0.73,23.31,3.88,68.47
36.105999,-0.0562,0.4243,0.8940,0.43,0.18,-0.37,23.31,3.88,68.47
36.136062,-0.0547,0.4253,0.8857,0.61,1.16,-0.31,23.31,3.88,68.47
36.136062,-0.0571,0.4282,0.8896,-0.85,1.10,-0.43,23.32,3.89,68.47
36.165991,-0.0576,0.4253,0.9028,-1.59,0.98,-0.31,23.32,3.89,68.47
36.165991,-0.0601,0.4263,0.9165,-0.79,1.22,0.18,23.32,3.89,68.46
36.226347,-0.0571,0.4248,0.9214,-0.31,0.85,0.73,23.33,3.89,68.46
36.226347,-0.0537,0.4219,0.9219,-0.18,0.12,0.73,23.33,3.89,68.46
36.256013,-0.0498,0.4185,0.9170,0.06,-0.06,0.67,23.33,3.89,68.46
36.256013,-0.0469,0.4180,0.9121,0.61,-0.12,0.49,23.33,3.89,68.46
36.286089,-0.0483,0.4194,0.9087,0.43,-0.31,0.49,23.33,3.89,68.46
36.286089,-0.0449,0.4189,0.9004,0.43,-0.24,0.43,23.33,3.89,68.45
36.346016,-0.0444,0.4175,0.9014,0.18,-0.06,-0.12,23.33,3.88,68.45
36.346016,-0.0508,0.4199,0.8999,0.06,0.06,-0.49,23.33,3.88,68.45
36.376377,-0.0552,0.4229,0.9014,0.12,0.06,-0.12,23.33,3.88,68.45
36.376377,-0.0479,0.4204,0.9019,0.00,0.06,-0.31,23.33,3.88,68.44
36.406368,-0.0498,0.4219,0.9038,-0.12,0.31,-0.85,23.33,3.88,68.44
36.406368,-0.0562,0.4233,0.9058,0.06,0.43,-0.85,23.33,3.88,68.44
36.466061,-0.0620,0.4268,0.9102,0.00,0.12,-0.31,23.33,3.88,68.44
36.466061,-0.0552,0.4248,0.9092,0.37,0.00,0.12,23.33,3.88,68.44
36.496356,-0.0552,0.4243,0.9077,0.12,-0.06,-0.18,23.33,3.88,68.44
36.496356,-0.0596,0.4258,0.9067,0.18,-0.24,0.12,23.34,3.88,68.44
36.526337,-0.0586,0.4219,0.9014,0.43,0.00,0.55,23.34,3.88,68.44
36.526337,-0.0542,0.4219,0.9019,0.31,0.24,0.37,23.34,3.88,68.44
36.586040,-0.0537,0.4224,0.9014,0.18,0.12,0.12,23.35,3.88,68.43
36.586040,-0.0566,0.4243,0.9004,-0.31,0.06,0.06,23.35,3.88,68.43
36.616061,-0.0547,0.4253,0.9019,-0.06,0.06,0.61,23.35,3.88,68.43
36.616061,-0.0479,0.4204,0.9067,-0.24,0.00,0.24,23.35,3.88,68.43
36.646034,-0.0508,0.4219,0.9126,-0.12,0.00,-0.24,23.35,3.88,68.43
36.646034,-0.0547,0.4258,0.9121,0.79,0.06,0.12,23.35,3.88,68.43
36.706091,-0.0513,0.4243,0.9072,0.61,-0.31,0.31,23.35,3.88,68.43
36.706091,-0.0459,0.4204,0.9028,0.55,-0.55,0.24,23.35,3.88,68.43
36.735945,-0.0425,0.4170,0.8989,0.73,0.00,-0.31,23.36,3.88,68.43
36.735945,-0.0430,0.4165,0.8950,0.49,0.24,-0.73,23.36,3.88,68.43
36.766036,-0.0420,0.4160,0.8979,0.00,0.55,-1.53,23.36,3.89,68.41
36.766036,-0.0503,0.4253,0.9082,0.00,0.49,-1.28,23.35,3.91,68.39
36.826344,-0.0469,0.4253,0.9082,0.31,0.31,-1.10,23.35,3.93,68.37
36.826344,-0.0493,0.4268,0.9087,0.18,0.18,-1.53,23.35,3.94,68.35
36.856038,-0.0513,0.4253,0.9019,0.37,-0.06,-1.46,23.35,3.96,68.32
36.856038,-0.0547,0.4243,0.8984,-0.06,0.12,-1.22,23.35,3.97,68.29
36.916052,-0.0518,0.4199,0.8970,0.00,0.06,-0.92,23.34,3.98,68.27
36.916052,-0.0522,0.4175,0.9014,-0.73,0.24,-1.53,23.33,3.99,68.25
36.946032,-0.0562,0.4194,0.9082,-0.18,0.43,-1.77,23.31,4.01,68.22
36.946032,-0.0610,0.4233,0.9121,0.00,0.55,-1.83,23.31,4.03,68.19
36.976043,-0.0674,0.4312,0.9087,0.55,0.43,-1.28,23.31,4.06,68.16
36.976043,-0.0649,0.4321,0.9014,0.37,0.18,-0.98,23.31,4.07,68.14
37.035947,-0.0654,0.4326,0.8979,0.00,0.37,-0.73,23.31,4.08,68.13
37.035947,-0.0688,0.4326,0.8975,0.06,0.49,-0.12,23.31,4.09,68.13
37.066006,-0.0659,0.4316,0.8984,-0.06,0.37,0.43,23.31,4.10,68.13
37.066006,-0.0576,0.4282,0.8989,-0.31,0.24,0.67,23.30,4.10,68.14
37.230511,-0.0532,0.4224,0.9023,-0.67,0.43,0.31,23.29,4.10,68.15
37.230511,-0.0547,0.4229,0.9077,-0.55,0.49,0.18,23.27,4.10,68.16
37.230546,-0.0527,0.4214,0.9111,-0.37,0.12,0.24,23.26,4.11,68.17
37.230546,-0.0518,0.4204,0.9116,-0.37,-0.12,0.06,23.25,4.10,68.17
37.230556,-0.0483,0.4189,0.9097,0.12,-0.24,-0.31,23.24,4.10,68.16
37.230556,-0.0498,0.4199,0.9058,-0.06,-0.24,-0.73,23.24,4.10,68.15
37.230568,-0.0566,0.4214,0.9067,-0.06,-0.49,-0.67,23.23,4.10,68.13
37.230568,-0.0562,0.4199,0.9058,0.06,-0.55,-0.67,23.23,4.09,68.12
37.275906,-0.0605,0.4229,0.9053,0.00,-0.49,-0.98,23.23,4.09,68.09
37.275906,-0.0635,0.4258,0.9033,0.12,-0.43,-0.79,23.23,4.09,68.07
37.305843,-0.0669,0.4272,0.9014,0.00,-0.24,-0.55,23.22,4.09,68.05
37.305843,-0.0654,0.4272,0.8979,-0.31,-0.31,-0.24,23.21,4.08,68.04
37.335879,-0.0615,0.4287,0.8965,-0.37,-0.24,-0.12,23.20,4.08,68.03
37.335879,-0.0610,0.4282,0.9004,-0.92,-0.06,-0.06,23.19,4.08,68.03
37.396338,-0.0610,0.4268,0.9058,-0.85,-0.12,0.43,23.16,4.07,68.03
37.396338,-0.0576,0.4238,0.9102,-0.49,-0.12,0.61,23.15,4.06,68.04
37.427379,-0.0532,0.4214,0.9116,-0.49,-0.24,0.55,23.14,4.05,68.05
37.427379,-0.0503,0.4194,0.9116,-0.37,-0.61,0.18,23.13,4.04,68.05
37.456059,-0.0493,0.4204,0.9106,-0.24,-0.55,-0.06,23.12,4.03,68.04
37.456059,-0.0503,0.4219,0.9062,0.31,-0.61,0.18,23.11,4.02,68.04
37.516098,-0.0474,0.4199,0.9014,0.06,-0.37,0.00,23.12,4.00,68.04
37.516098,-0.0498,0.4194,0.9023,-0.18,-0.55,-0.31,23.11,3.99,68.03
37.546012,-0.0522,0.4214,0.9043,-0.55,-0.49,-0.61,23.10,3.99,68.01
37.546012,-0.0596,0.4224,0.9077,-0.12,-0.18,-0.61,23.09,3.98,67.99
37.576164,-0.0576,0.4219,0.9067,0.24,-0.24,-0.18,23.08,3.98,67.99
37.576164,-0.0571,0.4209,0.9062,-0.12,-0.37,-0.12,23.08,3.98,67.98
37.635996,-0.0527,0.4189,0.8999,-0.12,-0.49,-0.18,23.08,3.97,67.97
37.635996,-0.0547,0.4209,0.9014,-0.43,0.00,-0.49,23.07,3.97,67.96
37.666315,-0.0571,0.4253,0.9048,-0.18,0.18,-0.12,23.05,3.97,67.96
37.666315,-0.0562,0.4268,0.9043,-0.06,0.12,0.00,23.05,3.97,67.96
37.699562,-0.0562,0.4287,0.9033,-0.06,0.31,0.00,23.04,3.98,67.96
37.699562,-0.0591,0.4297,0.9028,-0.12,0.31,0.37,23.04,3.98,67.96
37.756918,-0.0566,0.4253,0.9028,-0.37,0.00,0.67,23.03,3.98,67.97
37.756918,-0.0532,0.4209,0.9062,-0.55,0.12,0.73,23.02,3.98,67.98
37.785964,-0.0479,0.4165,0.9097,-0.31,0.00,0.61,23.12,3.96,68.00
37.785964,-0.0430,0.4146,0.9146,-0.61,-0.24,-0.06,23.12,3.96,68.00
37.816000,-0.0435,0.4141,0.9126,0.00,-0.18,-0.49,23.12,3.96,68.00
37.816000,-0.0454,0.4146,0.9058,0.37,0.00,-0.79,23.12,3.96,67.99
37.876019,-0.0493,0.4160,0.9004,0.00,0.06,-1.22,23.12,3.95,67.99
37.876019,-0.0527,0.4194,0.8950,0.00,0.31,-1.34,23.12,3.95,67.99
37.905941,-0.0596,0.4248,0.8975,-0.31,0.43,-1.16,23.13,3.95,67.99
37.905941,-0.0591,0.4258,0.8994,-0.79,0.43,-0.98,23.13,3.95,67.99
37.935992,-0.0615,0.4243,0.9058,-1.10,0.49,-0.98,23.13,3.95,67.99
37.935992,-0.0659,0.4248,0.9136,-0.79,0.43,-0.61,23.13,3.95,67.99
37.996264,-0.0674,0.4263,0.9170,-0.24,0.18,0.00,23.14,3.96,67.99
37.996264,-0.0620,0.4243,0.9111,0.12,0.06,0.37,23.14,3.96,67.99
38.056148,-0.0596,0.4248,0.9038,-0.06,0.12,0.43,23.14,3.96,67.99
38.056148,-0.0566,0.4233,0.9004,-0.24,0.00,0.49,23.14,3.96,67.99
38.057458,-0.0547,0.4204,0.8999,-0.37,0.31,0.49,23.15,3.96,67.99
38.057458,-0.0566,0.4214,0.9033,-0.24,0.49,0.73,23.15,3.96,67.99
38.115921,-0.0503,0.4160,0.9077,-0.67,0.18,0.43,23.15,3.96,67.99
38.115921,-0.0498,0.4150,0.9121,-0.73,0.00,-0.06,23.15,3.96,67.99
38.145983,-0.0527,0.4160,0.9102,-0.24,0.18,-0.24,23.15,3.96,67.99
38.145983,-0.0537,0.4160,0.9102,-0.06,0.18,-0.24,23.15,3.96,67.99
38.176012,-0.0513,0.4150,0.9058,0.00,-0.06,-0.49,23.15,3.96,67.99
38.176012,-0.0557,0.4175,0.9082,-0.31,0.12,-0.98,23.15,3.96,67.99
38.235955,-0.0601,0.4224,0.9097,0.00,0.00,-0.79,23.15,3.96,67.99
38.235955,-0.0620,0.4233,0.9067,0.00,0.06,-0.61,23.15,3.96,67.99
38.265984,-0.0659,0.4253,0.9082,0.00,0.12,-0.31,23.15,3.96,67.99
38.265984,-0.0669,0.4248,0.9087,-0.06,-0.06,0.24,23.16,3.96,67.99
38.326348,-0.0635,0.4224,0.9092,0.00,-0.31,0.55,23.16,3.97,67.99
38.326348,-0.0601,0.4194,0.9087,0.06,-0.24,0.67,23.16,3.97,67.99
38.362621,-0.0576,0.4194,0.9077,0.06,-0.12,0.67,23.16,3.97,67.99
38.362621,-0.0576,0.4204,0.9077,0.31,-0.24,0.98,23.16,3.97,67.99
38.386013,-0.0498,0.4175,0.9048,0.37,-0.31,0.98,23.17,3.96,68.01
38.386013,-0.0488,0.4180,0.9023,0.00,-0.12,0.24,23.17,3.94,68.02
38.446020,-0.0508,0.4194,0.9014,0.00,-0.18,0.00,23.17,3.94,68.02
38.446020,-0.0518,0.4180,0.9053,-0.31,-0.06,-0.06,23.16,3.93,68.01
38.494613,-0.0518,0.4194,0.9072,0.12,0.00,0.00,23.16,3.93,68.01
38.494613,-0.0537,0.4185,0.9141,-0.06,-0.18,-0.24,23.15,3.93,68.01
38.505938,-0.0522,0.4185,0.9150,0.12,-0.79,-0.06,23.15,3.92,68.00
38.505938,-0.0479,0.4146,0.9097,0.18,-0.55,-0.49,23.15,3.91,67.98
38.565988,-0.0542,0.4185,0.9062,0.61,-0.31,-0.73,23.15,3.91,67.97
38.565988,-0.0576,0.4224,0.9004,0.49,-0.24,-0.55,23.16,3.91,67.95
38.596413,-0.0571,0.4248,0.8965,0.24,-0.06,-0.24,23.17,3.91,67.94
38.596413,-0.0571,0.4253,0.8940,0.12,0.24,-0.37,23.17,3.91,67.93
38.626351,-0.0586,0.4248,0.8945,-0.18,0.55,-0.37,23.16,3.92,67.93
38.626351,-0.0610,0.4248,0.9009,-0.67,0.67,0.00,23.15,3.93,67.93
38.686315,-0.0596,0.4219,0.9131,-0.79,0.73,0.43,23.14,3.94,67.94
38.686315,-0.0547,0.4175,0.9243,-0.31,0.12,0.43,23.12,3.95,67.95
38.716438,-0.0547,0.4180,0.9282,0.00,-0.24,0.12,23.12,3.94,67.96
38.716438,-0.0562,0.4219,0.9214,0.98,-0.49,0.61,23.12,3.93,67.96
38.746109,-0.0498,0.4204,0.9072,0.92,-0.85,0.79,23.14,3.91,67.97
38.746109,-0.0444,0.4175,0.8960,0.73,-0.73,0.55,23.15,3.89,67.97
38.806333,-0.0415,0.4150,0.8877,0.43,-0.18,-0.31,23.16,3.88,67.97
38.806333,-0.0459,0.4141,0.8906,-0.31,0.18,-1.04,23.16,3.88,67.95
38.836324,-0.0537,0.4165,0.9004,-0.24,0.67,-1.22,23.15,3.90,67.93
38.836324,-0.0625,0.4189,0.9082,-0.24,0.98,-1.28,23.14,3.93,67.92
38.866361,-0.0630,0.4243,0.9077,0.12,0.43,-0.67,23.13,3.94,67.90
38.866361,-0.0601,0.4243,0.9019,-0.31,0.43,-1.04,23.13,3.96,67.89
38.926461,-0.0649,0.4307,0.8999,-0.12,0.79,-0.55,23.12,3.98,67.87
38.926461,-0.0649,0.4316,0.8989,-0.49,0.49,0.24,23.11,3.99,67.88
38.956291,-0.0576,0.4263,0.9033,-1.16,0.43,0.49,23.09,3.99,67.89
38.956291,-0.0557,0.4253,0.9097,-0.85,0.37,0.73,23.07,4.00,67.90
38.986316,-0.0518,0.4189,0.9194,-0.67,0.00,0.79,23.05,3.99,67.92
38.986316,-0.0474,0.4111,0.9204,-0.24,-0.31,0.31,23.04,3.98,67.93
39.046176,-0.0474,0.4087,0.9131,0.31,-0.24,-0.18,23.03,3.98,67.92
39.046176,-0.0474,0.4097,0.9019,1.04,0.24,-0.55,23.05,3.98,67.91
39.076010,-0.0522,0.4146,0.8970,0.06,0.31,-1.28,23.05,3.99,67.90
39.076010,-0.0596,0.4209,0.9009,-0.31,0.49,-1.40,23.05,4.01,67.87
39.106325,-0.0640,0.4233,0.9058,-0.06,0.67,-1.28,23.04,4.03,67.85
39.106325,-0.0732,0.4302,0.9116,-0.24,0.79,-0.98,23.03,4.06,67.84
39.166322,-0.0747,0.4336,0.9067,0.31,0.43,0.37,23.03,4.07,67.84
39.166322,-0.0679,0.4292,0.9048,-0.06,0.43,1.10,23.03,4.07,67.85
39.196618,-0.0625,0.4243,0.9067,-0.43,0.12,1.16,23.02,4.06,67.87
39.196618,-0.0586,0.4194,0.9111,-0.12,0.18,1.22,23.02,4.05,67.90
39.226516,-0.0557,0.4175,0.9146,0.12,0.18,1.22,23.01,4.05,67.92
39.226516,-0.0508,0.4136,0.9136,0.31,-0.18,1.34,23.02,4.04,67.94
39.286337,-0.0459,0.4111,0.9087,0.43,-0.43,0.98,23.02,4.02,67.96
39.286337,-0.0435,0.4092,0.9058,0.61,-0.06,0.00,23.03,4.01,67.97
39.316089,-0.0493,0.4141,0.9062,0.73,0.31,-0.67,23.04,4.02,67.96
39.316089,-0.0537,0.4170,0.9048,0.55,-0.06,-0.67,23.05,4.02,67.95
39.346120,-0.0518,0.4180,0.9048,-0.06,-0.37,-0.92,23.05,4.03,67.93
39.346120,-0.0557,0.4209,0.9087,0.24,-0.12,-0.98,23.05,4.03,67.91
39.405987,-0.0605,0.4229,0.9116,0.79,-0.06,-1.04,23.12,4.03,67.91
39.405987,-0.0659,0.4297,0.9092,0.85,-0.37,-0.79,23.13,4.03,67.92
39.436998,-0.0649,0.4312,0.9048,0.98,-0.73,-0.24,23.13,4.03,67.92
39.436998,-0.0591,0.4316,0.9023,0.61,-0.85,-0.12,23.13,4.03,67.93
39.466080,-0.0537,0.4302,0.9004,0.73,-0.98,0.18,23.14,4.03,67.93
39.466080,-0.0469,0.4287,0.8975,0.79,-0.67,0.18,23.14,4.03,67.93
39.526605,-0.0479,0.4287,0.8965,0.37,-0.18,0.12,23.15,4.03,67.94
39.526605,-0.0508,0.4263,0.8936,0.18,0.12,0.18,23.15,4.03,67.94
39.556158,-0.0542,0.4229,0.8926,-0.43,0.24,0.12,23.15,4.03,67.95
39.556158,-0.0596,0.4165,0.8989,-0.85,0.37,0.12,23.16,4.02,67.96
39.586145,-0.0630,0.4126,0.9082,-0.73,0.73,0.12,23.16,4.03,67.96
39.586145,-0.0669,0.4106,0.9180,-0.31,0.79,-0.06,23.16,4.03,67.96
39.646009,-0.0703,0.4111,0.9189,0.43,0.37,-0.24,23.16,4.03,67.97
39.646009,-0.0771,0.4185,0.9214,0.43,0.00,0.00,23.16,4.03,67.97
39.675973,-0.0776,0.4243,0.9165,1.16,-0.31,0.73,23.16,4.04,67.97
39.675973,-0.0698,0.4307,0.9038,1.28,-0.55,0.98,23.16,4.04,67.98
39.736024,-0.0596,0.4380,0.8882,1.22,-0.31,1.28,23.16,4.04,67.98
39.736024,-0.0503,0.4395,0.8696,1.16,0.37,1.46,23.18,4.04,68.00
39.766069,-0.0498,0.4404,0.8677,-0.67,1.04,1.40,23.18,4.04,68.03
39.766069,-0.0508,0.4341,0.8838,-2.20,1.34,1.77,23.15,4.05,68.07
39.796360,-0.0464,0.4272,0.9072,-1.95,1.34,2.08,23.10,4.05,68.12
39.796360,-0.0386,0.4185,0.9111,-0.49,1.77,1.59,23.08,4.06,68.16
39.856062,-0.0410,0.4209,0.8931,1.46,2.56,1.28,23.09,4.09,68.20
39.856062,-0.0449,0.4336,0.8403,1.83,3.85,1.28,23.13,4.14,68.25
39.886054,-0.0527,0.4365,0.7993,-1.46,5.86,1.22,23.14,4.21,68.32
39.886054,-0.0820,0.4419,0.8447,-7.51,6.90,1.16,23.04,4.32,68.39
39.916019,-0.0991,0.4429,0.9258,-8.36,5.92,2.99,22.87,4.43,68.48
39.916019,-0.0918,0.4355,1.0063,-8.30,3.30,4.39,22.71,4.48,68.59
39.977132,-0.0723,0.4126,1.0562,-4.70,-3.66,5.31,22.58,4.43,68.69
39.977132,-0.0322,0.3799,1.0107,4.03,-3.91,6.47,22.56,4.30,68.75
40.007414,-0.0098,0.3657,0.9302,0.43,-7.57,1.89,22.65,4.17,68.80
40.007414,-0.0161,0.3945,0.8940,-4.58,-9.22,0.43,22.55,4.00,68.72
40.036276,-0.0210,0.3931,0.9199,-1.22,-4.64,-0.73,22.51,3.88,68.68
40.036276,-0.0518,0.4155,0.9434,-1.04,-6.84,-2.26,22.48,3.79,68.60
40.096132,-0.0713,0.4199,0.9468,-2.14,-10.80,-1.28,22.43,3.64,68.49
40.096132,-0.0605,0.4067,0.9199,0.55,-10.56,-0.37,22.41,3.44,68.39
40.126042,-0.0542,0.3936,0.8706,1.83,-9.16,-1.53,22.44,3.27,68.29
40.126042,-0.0537,0.3906,0.8311,-0.43,-8.48,-2.56,22.44,3.12,68.18
40.156008,-0.0444,0.3848,0.8247,-3.78,-6.10,-3.42,22.38,3.01,68.07
40.156008,-0.0439,0.3872,0.8647,-4.82,-2.93,-4.82,22.29,2.96,67.95
40.216398,-0.0537,0.4048,0.9014,-4.21,-1.46,-5.37,22.19,2.97,67.84
40.216398,-0.0576,0.4229,0.9233,-3.36,-0.98,-4.88,22.11,2.98,67.73
40.246367,-0.0649,0.4331,0.9419,-2.99,-1.65,-4.39,22.03,2.99,67.63
40.246367,-0.0747,0.4424,0.9526,-2.69,-3.36,-2.44,21.97,2.97,67.54
40.276071,-0.0757,0.4443,0.9624,-2.01,-5.07,0.37,21.92,2.90,67.49
40.276071,-0.0620,0.4414,0.9712,-1.65,-6.84,2.56,21.88,2.78,67.47
40.336010,-0.0464,0.4365,0.9771,-1.95,-9.09,4.39,21.84,2.60,67.47
40.336010,-0.0303,0.4302,0.9688,-2.56,-10.74,6.16,21.79,2.37,67.49
40.367071,-0.0249,0.4341,0.9346,1.16,-11.35,7.63,21.77,2.11,67.53
40.367071,-0.0073,0.4224,0.8823,3.05,-10.62,8.42,21.82,1.84,67.59
40.396050,-0.0005,0.4053,0.8696,1.22,-10.01,7.26,21.87,1.59,67.66
40.396050,0.0024,0.3911,0.8740,0.00,-9.16,5.86,21.87,1.36,67.70
40.456021,0.0107,0.3828,0.8745,0.12,-6.84,4.33,21.87,1.17,67.73
40.456021,0.0083,0.3853,0.8779,-0.18,-5.31,3.30,21.87,1.03,67.75
40.486067,0.0166,0.3838,0.8701,-0.61,-4.58,2.75,21.86,0.91,67.76
40.486067,0.0283,0.3774,0.8667,-2.20,-3.36,0.61,21.83,0.82,67.76
40.515957,0.0225,0.3804,0.8740,-3.60,-2.20,-1.46,21.77,0.78,67.73
40.515957,0.0151,0.3828,0.8955,-5.37,-2.38,-2.50,21.67,0.76,67.67
40.576053,0.0156,0.3799,0.9302,-5.98,-2.75,-3.17,21.56,0.74,67.59
40.576053,0.0161,0.3789,0.9517,-5.19,-3.30,-4.03,21.43,0.70,67.50
40.606375,0.0127,0.3857,0.9580,-3.97,-3.97,-4.58,21.34,0.67,67.39
40.606375,0.0132,0.3921,0.9551,-2.81,-4.46,-4.58,21.28,0.63,67.27
40.637148,0.0098,0.4009,0.9526,-1.77,-5.19,-4.15,21.23,0.57,67.15
40.637148,0.0098,0.4072,0.9448,-0.98,-5.92,-3.72,21.20,0.49,67.03
40.695961,0.0024,0.4136,0.9375,-0.43,-6.10,-3.60,21.18,0.41,66.92
40.695961,-0.0073,0.4185,0.9258,0.12,-6.65,-2.38,21.18,0.31,66.81
40.726063,-0.0117,0.4136,0.9199,-0.55,-7.20,-1.04,21.18,0.20,66.73
40.726063,-0.0054,0.4043,0.9175,-0.85,-7.57,-0.12,21.15,0.07,66.65
40.755997,0.0024,0.3965,0.9150,-0.67,-6.59,0.06,21.14,-0.07,66.60
40.755997,0.0044,0.3970,0.9189,-0.37,-6.16,0.31,21.12,-0.19,66.55
40.816040,0.0127,0.3960,0.9087,-0.06,-5.80,0.85,21.12,-0.31,66.52
40.816040,0.0171,0.3945,0.9126,-0.61,-5.00,0.55,21.10,-0.41,66.49
40.845998,0.0166,0.3936,0.9302,-0.55,-5.19,0.55,21.09,-0.51,66.46
40.845998,0.0205,0.3921,0.9370,0.43,-5.25,0.79,21.08,-0.62,66.43
40.876018,0.0303,0.3901,0.9312,1.53,-5.07,0.79,21.10,-0.72,66.41
40.876018,0.0410,0.3931,0.9165,1.65,-5.31,0.31,21.13,-0.82,66.37
40.936279,0.0479,0.3887,0.9224,0.55,-4.58,-0.73,21.16,-0.91,66.33
40.936279,0.0469,0.3755,0.9751,-1.10,-4.70,-2.81,21.15,-0.98,66.26
40.966025,0.0171,0.3687,1.0825,-3.66,-6.77,-4.33,21.09,-1.05,66.15
40.966025,0.0039,0.3525,1.1157,-0.61,-13.92,-4.76,21.07,-1.21,65.98
40.996005,0.0166,0.3618,1.0166,10.44,-16.54,-1.53,21.14,-1.48,65.79
40.996005,0.0488,0.3506,0.8418,18.07,-8.61,-0.98,21.48,-1.72,65.69
41.055963,0.0347,0.3867,0.7954,12.63,-4.70,-2.50,21.79,-1.81,65.60
41.055963,0.0239,0.4189,0.8325,5.55,-7.32,-1.28,21.96,-1.90,65.51
41.085992,0.0371,0.4482,0.8716,7.02,-10.07,1.77,22.08,-2.07,65.45
41.085992,0.0728,0.4370,0.8740,3.91,-8.85,-0.67,22.20,-2.26,65.40
41.146038,0.0732,0.4502,0.8281,6.77,-4.76,-3.36,22.31,-2.35,65.31
41.146038,0.0566,0.5229,0.8022,16.17,-18.62,2.75,22.52,-2.60,65.14
41.175977,0.0215,0.5684,0.8145,22.77,-13.24,21.67,22.91,-2.88,65.32
41.175977,0.0474,0.4053,0.7500,5.62,3.05,26.98,23.20,-3.18,65.83
41.206223,0.0571,0.4990,0.8271,-30.27,5.25,25.88,22.86,-3.26,66.34
41.206223,0.1035,0.4438,0.8403,-27.16,8.85,32.47,22.26,-3.38,66.94
41.266027,0.1035,0.3975,0.8960,-33.45,12.51,28.26,21.57,-3.43,67.58
41.266027,0.0898,0.3813,0.9370,-32.29,15.08,28.20,20.87,-3.38,68.20
41.296092,0.0942,0.3364,0.9839,-33.75,13.92,26.98,20.15,-3.32,68.82
41.296092,0.1118,0.3145,1.0210,-30.88,10.50,21.06,19.47,-3.27,69.35
41.326014,0.1255,0.2920,1.0459,-22.28,9.34,17.21,18.90,-3.22,69.77
41.326014,0.1274,0.2671,1.0503,-18.49,8.30,11.05,18.47,-3.14,70.10
41.385996,0.1113,0.2939,1.0317,-7.87,5.00,8.48,18.20,-3.08,70.31
41.385996,0.0991,0.3042,0.9834,-0.43,1.59,9.40,18.12,-3.10,70.51
41.416015,0.0908,0.3027,0.9409,3.42,1.22,6.10,18.12,-3.14,70.67
41.416015,0.0850,0.3384,0.9121,8.61,4.88,2.87,18.24,-3.11,70.77
41.446994,0.0112,0.3936,0.8398,12.15,18.37,-24.96,18.68,-2.74,70.34
41.446994,-0.0210,0.4272,0.9141,26.43,6.16,-4.88,18.93,-2.38,70.17
41.506310,-0.0010,0.3960,0.8853,22.71,-1.28,-0.43,19.44,-2.35,70.15
41.506310,0.0146,0.3872,0.8838,24.90,-5.49,2.56,19.90,-2.43,70.15
41.536239,0.0205,0.3730,0.8804,20.39,0.12,1.89,20.36,-2.51,70.17
41.536239,0.0059,0.3813,0.9189,19.17,8.30,0.61,20.74,-2.43,70.22
41.565991,0.0176,0.3721,0.9390,12.33,11.72,-1.46,21.07,-2.24,70.27
41.565991,0.0371,0.3755,0.9375,4.70,14.95,-3.17,21.29,-1.98,70.35
41.625983,0.0117,0.3921,0.9521,5.74,17.03,-5.98,21.36,-1.64,70.38
41.625983,0.0005,0.4019,0.9414,6.04,17.58,-4.70,21.51,-1.29,70.41
41.655992,-0.0981,0.4204,0.8501,7.14,28.87,-6.90,21.57,-0.87,70.47
41.655992,-0.0781,0.5732,0.8491,-20.87,12.70,-12.15,21.66,-0.37,70.42
41.685948,0.0288,0.4019,0.9761,7.08,-7.69,4.21,21.34,-0.42,70.38
41.685948,0.0381,0.3857,1.0068,-10.01,7.45,1.10,21.38,-0.43,70.44
41.745968,0.0029,0.3706,0.9795,7.45,20.63,1.40,21.32,-0.15,70.58
41.745968,0.0835,0.3389,0.7759,-48.65,23.38,4.39,21.25,0.20,70.78
41.775965,0.1655,0.3105,1.0464,20.02,30.15,-43.82,20.36,1.00,70.61
41.775965,0.1265,0.3159,0.9150,93.02,20.08,-35.40,21.79,1.71,70.07
41.806269,0.0625,0.5625,0.9575,83.25,7.81,-60.91,23.76,2.34,69.42
41.806269,0.0386,0.5454,0.7773,12.21,-10.13,-114.81,24.67,3.07,67.67
41.866325,-0.0513,0.4580,0.8008,-33.45,2.75,-112.18,24.19,3.99,65.54
41.866325,-0.1699,0.3989,0.9194,-11.84,-2.26,7.14,23.51,4.44,64.67
41.896356,-0.0625,0.4463,0.8892,49.44,-16.36,49.93,24.11,3.94,65.28
41.896356,-0.0264,0.4438,0.8525,28.02,-10.93,27.47,24.94,3.36,65.79
41.926315,-0.0171,0.4727,0.8618,27.16,-5.92,23.93,25.48,3.00,66.18
41.926315,-0.0303,0.5054,0.8081,5.98,-6.65,22.34,25.94,2.68,66.53
41.986448,-0.0249,0.5034,0.8403,-45.65,-8.61,24.54,25.44,2.33,66.86
41.986448,-0.0298,0.4604,0.8721,-61.34,-5.55,26.92,24.32,1.96,67.25
42.016375,-0.0298,0.4424,0.9106,-57.74,-1.16,26.61,23.13,1.68,67.69
42.016375,0.1611,0.3462,0.8994,-41.56,4.33,-14.89,22.14,1.52,68.03
42.046738,-0.0469,0.3657,0.8306,-54.20,12.82,-51.94,21.07,2.09,67.34
42.046738,-0.0986,0.3892,0.8618,-38.21,6.29,-22.52,20.15,2.52,66.74
42.106290,-0.0854,0.3730,0.8696,-31.07,5.00,-8.24,19.50,2.71,66.51
42.106290,-0.0693,0.3589,0.9229,-18.55,6.65,1.28,18.94,2.85,66.47
42.136291,-0.0454,0.3716,0.9434,6.84,6.59,6.23,18.85,2.95,66.61
42.136291,-0.0430,0.3862,0.9287,22.46,2.08,2.32,19.20,3.00,66.73
42.166113,-0.0244,0.3320,0.9370,-15.20,-3.11,-9.64,19.20,3.03,66.66
42.166113,0.0127,0.3159,0.8862,14.89,3.36,-21.97,19.25,3.15,66.37
42.226293,0.0142,0.3242,0.8906,40.41,2.75,-36.62,19.79,3.42,65.82
42.226293,-0.0024,0.4126,0.9736,67.02,-0.49,-53.22,20.92,3.76,65.04
42.256313,-0.0615,0.5542,0.8979,-9.58,-17.58,-68.30,21.58,4.02,63.69
42.256313,-0.0693,0.4678,0.9473,-38.70,-5.13,-46.45,20.92,4.22,62.57
42.286239,-0.0391,0.4146,0.9653,-60.06,8.79,-57.56,19.88,4.64,61.66
42.286239,-0.0034,0.4155,0.9951,-99.24,19.53,-87.04,18.23,5.43,60.44
42.346288,-0.0537,0.3213,0.9854,-108.03,20.08,-105.04,15.94,6.44,58.74
42.346288,-0.1294,0.2446,0.9961,-96.31,7.75,-95.76,13.63,7.22,56.78
42.376290,-0.1343,0.1709,1.0591,-61.46,3.11,-72.33,11.90,7.72,55.22
42.376290,-0.1274,0.2163,1.1357,-55.36,14.53,-56.58,10.63,8.15,53.98
42.406656,-0.1274,0.2139,1.1401,-65.25,41.50,-45.47,9.34,8.92,53.13
42.406656,-0.1084,0.1948,1.1729,-117.86,57.13,-60.18,7.41,10.05,52.27
42.466342,-0.1484,0.1646,1.1689,-146.00,73.55,-69.95,4.41,11.57,51.09
42.466342,-0.1812,0.1450,1.0840,-103.39,68.18,-62.38,1.66,13.09,49.84
42.496295,-0.2246,0.0850,1.0244,-62.01,57.92,-51.33,-0.24,14.40,48.72
42.496295,-0.2734,0.0581,1.0146,-10.56,48.03,-37.48,-1.13,15.45,47.83
42.556226,-0.3184,0.0537,0.9966,9.83,44.86,-26.92,-1.23,16.37,47.19
42.556226,-0.3599,0.0742,0.9473,-3.42,45.47,-26.86,-1.27,17.27,46.66
42.586167,-0.4326,0.1138,0.8613,-33.20,45.78,-34.18,-1.83,18.19,46.01
42.586167,-0.5244,0.0986,0.7485,-40.28,31.56,-30.03,-2.88,18.98,45.29
42.616097,-0.5591,-0.0557,0.6914,-10.25,2.50,-20.94,-3.55,19.30,44.76
42.616097,-0.5933,-0.2227,0.6968,-14.22,-19.53,-13.43,-3.80,19.07,44.40
42.676001,-0.5474,-0.2646,0.7173,-55.36,-33.39,-18.25,-4.59,18.53,44.16
42.676001,-0.5205,-0.1675,0.6987,-71.90,-48.95,-19.41,-6.09,17.67,43.77
42.707624,-0.4775,-0.0459,0.6167,-12.27,-76.66,8.06,-7.04,16.42,43.75
42.707624,-0.3657,0.0454,0.5952,71.11,-102.11,53.47,-6.11,14.65,44.59
42.737618,-0.2295,0.0239,0.6294,93.44,-113.59,70.01,-4.02,12.56,46.08
42.737618,-0.2002,-0.1094,0.8291,59.27,-107.60,64.45,-2.16,10.35,47.50
42.796127,-0.1367,-0.0864,1.0679,-3.42,-81.36,51.51,-1.49,8.46,48.71
42.796127,-0.0132,0.1025,1.0498,-35.10,-49.32,36.50,-1.84,7.19,49.57
42.826018,0.1416,0.2397,0.8940,-27.10,-42.97,24.66,-2.49,6.33,50.20
42.826018,0.1812,0.1675,0.9409,19.59,-56.46,12.45,-2.55,5.35,50.55
42.856116,0.1699,-0.0522,1.1875,70.68,-63.60,14.28,-1.54,4.10,50.84
42.856116,0.1470,-0.1919,1.4771,76.48,-40.47,10.68,0.02,3.02,51.08
42.916060,0.1538,-0.2197,1.5840,23.50,12.27,-4.58,1.10,2.74,51.16
42.916060,0.1948,-0.1108,1.3438,-48.16,56.34,-26.61,0.70,3.53,50.84
42.946077,0.1479,-0.0806,1.1108,-32.84,56.88,-31.68,-0.28,4.74,50.26
42.946077,0.0469,-0.1006,1.1543,27.59,49.74,-16.66,-0.36,5.79,49.76
42.976027,0.0020,-0.0703,1.1211,69.52,54.14,17.40,0.69,6.81,49.81
42.976027,-0.0020,-0.0615,1.0093,55.05,61.10,28.56,2.09,7.95,50.39
43.036281,-0.0181,-0.0591,0.8687,24.05,54.75,13.12,2.89,9.10,50.91
43.036281,-0.0786,-0.0884,0.8711,35.40,36.01,8.85,3.47,9.98,51.17
43.066003,-0.1006,-0.0752,0.9058,45.84,23.93,12.08,4.35,10.54,51.44
43.066003,-0.0903,0.0381,0.8638,25.88,19.59,6.41,5.15,10.93,51.71
43.095967,-0.1030,0.2119,0.7451,27.04,5.37,-11.35,5.58,11.21,51.66
43.095967,-0.1807,0.2285,0.7588,67.38,-16.24,-7.32,6.51,11.10,51.42
43.156058,-0.2197,0.1934,0.8379,66.96,-20.81,3.78,7.87,10.71,51.32
43.156058,-0.2041,0.2388,0.9473,13.61,-11.84,10.86,8.83,10.31,51.42
43.186044,-0.1650,0.7173,1.3271,-112.18,44.13,66.10,7.87,10.51,52.08
43.186044,-0.1060,0.1543,0.7437,75.99,27.22,26.86,7.28,11.30,53.72
43.216052,-0.3071,0.2227,1.0815,-1.95,37.17,21.36,8.46,11.69,53.81
43.216052,-0.3330,-0.0991,0.8042,38.27,-5.49,-15.81,8.61,12.07,53.96
43.276085,-0.3286,0.1714,0.7534,127.32,-92.22,-53.28,10.29,11.18,53.04
43.276085,-0.2383,0.3701,0.8853,192.38,-100.22,13.31,13.12,9.35,52.23
43.306373,-0.2202,0.3794,0.9146,145.02,-61.89,40.47,16.56,7.68,52.39
43.306373,-0.1519,0.4360,0.7798,95.58,-60.49,28.08,18.96,6.36,52.72
43.335976,-0.1870,0.4668,0.8306,56.58,-56.76,24.84,20.42,5.05,52.68
43.335976,-0.1260,0.4336,0.9038,18.43,-36.25,25.63,21.15,4.00,52.86
43.395964,-0.1006,0.4468,0.9736,0.55,-22.89,15.99,21.28,3.31,53.00
43.395964,-0.0806,0.4722,0.9800,8.12,-9.46,13.92,21.37,2.92,53.16
43.426074,-0.0562,0.4849,0.9253,17.82,-2.01,14.65,21.65,2.71,53.38
43.426074,-0.0234,0.4790,0.8906,9.40,0.67,11.47,21.97,2.60,53.61
43.457122,-0.0127,0.4692,0.8467,-12.88,1.04,9.95,21.91,2.54,53.81
43.457122,-0.0254,0.3945,0.8911,-18.31,2.81,14.77,21.57,2.48,54.04
43.516087,0.0332,0.4233,0.7544,-0.67,19.47,2.14,21.33,2.55,54.35
43.516087,-0.0430,0.4531,0.9463,24.72,14.59,16.24,21.58,2.81,54.62
43.546031,-0.0303,0.4897,0.9409,19.96,16.66,42.79,22.06,2.80,55.28
43.546031,-0.0503,0.3726,0.9849,15.62,11.54,44.62,22.46,2.74,56.30
43.575998,-0.0220,0.4106,0.9619,-8.85,7.45,16.24,22.52,2.71,56.88
43.575998,-0.0400,0.4121,1.0015,-2.69,-6.84,7.02,22.37,2.64,57.09
43.635968,-0.0542,0.3984,0.9746,14.59,-21.97,8.06,22.50,2.27,57.07
43.635968,-0.0161,0.4375,0.9058,17.46,-20.81,10.13,22.88,1.78,57.07
43.666035,0.0024,0.4238,0.9272,20.32,-13.43,6.71,23.24,1.38,57.08
43.666035,0.0015,0.4199,0.9482,17.76,-6.47,-2.56,23.64,1.21,57.05
43.696021,0.0146,0.4722,0.8389,26.79,-7.51,-9.58,24.10,1.13,56.86
43.696021,0.0073,0.4814,0.7969,18.92,-1.04,-12.63,24.58,1.15,56.62
43.756030,0.0371,0.5278,0.8296,0.98,2.26,-17.46,24.79,1.29,56.35
43.756030,0.0020,0.5396,0.8896,-46.51,16.78,-13.00,24.24,1.64,56.22
43.785955,-0.0200,0.4121,0.9067,-72.20,7.45,-33.45,22.97,2.07,55.95
43.785955,-0.0249,0.3765,0.9028,-89.11,-2.75,-65.55,21.32,2.50,54.99
43.816039,-0.1143,0.3398,0.9609,-84.96,-5.07,-68.24,19.43,2.95,53.61
43.816039,-0.1030,0.3379,0.9688,-40.95,-1.77,-28.38,18.20,3.18,52.75
43.876018,-0.1118,0.2925,0.9834,-12.15,1.53,-11.96,17.67,3.31,52.38
43.876018,-0.0957,0.3267,0.9810,-5.92,9.28,1.53,17.55,3.44,52.35
43.906329,-0.0708,0.3315,0.9536,-10.99,11.96,8.97,17.39,3.61,52.54
43.906329,-0.0571,0.3418,0.9326,-16.66,8.06,7.20,17.12,3.76,52.76
43.966025,-0.0664,0.2900,0.9575,-5.00,1.34,10.44,16.81,3.78,52.97
43.966025,-0.0396,0.3257,0.9141,-39.37,1.59,-3.05,16.40,3.78,53.02
43.996025,-0.0483,0.3130,0.9478,-26.86,-0.85,-2.87,15.69,3.81,52.96
43.996025,-0.0635,0.3242,0.9746,-13.00,-4.46,3.91,15.29,3.77,52.94
44.025963,-0.0503,0.3276,0.9644,0.00,-9.95,9.40,15.17,3.59,53.05
44.025963,-0.0332,0.3267,0.9644,14.71,-10.56,8.91,15.35,3.32,53.16
44.086399,-0.0532,0.3228,0.9697,20.39,-10.62,14.83,15.71,3.06,53.32
44.086399,-0.0376,0.3174,0.9478,23.38,-14.77,15.93,16.18,2.72,53.56
44.116055,-0.0244,0.3335,0.9204,15.56,-16.11,9.52,16.57,2.35,53.70
44.116055,-0.0063,0.3350,0.9194,9.64,-10.74,2.99,16.81,2.05,53.73
44.145938,-0.0205,0.3262,0.9429,8.18,-7.14,0.24,16.99,1.87,53.70
44.145938,-0.0220,0.3369,0.9453,5.00,-3.91,1.59,17.13,1.76,53.68
44.206329,-0.0220,0.3477,0.9336,0.24,-2.01,0.24,17.17,1.70,53.68
44.206329,-0.0288,0.3511,0.9370,2.44,-3.42,0.67,17.19,1.65,53.67
44.236291,-0.0386,0.3525,0.9229,6.29,-4.39,2.01,17.28,1.57,53.68
44.236291,-0.0283,0.3467,0.9238,6.04,-3.42,5.19,17.41,1.47,53.72
44.266053,-0.0171,0.3315,0.9370,8.24,-1.59,9.58,17.55,1.37,53.84
44.266053,-0.0264,0.3203,0.9819,12.82,-2.32,13.73,17.76,1.26,54.05
44.325969,-0.0156,0.3491,0.9761,20.14,-8.91,18.74,18.10,1.05,54.33
44.325969,0.0044,0.3613,0.9614,20.81,-12.82,15.69,18.53,0.71,54.59
44.356011,0.0000,0.3667,0.9561,18.37,-11.54,9.22,18.91,0.40,54.73
44.356011,0.0146,0.3843,0.9399,13.73,-10.25,6.16,19.25,0.13,54.79
44.385932,-0.0063,0.3740,0.9434,-11.54,5.37,1.53,19.19,0.13,54.87
44.385932,-0.0015,0.3657,0.9258,-9.58,2.14,4.09,19.00,0.16,54.93
44.446013,0.0103,0.3506,0.9048,-6.90,1.16,1.59,18.80,0.19,55.01
44.446013,0.0117,0.3706,0.8936,1.95,-3.23,1.04,18.78,0.15,55.02
44.475978,0.0171,0.3887,0.8848,3.54,-3.30,-2.87,18.86,0.08,54.98
44.475978,0.0063,0.3828,0.8926,3.36,1.04,-3.66,18.92,0.09,54.90
44.506315,0.0059,0.3818,0.8970,5.49,0.98,-2.50,19.01,0.13,54.85
44.506315,0.0127,0.3848,0.9106,7.57,0.06,-1.16,19.15,0.15,54.82
44.565996,0.0000,0.3765,0.9492,9.64,-0.31,2.08,19.32,0.14,54.83
44.565996,-0.0039,0.3750,0.9629,9.83,-0.85,5.19,19.52,0.11,54.90
44.596343,0.0059,0.3804,0.9736,8.54,-1.53,6.23,19.69,0.04,55.00
44.596343,0.0059,0.3760,0.9941,13.31,-2.56,7.57,19.91,-0.05,55.11
44.626349,0.0181,0.3906,0.9609,15.50,-1.34,7.32,20.20,-0.15,55.24
44.626349,0.0317,0.4155,0.9390,10.99,2.69,2.32,20.46,-0.17,55.33
44.686307,0.0225,0.4204,0.9380,10.01,5.68,1.71,20.68,-0.10,55.39
44.686307,0.0073,0.4136,0.9526,3.91,8.97,4.46,20.82,0.01,55.50
44.716330,0.0044,0.4092,0.9175,-2.62,10.86,7.20,20.82,0.16,55.70
44.716330,0.0166,0.3965,0.8691,-7.51,8.18,6.65,20.71,0.29,55.90
44.746307,0.0127,0.3755,0.8706,-7.69,2.26,4.70,20.55,0.34,56.05
44.746307,0.0112,0.3706,0.8984,-6.29,-3.17,3.97,20.41,0.29,56.12
44.806708,0.0059,0.3726,0.9189,-7.81,-2.62,3.48,20.27,0.20,56.16
44.806708,0.0098,0.3770,0.9224,-9.34,2.69,2.87,20.10,0.18,56.22
44.836632,0.0098,0.3794,0.9238,-12.45,8.61,2.56,19.87,0.27,56.31
44.836632,0.0068,0.3853,0.9087,-10.31,11.29,4.64,19.64,0.43,56.45
44.866317,-0.0010,0.3823,0.8979,-10.99,13.98,6.77,19.42,0.63,56.65
44.866317,0.0000,0.3765,0.8975,-4.94,13.61,6.10,19.28,0.83,56.88
44.926433,-0.0015,0.3784,0.9150,-5.19,10.50,2.08,19.19,1.03,57.04
44.926433,-0.0132,0.3853,0.9282,-8.36,6.29,-1.40,19.05,1.19,57.10
44.956339,-0.0254,0.3882,0.9365,-7.87,3.30,-1.53,18.88,1.29,57.10
44.956339,-0.0278,0.3774,0.9360,-3.97,3.91,1.10,18.75,1.35,57.12
44.986290,-0.0249,0.3682,0.9365,-0.85,4.88,3.66,18.72,1.42,57.20
44.986290,-0.0234,0.3687,0.9321,0.73,5.19,3.42,18.72,1.49,57.30
45.045988,-0.0234,0.3687,0.9248,3.11,5.62,3.17,18.76,1.57,57.40
45.045988,-0.0181,0.3687,0.9209,3.72,4.88,3.72,18.84,1.64,57.50
45.075958,-0.0190,0.3740,0.9224,2.69,1.95,3.23,18.91,1.68,57.59
45.075958,-0.0181,0.3721,0.9238,1.77,0.92,2.32,18.95,1.69,57.65
45.106319,-0.0146,0.3755,0.9238,2.26,1.65,1.89,19.00,1.69,57.70
45.106319,-0.0200,0.3740,0.9209,3.85,1.34,2.38,19.06,1.71,57.75
45.167020,-0.0107,0.3677,0.9185,3.17,0.73,2.44,19.14,1.71,57.80
45.167020,-0.0151,0.3735,0.9253,2.08,0.31,1.71,19.18,1.70,57.85
45.195985,-0.0122,0.3745,0.9302,2.20,-0.31,2.26,19.23,1.69,57.88
45.195985,-0.0088,0.3804,0.9336,2.38,-1.16,0.85,19.28,1.66,57.91
45.256012,-0.0093,0.3862,0.9326,5.37,-4.52,1.83,19.35,1.60,57.91
45.256012,-0.0063,0.3892,0.9292,7.93,-5.80,5.19,19.49,1.47,57.94
45.286015,-0.0044,0.3911,0.9375,9.40,-4.03,8.67,19.67,1.32,58.04
45.286015,-0.0068,0.3931,0.9473,9.22,-0.31,11.05,19.86,1.20,58.21
45.316052,-0.0127,0.3975,0.9487,7.87,6.47,13.18,20.03,1.16,58.45
45.316052,0.0908,0.3228,0.8511,-10.31,7.51,-9.95,20.15,1.27,58.71
45.376115,-0.0259,0.4136,0.9077,-10.74,15.56,-9.52,19.80,1.69,58.51
45.376115,-0.0181,0.3794,0.8906,0.67,8.73,-7.45,19.78,1.94,58.45
45.406321,-0.0288,0.3848,0.8999,-6.47,5.92,-11.47,19.69,2.16,58.32
45.406321,-0.0386,0.3794,0.9165,-2.01,-1.53,-10.19,19.59,2.28,58.12
45.436353,-0.0586,0.3774,0.9141,5.25,-5.37,-3.42,19.62,2.25,57.96
45.436353,-0.0176,0.3931,0.9092,12.08,-7.45,1.28,19.83,2.10,57.93
45.495988,-0.0098,0.3843,0.9365,15.14,-6.04,1.04,20.09,1.97,57.89
45.495988,-0.0176,0.3916,0.9277,15.38,-4.15,2.32,20.40,1.86,57.88
45.526033,-0.0161,0.4248,0.9375,31.25,0.92,10.99,20.87,1.79,58.01
45.526033,-0.0137,0.4014,0.9287,30.21,1.59,10.74,21.51,1.73,58.22
45.555983,-0.0176,0.4131,0.9131,25.57,4.58,11.23,22.07,1.70,58.44
45.555983,-0.0234,0.4238,0.8950,18.43,5.62,8.97,22.51,1.72,58.68
45.616062,-0.0166,0.4321,0.8877,10.56,2.01,5.68,22.81,1.73,58.85
45.616062,-0.0034,0.4185,0.8735,-2.26,-4.82,-3.17,22.90,1.69,58.87
45.646269,-0.0039,0.4170,0.8911,-10.93,-9.03,-11.96,22.74,1.62,58.65
45.646269,-0.0010,0.4233,0.8984,-20.08,-8.36,-19.59,22.43,1.59,58.29
45.676347,-0.0029,0.4248,0.8672,-33.51,-4.46,-31.43,21.85,1.69,57.77
45.676347,-0.0317,0.4424,0.8911,-23.44,-9.77,-23.80,21.20,1.80,57.16
45.737770,-0.0312,0.3901,0.9307,-15.62,-7.69,-14.59,20.84,1.77,56.75
45.737770,-0.0396,0.4072,0.9502,-17.09,-3.72,-9.16,20.50,1.78,56.48
45.766359,-0.0283,0.3901,0.9438,0.49,-1.71,-0.06,20.37,1.75,56.41
45.766359,-0.0308,0.3848,0.9316,-3.60,2.81,-0.18,20.35,1.76,56.41
45.796390,-0.0371,0.3838,0.9321,-8.30,0.92,1.34,20.22,1.80,56.43
45.796390,-0.0425,0.3784,0.9321,-9.70,-1.16,4.03,20.04,1.76,56.48
45.856322,-0.0288,0.3818,0.9209,-12.08,-4.27,4.15,19.83,1.68,56.54
45.856322,-0.0278,0.3853,0.9365,-14.28,-2.38,5.98,19.54,1.59,56.62
45.886764,-0.0166,0.3984,0.9497,-8.06,-1.34,5.62,19.31,1.51,56.71
45.886764,-0.0151,0.3896,0.9438,1.89,-1.89,8.54,19.26,1.43,56.83
45.916281,0.0000,0.4023,0.9272,3.54,-4.27,8.97,19.32,1.31,56.98
45.916281,-0.0005,0.3662,0.9316,4.27,-5.43,6.77,19.43,1.15,57.10
45.976325,0.0034,0.3618,0.9219,-4.88,-4.46,1.04,19.41,1.03,57.13
45.976325,-0.0020,0.3633,0.9224,-6.35,-3.05,-1.53,19.29,0.97,57.09
46.006896,-0.0190,0.3374,0.9272,-6.84,-2.62,-2.87,19.15,0.93,57.03
46.006896,-0.0015,0.4019,0.9102,-14.28,-0.49,-1.71,18.93,0.92,56.96
46.036588,-0.0015,0.3760,0.9116,-11.72,-0.92,-1.71,18.68,0.92,56.93
46.036588,-0.0088,0.3657,0.9136,-12.57,0.06,-2.62,18.44,0.92,56.88
46.096252,-0.0098,0.3633,0.9258,-11.17,1.71,-0.85,18.18,0.96,56.85
46.096252,-0.0093,0.3613,0.9429,-5.55,2.56,1.22,18.03,0.99,56.87
46.126393,-0.0083,0.3506,0.9429,-4.21,3.72,2.26,17.95,1.04,56.93
46.126393,-0.0029,0.3564,0.9346,-8.73,3.91,1.46,17.81,1.11,57.00
46.156127,-0.0054,0.3574,0.9326,-7.63,2.69,0.92,17.64,1.16,57.04
46.156127,-0.0112,0.3574,0.9321,-3.11,1.16,1.77,17.54,1.19,57.07
46.216302,-0.0098,0.3550,0.9292,-2.56,1.04,2.08,17.48,1.19,57.12
46.216302,-0.0107,0.3477,0.9355,-1.16,1.22,1.71,17.45,1.20,57.16
46.246356,-0.0093,0.3496,0.9331,-0.55,-0.18,1.46,17.44,1.20,57.19
46.246356,-0.0093,0.3447,0.9375,-1.28,-0.85,0.85,17.42,1.18,57.21
46.276330,-0.0088,0.3457,0.9390,-1.34,-0.73,1.34,17.39,1.15,57.23
46.276330,-0.0054,0.3447,0.9409,-1.22,0.61,0.73,17.36,1.15,57.24
46.336358,-0.0088,0.3481,0.9404,0.00,0.61,1.22,17.35,1.15,57.26
46.336358,-0.0063,0.3486,0.9414,2.38,-0.18,2.14,17.37,1.15,57.30
46.366203,-0.0005,0.3486,0.9375,2.62,-2.01,0.79,17.44,1.12,57.32
46.366203,-0.0039,0.3560,0.9458,0.92,-3.36,0.61,17.47,1.05,57.31
46.396353,0.0044,0.3633,0.9390,0.79,-2.69,1.04,17.50,0.99,57.31
46.396353,0.0015,0.3535,0.9346,0.12,-2.62,-0.37,17.50,0.93,57.30
46.456383,-0.0063,0.3496,0.9390,0.85,0.43,1.16,17.51,0.91,57.29
46.456383,-0.0093,0.3433,0.9443,0.85,4.39,3.42,17.53,0.94,57.36
46.486289,-0.0044,0.3506,0.9331,-0.55,3.42,2.08,17.53,1.01,57.44
46.486289,-0.0078,0.3467,0.9355,-1.46,2.32,1.34,17.52,1.04,57.49
46.516364,-0.0117,0.3433,0.9443,-1.04,2.62,1.65,17.49,1.08,57.53
46.516364,0.0015,0.3809,0.9326,2.38,4.09,0.67,17.59,1.10,57.57
46.576315,-0.0156,0.3486,0.9414,0.49,5.55,3.85,17.57,1.19,57.67
46.576315,-0.0166,0.3330,0.9233,5.43,1.71,3.72,17.66,1.22,57.76
46.606629,-0.0181,0.3350,0.9238,2.50,-0.06,5.49,17.72,1.22,57.86
46.606629,0.0005,0.3721,0.9292,1.46,-1.40,3.91,17.76,1.17,57.93
46.667487,-0.0024,0.3628,0.9385,0.49,0.37,1.59,17.78,1.14,57.98
46.667487,-0.0015,0.3623,0.9458,-2.99,3.85,0.61,17.76,1.18,58.01
46.696303,-0.0073,0.3594,0.9365,-4.76,4.94,0.24,17.68,1.26,58.05
46.696303,-0.0103,0.3530,0.9316,-2.75,4.09,0.85,17.61,1.34,58.09
46.726241,-0.0122,0.3496,0.9341,-4.52,3.66,0.31,17.53,1.41,58.12
46.726241,-0.0171,0.3398,0.9429,-4.70,3.05,0.24,17.44,1.47,58.15
46.786298,-0.0215,0.3403,0.9429,-2.87,2.08,1.22,17.36,1.52,58.18
46.786298,-0.0176,0.3491,0.9453,-1.28,2.20,3.11,17.33,1.54,58.23
46.816312,-0.0146,0.3506,0.9429,-0.73,1.89,4.09,17.30,1.55,58.32
46.816312,-0.0142,0.3452,0.9395,0.73,0.55,4.03,17.31,1.55,58.40
46.846373,-0.0171,0.3496,0.9268,4.46,-0.49,4.21,17.37,1.52,58.48
46.846373,-0.0181,0.3521,0.8936,6.29,0.00,4.15,17.49,1.48,58.56
46.906672,-0.0186,0.3657,0.8813,5.98,0.79,4.33,17.61,1.47,58.64
46.906672,-0.0156,0.3711,0.8950,7.32,1.40,5.07,17.74,1.46,58.74
46.936306,-0.0107,0.3730,0.9160,5.92,3.17,6.23,17.89,1.46,58.86
46.936306,-0.0146,0.3643,0.9385,3.17,4.33,8.61,17.98,1.49,59.02
46.967301,-0.0098,0.3647,0.9502,3.11,2.38,10.31,18.05,1.48,59.23
46.967301,-0.0044,0.3555,0.9590,3.05,0.00,8.42,18.11,1.44,59.43
47.026300,-0.0020,0.3433,0.9600,2.20,0.00,4.94,18.16,1.40,59.55
47.026300,-0.0024,0.3428,0.9570,3.05,0.55,3.85,18.22,1.37,59.62
47.056298,-0.0005,0.3550,0.9551,3.66,0.24,1.77,18.29,1.36,59.68
47.056298,-0.0034,0.3584,0.9531,2.93,0.00,0.00,18.36,1.36,59.69
47.086392,-0.0088,0.3594,0.9497,0.24,0.85,-0.37,18.39,1.37,59.69
47.086392,-0.0122,0.3618,0.9419,0.18,2.01,0.61,18.39,1.40,59.71
47.146300,-0.0127,0.3647,0.9307,0.31,1.53,0.92,18.40,1.43,59.73
47.146300,-0.0117,0.3687,0.9287,-0.49,0.79,1.16,18.40,1.44,59.76
47.176342,-0.0107,0.3667,0.9253,-1.95,0.92,0.49,18.37,1.45,59.78
47.176342,-0.0161,0.3633,0.9307,-1.40,1.65,1.28,18.33,1.47,59.80
47.206941,-0.0107,0.3628,0.9336,-0.43,2.08,1.95,18.32,1.49,59.85
47.206941,-0.0137,0.3643,0.9336,0.61,1.71,2.01,18.33,1.52,59.90
47.266348,-0.0142,0.3677,0.9268,1.95,0.43,1.89,18.35,1.52,59.94
47.266348,-0.0142,0.3682,0.9263,0.49,0.67,1.34,18.37,1.52,59.98
47.296324,-0.0146,0.3657,0.9282,-0.67,0.98,0.61,18.37,1.52,60.00
47.296324,-0.0142,0.3647,0.9263,0.00,1.16,0.85,18.36,1.54,60.02
47.326295,-0.0146,0.3628,0.9346,0.49,1.65,1.04,18.37,1.56,60.05
47.326295,-0.0132,0.3657,0.9346,0.06,1.28,1.04,18.37,1.58,60.08
47.386333,-0.0127,0.3657,0.9326,-0.98,0.43,0.43,18.36,1.59,60.10
47.386333,-0.0142,0.3687,0.9219,-1.04,0.31,0.31,18.33,1.59,60.11
47.416278,-0.0137,0.3672,0.9194,0.24,0.98,0.49,18.33,1.60,60.12
47.416278,-0.0122,0.3667,0.9082,-0.31,0.85,0.37,18.32,1.61,60.13
47.446355,-0.0117,0.3643,0.9111,-1.46,0.43,0.06,18.30,1.62,60.14
47.446355,-0.0142,0.3623,0.9272,-2.69,0.98,-0.18,18.25,1.63,60.14
47.506637,-0.0171,0.3623,0.9399,-2.08,1.28,0.00,18.20,1.66,60.14
47.506637,-0.0161,0.3628,0.9448,-1.83,0.92,0.55,18.17,1.68,60.16
47.536712,-0.0151,0.3633,0.9424,-2.32,0.61,-0.06,18.12,1.69,60.17
47.536712,-0.0166,0.3594,0.9365,-1.53,0.18,-0.18,18.08,1.70,60.17
47.566491,-0.0176,0.3594,0.9365,-0.85,0.00,-0.31,18.05,1.70,60.16
47.566491,-0.0205,0.3608,0.9409,0.92,-0.24,-0.06,18.05,1.69,60.16
47.626431,-0.0156,0.3613,0.9399,0.55,0.37,-0.06,18.06,1.69,60.16
47.626431,-0.0171,0.3613,0.9360,0.18,0.49,0.12,18.07,1.70,60.16
47.658366,-0.0200,0.3594,0.9326,-0.31,0.55,0.43,18.07,1.71,60.17
47.658366,-0.0181,0.3623,0.9312,0.24,0.37,0.43,18.06,1.71,60.18
47.686365,-0.0205,0.3589,0.9341,0.24,0.85,0.24,18.07,1.72,60.18
47.686365,-0.0171,0.3516,0.9360,-0.92,0.73,0.79,18.05,1.74,60.20
47.746448,-0.0142,0.3574,0.9385,-0.49,-0.06,0.73,18.04,1.74,60.22
47.746448,-0.0142,0.3618,0.9326,1.04,-0.43,0.73,18.05,1.72,60.23
47.776408,-0.0171,0.3647,0.9385,-0.43,0.61,0.12,18.05,1.72,60.23
47.776408,-0.0142,0.3701,0.9312,0.18,0.98,0.06,18.04,1.74,60.24
47.806677,-0.0156,0.3701,0.9238,0.73,0.85,-0.24,18.05,1.75,60.24
47.806677,-0.0151,0.3667,0.9160,0.18,0.37,-0.24,18.06,1.77,60.24
47.866097,-0.0205,0.3618,0.9287,0.24,-0.06,0.00,18.07,1.76,60.24
47.866097,-0.0200,0.3579,0.9380,-0.92,1.04,0.61,18.06,1.77,60.25
47.896613,-0.0171,0.3604,0.9375,-1.46,0.31,0.43,18.02,1.79,60.27
47.896613,-0.0171,0.3564,0.9419,-0.37,-0.61,-0.24,18.01,1.78,60.27
47.926476,-0.0220,0.3579,0.9404,1.22,-1.16,-0.18,18.01,1.76,60.25
47.926476,-0.0190,0.3574,0.9380,1.95,-0.85,-0.24,18.05,1.74,60.24
47.986286,-0.0171,0.3608,0.9297,1.89,-0.92,-0.31,18.08,1.72,60.23
47.986286,-0.0166,0.3618,0.9248,0.12,-0.92,0.00,18.10,1.71,60.22
48.016431,-0.0151,0.3628,0.9253,0.92,-0.18,0.92,18.11,1.69,60.22
48.016431,-0.0137,0.3638,0.9272,-0.06,0.98,0.37,18.12,1.70,60.23
48.076386,-0.0146,0.3657,0.9302,0.00,0.49,0.00,18.11,1.71,60.24
48.076386,-0.0166,0.3652,0.9282,0.06,-0.55,-0.37,18.20,1.71,60.24
48.107108,-0.0225,0.3657,0.9326,0.31,-0.55,-0.37,18.23,1.71,60.25
48.107108,-0.0186,0.3652,0.9341,0.24,0.18,0.00,18.25,1.71,60.25
48.136714,-0.0176,0.3662,0.9346,0.00,0.00,-0.18,18.26,1.71,60.25
48.136714,-0.0161,0.3682,0.9307,0.37,-0.55,-0.18,18.26,1.71,60.25
48.196322,-0.0171,0.3677,0.9297,0.18,-0.24,0.18,18.28,1.71,60.25
48.196322,-0.0142,0.3657,0.9277,0.06,-0.18,0.55,18.28,1.71,60.25
48.226320,-0.0127,0.3667,0.9224,-0.31,-0.24,-0.18,18.29,1.71,60.25
48.226320,-0.0161,0.3647,0.9263,-0.24,-0.55,-0.61,18.29,1.71,60.25
48.256403,-0.0186,0.3633,0.9297,-0.31,-0.31,-0.37,18.30,1.71,60.25
48.256403,-0.0181,0.3628,0.9326,-1.89,-0.31,-0.43,18.30,1.71,60.25
48.316438,-0.0176,0.3623,0.9321,-0.18,-0.61,0.12,18.31,1.71,60.25
48.316438,-0.0132,0.3618,0.9297,0.73,-0.24,-0.31,18.31,1.71,60.25
48.346390,-0.0220,0.3633,0.9380,1.04,0.06,-0.06,18.31,1.71,60.25
48.346390,-0.0161,0.3633,0.9331,0.49,-1.10,-0.49,18.32,1.71,60.25
48.376354,-0.0200,0.3618,0.9385,0.12,-1.16,-0.55,18.33,1.71,60.25
48.376354,-0.0142,0.3623,0.9351,0.98,-0.06,0.31,18.33,1.72,60.25
48.436485,-0.0156,0.3623,0.9321,0.61,0.61,0.06,18.34,1.72,60.25
48.436485,-0.0117,0.3633,0.9253,-0.24,0.85,-0.06,18.34,1.72,60.25
48.466064,-0.0122,0.3667,0.9292,-1.89,0.12,-0.49,18.34,1.72,60.25
48.466064,-0.0093,0.3667,0.9287,0.55,-0.73,0.18,18.35,1.72,60.25
48.496025,-0.0098,0.3687,0.9326,0.00,-0.06,-0.06,18.35,1.71,60.25
48.496025,-0.0063,0.3672,0.9336,-1.04,-0.06,-0.49,18.36,1.71,60.25
48.556384,-0.0083,0.3657,0.9370,0.12,-0.61,-0.73,18.36,1.71,60.25
48.556384,-0.0088,0.3638,0.9414,-0.24,0.00,-0.85,18.36,1.71,60.25
48.586243,-0.0117,0.3638,0.9414,0.98,-0.18,-0.73,18.37,1.72,60.23
48.586243,-0.0127,0.3652,0.9351,-0.55,0.00,-0.79,18.37,1.72,60.22
48.616379,-0.0151,0.3682,0.9316,-1.59,-0.55,-1.04,18.34,1.72,60.20
48.616379,-0.0181,0.3613,0.9292,-2.32,-0.43,-0.92,18.30,1.72,60.17
48.676352,-0.0186,0.3643,0.9307,-0.67,-0.06,0.12,18.26,1.71,60.16
48.676352,-0.0181,0.3604,0.9307,-1.28,0.61,-0.31,18.25,1.72,60.16
48.706674,-0.0195,0.3647,0.9272,-1.22,0.37,-0.31,18.22,1.73,60.16
48.706674,-0.0239,0.3604,0.9277,-1.71,0.92,-0.12,18.18,1.75,60.16
48.737818,-0.0254,0.3638,0.9277,-0.37,0.85,0.61,18.15,1.76,60.17
48.737818,-0.0239,0.3623,0.9253,-0.24,1.10,1.22,18.15,1.77,60.19
48.796365,-0.0186,0.3638,0.9229,-1.16,0.43,0.49,18.13,1.78,60.22
48.796365,-0.0156,0.3579,0.9287,-0.31,-0.06,0.49,18.12,1.77,60.23
48.826271,-0.0142,0.3623,0.9321,-0.43,0.43,0.43,18.11,1.77,60.24
48.826271,-0.0156,0.3628,0.9380,-0.37,1.28,0.37,18.09,1.79,60.25
48.856306,-0.0132,0.3613,0.9380,-0.61,0.85,0.00,18.08,1.81,60.26
48.856306,-0.0142,0.3618,0.9365,-0.61,0.43,-0.37,18.06,1.82,60.26
48.916333,-0.0132,0.3623,0.9312,-1.04,0.31,-0.24,18.04,1.83,60.25
48.916333,-0.0122,0.3608,0.9292,-1.40,0.00,-0.67,18.02,1.83,60.24
48.946278,-0.0146,0.3618,0.9307,-2.20,0.00,-1.28,17.97,1.84,60.23
48.946278,-0.0186,0.3618,0.9365,-1.83,0.06,-0.92,17.93,1.85,60.20
48.976240,-0.0181,0.3613,0.9375,-1.16,0.49,-0.49,17.90,1.86,60.19
48.976240,-0.0210,0.3589,0.9385,-0.92,0.31,-0.67,17.87,1.87,60.18
49.036719,-0.0195,0.3579,0.9346,0.24,-0.31,-0.43,17.86,1.87,60.17
49.036719,-0.0210,0.3550,0.9375,0.12,-0.43,-0.55,17.86,1.86,60.16
49.066364,-0.0195,0.3564,0.9370,0.18,-0.43,-0.67,17.86,1.86,60.14
49.066364,-0.0220,0.3550,0.9365,-0.73,-0.06,-0.31,17.86,1.86,60.12
49.096312,-0.0210,0.3550,0.9326,-0.06,0.37,0.37,17.85,1.86,60.12
49.096312,-0.0225,0.3579,0.9307,0.61,0.67,0.98,17.85,1.86,60.14
49.156401,-0.0200,0.3589,0.9248,0.06,0.61,0.61,17.85,1.87,60.16
49.156401,-0.0190,0.3618,0.9229,0.06,0.43,0.67,17.85,1.87,60.18
49.186616,-0.0176,0.3652,0.9243,0.24,0.12,0.43,17.86,1.87,60.19
49.186616,-0.0171,0.3623,0.9316,0.18,0.55,0.61,17.86,1.87,60.20
49.216304,-0.0137,0.3594,0.9380,0.37,0.73,0.79,17.86,1.88,60.22
49.216304,-0.0112,0.3589,0.9404,-0.18,0.00,0.00,17.86,1.88,60.23
49.276401,-0.0161,0.3579,0.9448,0.00,-0.79,-0.61,17.86,1.88,60.21
49.276401,-0.0156,0.3579,0.9395,-0.12,-0.67,-0.85,17.86,1.87,60.19
49.306615,-0.0186,0.3574,0.9351,-0.67,-0.73,-0.79,17.85,1.86,60.17
49.306615,-0.0186,0.3579,0.9277,-1.59,-0.61,-0.92,17.82,1.85,60.15
49.336715,-0.0186,0.3594,0.9282,-0.55,-0.61,-0.92,17.79,1.84,60.12
49.336715,-0.0210,0.3584,0.9302,-0.18,0.00,-0.37,17.78,1.84,60.11
49.396406,-0.0195,0.3579,0.9302,-0.12,0.43,0.37,17.78,1.84,60.11
49.396406,-0.0186,0.3569,0.9292,-0.49,0.24,0.18,17.76,1.85,60.12
49.426115,-0.0200,0.3594,0.9312,-0.43,-0.24,-0.06,17.75,1.85,60.12
49.426115,-0.0229,0.3599,0.9351,0.12,-0.12,0.43,17.75,1.84,60.12
49.486365,-0.0200,0.3550,0.9419,-0.12,0.49,0.61,17.75,1.84,60.13
49.486365,-0.0190,0.3574,0.9438,-0.43,0.37,0.18,17.74,1.85,60.14
49.517433,-0.0176,0.3584,0.9370,0.31,0.24,0.18,17.74,1.85,60.14
49.517433,-0.0205,0.3618,0.9316,0.49,0.00,0.37,17.74,1.85,60.15
49.546389,-0.0210,0.3623,0.9287,1.10,0.06,0.79,17.76,1.84,60.16
49.546389,-0.0176,0.3584,0.9297,0.37,0.37,0.73,17.86,1.84,60.18
49.606718,-0.0146,0.3589,0.9316,0.24,0.24,0.49,17.93,1.83,60.18
49.606718,-0.0132,0.3589,0.9282,0.00,0.00,0.49,17.98,1.83,60.18
49.636575,-0.0166,0.3604,0.9302,0.37,-0.12,0.61,18.02,1.83,60.18
49.636575,-0.0122,0.3584,0.9331,0.00,0.12,0.24,18.05,1.83,60.18
49.666364,-0.0142,0.3569,0.9351,-0.12,-0.31,-0.43,18.07,1.83,60.18
49.666364,-0.0151,0.3584,0.9365,0.00,-0.12,-0.61,18.09,1.83,60.18
49.726313,-0.0171,0.3589,0.9395,-0.43,-0.31,-0.85,18.11,1.83,60.18
49.726313,-0.0205,0.3594,0.9360,-0.98,-0.12,-0.49,18.13,1.83,60.18
49.756285,-0.0190,0.3604,0.9336,0.06,0.12,0.06,18.14,1.83,60.18
49.756285,-0.0181,0.3613,0.9297,0.55,0.00,0.06,18.16,1.83,60.18
49.786330,-0.0200,0.3613,0.9282,0.49,0.18,-0.06,18.17,1.83,60.18
49.786330,-0.0186,0.3623,0.9292,0.12,0.55,-0.12,18.18,1.83,60.18
49.846305,-0.0181,0.3608,0.9360,-0.92,0.67,-0.06,18.19,1.83,60.18
49.846305,-0.0171,0.3560,0.9351,-0.92,0.12,-0.18,18.20,1.83,60.18
49.876323,-0.0195,0.3594,0.9341,0.00,-0.06,0.18,18.22,1.83,60.18
49.876323,-0.0186,0.3594,0.9380,0.79,0.43,0.06,18.23,1.83,60.18
49.906547,-0.0200,0.3599,0.9351,0.92,0.49,-0.06,18.24,1.83,60.18
49.906547,-0.0190,0.3652,0.9292,1.16,0.00,0.00,18.24,1.83,60.18
49.966375,-0.0181,0.3618,0.9243,1.16,-0.24,0.00,18.25,1.83,60.18
49.966375,-0.0151,0.3589,0.9307,0.79,0.00,0.31,18.26,1.83,60.18
49.996336,-0.0161,0.3613,0.9346,-0.43,-0.06,-0.18,18.27,1.83,60.18
49.996336,-0.0166,0.3628,0.9341,-1.65,0.24,-0.37,18.28,1.83,60.19
50.026368,-0.0210,0.3662,0.9312,-1.53,-0.12,-1.28,18.29,1.83,60.19
50.026368,-0.0278,0.3647,0.9292,-1.16,-0.55,-1.16,18.30,1.83,60.19
50.088101,-0.0254,0.3604,0.9331,-0.31,-0.98,-0.79,18.30,1.83,60.19
50.088101,-0.0205,0.3589,0.9399,0.55,-1.59,-0.06,18.31,1.83,60.19
50.116329,-0.0137,0.3569,0.9385,0.73,-1.28,0.24,18.32,1.83,60.19
50.116329,-0.0107,0.3569,0.9297,0.79,-0.67,-0.06,18.33,1.83,60.19
50.146467,-0.0142,0.3550,0.9268,0.85,-0.79,-0.55,18.34,1.83,60.19
50.146467,-0.0112,0.3652,0.9243,0.73,-0.98,0.00,18.34,1.83,60.19
50.206368,-0.0146,0.3604,0.9287,-0.24,0.06,-0.06,18.35,1.83,60.19
50.206368,-0.0171,0.3613,0.9312,0.12,0.49,0.18,18.36,1.83,60.19
50.236618,-0.0151,0.3608,0.9326,0.61,1.28,0.79,18.36,1.83,60.19
50.236618,-0.0171,0.3618,0.9316,1.40,1.10,0.92,18.37,1.83,60.19
50.266422,-0.0176,0.3623,0.9321,0.73,0.67,0.79,18.38,1.83,60.19
50.266422,-0.0132,0.3623,0.9360,0.73,0.31,0.73,18.39,1.83,60.19
50.326390,-0.0127,0.3638,0.9370,0.55,-0.24,0.37,18.40,1.83,60.19
50.326390,-0.0142,0.3647,0.9355,-0.24,-1.22,-0.43,18.40,1.83,60.19
50.356413,-0.0181,0.3608,0.9360,-1.04,-0.49,-0.43,18.41,1.83,60.19
50.356413,-0.0171,0.3633,0.9346,0.24,0.55,0.06,18.42,1.82,60.19
50.386379,-0.0205,0.3623,0.9341,-0.24,0.67,-0.31,18.42,1.82,60.19
50.386379,-0.0210,0.3628,0.9302,0.37,-0.12,0.12,18.43,1.82,60.19
50.446511,-0.0195,0.3623,0.9277,0.00,-0.24,0.18,18.44,1.82,60.19
50.446511,-0.0195,0.3633,0.9297,-0.55,0.12,0.18,18.45,1.82,60.19
50.476180,-0.0186,0.3643,0.9277,0.98,0.00,0.85,18.45,1.82,60.19
50.476180,-0.0176,0.3638,0.9316,0.12,0.18,0.98,18.46,1.82,60.19
50.506527,-0.0156,0.3628,0.9341,-0.24,0.12,0.55,18.47,1.82,60.19
50.506527,-0.0181,0.3599,0.9385,-0.55,0.24,0.18,18.47,1.82,60.19
50.566205,-0.0190,0.3613,0.9409,-0.24,0.31,0.55,18.48,1.82,60.19
50.566205,-0.0176,0.3628,0.9375,0.61,-0.18,0.92,18.49,1.82,60.19
50.596290,-0.0181,0.3623,0.9360,0.12,-0.12,0.49,18.50,1.82,60.19
50.596290,-0.0161,0.3633,0.9326,0.55,0.18,0.55,18.50,1.82,60.19
50.627339,-0.0171,0.3647,0.9307,1.04,0.31,1.04,18.51,1.82,60.19
50.627339,-0.0156,0.3657,0.9258,0.85,0.18,1.46,18.52,1.82,60.19
50.686292,-0.0132,0.3662,0.9214,-0.24,-0.06,1.22,18.52,1.82,60.19
50.686292,-0.0122,0.3652,0.9238,-0.67,-0.06,0.37,18.53,1.82,60.19
50.716264,-0.0127,0.3633,0.9229,-0.24,-0.18,-0.12,18.54,1.82,60.19
50.716264,-0.0161,0.3647,0.9258,-0.18,0.00,-0.24,18.54,1.82,60.19
50.746134,-0.0132,0.3652,0.9307,0.00,0.24,-0.31,18.55,1.82,60.19
50.746134,-0.0166,0.3633,0.9365,-0.31,0.12,-0.24,18.56,1.82,60.19
50.837281,-0.0181,0.3633,0.9360,-0.37,0.00,-0.06,18.57,1.82,60.19
50.837281,-0.0161,0.3633,0.9346,-0.31,0.43,0.00,18.57,1.82,60.19
50.839031,-0.0151,0.3628,0.9370,0.24,0.31,0.18,18.58,1.82,60.19
50.839031,-0.0181,0.3633,0.9355,0.55,0.00,0.31,18.59,1.82,60.19
50.896068,-0.0176,0.3628,0.9321,0.49,0.00,0.43,18.59,1.82,60.19
50.896068,-0.0171,0.3638,0.9263,-0.43,0.12,0.49,18.60,1.82,60.19
50.926244,-0.0166,0.3643,0.9282,-0.79,0.00,0.55,18.61,1.82,60.19
50.926244,-0.0117,0.3643,0.9287,0.00,-0.24,0.85,18.62,1.82,60.19
50.956247,-0.0142,0.3662,0.9331,-0.24,0.12,0.31,18.62,1.82,60.19
50.956247,-0.0161,0.3677,0.9346,0.37,0.61,0.00,18.63,1.82,60.19
51.016272,-0.0190,0.3672,0.9390,-0.49,0.92,-0.12,18.64,1.82,60.19
51.016272,-0.0181,0.3677,0.9336,-0.18,0.61,0.37,18.64,1.81,60.19
51.046347,-0.0186,0.3643,0.9316,0.67,0.49,0.73,18.65,1.81,60.19
51.046347,-0.0156,0.3613,0.9297,0.12,-0.18,1.10,18.66,1.81,60.19
51.076344,-0.0117,0.3608,0.9326,0.00,-0.43,0.31,18.67,1.81,60.19
51.076344,-0.0156,0.3599,0.9346,-0.24,-0.12,0.00,18.67,1.81,60.20
51.136441,-0.0166,0.3613,0.9312,0.18,0.37,0.12,18.68,1.81,60.20
51.136441,-0.0161,0.3643,0.9302,0.00,0.12,-0.37,18.69,1.81,60.20
51.168359,-0.0161,0.3623,0.9282,-0.73,0.00,-0.24,18.69,1.81,60.20
51.168359,-0.0161,0.3657,0.9253,-0.24,-0.12,-0.37,18.70,1.81,60.20
51.196245,-0.0181,0.3682,0.9233,0.24,0.12,-0.06,18.70,1.81,60.20
51.196245,-0.0161,0.3696,0.9219,0.31,0.18,-0.12,18.72,1.81,60.20
51.256394,-0.0156,0.3667,0.9297,0.06,0.00,-0.31,18.83,1.80,60.20
51.256394,-0.0142,0.3638,0.9355,-0.31,0.18,-0.61,18.83,1.80,60.74
51.286294,-0.0171,0.3623,0.9399,-0.31,0.24,-0.85,19.58,1.69,60.96
51.286294,-0.0181,0.3628,0.9375,-0.06,0.24,-0.37,19.64,1.74,61.06
51.316271,-0.0186,0.3657,0.9336,0.00,-0.24,-0.24,19.71,1.78,61.11
51.316271,-0.0171,0.3638,0.9312,-0.24,-0.37,-0.12,19.76,1.80,61.13
51.377248,-0.0166,0.3638,0.9307,-0.61,0.31,-0.31,19.80,1.79,61.13
51.377248,-0.0181,0.3657,0.9282,0.37,0.55,0.55,19.82,1.80,61.12
51.406563,-0.0137,0.3643,0.9297,0.43,0.43,0.55,19.86,1.79,61.11
51.406563,-0.0146,0.3638,0.9292,-0.73,-0.12,0.18,19.87,1.77,61.10
51.436272,-0.0171,0.3643,0.9287,-1.04,-0.06,0.37,19.88,1.76,61.09
51.436272,-0.0146,0.3672,0.9292,-0.67,0.06,0.31,19.90,1.75,61.08
51.496283,-0.0142,0.3657,0.9277,-1.46,0.12,-0.18,19.91,1.74,61.08
51.496283,-0.0093,0.3647,0.9263,-1.28,0.43,-1.10,19.92,1.72,61.07
51.527473,-0.0093,0.3628,0.9336,-0.98,0.43,-2.38,19.90,1.74,61.04
51.527473,-0.0146,0.3594,0.9390,-0.73,0.06,-2.50,19.88,1.76,60.99
51.556290,-0.0190,0.3628,0.9375,-1.10,0.43,-1.89,19.86,1.78,60.95
51.556290,-0.0195,0.3662,0.9326,-2.08,0.98,-1.34,19.82,1.81,60.92
51.616371,-0.0234,0.3594,0.9243,-2.38,0.98,-0.79,19.78,1.83,60.91
51.616371,-0.0298,0.3608,0.9287,-2.56,0.67,-0.49,19.72,1.86,60.90
51.646325,-0.0298,0.3560,0.9355,-1.46,-0.12,0.24,19.68,1.86,60.90
51.646325,-0.0264,0.3555,0.9395,-0.67,0.43,0.24,19.65,1.86,60.91
51.676290,-0.0269,0.3550,0.9390,0.73,0.49,1.28,19.65,1.86,60.92
51.676290,-0.0220,0.3599,0.9331,1.59,0.12,1.46,19.68,1.86,60.95
51.736778,-0.0200,0.3599,0.9360,1.40,-0.12,1.16,19.70,1.85,60.97
51.736778,-0.0176,0.3599,0.9341,0.79,-0.31,0.67,19.73,1.83,60.99
51.766696,-0.0181,0.3599,0.9316,-0.24,-0.37,0.31,19.73,1.82,61.00
51.766696,-0.0186,0.3608,0.9272,-1.34,0.00,-0.06,19.71,1.81,60.99
51.796327,-0.0205,0.3618,0.9287,-2.01,0.37,0.24,19.67,1.82,61.00
51.796327,-0.0190,0.3618,0.9341,-2.62,0.73,0.37,19.62,1.82,61.01
51.856301,-0.0195,0.3608,0.9375,-3.36,1.28,0.18,19.56,1.84,61.01
51.856301,-0.0186,0.3584,0.9365,-3.78,1.71,0.49,19.48,1.86,61.03
51.886316,-0.0181,0.3574,0.9370,-5.86,2.75,0.18,19.39,1.90,61.06
51.886316,-0.0137,0.3701,0.9263,-10.99,4.70,-0.24,19.23,1.97,61.08
51.916338,-0.0146,0.3496,0.9429,-14.16,5.68,-1.28,18.93,2.09,61.10
51.916338,-0.0190,0.3491,0.9375,-10.25,4.09,-1.16,18.67,2.19,61.11
51.976345,-0.0288,0.3506,0.9321,-5.43,2.56,0.06,18.52,2.25,61.13
51.976345,-0.0327,0.3462,0.9360,-4.15,0.73,-0.12,18.43,2.28,61.14
52.006618,-0.0327,0.3398,0.9448,-3.11,-0.92,-0.67,18.35,2.28,61.13
52.006618,-0.0332,0.3364,0.9531,-2.14,-1.10,-0.55,18.30,2.26,61.11
52.036538,-0.0366,0.3296,0.9546,0.00,-0.79,0.43,18.26,2.25,61.09
52.036538,-0.0352,0.3374,0.9502,2.81,-0.73,2.01,18.30,2.22,61.12
52.096227,-0.0278,0.3354,0.9380,4.70,-1.28,2.26,18.37,2.18,61.15
52.096227,-0.0229,0.3423,0.9253,4.09,-1.22,1.71,18.46,2.14,61.18
52.126361,-0.0181,0.3438,0.9150,3.23,-1.28,1.40,18.53,2.11,61.20
52.126361,-0.0151,0.3467,0.9146,1.71,-1.16,0.61,18.58,2.08,61.20
52.156264,-0.0171,0.3486,0.9160,0.00,-0.12,0.06,18.59,2.06,61.20
52.156264,-0.0171,0.3511,0.9160,-0.79,0.24,-0.24,18.58,2.06,61.20
52.216587,-0.0181,0.3486,0.9302,-2.26,0.85,-0.73,18.55,2.08,61.20
52.216587,-0.0229,0.3447,0.9473,-2.99,0.67,-0.55,18.49,2.10,61.19
52.246303,-0.0225,0.3379,0.9639,-3.72,1.71,-0.73,18.42,2.12,61.18
52.246303,-0.0229,0.3364,0.9722,-1.77,1.40,-0.37,18.36,2.16,61.18
52.306667,-0.0229,0.3354,0.9712,-1.10,0.67,-0.31,18.33,2.18,61.18
52.306667,-0.0215,0.3350,0.9629,-0.73,-0.18,-0.12,18.30,2.19,61.18
52.336615,-0.0229,0.3345,0.9546,-1.22,0.00,-0.12,18.29,2.18,61.17
52.336615,-0.0239,0.3394,0.9390,-1.77,0.79,-0.12,18.25,2.19,61.17
52.366369,-0.0269,0.3408,0.9277,-2.01,0.85,0.00,18.21,2.20,61.18
52.366369,-0.0259,0.3374,0.9292,-3.11,1.22,0.18,18.15,2.22,61.19
52.426348,-0.0264,0.3364,0.9380,-4.09,1.65,0.12,18.08,2.25,61.19
52.426348,-0.0269,0.3340,0.9380,-5.19,2.56,0.49,17.98,2.29,61.22
52.456264,-0.0249,0.3271,0.9365,-6.65,4.15,1.10,17.86,2.34,61.25
52.456264,-0.0249,0.3267,0.9395,-9.64,6.10,0.79,17.69,2.43,61.31
52.486319,-0.0298,0.3242,0.9404,-22.52,9.28,-1.65,17.42,2.57,61.35
52.486319,-0.0430,0.3716,0.9546,9.46,-11.17,-23.25,17.20,2.65,61.14
52.546361,-0.0171,0.3384,0.9517,12.15,-6.77,-22.77,17.44,2.63,60.71
52.546361,0.0000,0.3208,0.9824,23.56,-5.00,-30.58,17.74,2.70,60.18
52.576311,-0.0127,0.3428,1.0010,55.42,-18.07,-49.26,18.49,2.78,59.36
52.576311,-0.0166,0.4097,1.0249,15.87,-29.79,35.22,19.18,2.18,59.34
52.606587,0.0161,0.3623,0.9141,4.52,-12.94,5.13,19.40,1.71,59.49
52.606587,-0.0225,0.3569,0.9443,5.00,-0.06,0.00,19.48,1.61,59.49
52.666310,-0.0542,0.3867,0.9375,6.10,-2.75,2.20,19.61,1.58,59.50
52.666310,-0.0181,0.3750,0.9312,1.95,-8.30,2.38,19.68,1.45,59.50
52.696369,0.0122,0.3545,0.9321,2.01,-7.14,1.59,19.71,1.29,59.49
52.696369,0.0015,0.3584,0.9331,2.38,-5.86,0.37,19.76,1.16,59.45
52.726395,0.0044,0.3579,0.9292,1.40,-8.85,-0.18,19.79,1.03,59.40
52.726395,0.0288,0.3506,0.9092,0.85,-9.16,-1.34,19.81,0.85,59.32
52.786329,0.0308,0.3584,0.8896,-0.37,-5.13,-2.69,19.81,0.74,59.23
52.786329,0.0166,0.3604,0.9082,-0.85,-5.92,-3.42,19.80,0.67,59.13
52.816277,0.0151,0.3569,0.9204,-2.50,-7.39,-4.52,19.76,0.57,59.00
52.816277,0.0171,0.3521,0.9189,-0.49,-5.92,-5.00,19.72,0.48,58.86
52.846350,0.0098,0.3555,0.9048,-0.06,-3.60,-5.68,19.72,0.43,58.73
52.846350,0.0000,0.3594,0.9009,-1.65,-2.93,-5.62,19.70,0.41,58.60
52.936465,0.0049,0.3560,0.9146,-4.27,-4.09,-5.86,19.64,0.38,58.46
52.936465,0.0024,0.3521,0.9497,-5.55,-4.15,-5.98,19.53,0.35,58.32
52.938682,0.0049,0.3491,0.9771,-3.72,-3.97,-5.92,19.43,0.31,58.18
52.938682,-0.0020,0.3525,0.9912,-2.01,-4.52,-6.23,19.38,0.28,58.04
52.966262,-0.0098,0.3564,0.9883,-0.18,-6.41,-5.62,19.36,0.21,57.88
52.966262,-0.0117,0.3530,0.9800,0.43,-7.57,-5.00,19.36,0.12,57.73
53.026670,-0.0117,0.3555,0.9595,1.95,-7.57,-3.85,19.38,0.01,57.60
53.026670,-0.0098,0.3657,0.9370,2.01,-6.59,-2.87,19.42,-0.10,57.48
53.056085,-0.0044,0.3774,0.9243,2.20,-6.10,-1.71,19.46,-0.20,57.39
53.056085,0.0049,0.3828,0.9214,1.95,-5.49,-0.61,19.50,-0.31,57.33
53.086026,0.0039,0.3843,0.9331,2.01,-4.33,0.24,19.54,-0.40,57.29
53.086026,0.0010,0.3872,0.9355,4.03,-3.72,1.65,19.60,-0.48,57.28
53.146321,0.0005,0.3921,0.9326,3.97,-3.30,2.81,19.68,-0.56,57.29
53.146321,0.0059,0.3921,0.9229,4.09,-3.60,4.03,19.75,-0.65,57.33
53.176030,0.0225,0.3877,0.9058,3.91,-2.75,4.88,19.83,-0.74,57.39
53.176030,0.0337,0.3818,0.8931,3.30,-1.77,5.00,19.90,-0.82,57.47
53.206581,0.0444,0.3735,0.8794,2.26,-1.59,4.58,19.96,-0.88,57.55
53.206581,0.0498,0.3657,0.8843,-0.79,-1.28,3.42,19.97,-0.94,57.61
53.266361,0.0498,0.3584,0.9077,-2.32,-1.04,2.56,19.93,-0.98,57.66
53.266361,0.0547,0.3540,0.9277,-1.95,-0.31,1.71,19.88,-1.01,57.69
53.296360,0.0537,0.3511,0.9355,-1.22,0.00,0.24,19.85,-1.02,57.71
53.296360,0.0552,0.3569,0.9097,-0.06,0.85,-0.73,19.84,-1.01,57.71
53.326374,0.0454,0.3618,0.8931,-1.04,2.14,-1.77,19.82,-0.97,57.69
53.326374,0.0312,0.3657,0.8999,-2.69,1.77,-2.14,19.79,-0.92,57.67
53.386324,0.0303,0.3613,0.9141,-3.30,1.40,-2.38,19.73,-0.87,57.63
53.386324,0.0317,0.3608,0.9292,-3.72,2.14,-2.93,19.65,-0.82,57.60
53.416329,0.0220,0.3662,0.9561,-3.78,1.89,-2.99,19.57,-0.76,57.56
53.416329,0.0278,0.3652,0.9653,-1.59,0.67,-2.44,19.52,-0.72,57.51
53.446411,0.0225,0.3638,0.9707,-0.61,0.61,-2.08,19.50,-0.69,57.47
53.446411,0.0205,0.3667,0.9668,0.92,0.24,-1.28,19.50,-0.67,57.45
53.506686,0.0171,0.3687,0.9668,0.98,-0.61,-1.16,19.52,-0.67,57.42
53.506686,0.0093,0.3696,0.9673,1.95,-1.77,-0.49,19.55,-0.69,57.39
53.537365,0.0083,0.3691,0.9609,2.99,-2.50,0.31,19.60,-0.73,57.38
53.537365,0.0063,0.3706,0.9438,3.72,-2.44,1.16,19.67,-0.78,57.38
53.566310,0.0088,0.3696,0.9224,4.46,-2.50,2.08,19.75,-0.83,57.39
53.566310,0.0127,0.3682,0.9111,3.30,-2.08,1.95,19.82,-0.90,57.41
53.626318,0.0063,0.3711,0.9136,2.62,-1.04,2.14,19.88,-0.94,57.44
53.626318,0.0063,0.3750,0.9194,2.62,-0.18,2.87,19.93,-0.97,57.48
53.657986,0.0098,0.3765,0.9189,2.26,0.00,3.36,19.98,-0.99,57.54
53.657986,0.0166,0.3721,0.9204,2.44,-0.12,4.33,20.02,-1.02,57.62
53.716333,0.0293,0.3652,0.9204,2.14,-0.31,4.33,20.07,-1.06,57.69
53.716333,0.0391,0.3623,0.9243,2.26,-0.06,3.72,20.10,-1.09,57.77
53.746363,0.0474,0.3638,0.9263,3.17,0.61,2.99,20.16,-1.11,57.84
53.746363,0.0483,0.3730,0.9316,3.85,0.98,2.20,20.23,-1.11,57.89
53.776420,0.0459,0.3848,0.9370,5.13,0.61,2.32,20.31,-1.12,57.94
53.776420,0.0542,0.3921,0.9346,5.62,0.31,2.20,20.42,-1.12,57.99
53.836371,0.0503,0.3960,0.9272,5.92,0.06,2.44,20.53,-1.14,58.04
53.836371,0.0586,0.3892,0.9229,6.35,-0.79,2.99,20.65,-1.16,58.09
53.866274,0.0649,0.3809,0.9292,6.04,-1.10,2.69,20.78,-1.20,58.13
53.866274,0.0610,0.3770,0.9399,6.41,-0.49,2.44,20.90,-1.24,58.18
53.896367,0.0571,0.3740,0.9453,7.26,-0.12,2.14,21.03,-1.26,58.22
53.896367,0.0483,0.3784,0.9414,8.24,0.43,1.34,21.18,-1.27,58.26
53.956332,0.0288,0.3853,0.9395,8.79,0.12,1.34,21.35,-1.28,58.29
53.956332,0.0171,0.3892,0.9331,10.25,-0.43,1.83,21.54,-1.30,58.32
53.986394,0.0127,0.3926,0.9053,11.84,0.24,2.50,21.76,-1.32,58.36
53.986394,0.0049,0.4004,0.8765,10.62,3.48,3.48,21.98,-1.31,58.43
54.016296,0.0068,0.4004,0.8677,10.86,7.51,4.52,22.20,-1.24,58.56
54.016296,0.0010,0.4062,0.8677,9.40,11.47,4.88,22.39,-1.10,58.73
54.076330,-0.0083,0.4194,0.8794,6.35,13.73,5.31,22.54,-0.90,58.93
54.076330,-0.0117,0.4316,0.8945,3.91,12.63,6.10,22.63,-0.70,59.14
54.106402,-0.0044,0.4351,0.9053,1.46,11.05,6.71,22.68,-0.54,59.36
54.106402,0.0073,0.4326,0.9165,2.26,11.66,7.26,22.70,-0.40,59.58
54.136291,0.0205,0.4316,0.9077,4.09,13.00,7.51,22.76,-0.23,59.83
54.136291,0.0308,0.4409,0.8677,5.25,13.31,7.20,22.87,-0.05,60.08
54.196297,0.0288,0.4526,0.8633,1.53,14.40,7.57,22.93,0.14,60.33
54.196297,0.0283,0.4453,0.8848,-2.08,12.08,8.24,22.92,0.32,60.60
54.226443,0.0352,0.4214,0.9204,-5.74,9.28,8.06,22.83,0.44,60.84
54.226443,0.0405,0.3945,0.9668,-5.25,7.51,7.02,22.71,0.54,61.05
54.256306,0.0518,0.3784,0.9775,-2.20,6.23,4.33,22.64,0.62,61.21
54.256306,0.0513,0.3809,0.9678,-1.04,6.04,1.16,22.60,0.70,61.31
54.316306,0.0391,0.3818,0.9629,-1.89,4.94,-0.85,22.58,0.80,61.36
54.316306,0.0239,0.3818,0.9604,-1.71,2.50,-1.46,22.53,0.87,61.37
54.346332,0.0273,0.3828,0.9204,3.97,0.98,-1.10,22.55,0.91,61.36
54.346332,0.0244,0.3960,0.8813,5.43,2.32,-1.95,22.66,0.95,61.35
54.376769,0.0151,0.4155,0.8433,5.86,3.17,-2.50,22.77,1.02,61.33
54.376769,0.0010,0.4248,0.8364,7.45,4.27,-0.98,22.90,1.10,61.33
54.436724,0.0005,0.4272,0.8467,9.03,6.35,-0.98,23.08,1.20,61.36
54.436724,-0.0132,0.4390,0.8589,5.25,7.32,-2.20,23.22,1.35,61.40
54.466384,-0.0259,0.4458,0.8657,1.59,5.55,-2.93,23.28,1.48,61.40
54.466384,-0.0342,0.4473,0.8823,-1.04,3.54,-2.81,23.29,1.58,61.39
54.496302,-0.0415,0.4404,0.9111,-3.91,2.93,-2.44,23.23,1.66,61.38
54.496302,-0.0381,0.4336,0.9302,-4.64,2.81,-2.08,23.14,1.74,61.36
54.556374,-0.0381,0.4272,0.9434,-4.15,3.66,-1.83,23.05,1.81,61.35
54.556374,-0.0396,0.4233,0.9399,-2.20,1.89,-1.22,22.99,1.87,61.34
54.586291,-0.0332,0.4189,0.9253,-1.59,0.18,-1.10,22.95,1.90,61.34
54.586291,-0.0317,0.4194,0.9121,-0.79,0.31,-1.04,22.92,1.91,61.31
54.616345,-0.0361,0.4219,0.9019,-0.37,0.73,-0.49,22.91,1.93,61.31
54.616345,-0.0366,0.4219,0.8960,-0.49,0.24,-0.31,22.91,1.94,61.31
54.676313,-0.0352,0.4214,0.8867,-0.79,0.00,-0.31,22.89,1.94,61.30
54.676313,-0.0376,0.4199,0.8896,-1.71,0.00,-0.43,22.87,1.94,61.30
54.706546,-0.0469,0.4199,0.9111,-3.05,-0.37,0.18,22.81,1.94,61.30
54.706546,-0.0396,0.4160,0.9297,-2.32,-1.22,1.28,22.76,1.92,61.31
54.736561,-0.0322,0.4136,0.9419,-1.34,-1.04,1.40,22.72,1.89,61.33
54.736561,-0.0229,0.4136,0.9370,0.06,-1.53,1.16,22.71,1.85,61.34
54.796331,-0.0259,0.4155,0.9375,0.61,-2.81,0.61,22.71,1.81,61.34
54.796331,-0.0088,0.4146,0.9185,2.14,-3.72,0.49,22.74,1.74,61.33
54.826561,0.0000,0.4165,0.8906,2.81,-1.65,-0.49,22.79,1.69,61.30
54.826561,-0.0132,0.4287,0.8774,2.14,-0.43,-0.06,22.84,1.68,61.29
54.856330,-0.0029,0.4292,0.8691,1.28,-1.53,0.37,22.88,1.65,61.29
54.856330,0.0029,0.4229,0.8813,-1.16,-1.95,-0.67,22.87,1.62,61.27
54.916330,0.0010,0.4209,0.8989,0.18,-2.81,-0.61,22.86,1.58,61.24
54.916330,-0.0171,0.4219,0.9238,0.61,-4.03,0.43,22.87,1.52,61.21
54.946363,-0.0205,0.4189,0.9404,2.14,-5.62,2.32,22.90,1.42,61.19
54.946363,-0.0029,0.4165,0.9360,3.60,-5.86,3.23,22.94,1.29,61.20
54.977262,0.0049,0.4111,0.9287,5.98,-5.98,2.14,23.06,1.15,61.20
54.977262,-0.0059,0.4194,0.9146,6.04,-4.94,0.79,23.18,1.04,61.19
55.036403,-0.0127,0.4277,0.8999,7.81,-5.13,1.34,23.31,0.94,61.17
55.036403,-0.0151,0.4287,0.8926,6.71,-4.15,2.08,23.47,0.83,61.17
55.066367,-0.0117,0.4360,0.8896,5.07,-2.81,2.14,23.58,0.76,61.18
55.066367,-0.0049,0.4380,0.8931,2.93,-1.77,1.28,23.66,0.70,61.19
55.126346,-0.0034,0.4409,0.8926,2.62,-0.98,0.98,23.71,0.66,61.20
55.126346,-0.0015,0.4424,0.8877,2.75,0.24,0.67,23.77,0.65,61.22
55.156036,-0.0059,0.4434,0.8892,2.14,1.04,0.61,23.82,0.66,61.23
55.156036,-0.0059,0.4419,0.8916,0.85,1.22,1.28,23.85,0.67,61.26
55.186173,0.0024,0.4370,0.8970,-0.37,1.16,1.59,23.85,0.68,61.30
55.186173,0.0088,0.4307,0.9058,-1.16,1.22,1.04,23.83,0.69,61.33
55.246640,0.0142,0.4268,0.9077,-1.10,1.46,0.49,23.81,0.71,61.36
55.246640,0.0112,0.4258,0.9067,-0.55,1.65,0.06,23.79,0.74,61.38
55.276344,0.0156,0.4233,0.8989,-0.12,1.22,-0.43,23.79,0.76,61.39
55.276344,0.0107,0.4238,0.8979,-1.16,1.46,-1.53,23.77,0.79,61.39
55.306565,0.0078,0.4277,0.8994,-1.28,1.40,-1.77,23.74,0.83,61.36
55.306565,0.0093,0.4272,0.9033,-0.92,1.10,-2.08,23.72,0.87,61.34
55.366337,0.0039,0.4302,0.9062,-0.73,1.53,-2.75,23.70,0.91,61.31
55.366337,-0.0083,0.4365,0.9062,0.12,1.71,-2.93,23.70,0.97,61.28
55.396271,-0.0225,0.4414,0.9092,0.00,1.10,-2.38,23.70,1.02,61.24
55.396271,-0.0298,0.4438,0.9097,-0.06,0.61,-1.34,23.69,1.05,61.22
55.426387,-0.0264,0.4438,0.9019,0.79,0.49,-0.31,23.70,1.07,61.21
55.426387,-0.0210,0.4434,0.8931,0.12,0.49,0.37,23.71,1.07,61.22
55.486306,-0.0093,0.4414,0.8823,-0.24,0.31,0.61,23.71,1.08,61.23
55.486306,0.0078,0.4385,0.8682,-0.18,0.98,0.24,23.70,1.08,61.25
55.516805,0.0137,0.4341,0.8633,-0.98,1.89,-0.67,23.69,1.11,61.26
55.516805,0.0073,0.4307,0.8823,-2.32,2.08,-1.16,23.66,1.16,61.26
55.546251,0.0107,0.4180,0.9224,-3.11,0.98,-1.89,23.60,1.20,61.25
55.546251,0.0093,0.4072,0.9639,-3.17,0.24,-3.17,23.53,1.22,61.20
55.606688,0.0024,0.4082,0.9736,0.18,0.55,-3.60,23.49,1.26,61.15
55.606688,0.0059,0.4155,0.9355,4.33,0.06,-3.72,23.55,1.30,61.09
55.636600,-0.0166,0.4307,0.9043,4.39,0.12,-3.66,23.63,1.33,61.03
55.636600,-0.0264,0.4409,0.8813,5.68,-1.16,-1.77,23.74,1.35,60.98
55.666318,-0.0225,0.4517,0.8530,5.31,-1.34,-0.31,23.85,1.33,60.95
55.666318,-0.0239,0.4585,0.8467,3.72,-1.10,0.49,23.93,1.31,60.94
55.726372,-0.0361,0.4644,0.8735,2.75,-3.66,2.08,24.00,1.26,60.95
55.726372,-0.0371,0.4731,0.8960,4.03,-10.07,4.82,24.07,1.12,60.95
55.756301,-0.0361,0.4683,0.9248,4.09,-13.98,8.18,24.18,0.83,60.97
55.756301,-0.0229,0.4741,0.9370,2.50,-24.90,14.16,24.21,0.39,61.00
55.786643,0.0029,0.4541,0.9458,19.65,-27.71,20.57,24.32,-0.22,61.07
55.786643,0.0469,0.4004,0.9121,10.50,-20.32,17.27,24.68,-0.89,61.20
55.846289,0.0376,0.4395,0.8828,19.71,-15.81,15.20,24.98,-1.34,61.33
55.846289,0.0537,0.4478,0.8428,16.78,-13.37,12.82,25.36,-1.73,61.46
55.876491,0.0562,0.4639,0.8291,13.12,-14.22,9.77,25.65,-2.07,61.53
55.876491,0.0435,0.4863,0.8433,4.39,-15.87,12.51,25.83,-2.44,61.58
55.906602,0.0371,0.4878,0.8657,-1.95,-21.48,15.87,25.82,-2.91,61.67
55.906602,0.0693,0.4595,0.8872,3.72,-22.89,15.56,25.83,-3.47,61.74
55.967194,0.1045,0.4521,0.8877,8.91,-15.38,10.86,25.96,-3.94,61.80
55.967194,0.1084,0.4570,0.8911,10.99,-8.91,6.65,26.15,-4.22,61.84
55.996323,0.1099,0.4565,0.8911,8.30,-4.27,2.81,26.35,-4.38,61.87
55.996323,0.1089,0.4575,0.8882,5.19,2.08,-0.12,26.48,-4.42,61.88
56.026085,0.1128,0.4658,0.8838,4.76,8.30,-3.17,26.57,-4.30,61.90
56.026085,0.1147,0.4639,0.8799,3.23,15.26,-7.32,26.65,-4.05,61.91
56.086088,0.1011,0.4702,0.8711,-0.85,20.94,-9.89,26.67,-3.63,61.93
56.086088,0.0771,0.4712,0.8730,-0.06,21.91,-9.09,26.65,-3.15,61.97
56.157532,0.0518,0.4761,0.8857,1.59,17.46,-5.86,26.65,-2.72,62.02
56.157532,0.0439,0.4849,0.8721,6.96,10.19,-0.85,26.79,-2.50,62.12
56.157572,0.0479,0.4849,0.8809,0.00,8.67,-4.70,26.81,-2.29,62.14
56.157572,0.0474,0.4834,0.8794,0.00,7.75,-5.25,26.81,-2.10,62.13
56.206268,0.0386,0.4854,0.8682,0.92,6.41,-4.94,26.82,-1.93,62.11
56.206268,0.0322,0.4917,0.8530,0.00,6.29,-4.76,26.83,-1.77,62.09
56.236258,0.0293,0.4961,0.8521,-0.61,6.29,-3.97,26.83,-1.62,62.08
56.236258,0.0259,0.4990,0.8633,-2.26,6.10,-3.11,26.80,-1.48,62.08
56.266215,0.0239,0.5024,0.8799,-2.62,5.86,-1.65,26.74,-1.35,62.09
56.266215,0.0239,0.4985,0.8906,-1.83,4.21,0.18,26.70,-1.25,62.13
56.326444,0.0381,0.4888,0.8887,-0.61,1.83,0.92,26.67,-1.21,62.18
56.326444,0.0474,0.4775,0.8794,-0.43,1.22,0.31,26.66,-1.19,62.20
56.356374,0.0474,0.4722,0.8696,0.31,1.40,-0.31,26.66,-1.17,62.22
56.356374,0.0508,0.4702,0.8647,0.43,1.65,-0.85,26.66,-1.14,62.23
56.386798,0.0410,0.4736,0.8687,-0.55,2.14,-1.40,26.66,-1.09,62.22
56.386798,0.0396,0.4756,0.8745,-0.92,1.89,-1.53,26.65,-1.04,62.22
56.446401,0.0347,0.4780,0.8774,-0.85,1.71,-1.89,26.63,-0.99,62.21
56.446401,0.0264,0.4785,0.8760,-0.67,1.40,-1.83,26.61,-0.94,62.20
56.476191,0.0303,0.4805,0.8696,-0.55,1.04,-1.89,26.60,-0.91,62.18
56.476191,0.0244,0.4844,0.8711,-1.89,1.65,-1.77,26.57,-0.87,62.16
56.536596,0.0234,0.4873,0.8760,-0.92,2.14,-1.22,26.54,-0.82,62.16
56.536596,0.0244,0.4897,0.8726,-0.55,2.08,-0.79,26.53,-0.77,62.17
56.566180,0.0259,0.4863,0.8706,-0.73,1.34,-0.85,26.52,-0.74,62.17
56.566180,0.0210,0.4819,0.8774,-1.34,1.22,-0.98,26.49,-0.70,62.17
56.596332,0.0151,0.4800,0.8857,-0.79,1.53,-0.18,26.47,-0.67,62.17
56.596332,0.0249,0.4771,0.8789,-0.12,1.10,0.12,26.46,-0.65,62.19
56.658440,0.0293,0.4751,0.8765,-0.98,1.04,-0.49,26.44,-0.63,62.20
56.658440,0.0249,0.4761,0.8789,-0.49,0.98,-0.67,26.43,-0.60,62.20
56.873285,0.0264,0.4780,0.8774,0.12,1.28,-0.31,26.42,-0.58,62.20
56.873285,0.0249,0.4780,0.8770,-0.18,1.40,-0.31,26.42,-0.55,62.22
56.873317,0.0249,0.4775,0.8740,-0.67,1.04,-0.85,26.41,-0.53,62.22
56.873317,0.0171,0.4824,0.8804,-1.22,0.98,-0.79,26.39,-0.50,62.22
# luecke 65.506551-71.791085
71.792247,-0.2144,0.3447,0.9175,-10.86,16.97,-9.40,-1.46,0.78,0.00
71.792247,-0.2437,0.3428,0.9131,-3.60,14.53,-2.87,-1.46,0.78,0.00
71.809016,-0.2402,0.3413,0.9146,3.91,6.77,0.24,-1.46,0.78,0.00
71.809016,-0.2349,0.3330,0.9165,3.54,4.82,3.48,-1.46,0.78,0.00
71.835860,-0.2446,0.3403,0.9185,2.81,2.93,4.70,-1.46,0.78,0.00
71.835860,-0.2363,0.3418,0.9092,4.15,-0.67,5.55,-1.46,0.78,0.00
71.896017,-0.2285,0.3408,0.9082,4.88,-0.67,8.85,-1.46,0.78,0.00
71.896017,-0.2188,0.3442,0.9097,7.75,-2.38,11.54,-1.46,0.78,0.00
71.925707,-0.2168,0.3379,0.9146,6.47,-2.75,8.67,-1.46,0.78,0.00
71.925707,-0.2148,0.3311,0.9146,-1.04,0.37,6.35,-1.46,0.78,0.00
71.956040,-0.2173,0.3359,0.9150,-5.31,2.56,3.11,-1.46,0.78,0.00
71.956040,-0.2163,0.3389,0.9268,-3.91,1.10,4.15,-1.46,0.78,0.00
72.016981,-0.1987,0.3267,0.9287,-1.77,0.55,4.03,-1.46,0.78,0.00
72.016981,-0.2046,0.3286,0.9321,-2.08,0.73,3.48,-1.46,0.78,0.00
72.046037,-0.2026,0.3286,0.9268,-0.85,0.00,3.78,-1.46,0.78,0.00
72.046037,-0.1982,0.3286,0.9185,0.73,-1.04,3.60,-1.46,0.78,0.00
72.105975,-0.1948,0.3320,0.9155,2.99,-1.65,3.17,-1.46,0.78,0.00
72.105975,-0.2158,0.3418,0.9165,6.96,-2.56,4.33,-1.46,0.78,0.00
72.137012,-0.2402,0.3608,0.9224,11.84,-7.14,8.00,-1.46,0.78,0.00
72.137012,-0.2271,0.3608,0.9185,18.86,-14.83,10.99,-1.46,0.78,0.00
72.165877,-0.2231,0.3765,0.9141,25.70,-23.93,12.88,-1.46,0.78,0.00
72.165877,-0.2017,0.3701,0.9180,36.74,-26.73,16.78,-1.46,0.78,0.00
72.195974,-0.1680,0.3657,0.9106,34.79,-21.91,15.44,-1.46,0.78,0.00
72.195974,-0.1484,0.3735,0.8950,27.04,-17.88,12.70,-1.46,0.78,0.00
72.256123,-0.1509,0.3892,0.8989,21.42,-14.59,11.17,-1.46,0.78,0.00
72.256123,-0.1548,0.4033,0.9009,19.78,-13.37,10.86,-1.46,0.78,0.00
72.286896,-0.1431,0.4102,0.9023,19.04,-13.67,10.44,-1.46,0.78,0.00
72.286896,-0.1313,0.4116,0.9009,17.76,-11.47,8.67,-1.46,0.78,0.00
72.315893,-0.1226,0.4165,0.8887,18.31,-8.97,8.61,-1.46,0.78,0.00
72.315893,-0.1196,0.4194,0.8940,12.76,-5.43,6.77,-1.46,0.78,0.00
72.375962,-0.1221,0.4277,0.8906,9.95,-4.94,5.98,-1.46,0.78,0.00
72.375962,-0.1206,0.4268,0.8975,8.06,-3.85,4.94,-1.46,0.78,0.00
72.405663,-0.1270,0.4390,0.8945,6.84,-3.48,4.39,-1.46,0.78,0.00
72.405663,-0.1230,0.4443,0.8896,7.39,-3.72,4.15,-1.46,0.78,0.00
72.436723,-0.1128,0.4453,0.8770,9.40,-3.97,4.03,-1.46,0.78,0.00
72.436723,-0.1221,0.4478,0.8818,9.64,-2.81,3.97,-1.46,0.78,0.00
72.495666,-0.1274,0.4585,0.8857,12.08,-4.52,5.31,-1.46,0.78,0.00
72.495666,-0.1216,0.4570,0.8936,9.83,-5.31,3.23,-1.46,0.78,0.00
72.555751,-0.1060,0.4541,0.8916,7.87,-6.41,3.85,-1.46,0.78,0.00
72.555751,-0.1094,0.4531,0.8906,7.14,-6.65,3.91,-1.46,0.78,0.00
72.556989,-0.1147,0.4658,0.8828,10.68,-8.48,5.37,-1.46,0.78,0.00
72.556989,-0.1274,0.4761,0.8843,13.00,-12.21,6.84,-1.46,0.78,0.00
72.615925,-0.1089,0.4697,0.8760,14.40,-14.10,6.90,-1.46,0.78,0.00
72.615925,-0.0933,0.4751,0.8613,13.67,-12.57,6.59,-1.46,0.78,0.00
72.645949,-0.0840,0.4766,0.8599,11.72,-8.61,5.92,-1.46,0.78,0.00
72.645949,-0.0854,0.4849,0.8618,6.59,-4.88,4.82,-1.46,0.78,0.00
72.675917,-0.0801,0.4893,0.8677,1.95,-2.99,3.36,-1.46,0.78,0.00
72.675917,-0.0820,0.4937,0.8799,1.40,-1.04,2.93,-1.46,0.78,0.00
72.736973,-0.0835,0.4980,0.8862,2.14,0.12,3.30,-1.46,0.78,0.00
72.736973,-0.0825,0.5005,0.9004,1.10,0.18,2.87,-1.46,0.78,0.00
72.765986,-0.0918,0.5015,0.9053,2.14,-1.59,3.23,-1.46,0.78,0.00
72.765986,-0.0869,0.4956,0.8770,1.77,-2.75,3.78,-1.46,0.78,0.00
72.796930,-0.0806,0.4858,0.8638,-0.06,-3.66,4.52,-1.46,0.78,0.00
72.796930,-0.0518,0.4688,0.8604,-0.61,-5.07,4.64,-1.46,0.78,0.00
72.855881,-0.0410,0.4600,0.8618,-0.49,-3.97,2.26,-1.46,0.78,0.00
72.855881,-0.0376,0.4580,0.8623,0.24,-2.14,-0.06,-1.46,0.78,0.00
72.887128,-0.0596,0.4658,0.8726,-2.01,0.00,-2.62,-1.46,0.78,0.00
72.887128,-0.0811,0.4668,0.8867,-0.85,-0.85,-2.75,-1.46,0.78,0.00
72.915920,-0.0850,0.4663,0.8696,-1.53,-0.92,-3.23,-1.46,0.78,0.00
72.915920,-0.0874,0.4692,0.8550,-2.81,0.79,-3.97,-1.46,0.78,0.00
72.975965,-0.0977,0.4834,0.8335,-0.49,-0.24,-2.44,-1.46,0.78,0.00
72.975965,-0.0850,0.4854,0.8291,-1.77,0.67,-2.01,-1.46,0.78,0.00
73.005802,-0.0864,0.4971,0.8374,-3.78,1.71,-1.89,-1.46,0.78,0.00
73.005802,-0.0894,0.4976,0.8755,-5.19,2.26,-1.16,-1.46,0.78,0.00
73.035906,-0.0952,0.4951,0.9160,-4.64,2.08,-0.31,-1.46,0.78,0.00
73.035906,-0.0918,0.4897,0.9380,-2.99,1.71,1.04,-1.46,0.78,0.00
73.096216,-0.0894,0.4839,0.9409,-0.73,1.34,1.53,-1.46,0.78,0.00
73.096216,-0.1025,0.4810,0.9512,2.69,-0.98,2.99,-1.46,0.78,0.00
73.125991,-0.0762,0.4795,0.8955,5.80,-1.71,3.78,-1.46,0.78,0.00
73.125991,-0.0674,0.4883,0.8472,4.70,0.00,3.72,-1.46,0.78,0.00
73.186654,-0.0659,0.4927,0.8306,2.93,0.55,3.54,-1.46,0.78,0.00
73.186654,-0.0684,0.4937,0.8340,2.56,0.12,3.85,-1.46,0.78,0.00
73.216683,-0.0684,0.4888,0.8403,1.65,0.43,3.85,-1.46,0.78,0.00
73.216683,-0.0625,0.4858,0.8496,0.61,0.79,3.60,-1.46,0.78,0.00
73.246973,-0.0547,0.4805,0.8545,-0.98,1.71,2.32,-1.46,0.78,0.00
73.246973,-0.0454,0.4756,0.8574,-3.11,2.69,0.37,-1.46,0.78,0.00
73.305922,-0.0522,0.4785,0.8628,-3.23,3.48,-0.55,-1.46,0.78,0.00
73.305922,-0.0552,0.4810,0.8691,-1.16,3.23,-0.37,-1.46,0.78,0.00
73.337075,-0.0605,0.4844,0.8838,1.16,2.08,0.00,-1.46,0.78,0.00
73.337075,-0.0557,0.4839,0.8848,2.38,1.22,-0.61,-1.46,0.78,0.00
73.367410,-0.0586,0.4854,0.8872,2.32,1.04,-1.65,-1.46,0.78,0.00
73.367410,-0.0713,0.4873,0.8906,1.46,-0.61,-1.89,-1.46,0.78,0.00
73.427170,-0.0767,0.4873,0.8955,2.93,-4.88,-0.49,-1.46,0.78,0.00
73.427170,-0.0640,0.4819,0.8872,6.84,-7.87,0.85,-1.46,0.78,0.00
73.456001,-0.0488,0.4785,0.8716,8.30,-9.34,0.67,-1.46,0.78,0.00
73.456001,-0.0479,0.4844,0.8652,9.28,-8.85,0.00,-1.46,0.78,0.00
73.485969,-0.0605,0.4946,0.8569,8.67,-7.75,0.12,-1.46,0.78,0.00
73.485969,-0.0723,0.5059,0.8491,11.54,-10.56,2.56,-1.46,0.78,0.00
73.545988,-0.0571,0.4966,0.8467,11.17,-10.50,2.50,-1.46,0.78,0.00
73.545988,-0.0527,0.4941,0.8501,9.46,-7.51,0.55,-1.46,0.78,0.00
73.575881,-0.0615,0.4980,0.8535,7.02,-4.39,-1.10,-1.46,0.78,0.00
73.575881,-0.0698,0.5010,0.8511,3.54,-1.53,-2.93,-1.46,0.78,0.00
73.605912,-0.0771,0.5103,0.8364,2.20,0.98,-3.66,-1.46,0.78,0.00
73.605912,-0.0859,0.5205,0.8193,0.43,4.15,-3.72,-1.46,0.78,0.00
73.665871,-0.0918,0.5288,0.8091,-2.14,5.80,-3.05,-1.46,0.78,0.00
73.665871,-0.0972,0.5342,0.8115,-5.19,6.47,-2.14,-1.46,0.78,0.00
73.696072,-0.1021,0.5337,0.8301,-7.87,7.45,-1.16,-1.46,0.78,0.00
73.696072,-0.1021,0.5322,0.8589,-6.90,7.20,1.04,-1.46,0.78,0.00
73.725890,-0.0894,0.5254,0.8735,-5.98,5.62,2.81,-1.46,0.78,0.00
73.725890,-0.0684,0.5112,0.8789,-4.94,4.03,3.72,-1.46,0.78,0.00
73.815959,-0.0522,0.5015,0.8843,-4.82,3.30,3.66,-1.46,0.78,0.00
73.815959,-0.0435,0.4917,0.8931,-3.72,2.20,3.54,-1.46,0.78,0.00
73.828019,-0.0391,0.4839,0.9028,-2.44,1.83,2.81,-1.46,0.78,0.00
73.828019,-0.0371,0.4800,0.9014,0.18,0.73,2.14,-1.46,0.78,0.00
73.845795,-0.0239,0.4707,0.8911,1.46,0.00,0.37,-1.46,0.78,0.00
73.845795,-0.0317,0.4727,0.8804,2.01,-0.06,-1.34,-1.46,0.78,0.00
73.905856,-0.0391,0.4810,0.8569,2.32,0.49,-2.62,-1.46,0.78,0.00
73.905856,-0.0469,0.4927,0.8364,2.75,0.98,-3.60,-1.46,0.78,0.00
73.935950,-0.0610,0.5054,0.8232,1.89,1.40,-4.39,-1.46,0.78,0.00
73.935950,-0.0796,0.5146,0.8306,-0.37,1.83,-4.52,-1.46,0.78,0.00
73.984132,-0.0996,0.5210,0.8530,-0.92,0.85,-3.05,-1.46,0.78,0.00
73.984132,-0.0957,0.5161,0.8687,0.55,-0.31,-0.92,-1.46,0.78,0.00
74.026105,-0.0938,0.5137,0.8735,0.00,0.43,-0.85,-1.46,0.78,0.00
74.026105,-0.0923,0.5107,0.8726,0.00,0.92,-0.79,-1.46,0.78,0.00
74.056934,-0.1006,0.5068,0.8750,-0.43,0.73,-0.18,-1.46,0.78,0.00
74.056934,-0.0894,0.5039,0.8589,-0.24,0.24,0.98,-1.46,0.78,0.00
74.085965,-0.0771,0.5010,0.8433,-2.20,1.10,0.85,-1.47,0.79,71.47
74.085965,-0.0737,0.4976,0.8472,-2.62,1.65,0.55,-1.52,0.81,71.48
74.146894,-0.0742,0.4941,0.8633,-2.38,1.65,0.49,-1.53,0.85,71.49
74.146894,-0.0713,0.4897,0.8721,-2.01,1.22,0.55,-1.49,0.90,71.50
74.175896,-0.0591,0.4863,0.8701,-1.10,1.40,-0.12,-1.38,0.94,71.52
74.175896,-0.0679,0.4854,0.8799,-0.92,1.71,-0.98,-1.17,1.01,71.52
74.205881,-0.0742,0.4897,0.8779,0.00,0.79,-0.43,-0.85,1.08,71.53
74.205881,-0.0674,0.4917,0.8691,-0.06,1.46,-1.34,-0.40,1.16,71.56
74.268600,-0.0796,0.5015,0.8623,0.37,1.40,-1.59,0.18,1.27,71.59
74.268600,-0.0786,0.5059,0.8530,-0.55,1.34,-1.53,0.88,1.40,71.65
74.296978,-0.0879,0.5083,0.8584,-1.10,1.16,-1.22,1.69,1.55,71.72
74.296978,-0.0967,0.5093,0.8726,-1.10,0.43,-0.06,2.61,1.71,71.85
74.325853,-0.0894,0.5039,0.8765,0.24,-0.43,1.04,3.65,1.88,72.01
74.325853,-0.0771,0.4985,0.8701,0.67,-0.37,0.79,3.66,1.87,72.03
74.385980,-0.0786,0.4976,0.8672,1.04,0.24,0.37,3.85,1.89,72.08
74.385980,-0.0830,0.5015,0.8608,0.85,1.10,0.00,4.21,1.96,72.14
74.415893,-0.0898,0.5220,0.8408,1.83,1.65,0.49,4.71,2.07,72.23
74.415893,-0.0894,0.5371,0.8145,0.92,2.75,0.85,5.35,2.22,72.36
74.445866,-0.1196,0.5527,0.8057,-1.71,1.59,2.75,6.05,2.40,72.53
74.445866,-0.1118,0.5376,0.7949,-7.02,-0.79,5.13,6.78,2.55,72.77
74.505871,-0.0898,0.5098,0.8208,-12.33,-3.36,7.08,7.45,2.68,73.05
74.505871,-0.0596,0.4751,0.8721,-14.22,-5.19,7.39,8.09,2.74,73.36
74.535984,-0.0400,0.4551,0.9238,-11.72,-6.16,6.90,8.71,2.77,73.66
74.535984,-0.0322,0.4434,0.9468,-7.32,-6.90,5.37,9.39,2.78,73.95
74.595906,-0.0503,0.4380,0.9595,-0.98,-9.28,4.88,10.14,2.74,74.21
74.595906,-0.0610,0.4336,0.9595,4.03,-12.45,4.64,10.95,2.63,74.45
74.625875,-0.0718,0.4438,0.9590,14.16,-18.62,6.84,11.87,2.41,74.69
74.625875,-0.0552,0.4497,0.9336,16.97,-19.84,5.49,12.89,2.13,74.90
74.655926,-0.0552,0.4800,0.8887,23.44,-19.53,5.37,13.95,1.85,75.09
74.655926,-0.0620,0.5117,0.8408,24.54,-17.15,4.76,15.07,1.59,75.26
74.715904,-0.0693,0.5605,0.7979,22.89,-14.28,5.86,16.17,1.38,75.43
74.715904,-0.0723,0.5610,0.7734,17.40,-17.52,8.79,17.20,1.15,75.64
74.747328,-0.0522,0.5703,0.7720,-2.69,-14.04,9.09,17.92,0.92,75.83
74.747328,-0.0425,0.5625,0.8354,-8.48,-15.69,13.24,18.35,0.71,76.08
74.777089,-0.0142,0.5435,0.8774,-9.34,-14.59,15.38,18.73,0.44,76.38
74.777089,-0.0112,0.5312,0.9175,-6.41,-13.12,16.36,19.08,0.19,76.71
74.836213,0.0029,0.5200,0.9399,1.53,-15.20,17.21,19.52,-0.09,77.05
74.836213,0.0176,0.5083,0.9126,3.66,-12.57,15.56,20.05,-0.38,77.38
74.865906,0.0015,0.5146,0.8794,0.12,-7.81,14.89,20.49,-0.59,77.70
74.865906,0.0400,0.5156,0.8120,-0.85,-6.04,14.22,20.89,-0.75,78.02
74.895664,0.0703,0.5068,0.7686,-6.47,-2.50,10.74,-1.50,0.75,0.10
74.895664,0.0698,0.4956,0.7744,-10.80,1.59,6.47,-1.68,0.75,0.27
74.955858,0.0552,0.4932,0.7935,-15.20,5.80,2.62,-1.91,0.82,0.36
74.955858,0.0420,0.4912,0.8188,-15.56,7.20,1.77,-2.14,0.94,0.40
74.985851,0.0586,0.4775,0.8379,-18.49,7.81,0.00,-2.33,1.07,0.42
74.985851,0.0527,0.4653,0.8828,-21.61,7.14,-2.50,-2.50,1.19,0.39
75.015858,0.0479,0.4487,0.9194,-20.26,7.51,-4.82,-2.59,1.30,0.31
75.015858,0.0283,0.4424,0.9526,-20.02,9.77,-6.65,-2.55,1.41,0.20
75.076085,0.0161,0.4419,0.9546,-17.03,11.96,-7.45,-2.35,1.58,0.06
75.076085,0.0068,0.4502,0.9297,-14.71,10.07,-7.32,-1.99,1.72,-0.08
75.105909,-0.0034,0.4614,0.8936,-10.99,9.28,-6.41,-1.43,1.85,-0.20
75.105909,-0.0020,0.4653,0.8716,-12.63,10.56,-6.53,-0.70,1.98,-0.31
75.135884,-0.0034,0.4707,0.8628,-15.93,13.55,-7.20,0.07,2.16,-0.42
75.135884,-0.0176,0.4648,0.8862,-20.87,16.48,-7.69,0.85,2.41,-0.53
75.195554,-0.0337,0.4561,0.9219,-25.02,17.40,-8.06,1.61,2.70,-0.63
75.195554,-0.0400,0.4473,0.9395,-28.32,18.74,-9.22,2.31,3.03,-0.74
75.226669,-0.0381,0.4365,0.9395,-25.39,18.43,-7.93,3.06,3.38,-0.82
75.226669,-0.0366,0.4277,0.9272,-21.73,15.69,-5.80,3.86,3.69,-0.87
75.255550,-0.0503,0.4150,0.9385,-16.48,13.92,-2.93,4.74,3.97,-0.86
75.255550,-0.0483,0.4009,0.9409,-11.90,10.31,-1.53,5.67,4.17,-0.80
75.315684,-0.0444,0.3994,0.9243,-7.93,7.32,-0.92,6.65,4.32,-0.72
75.315684,-0.0425,0.3887,0.9219,-5.74,6.65,-1.40,7.61,4.43,-0.65
75.346688,-0.0479,0.3843,0.9307,-1.34,5.13,-1.10,8.57,4.51,-0.59
75.346688,-0.0527,0.3818,0.9331,0.43,3.60,-0.73,9.53,4.56,-0.53
75.376199,-0.0308,0.3833,0.9072,3.91,0.24,-0.24,10.46,4.56,-0.47
75.376199,-0.0039,0.3838,0.8804,3.54,0.12,-1.71,11.37,4.51,-0.43
75.435924,0.0107,0.3877,0.8628,5.80,0.85,-2.93,12.22,4.47,-0.43
75.435924,0.0308,0.4053,0.8672,4.39,1.71,-4.70,13.06,4.42,-0.46
75.465925,0.0234,0.3872,0.8745,5.19,3.60,-7.39,13.80,4.41,-0.53
75.465925,-0.0913,0.4351,0.8877,-5.00,2.93,-2.38,14.37,4.44,-0.61
75.495727,-0.1143,0.4038,1.0000,16.60,-12.45,12.33,15.11,4.17,-0.48
75.495727,-0.0537,0.3965,0.9409,18.55,-18.92,6.65,15.96,3.77,-0.37
75.555857,-0.0142,0.4243,0.9043,22.28,-20.87,2.44,16.85,3.30,-0.39
75.555857,-0.0117,0.4438,0.8628,24.54,-18.19,1.28,17.76,2.87,-0.47
75.585956,-0.0156,0.4585,0.8418,20.57,-14.40,1.04,18.62,2.50,-0.55
75.585956,-0.0259,0.4424,0.8438,10.07,-9.40,1.53,19.29,2.24,-0.60
75.615841,-0.0308,0.4404,0.8682,8.24,-6.53,2.44,19.83,2.05,-0.61
75.615841,-0.0288,0.4556,0.8579,8.12,-5.13,2.62,20.32,1.90,-0.60
75.675842,-0.0327,0.4727,0.8525,6.23,-2.99,2.08,20.78,1.78,-0.58
75.675842,-0.0259,0.4746,0.8667,0.12,0.79,0.43,21.15,1.74,-0.55
75.705870,-0.0293,0.4683,0.9009,-4.94,5.74,-1.53,21.36,1.79,-0.53
75.705870,-0.0376,0.4521,0.9180,-5.19,7.39,-2.26,21.51,1.93,-0.51
75.735819,-0.0425,0.4541,0.9092,-4.33,7.20,-2.56,21.64,2.08,-0.49
75.735819,-0.0312,0.4531,0.8843,-5.25,4.52,-0.31,21.77,2.20,-0.46
75.795923,-0.0122,0.4468,0.8726,-5.00,-0.67,2.50,21.86,2.22,-0.41
75.795923,0.0029,0.4395,0.8735,-6.29,-1.89,0.92,21.94,2.18,-0.38
75.826959,0.0142,0.4346,0.8823,-3.97,-1.95,0.49,22.01,2.11,-0.38
75.826959,0.0103,0.4307,0.8960,-5.07,0.98,-1.34,22.09,2.10,-0.40
75.856243,-0.0420,0.4263,0.9390,-1.10,2.44,-0.18,22.15,2.14,-0.40
75.856243,-0.0293,0.4351,0.9087,6.71,-2.75,2.87,22.36,2.11,-0.36
75.915902,0.0112,0.4287,0.8706,4.15,-3.48,0.00,22.60,2.03,-0.36
75.915902,0.0146,0.4155,0.8574,3.42,-1.89,-3.36,22.79,1.98,-0.42
75.945577,-0.0103,0.4053,0.8687,3.60,1.59,-5.74,22.97,2.00,-0.50
75.945577,-0.0356,0.4077,0.9014,8.06,1.28,-7.51,23.18,2.07,-0.61
76.005880,-0.0596,0.4204,0.9312,10.38,0.06,-8.24,23.45,2.14,-0.75
76.005880,-0.0610,0.4316,0.9497,11.47,3.05,-10.93,23.75,2.24,-0.91
76.035835,-0.0884,0.4497,0.9204,13.55,3.05,-11.41,24.05,2.41,-1.08
76.035835,-0.0962,0.4722,0.9067,17.15,1.34,-11.47,24.43,2.55,-1.26
76.065815,-0.0850,0.5029,0.8491,18.86,0.73,-8.79,24.85,2.67,-1.44
76.065815,-0.0674,0.5151,0.8120,13.61,5.25,-6.29,25.25,2.80,-1.53
76.125952,-0.0850,0.5127,0.8379,4.82,9.64,-5.43,25.49,3.02,-1.56
76.125952,-0.1050,0.5088,0.8770,-1.83,9.58,-4.52,25.57,3.26,-1.55
76.156813,-0.0957,0.5063,0.8691,-5.98,8.48,-2.87,25.56,3.48,-1.52
76.156813,-0.0825,0.5098,0.8594,-6.65,6.41,0.55,25.48,3.65,-1.47
76.186041,-0.0542,0.4824,0.8662,-8.48,5.62,1.34,25.42,3.76,-1.37
76.186041,-0.0425,0.4644,0.8691,-10.31,4.82,0.79,25.28,3.87,-1.30
76.245969,-0.0308,0.4517,0.8789,-12.15,4.39,-0.12,25.11,3.97,-1.24
76.245969,-0.0239,0.4458,0.8794,-12.27,5.86,-1.77,24.92,4.08,-1.20
76.275884,-0.0288,0.4341,0.8950,-13.73,6.04,-4.21,24.71,4.24,-1.20
76.275884,-0.0410,0.4238,0.9253,-17.40,5.31,-6.77,24.44,4.39,-1.24
76.307383,-0.0459,0.4121,0.9575,-17.70,4.27,-9.16,24.11,4.55,-1.34
76.307383,-0.0420,0.3989,0.9614,-14.83,2.75,-11.05,23.81,4.71,-1.49
76.396077,-0.0522,0.4023,0.9639,-11.11,1.40,-11.78,23.55,4.86,-1.68
76.396077,-0.0591,0.4028,0.9453,-7.39,0.43,-11.23,23.38,4.97,-1.88
76.398423,-0.0576,0.4072,0.9316,-4.82,-0.61,-11.47,23.26,5.06,-2.09
76.398423,-0.0532,0.4131,0.9277,-4.33,-1.59,-12.70,23.18,5.14,-2.32
76.425876,-0.0649,0.4204,0.9321,-5.55,-2.01,-14.10,23.07,5.21,-2.58
76.425876,-0.0835,0.4277,0.9424,-4.58,-4.09,-13.18,22.96,5.27,-2.86
76.485838,-0.0933,0.4287,0.9570,-2.08,-8.73,-11.66,22.88,5.25,-3.14
76.485838,-0.0850,0.4209,0.9556,0.79,-12.39,-9.83,22.86,5.14,-3.42
76.515906,-0.0874,0.4146,0.9468,4.27,-14.10,-7.63,22.90,4.97,-3.69
76.515906,-0.0737,0.4102,0.9297,12.39,-18.13,-5.74,23.06,4.73,-3.94
76.545895,-0.0562,0.4155,0.9077,19.65,-20.63,-5.80,23.38,4.42,-4.21
76.545895,-0.0449,0.4307,0.8833,21.73,-19.47,-6.10,23.79,4.10,-4.49
76.606142,-0.0508,0.4448,0.8560,20.14,-15.14,-6.41,24.21,3.84,-4.75
76.606142,-0.0693,0.4634,0.8320,16.91,-11.35,-4.82,24.58,3.65,-4.97
76.636273,-0.0610,0.4717,0.8066,11.84,-8.30,-2.87,24.87,3.51,-5.13
76.636273,-0.0522,0.4722,0.7871,5.25,-4.88,-2.93,25.04,3.42,-5.23
76.665884,-0.0547,0.4707,0.7920,-0.12,-0.61,-3.11,25.10,3.40,-5.31
76.665884,-0.0698,0.4771,0.8223,-4.03,2.56,-2.01,25.07,3.45,-5.34
76.725820,-0.0693,0.4736,0.8604,-4.52,3.11,-0.43,24.99,3.52,-5.33
76.725820,-0.0630,0.4663,0.8887,-4.58,3.17,0.31,24.92,3.58,-5.31
76.756815,-0.0596,0.4575,0.9121,-4.39,4.09,1.53,24.85,3.64,-5.26
76.756815,-0.0503,0.4478,0.9229,-3.91,4.27,2.08,24.79,3.70,-5.18
76.785885,-0.0376,0.4395,0.9248,-2.81,4.03,1.46,24.74,3.77,-5.11
76.785885,-0.0210,0.4312,0.9126,-2.14,4.46,0.00,24.71,3.84,-5.05
76.845937,-0.0073,0.4238,0.8936,-2.75,4.46,-2.26,24.68,3.93,-5.03
76.845937,0.0146,0.4136,0.8774,-5.68,4.03,-6.10,24.60,4.04,-5.07
76.875842,0.0679,0.4072,0.8228,-9.46,4.46,-12.88,24.46,4.20,-5.20
76.875842,0.1226,0.3862,0.7852,-18.19,8.06,-22.77,24.18,4.45,-5.47
76.907633,0.1436,0.3638,0.7622,-25.27,10.99,-32.96,23.70,4.86,-5.91
76.907633,0.1353,0.3193,0.7695,-24.23,20.20,-39.31,23.19,5.43,-6.33
76.966928,0.0825,0.2886,0.8447,-18.62,28.63,-43.88,22.67,6.24,-6.80
76.966928,-0.0576,0.3081,0.9023,-17.94,45.78,-46.20,22.26,7.29,-7.24
76.995881,-0.2778,0.3701,1.0361,-4.46,58.04,-32.59,21.95,8.58,-7.45
76.995881,-0.3877,0.4531,1.0688,16.91,43.64,-10.93,22.08,9.72,-7.32
77.026048,-0.3027,0.4375,1.0278,36.25,23.56,0.00,22.69,10.34,-7.03
77.026048,-0.2471,0.4399,0.9497,36.99,16.05,-0.49,23.46,10.71,-6.73
77.115905,-0.3325,0.4077,0.8867,31.98,9.77,4.88,24.18,10.98,-6.54
77.115905,-0.4126,0.4277,1.0098,-57.50,-11.96,272.89,23.73,9.78,-3.81
77.118118,-0.0142,0.7241,0.8110,-3.48,4.88,187.56,24.44,7.32,1.45
77.118118,-0.1348,0.5039,0.8735,-20.63,13.79,-6.71,24.30,7.07,2.46
77.145760,-0.1230,0.4639,0.8618,-0.06,13.98,-35.03,24.02,7.56,2.25
77.145760,-0.1309,0.4424,0.8657,15.56,15.26,-47.24,24.13,8.22,1.71
77.236997,-0.1406,0.6211,0.8901,35.58,1.10,-32.04,24.55,8.83,1.10
77.236997,-0.1738,0.4463,0.9312,25.15,1.16,-10.13,25.20,8.98,0.88
77.237120,-0.1377,0.4351,0.9355,5.07,0.06,-18.92,25.43,9.14,0.71
77.237120,-0.1260,0.3892,0.9155,-5.13,5.92,-17.88,25.35,9.38,0.49
77.267980,-0.1528,0.4482,0.8633,9.64,3.97,-9.03,25.35,9.62,0.43
77.267980,-0.1729,0.4478,0.8521,16.36,0.31,-1.89,25.65,9.72,0.46
77.326813,-0.1685,0.4653,0.8599,9.16,-1.89,-0.92,25.91,9.73,0.54
77.326813,-0.1523,0.4702,0.8735,5.92,-4.15,-3.97,26.04,9.71,0.57
77.355969,-0.1367,0.4727,0.8677,3.60,-0.49,-9.52,26.14,9.73,0.53
77.355969,-0.1470,0.4644,0.8867,-6.35,8.91,-19.84,26.09,9.96,0.41
77.416178,-0.1636,0.4604,0.8853,-13.31,13.31,-29.17,25.82,10.42,0.16
77.416178,-0.1758,0.4673,0.8862,-17.09,13.31,-31.31,25.47,10.95,-0.15
77.445881,-0.1865,0.4502,0.8970,-21.36,13.37,-31.43,24.98,11.49,-0.49
77.445881,-0.1475,0.4609,0.8711,-11.41,4.52,-39.67,24.57,11.99,-0.91
77.475813,-0.2007,0.4370,0.9033,-5.68,7.14,-44.13,24.28,12.49,-1.55
77.475813,-0.2085,0.4336,0.9053,-9.58,10.31,-44.19,23.97,13.05,-2.19
77.535504,-0.2236,0.4312,0.9160,-11.78,10.62,-42.54,23.61,13.63,-2.80
77.535504,-0.2339,0.4277,0.9194,-18.49,14.04,-39.31,23.18,14.20,-3.35
77.565834,-0.2407,0.4014,0.8936,-27.77,18.25,-38.57,22.55,14.84,-3.85
77.565834,-0.2524,0.3560,0.8828,-26.49,22.58,-32.90,21.85,15.51,-4.27
77.595880,-0.2725,0.3477,0.8701,-12.94,17.33,-24.78,21.38,16.11,-4.54
77.595880,-0.2715,0.3628,0.8633,-3.60,10.38,-20.20,21.15,16.53,-4.75
77.655954,-0.2798,0.3687,0.8735,1.04,8.18,-18.25,21.06,16.86,-4.95
77.655954,-0.2798,0.3706,0.8833,2.38,8.42,-15.75,21.03,17.14,-5.10
77.716033,-0.2832,0.3716,0.8657,-2.62,9.09,-15.44,20.99,17.42,-5.22
77.716033,-0.2925,0.3647,0.8516,-6.23,9.52,-12.33,20.82,17.72,-5.31
77.718253,-0.2910,0.3623,0.8647,-7.20,11.23,-8.12,20.67,18.00,-5.31
77.718253,-0.2949,0.3623,0.8667,-7.45,13.85,-5.37,20.51,18.30,-5.24
77.775912,-0.2988,0.3584,0.8647,-4.39,13.61,-2.93,20.41,18.59,-5.10
77.775912,-0.3008,0.3442,0.8389,-5.37,8.54,-2.56,20.34,18.84,-4.95
77.805889,-0.3057,0.3418,0.8232,-7.93,-2.14,-6.16,20.19,18.93,-4.91
77.805889,-0.3086,0.3281,0.8452,-10.68,-14.89,-11.90,19.93,18.84,-5.05
77.836901,-0.3433,0.2827,0.9395,-23.25,-11.35,-22.22,19.46,18.69,-5.41
77.836901,-0.3320,0.3281,0.9717,-17.70,-4.15,-9.64,18.89,18.70,-5.70
77.896215,-0.3267,0.3525,0.9546,3.42,-3.36,6.10,18.74,18.64,-5.65
77.896215,-0.3032,0.3384,0.9917,21.18,5.80,15.93,19.18,18.57,-5.21
77.925954,-0.2788,0.3740,0.9106,19.65,6.04,7.69,19.69,18.63,-4.82
77.925954,-0.2847,0.3789,0.8813,17.09,1.10,-2.87,20.08,18.69,-4.66
77.955902,-0.2573,0.3623,0.8423,14.10,0.00,-10.62,20.36,18.72,-4.68
77.955902,-0.3164,0.3589,0.8672,12.76,-7.20,-12.94,20.56,18.73,-4.88
78.015845,-0.3145,0.3682,0.8462,4.21,-5.68,-7.63,20.64,18.69,-5.03
78.015845,-0.3174,0.3691,0.8320,6.23,-6.35,-1.77,20.70,18.63,-5.07
78.045937,-0.3179,0.3608,0.8354,6.71,-5.19,6.65,20.83,18.51,-4.96
78.045937,-0.3022,0.3794,0.8564,6.47,-7.69,11.54,21.02,18.31,-4.72
78.075835,-0.2969,0.3789,0.8740,11.54,-7.93,16.05,21.27,18.07,-4.42
78.075835,-0.2983,0.3823,0.9053,12.08,-9.40,20.94,21.59,17.78,-4.03
78.167262,-0.2861,0.3901,0.9092,11.84,-11.05,26.12,21.95,17.41,-3.55
78.167262,-0.2705,0.4033,0.8848,15.81,-15.81,29.05,22.35,16.95,-3.04
78.167429,-0.2666,0.4038,0.8706,20.26,-19.84,31.13,22.85,16.38,-2.51
78.167429,-0.2378,0.4141,0.8643,20.45,-19.90,32.71,23.37,15.75,-1.98
78.195893,-0.2261,0.4355,0.8662,22.46,-23.68,35.16,23.90,15.07,-1.44
78.195893,-0.2026,0.4419,0.8687,21.61,-26.37,35.95,24.47,14.30,-0.90
78.255880,-0.2031,0.4355,0.8667,12.57,-27.95,29.17,24.88,13.54,-0.45
78.255880,-0.1880,0.4497,0.8716,14.53,-33.45,23.62,25.20,12.74,-0.16
78.285755,-0.1699,0.4521,0.8711,6.65,-32.47,13.55,25.44,11.99,-0.03
78.285755,-0.1680,0.4458,0.8530,-8.54,-30.88,2.32,25.36,11.35,-0.10
78.317373,-0.1719,0.4414,0.8418,-12.88,-33.69,-0.73,25.09,10.79,-0.29
78.317373,-0.1641,0.4312,0.8599,-18.43,-37.23,-1.89,24.72,10.16,-0.54
78.375766,-0.1519,0.4336,0.8721,-23.32,-36.99,-1.89,24.23,9.50,-0.82
78.375766,-0.1357,0.4272,0.8608,-23.19,-33.26,-1.71,23.71,8.89,-1.07
78.405781,-0.1211,0.4277,0.8452,-15.75,-29.48,-1.59,23.27,8.34,-1.28
78.405781,-0.1055,0.4170,0.8657,-12.39,-27.10,-2.50,22.98,7.84,-1.46
78.435883,-0.0938,0.4092,0.8677,-13.43,-25.09,-7.14,22.69,7.40,-1.68
78.435883,-0.0967,0.3955,0.9038,-18.55,-18.43,-6.53,22.34,7.06,-1.91
78.496985,-0.1118,0.3901,0.9497,-14.71,0.06,1.04,21.96,6.91,-1.94
78.496985,-0.0933,0.4043,0.9717,-10.68,8.91,1.71,21.71,7.00,-1.80
78.525863,-0.0981,0.3936,0.9912,-5.98,9.40,1.77,21.57,7.16,-1.60
78.525863,-0.1016,0.3867,0.9868,-10.50,8.85,-0.55,21.42,7.32,-1.43
78.555873,-0.1025,0.3857,0.9805,-17.52,9.22,-4.21,21.14,7.50,-1.33
78.555873,-0.1055,0.4165,0.9321,-27.77,3.97,-6.23,20.70,7.68,-1.28
78.615837,-0.1060,0.3462,0.9331,-28.20,2.93,-11.60,20.01,7.81,-1.33
78.615837,-0.1343,0.3403,0.9141,-21.48,6.84,-12.02,19.52,7.98,-1.46
78.646207,-0.1406,0.3423,0.8994,-13.79,7.02,-6.10,19.17,8.17,-1.48
78.646207,-0.1421,0.3496,0.9043,-10.25,7.02,-2.93,18.93,8.33,-1.44
78.675816,-0.1538,0.3364,0.9243,-6.77,7.87,1.22,18.76,8.48,-1.32
78.675816,-0.1509,0.3428,0.9380,-5.80,6.77,4.27,18.65,8.60,-1.13
78.735971,-0.1436,0.3423,0.9468,-3.78,4.64,5.55,18.58,8.67,-0.91
78.735971,-0.1460,0.3354,0.9590,-4.39,4.88,6.04,18.52,8.71,-0.69
78.767061,-0.1411,0.3315,0.9658,-2.08,5.62,7.87,18.47,8.77,-0.43
78.767061,-0.1338,0.3325,0.9624,-0.85,3.30,6.90,18.47,8.81,-0.18
78.825869,-0.1089,0.3813,0.9697,2.38,-1.28,4.33,18.48,8.79,0.02
78.825869,-0.1299,0.3379,0.9146,6.96,-3.66,6.23,18.70,8.67,0.18
78.855827,-0.1196,0.3525,0.9165,1.65,-3.23,3.85,18.76,8.57,0.34
78.855827,-0.1216,0.3486,0.9082,-0.31,-1.95,0.61,18.78,8.50,0.43
78.885805,-0.1240,0.3477,0.9048,-2.44,0.73,1.10,18.75,8.49,0.53
78.885805,-0.1279,0.3477,0.9175,-4.52,2.69,1.46,18.68,8.51,0.64
78.975883,-0.1265,0.3408,0.9380,-3.23,2.32,2.26,18.61,8.55,0.77
78.975883,-0.1250,0.3442,0.9478,-2.93,1.71,1.46,18.56,8.57,0.90
78.987657,-0.1235,0.3457,0.9512,-2.08,0.73,0.37,18.52,8.59,1.01
78.987657,-0.1265,0.3423,0.9492,-2.75,1.40,-1.22,18.47,8.61,1.09
79.005815,-0.1270,0.3398,0.9312,-5.00,1.28,-2.99,18.39,8.65,1.13
79.005815,-0.1323,0.3345,0.9185,-3.42,0.31,-2.75,18.29,8.68,1.15
79.065756,-0.1357,0.3345,0.9106,-0.67,-0.61,-1.77,18.25,8.70,1.19
79.065756,-0.1372,0.3438,0.8911,-0.55,-2.50,-0.85,18.24,8.67,1.23
79.095869,-0.1274,0.3525,0.8857,2.26,-7.08,0.00,18.24,8.59,1.27
79.095869,-0.1211,0.3486,0.8955,2.20,-9.77,-0.31,18.29,8.42,1.28
79.125839,-0.1182,0.3442,0.9014,-0.79,-9.77,0.00,18.29,8.24,1.29
79.125839,-0.1147,0.3433,0.9102,0.00,-12.88,0.98,18.27,8.02,1.30
79.185868,-0.1152,0.3374,0.9282,0.85,-12.45,0.85,18.27,7.76,1.29
79.185868,-0.1118,0.3330,0.9565,0.06,-8.30,0.37,18.29,7.56,1.31
79.215853,-0.1084,0.3320,0.9736,0.00,-5.00,-0.24,18.28,7.43,1.35
79.215853,-0.1113,0.3350,0.9785,0.49,-1.89,-0.61,18.28,7.37,1.39
79.246844,-0.1191,0.3354,0.9731,1.95,0.18,0.31,18.30,7.36,1.46
79.246844,-0.1162,0.3350,0.9712,3.36,0.43,2.08,18.36,7.36,1.55
79.305921,-0.1074,0.3330,0.9707,2.38,0.06,2.75,18.44,7.34,1.68
79.305921,-0.1016,0.3325,0.9600,1.65,-0.55,3.11,18.48,7.32,1.81
79.336941,-0.0981,0.3364,0.9453,1.95,-4.03,1.40,18.52,7.26,1.92
79.336941,-0.0967,0.3428,0.9351,2.81,-4.15,0.31,18.56,7.17,1.97
79.365980,-0.0898,0.3462,0.9175,1.71,-1.95,-1.10,18.62,7.11,2.02
79.365980,-0.1011,0.3491,0.9038,-3.60,-0.92,-2.20,18.59,7.10,2.04
79.425744,-0.1025,0.3477,0.9019,-4.64,-1.40,-2.14,18.50,7.09,2.07
79.425744,-0.1021,0.3442,0.9062,-4.15,0.06,-3.66,18.41,7.09,2.08
79.455721,-0.1069,0.3389,0.9316,-3.36,2.69,-5.62,18.33,7.15,2.07
79.455721,-0.1050,0.3374,0.9399,-4.76,4.03,-7.81,18.24,7.26,2.04
79.485895,-0.1094,0.3345,0.9370,-5.25,3.85,-8.85,18.11,7.39,1.98
79.485895,-0.1152,0.3350,0.9419,-3.85,2.87,-8.48,18.01,7.51,1.91
79.545700,-0.1162,0.3359,0.9541,-4.88,2.44,-7.81,17.91,7.61,1.84
79.545700,-0.1187,0.3364,0.9585,-4.64,0.73,-6.77,17.80,7.69,1.78
79.575875,-0.1211,0.3340,0.9521,-3.48,-0.98,-5.43,17.70,7.73,1.72
79.575875,-0.1226,0.3257,0.9634,-4.58,-0.12,-3.48,17.62,7.75,1.71
79.605881,-0.1211,0.3208,0.9580,-3.85,-0.12,-2.01,17.51,7.76,1.73
79.605881,-0.1123,0.3247,0.9507,-4.39,0.73,-2.44,17.43,7.78,1.76
79.665860,-0.1143,0.3262,0.9438,-4.09,3.30,-1.46,17.34,7.83,1.81
79.665860,-0.1167,0.3247,0.9429,-5.00,6.84,1.59,17.25,7.93,1.91
79.695862,-0.1187,0.3184,0.9424,-4.46,8.85,3.60,17.17,8.06,2.09
79.695862,-0.1230,0.3149,0.9336,-2.75,7.45,3.05,17.12,8.20,2.28
79.725828,-0.1309,0.3188,0.9199,2.01,3.42,3.30,17.12,8.28,2.44
79.725828,-0.1323,0.3262,0.9214,6.65,0.98,5.98,17.23,8.29,2.61
79.785816,-0.1294,0.3262,0.9360,8.97,0.00,7.75,17.42,8.25,2.82
79.785816,-0.1240,0.3291,0.9463,9.09,-0.31,8.67,17.62,8.19,3.04
79.815806,-0.1172,0.3271,0.9482,9.70,-1.46,7.93,17.83,8.12,3.27
79.815806,-0.1167,0.3379,0.9414,7.26,-3.30,5.74,18.02,8.03,3.46
79.846914,-0.1201,0.3389,0.9248,7.87,-6.29,3.42,18.18,7.90,3.58
79.846914,-0.1182,0.3452,0.9077,7.26,-7.32,2.32,18.33,7.75,3.65
79.905838,-0.1147,0.3457,0.9019,7.45,-7.57,2.62,18.47,7.59,3.71
79.905838,-0.1064,0.3486,0.9126,4.88,-6.77,2.69,18.60,7.44,3.78
79.935837,-0.1021,0.3516,0.9233,3.97,-6.53,2.26,18.68,7.29,3.85
79.935837,-0.1060,0.3447,0.9336,5.55,-5.31,2.32,18.78,7.17,3.92
79.965769,-0.1035,0.3467,0.9419,5.37,-4.27,2.81,18.89,7.06,4.00
79.965769,-0.1035,0.3521,0.9429,4.70,-2.62,3.72,19.00,6.97,4.11
80.025839,-0.0938,0.3569,0.9365,1.95,-2.81,2.56,19.07,6.90,4.22
80.025839,-0.0986,0.3530,0.9321,-0.98,-3.66,0.98,19.08,6.82,4.30
80.056894,-0.1011,0.3506,0.9312,0.49,-4.33,0.55,19.07,6.74,4.35
80.056894,-0.1001,0.3486,0.9336,2.14,-3.11,-0.31,19.10,6.66,4.39
80.087000,-0.0996,0.3525,0.9316,-0.31,-0.98,-0.31,19.12,6.62,4.44
80.087000,-0.0996,0.3530,0.9268,-1.71,0.92,0.24,19.11,6.62,4.50
80.146273,-0.0991,0.3521,0.9336,-5.92,2.99,0.00,19.03,6.66,4.59
80.146273,-0.0957,0.3535,0.9385,-4.21,1.04,-0.67,18.92,6.71,4.66
80.177836,-0.0967,0.3486,0.9399,-2.08,-0.24,-0.79,18.86,6.72,4.71
80.177836,-0.0977,0.3462,0.9409,1.34,-1.28,-0.12,18.85,6.71,4.77
80.235932,-0.0967,0.3472,0.9409,1.40,-2.08,-0.06,18.89,6.67,4.82
80.235932,-0.0977,0.3491,0.9370,0.92,-1.89,-0.67,18.91,6.64,4.86
80.267652,-0.0991,0.3569,0.9351,1.04,-1.65,0.00,18.93,6.60,4.91
80.267652,-0.0957,0.3579,0.9326,2.69,-2.08,0.67,18.97,6.56,4.96
80.297956,-0.0889,0.3579,0.9277,4.64,-3.66,0.06,19.04,6.50,5.02
80.297956,-0.0850,0.3560,0.9326,5.74,-4.88,-0.12,19.14,6.42,5.04
80.355854,-0.0835,0.3560,0.9258,8.42,-6.65,-0.85,19.28,6.32,5.06
80.355854,-0.0845,0.3564,0.9302,9.95,-8.36,-0.79,19.47,6.18,5.05
80.385930,-0.0889,0.3599,0.9268,8.97,-10.93,-0.67,19.65,6.00,5.03
80.385930,-0.0825,0.3677,0.9253,8.61,-11.60,-0.12,19.81,5.79,5.00
80.415788,-0.0757,0.3682,0.9209,4.09,-7.93,-0.06,19.94,5.60,4.99
80.415788,-0.0762,0.3657,0.9219,0.98,-5.07,-0.55,19.97,5.49,5.01
80.475890,-0.0757,0.3735,0.9209,1.59,-4.15,-0.12,20.00,5.41,5.03
80.475890,-0.0708,0.3711,0.9175,1.89,-2.93,-0.24,20.04,5.33,5.06
80.506957,-0.0723,0.3726,0.9219,1.04,-1.34,-0.61,20.07,5.30,5.10
80.506957,-0.0737,0.3740,0.9204,-0.43,-0.61,-0.98,20.07,5.28,5.15
80.535932,-0.0708,0.3716,0.9224,-2.69,0.43,-1.59,20.03,5.30,5.19
80.535932,-0.0747,0.3721,0.9229,-3.05,0.00,-2.44,19.97,5.31,5.21
80.595918,-0.0752,0.3726,0.9268,-3.05,-0.55,-2.38,19.91,5.32,5.23
80.595918,-0.0737,0.3701,0.9302,-4.09,0.00,-2.81,19.84,5.33,5.23
80.625847,-0.0742,0.3677,0.9312,-4.64,0.79,-2.99,19.75,5.36,5.25
80.625847,-0.0776,0.3647,0.9341,-5.49,1.59,-2.93,19.63,5.41,5.26
80.655870,-0.0771,0.3584,0.9360,-4.39,1.65,-2.62,19.54,5.45,5.29
80.655870,-0.0801,0.3594,0.9312,-4.82,1.10,-2.99,19.45,5.50,5.31
80.716008,-0.0811,0.3594,0.9282,-5.07,1.46,-2.56,19.34,5.54,5.32
80.716008,-0.0781,0.3584,0.9253,-5.31,2.01,-3.11,19.24,5.60,5.35
80.745898,-0.0806,0.3589,0.9312,-5.00,1.77,-3.05,19.13,5.65,5.36
80.745898,-0.0786,0.3589,0.9351,-1.71,0.98,-1.04,19.06,5.69,5.39
80.775886,-0.0820,0.3555,0.9385,0.61,0.79,0.43,19.05,5.71,5.45
80.775886,-0.0811,0.3521,0.9399,2.32,-0.12,1.65,19.10,5.71,5.54
80.836968,-0.0815,0.3506,0.9370,0.00,-0.49,0.92,19.12,5.69,5.63
80.836968,-0.0854,0.3530,0.9419,0.00,-1.10,1.53,19.12,5.67,5.71
80.865873,-0.0825,0.3564,0.9390,1.46,-2.32,2.20,19.13,5.62,5.79
80.865873,-0.0771,0.3555,0.9429,4.39,-3.72,2.01,19.20,5.55,5.87
80.895954,-0.0747,0.3569,0.9375,5.62,-4.52,2.32,19.30,5.45,5.94
80.895954,-0.0723,0.3608,0.9326,5.00,-4.39,2.75,19.41,5.35,6.02
80.956987,-0.0708,0.3613,0.9233,5.80,-4.94,2.50,19.52,5.24,6.10
80.956987,-0.0659,0.3662,0.9209,5.92,-7.81,1.28,19.64,5.10,6.15
80.985926,-0.0630,0.3696,0.9077,6.77,-9.89,-0.37,19.77,4.93,6.15
80.985926,-0.0776,0.3711,0.9106,3.36,-5.49,2.38,19.88,4.78,6.16
81.015622,-0.0640,0.3672,0.9243,4.58,-2.87,4.46,19.95,4.67,6.26
81.015622,-0.0610,0.3657,0.9390,2.01,-1.10,2.87,20.02,4.61,6.38
81.075953,-0.0571,0.3735,0.9336,4.15,-2.99,2.75,20.08,4.55,6.48
81.075953,-0.0542,0.3755,0.9282,3.85,-2.81,1.59,20.17,4.48,6.55
81.105823,-0.0615,0.3755,0.9287,1.40,-0.98,1.46,20.23,4.43,6.62
81.105823,-0.0615,0.3760,0.9209,-0.49,0.18,2.32,20.24,4.41,6.71
81.135834,-0.0591,0.3740,0.9233,-1.77,0.85,2.26,20.21,4.41,6.82
81.135834,-0.0610,0.3721,0.9287,-3.05,1.40,1.89,20.17,4.41,6.93
81.196861,-0.0576,0.3716,0.9302,-1.53,0.12,1.53,20.12,4.42,7.03
81.196861,-0.0571,0.3721,0.9272,0.06,-1.16,0.43,20.11,4.39,7.10
81.226367,-0.0566,0.3755,0.9277,0.12,-0.55,0.49,20.12,4.37,7.16
81.226367,-0.0562,0.3750,0.9263,-1.71,-0.18,0.61,20.10,4.36,7.22
81.257102,-0.0547,0.3716,0.9263,-3.42,0.12,-0.06,20.06,4.36,7.28
81.257102,-0.0571,0.3711,0.9243,-2.81,1.46,-0.43,19.99,4.37,7.33
81.315897,-0.0591,0.3667,0.9233,-4.09,2.62,-0.73,19.92,4.42,7.39
81.315897,-0.0581,0.3672,0.9253,-5.25,2.69,-0.79,19.82,4.48,7.46
81.345908,-0.0601,0.3667,0.9282,-4.27,1.77,-1.04,19.73,4.52,7.51
81.345908,-0.0591,0.3657,0.9321,-5.86,1.71,-1.28,19.63,4.56,7.56
81.377431,-0.0591,0.3662,0.9341,-6.47,2.01,-1.71,19.50,4.61,7.60
81.377431,-0.0620,0.3628,0.9326,-5.31,1.40,-2.08,19.38,4.65,7.64
81.435805,-0.0625,0.3613,0.9326,-4.58,0.92,-2.14,19.29,4.69,7.66
81.435805,-0.0620,0.3594,0.9263,-3.30,0.61,-1.89,19.20,4.72,7.68
81.465817,-0.0649,0.3569,0.9268,-2.69,0.37,-1.89,19.14,4.74,7.70
81.465817,-0.0664,0.3564,0.9312,-3.54,0.98,-1.28,19.08,4.76,7.73
81.495504,-0.0659,0.3540,0.9331,-4.21,1.59,-1.34,19.00,4.80,7.78
81.495504,-0.0698,0.3535,0.9390,-3.91,2.38,-1.10,18.92,4.84,7.82
81.556981,-0.0664,0.3560,0.9355,-3.60,2.32,-0.31,18.85,4.89,7.88
81.556981,-0.0674,0.3545,0.9351,-4.09,1.65,-0.92,18.77,4.94,7.94
81.585814,-0.0693,0.3545,0.9307,-2.62,0.98,-0.92,18.70,4.97,7.98
81.585814,-0.0684,0.3525,0.9341,-2.32,1.34,-0.24,18.65,4.99,8.04
81.646882,-0.0684,0.3491,0.9404,-2.69,0.98,-1.16,18.61,5.02,8.08
81.646882,-0.0718,0.3442,0.9399,-1.53,0.43,-0.79,18.56,5.04,8.12
81.675862,-0.0732,0.3379,0.9424,0.24,0.79,0.85,18.55,5.05,8.18
81.675862,-0.0698,0.3442,0.9399,1.28,0.61,0.92,18.58,5.05,8.26
81.705818,-0.0693,0.3496,0.9385,0.00,0.73,1.28,18.59,5.06,8.34
81.705818,-0.0703,0.3501,0.9346,1.89,-0.67,1.16,18.62,5.05,8.41
81.795905,-0.0693,0.3472,0.9351,2.62,-1.04,1.65,18.67,5.02,8.48
81.795905,-0.0688,0.3462,0.9385,5.07,-2.01,1.77,18.75,4.98,8.56
81.798071,-0.0708,0.3501,0.9399,5.25,-1.89,1.46,18.85,4.93,8.62
81.798071,-0.0737,0.3521,0.9419,5.43,-1.16,1.22,18.97,4.89,8.69
81.825794,-0.0742,0.3545,0.9453,4.52,0.37,1.34,19.07,4.87,8.77
81.825794,-0.0693,0.3545,0.9419,5.68,0.37,1.46,19.18,4.87,8.85
81.886355,-0.0664,0.3599,0.9346,4.27,0.67,1.34,19.28,4.87,8.94
81.886355,-0.0649,0.3628,0.9243,3.97,0.00,0.61,19.36,4.87,9.01
81.916736,-0.0630,0.3657,0.9180,3.11,-1.28,-0.18,19.44,4.86,9.06
81.916736,-0.0640,0.3657,0.9165,0.98,-2.69,-1.22,19.48,4.82,9.09
81.945855,-0.0649,0.3628,0.9165,0.31,-3.72,-2.14,19.48,4.77,9.09
81.945855,-0.0679,0.3623,0.9258,-0.61,-2.81,-1.77,19.48,4.72,9.07
82.006612,-0.0664,0.3643,0.9346,3.42,-0.92,1.04,19.51,4.69,9.11
82.006612,-0.0547,0.3643,0.9375,1.16,1.22,0.37,19.57,4.69,9.18
82.035554,-0.0537,0.3687,0.9463,-3.54,1.89,-1.95,19.54,4.72,9.23
82.035554,-0.0483,0.3696,0.9512,-11.96,3.97,-6.10,19.39,4.80,9.23
82.066547,-0.0566,0.3677,0.9741,-18.25,4.27,-11.72,19.06,4.95,9.14
82.066547,-0.0469,0.3789,0.9917,-26.25,5.07,-14.77,18.61,5.12,8.96
82.126606,-0.0288,0.3931,1.0547,-48.83,14.04,-16.30,17.84,5.39,8.78
82.126606,0.1948,0.4927,1.0684,-81.12,6.16,-62.19,16.46,5.97,8.33
82.156539,0.0142,0.4194,1.3130,-7.32,8.85,-12.02,15.27,6.39,7.62
82.156539,0.1240,0.4873,1.1870,13.31,9.46,-18.68,15.53,6.66,7.41
82.187182,0.1753,0.5864,1.2715,32.10,7.32,-16.72,15.89,6.92,7.19
82.187182,0.2446,0.7251,1.3047,60.18,7.20,-18.31,16.82,7.15,6.94
82.246762,0.3086,0.8154,1.2002,77.15,6.59,-28.63,18.18,7.44,6.60
82.246762,0.3345,0.8516,1.0791,72.02,2.44,-54.44,19.65,7.81,5.89
82.276912,0.2778,0.9570,0.9727,61.95,-4.76,-71.35,20.73,8.28,4.70
82.276912,0.2139,0.9165,0.7432,90.64,-22.03,-52.43,22.25,8.48,3.49
82.306850,0.0898,0.6792,0.5840,29.17,-17.27,-85.33,23.34,8.62,2.15
82.306850,-0.0293,0.6255,0.4009,-56.03,-10.01,-101.44,22.72,9.21,0.32
82.366817,-0.0981,0.5591,0.2529,-53.83,-31.68,-79.35,21.19,9.59,-1.52
82.366817,-0.1255,0.3979,0.2568,-23.44,-63.23,-38.76,20.30,9.10,-2.87
82.396932,-0.2646,0.1465,0.3354,-50.96,-79.59,-32.29,19.43,7.99,-4.02
82.396932,-0.3828,0.0039,0.4834,-72.39,-82.21,-27.28,17.98,6.67,-5.10
82.426773,-0.4854,-0.1289,0.4937,12.33,-86.67,55.79,17.36,4.99,-5.39
82.426773,-0.4951,-0.2720,0.5161,-49.74,-61.58,75.74,17.28,3.07,-4.41
82.486581,-0.3359,-0.0806,0.6646,-140.01,-36.19,69.21,15.17,1.76,-3.24
82.486581,0.0254,0.1646,0.3618,-36.32,-82.64,90.76,13.16,0.34,-1.95
82.516651,0.0454,-0.0283,0.3828,103.94,-173.77,103.21,14.08,-2.75,-0.65
82.516651,-0.0054,-0.1958,0.8276,113.71,-205.08,107.85,16.38,-7.13,0.30
82.545690,0.0430,-0.1655,1.2261,58.35,-163.02,122.13,17.94,-11.43,1.39
82.545690,0.1953,0.0972,1.6182,-12.27,-87.40,108.95,17.92,-14.52,2.91
82.605817,0.3862,0.2690,1.5356,14.95,-41.69,81.54,17.47,-16.28,4.46
82.605817,0.4253,0.2500,1.1948,36.32,-25.76,48.65,17.72,-17.28,5.59
82.635877,0.3853,0.2363,1.0366,40.95,-32.35,33.69,18.34,-18.09,6.21
82.635877,0.2764,0.2046,1.1660,20.51,-25.09,28.69,18.84,-18.87,6.69
82.665831,0.2041,0.1953,1.2158,1.65,-1.65,24.29,18.95,-19.33,7.21
82.665831,0.1641,0.1875,1.0796,-48.03,26.00,-0.55,18.37,-19.13,7.56
82.725827,0.1821,0.1577,0.9062,-86.06,30.27,7.32,16.83,-18.55,7.85
82.725827,0.2524,0.1548,0.8267,-69.15,4.70,31.25,15.12,-18.34,8.44
82.755798,0.2271,0.1548,0.9780,-76.66,-8.12,34.12,13.47,-18.60,9.17
82.755798,0.2266,0.1909,1.1289,-96.98,-1.22,26.00,11.55,-18.86,9.84
82.785857,0.2949,0.2524,1.1968,-103.15,10.56,13.06,9.35,-18.84,10.32
82.785857,0.3354,0.2339,1.1123,-117.74,19.35,-13.98,7.19,-18.54,10.44
82.845809,0.3525,0.2173,1.0596,-171.88,31.98,-55.36,4.50,-17.94,9.81
82.845809,0.3350,0.0776,0.9863,-177.06,35.10,-67.14,1.24,-17.12,8.51
82.875631,0.3120,-0.0200,0.9370,-81.79,3.91,-2.81,-1.05,-16.69,7.86
82.875631,0.2485,-0.0762,1.0830,-28.63,-9.52,41.87,-2.23,-16.79,8.37
82.906781,0.3022,-0.0396,1.0391,-11.23,-9.16,60.73,-2.91,-16.97,9.56
82.906781,0.3608,0.0132,0.9360,-21.24,-3.85,62.13,-3.60,-17.06,10.92
82.965852,0.3882,0.0063,0.8462,-32.47,-5.31,59.75,-4.54,-17.08,12.25
82.965852,0.3740,-0.0547,0.8262,-51.70,-9.52,44.62,-5.69,-17.16,13.43
82.995796,0.3330,-0.1025,0.8799,-84.35,-6.10,30.46,-7.32,-17.25,14.22
82.995796,0.3105,-0.1636,1.0508,23.56,287.54,-23.38,-7.62,-13.44,13.79
83.055687,0.2192,0.0283,1.0249,-24.35,27.40,-24.78,-7.15,-11.23,12.86
83.055687,0.1660,-0.2441,0.9766,-65.31,-0.43,33.14,-8.31,-11.06,13.16
83.085842,0.1631,-0.2812,0.9727,-66.10,-6.71,30.64,-9.79,-11.10,13.84
83.085842,0.1821,-0.2935,0.9380,-61.89,-7.57,33.69,-11.20,-11.10,14.56
83.115735,0.1904,-0.2925,0.9399,-41.14,-7.45,30.40,-12.32,-11.13,15.27
83.115735,0.1914,-0.3101,0.9072,-17.64,26.79,27.28,-13.03,-10.88,15.83
83.175782,0.1821,-0.2153,0.7559,235.96,162.23,-33.14,-11.24,-9.23,15.47
83.175782,0.7808,0.2275,1.5029,312.26,1013.00,2.50,-2.18,-0.75,14.18
83.205815,0.0610,-0.0361,0.0283,31.98,-663.57,129.76,-2.95,-1.70,16.28
83.205815,0.2749,-0.0278,0.6924,-144.71,470.70,129.33,-6.02,-2.09,18.97
83.236247,-0.0703,0.3340,0.3628,-65.31,-479.31,-61.83,-2.21,1.03,19.67
83.236247,0.0596,-0.0161,0.1255,48.40,180.73,-112.98,-2.37,0.69,17.66
83.295880,0.1533,0.0474,0.9204,47.85,11.90,-25.70,-2.23,1.36,16.46
83.295880,-0.0942,0.0488,1.0225,-10.44,8.61,-17.21,-2.78,3.19,16.07
83.325766,-0.0791,-0.0098,1.0073,-0.43,0.00,-1.83,-2.86,3.20,15.92
83.325766,-0.0522,-0.0195,1.0024,-0.06,0.00,0.00,-2.85,3.20,15.98
83.356871,-0.0508,-0.0215,0.9990,-0.06,0.06,-0.12,-2.85,3.20,16.04
83.356871,-0.0498,-0.0220,1.0010,0.00,0.00,-0.12,-2.83,3.20,16.10
83.415861,-0.0508,-0.0220,0.9985,-0.06,0.00,-0.12,-2.82,3.21,16.16
83.415861,-0.0513,-0.0210,1.0054,0.00,0.00,-0.06,-2.81,3.21,16.23
83.445860,-0.0503,-0.0190,0.9966,0.00,0.00,-0.12,-2.80,3.21,16.29
83.445860,-0.0508,-0.0195,1.0020,0.00,0.00,-0.12,-2.80,3.21,16.34
83.475879,-0.0513,-0.0186,0.9985,0.00,0.00,-0.06,-2.79,3.21,16.40
83.475879,-0.0522,-0.0200,1.0024,0.00,0.06,-0.12,-2.77,3.21,16.46
83.536187,-0.0532,-0.0220,1.0000,0.06,0.00,-0.18,-2.76,3.21,16.52
83.536187,-0.0532,-0.0234,1.0010,0.06,0.06,-0.18,-2.75,3.21,16.58
83.565788,-0.0518,-0.0225,1.0010,0.06,0.00,-0.12,-2.74,3.22,16.64
83.565788,-0.0498,-0.0200,0.9995,0.00,0.06,-0.12,-2.72,3.22,16.69
83.595699,-0.0469,-0.0186,1.0010,0.06,0.00,-0.18,-2.72,3.22,16.75
83.595699,-0.0459,-0.0186,1.0054,-0.12,0.00,-0.12,-2.71,3.22,16.81
83.655847,-0.0469,-0.0186,1.0020,0.12,0.00,-0.06,-2.70,3.22,16.88
83.655847,-0.0503,-0.0210,0.9995,-0.06,0.06,-0.06,-2.68,3.22,16.94
83.685770,-0.0532,-0.0234,1.0024,0.00,0.00,-0.06,-2.66,3.22,17.01
83.685770,-0.0562,-0.0244,1.0107,-0.18,-0.06,-0.06,-2.62,3.21,17.09
83.715619,-0.0513,-0.0254,1.0127,0.00,0.06,0.00,-2.56,3.18,17.18
83.715619,-0.0498,-0.0151,1.0024,0.00,0.06,-0.06,-2.51,3.17,17.25
83.775846,-0.0464,-0.0073,0.9790,0.00,0.06,-0.12,-2.46,3.15,17.33
83.775846,-0.0508,-0.0137,1.0215,-0.12,-0.06,-0.18,-2.43,3.15,17.40
83.805860,-0.0508,-0.0229,0.9902,-0.06,0.00,-0.18,-2.39,3.14,17.47
83.805860,-0.0576,-0.0356,1.0176,-0.06,0.06,0.00,-2.36,3.12,17.55
83.836956,-0.0532,-0.0332,0.9893,0.12,-0.06,0.00,-2.32,3.11,17.63
83.836956,-0.0522,-0.0215,0.9976,-0.06,0.06,-0.18,-2.29,3.11,17.69
83.895849,-0.0464,-0.0107,1.0029,0.06,-0.06,-0.24,-2.26,3.11,17.75
83.895849,-0.0415,-0.0098,1.0029,-0.12,0.06,-0.12,-2.24,3.11,17.81
83.926154,-0.0459,-0.0156,1.0073,0.06,-0.06,0.12,-2.22,3.11,17.87
83.926154,-0.0542,-0.0234,0.9912,-0.12,0.00,0.00,-2.21,3.12,17.92
83.956113,-0.0615,-0.0293,1.0107,0.00,0.00,-0.12,-2.20,3.12,17.98
83.956113,-0.0576,-0.0269,0.9917,0.00,0.06,-0.24,-2.18,3.12,18.04
84.015798,-0.0542,-0.0220,1.0132,0.00,0.00,-0.31,-2.16,3.13,18.09
84.015798,-0.0479,-0.0142,0.9961,0.00,0.00,-0.12,-2.14,3.13,18.14
84.045854,-0.0444,-0.0103,1.0049,0.00,0.06,0.00,-2.11,3.13,18.19
84.045854,-0.0435,-0.0098,0.9917,0.06,0.00,-0.12,-2.08,3.13,18.25
84.075912,-0.0469,-0.0142,1.0078,0.00,0.00,-0.18,-2.05,3.13,18.30
84.075912,-0.0498,-0.0225,1.0029,-0.06,-0.06,-0.18,-2.03,3.13,18.35
84.135847,-0.0581,-0.0352,1.0049,-0.18,0.00,-0.06,-2.01,3.13,18.40
84.135847,-0.0620,-0.0391,0.9961,0.00,0.00,0.00,-1.98,3.13,18.46
84.166841,-0.0591,-0.0303,1.0024,0.00,0.00,-0.12,-1.96,3.12,18.52
84.166841,-0.0464,-0.0166,1.0000,0.00,0.00,-0.24,-1.92,3.12,18.57
84.195780,-0.0376,-0.0059,1.0049,0.00,0.06,-0.18,-1.90,3.12,18.62
84.195780,-0.0366,-0.0029,1.0005,0.00,-0.06,0.00,-1.87,3.12,18.67
84.255766,-0.0479,-0.0132,0.9980,-0.06,0.00,0.00,-1.84,3.12,18.72
84.255766,-0.0615,-0.0220,1.0063,-0.06,0.00,-0.06,-1.82,3.12,18.77
84.285792,-0.0625,-0.0303,1.0083,0.00,0.00,-0.31,-1.80,3.13,18.81
84.285792,-0.0522,-0.0298,0.9946,-0.12,0.00,-0.18,-1.77,3.13,18.86
84.315644,-0.0493,-0.0254,1.0093,-0.06,0.00,-0.06,-1.76,3.13,18.90
84.315644,-0.0474,-0.0171,0.9902,0.00,0.00,0.00,-1.82,3.14,18.95
84.375791,-0.0479,-0.0146,1.0117,0.00,0.00,-0.12,-1.83,3.15,19.00
84.375791,-0.0459,-0.0142,0.9927,0.00,0.00,-0.18,-1.83,3.15,19.04
84.405815,-0.0479,-0.0200,1.0063,-0.12,0.00,-0.12,-1.82,3.16,19.08
84.405815,-0.0503,-0.0254,0.9995,0.00,-0.06,0.00,-1.81,3.16,19.13
84.466733,-0.0542,-0.0278,1.0000,-0.06,0.00,0.00,-1.80,3.16,19.18
84.466733,-0.0547,-0.0244,1.0073,0.12,-0.06,0.00,-1.79,3.16,19.23
84.495839,-0.0527,-0.0156,0.9956,-0.06,0.06,-0.12,-1.78,3.16,19.27
84.495839,-0.0522,-0.0122,1.0059,0.00,0.00,-0.24,-1.76,3.16,19.32
84.526809,-0.0518,-0.0078,0.9961,-0.06,0.00,-0.18,-1.75,3.16,19.37
84.526809,-0.0513,-0.0151,1.0044,-0.12,0.00,-0.12,-1.74,3.16,19.41
84.585815,-0.0493,-0.0259,1.0010,0.00,0.00,-0.06,-1.72,3.16,19.46
84.585815,-0.0479,-0.0312,1.0020,0.00,0.06,-0.06,-1.71,3.17,19.50
84.615711,-0.0479,-0.0283,1.0029,0.00,0.00,-0.06,-1.70,3.17,19.55
84.615711,-0.0479,-0.0210,0.9985,0.00,0.00,-0.12,-1.69,3.18,19.59
84.645791,-0.0513,-0.0132,1.0054,0.00,0.00,-0.12,-1.69,3.18,19.63
84.645791,-0.0518,-0.0117,0.9980,0.00,0.00,-0.06,-1.67,3.18,19.68
84.705752,-0.0532,-0.0181,1.0020,0.00,0.00,0.00,-1.66,3.18,19.73
84.705752,-0.0518,-0.0264,0.9976,0.00,0.00,-0.06,-1.65,3.18,19.76
84.735914,-0.0532,-0.0273,1.0029,0.00,0.06,-0.12,-1.64,3.19,19.80
84.735914,-0.0513,-0.0225,1.0015,0.00,0.00,-0.24,-1.63,3.19,19.84
84.766842,-0.0493,-0.0161,0.9990,0.00,0.00,-0.18,-1.62,3.19,19.87
84.766842,-0.0479,-0.0142,1.0039,0.00,0.00,-0.06,-1.61,3.20,19.91
84.826891,-0.0464,-0.0186,0.9966,-0.12,0.00,0.06,-1.60,3.20,19.93
84.826891,-0.0503,-0.0249,1.0078,0.00,0.00,-0.06,-1.59,3.20,19.97
84.855809,-0.0522,-0.0273,0.9985,0.00,0.00,-0.12,-1.63,3.23,19.99
84.855809,-0.0527,-0.0239,1.0083,0.06,0.00,-0.18,-1.64,3.24,19.98
84.885781,-0.0493,-0.0142,0.9941,0.00,0.00,-0.06,-1.65,3.24,19.98
84.885781,-0.0513,-0.0103,1.0059,0.00,0.00,0.00,-1.65,3.24,19.98
84.945838,-0.0483,-0.0127,0.9897,0.00,0.00,0.00,-1.65,3.24,19.97
84.945838,-0.0508,-0.0186,1.0093,0.00,0.00,-0.12,-1.66,3.25,19.98
84.975821,-0.0527,-0.0249,0.9980,0.00,0.00,-0.18,-1.66,3.25,19.97
84.975821,-0.0542,-0.0288,1.0024,0.00,0.00,-0.18,-1.67,3.25,19.97
85.005729,-0.0513,-0.0283,1.0034,0.00,0.00,-0.06,-1.68,3.25,19.96
85.005729,-0.0493,-0.0225,0.9990,0.00,0.00,0.00,-1.68,3.26,19.96
85.066098,-0.0488,-0.0156,1.0034,0.00,-0.06,0.00,-1.69,3.26,19.96
85.066098,-0.0479,-0.0112,0.9976,0.00,0.00,-0.12,-1.69,3.26,19.95
85.095834,-0.0483,-0.0127,1.0034,-0.06,0.00,-0.18,-1.70,3.27,19.95
85.095834,-0.0483,-0.0161,0.9995,-0.12,0.00,-0.06,-1.70,3.27,19.95
85.125941,-0.0508,-0.0229,1.0015,-0.06,0.00,0.00,-1.71,3.27,19.95
85.125941,-0.0562,-0.0259,1.0029,0.00,-0.06,-0.06,-1.71,3.27,19.94
85.185777,-0.0605,-0.0210,0.9951,0.00,0.00,-0.31,-1.72,3.28,19.93
85.185777,-0.0562,-0.0161,1.0103,-0.06,0.00,-0.31,-1.72,3.28,19.93
85.215768,-0.0469,-0.0137,0.9946,0.00,0.00,-0.18,-1.72,3.28,19.92
85.215768,-0.0430,-0.0186,1.0059,-0.18,0.00,-0.06,-1.73,3.29,19.92
85.245735,-0.0459,-0.0239,0.9971,0.00,0.00,-0.06,-1.74,3.29,19.92
85.245735,-0.0522,-0.0288,1.0039,-0.12,0.00,-0.24,-1.74,3.29,19.92
85.305858,-0.0547,-0.0317,1.0049,0.12,-0.06,-0.24,-1.75,3.30,19.91
85.305858,-0.0518,-0.0293,0.9980,-0.12,0.06,-0.12,-1.75,3.30,19.91
85.335869,-0.0479,-0.0190,1.0029,0.12,0.00,0.12,-1.76,3.30,19.91
85.335869,-0.0454,-0.0098,0.9980,-0.06,0.00,0.12,-1.77,3.30,19.90
85.365756,-0.0483,-0.0078,1.0029,0.06,0.00,-0.06,-1.77,3.31,19.90
85.365756,-0.0527,-0.0117,0.9976,-0.12,0.00,-0.24,-1.77,3.31,19.90
85.425857,-0.0566,-0.0210,1.0059,0.00,0.00,-0.31,-1.78,3.31,19.89
85.425857,-0.0547,-0.0254,0.9961,-0.12,0.00,-0.12,-1.78,3.31,19.89
85.455846,-0.0513,-0.0283,1.0063,0.00,0.00,0.00,-1.79,3.32,19.89
85.455846,-0.0449,-0.0278,0.9980,0.00,0.00,0.00,-1.79,3.32,19.88
85.485803,-0.0469,-0.0215,0.9985,0.06,0.00,-0.06,-1.80,3.32,19.88
85.485803,-0.0488,-0.0151,1.0078,-0.06,0.00,-0.24,-1.80,3.32,19.87
85.545798,-0.0513,-0.0146,0.9951,0.00,0.00,-0.12,-1.81,3.32,19.87
85.545798,-0.0581,-0.0166,1.0093,-0.12,0.00,0.00,-1.81,3.33,19.87
85.575799,-0.0571,-0.0205,0.9912,0.00,0.00,0.00,-1.82,3.33,19.86
85.575799,-0.0464,-0.0264,1.0020,-0.06,0.06,-0.06,-1.82,3.33,19.86
85.605864,-0.0322,-0.0234,0.9971,0.12,0.00,0.00,-1.83,3.33,19.86
85.605864,-0.0361,-0.0186,1.0039,-0.12,0.00,0.06,-1.83,3.33,19.86
85.665715,-0.0542,-0.0142,0.9966,0.06,0.00,0.00,-1.83,3.33,19.86
85.665715,-0.0742,-0.0127,1.0029,-0.12,0.00,-0.12,-1.84,3.33,19.86
85.695788,-0.0747,-0.0161,0.9995,0.00,-0.06,-0.37,-1.85,3.34,19.86
85.695788,-0.0562,-0.0239,1.0024,-0.06,0.06,-0.31,-1.85,3.35,19.85
85.725783,-0.0361,-0.0259,1.0024,0.06,0.00,-0.06,-1.85,3.35,19.85
85.725783,-0.0303,-0.0234,0.9980,-0.12,0.00,0.00,-1.86,3.36,19.84
85.785827,-0.0386,-0.0210,0.9990,0.00,0.00,-0.12,-1.86,3.36,19.84
85.785827,-0.0508,-0.0146,1.0024,-0.18,0.00,-0.24,-1.87,3.35,19.84
85.815789,-0.0601,-0.0093,1.0005,0.00,-0.06,-0.06,-1.87,3.35,19.84
85.815789,-0.0605,-0.0146,0.9976,-0.24,0.00,0.06,-1.87,3.36,19.84
85.875848,-0.0601,-0.0220,1.0034,0.06,0.00,0.06,-1.87,3.36,19.83
85.875848,-0.0527,-0.0278,0.9966,-0.12,0.06,-0.12,-1.88,3.36,19.83
85.905863,-0.0439,-0.0283,1.0049,0.06,0.00,-0.37,-1.88,3.37,19.82
85.905863,-0.0400,-0.0259,0.9995,0.00,0.00,-0.31,-1.89,3.37,19.82
85.935758,-0.0459,-0.0190,1.0010,0.06,0.00,0.00,-1.90,3.37,19.82
85.935758,-0.0566,-0.0127,0.9956,-0.06,0.00,0.06,-1.90,3.37,19.82
85.995837,-0.0610,-0.0146,1.0132,-0.12,0.00,-0.06,-1.90,3.37,19.82
85.995837,-0.0562,-0.0166,0.9932,0.00,0.00,-0.24,-1.91,3.38,19.81
86.025930,-0.0459,-0.0220,0.9995,-0.24,0.06,-0.31,-1.91,3.38,19.81
86.025930,-0.0410,-0.0264,0.9961,0.06,-0.12,-0.06,-1.91,3.38,19.81
86.055749,-0.0454,-0.0239,1.0005,-0.12,0.06,0.00,-1.92,3.38,19.81
86.055749,-0.0552,-0.0205,1.0122,0.12,-0.06,-0.06,-1.92,3.38,19.81
86.115741,-0.0547,-0.0142,0.9888,-0.12,0.06,-0.31,-1.93,3.38,19.80
86.115741,-0.0508,-0.0132,1.0073,0.06,0.00,-0.18,-1.93,3.39,19.80
86.145825,-0.0454,-0.0146,0.9976,-0.18,0.00,0.00,-1.93,3.39,19.80
86.145825,-0.0518,-0.0225,1.0044,0.00,0.00,0.00,-1.93,3.39,19.80
86.176814,-0.0542,-0.0244,0.9917,-0.06,0.00,-0.12,-1.94,3.39,19.79
86.176814,-0.0522,-0.0264,1.0063,0.00,0.00,-0.31,-1.94,3.39,19.79
86.236756,-0.0474,-0.0234,0.9956,0.00,0.00,-0.18,-1.95,3.39,19.79
86.236756,-0.0508,-0.0225,1.0088,0.00,0.00,0.00,-1.95,3.40,19.79
86.265726,-0.0566,-0.0156,0.9976,0.06,0.00,0.00,-1.96,3.40,19.79
86.265726,-0.0532,-0.0142,0.9990,-0.06,0.00,0.00,-1.96,3.41,19.79
86.295667,-0.0469,-0.0161,1.0015,0.00,0.00,-0.24,-1.96,3.41,19.78
86.295667,-0.0454,-0.0210,0.9976,-0.12,0.00,-0.18,-1.97,3.41,19.78
86.356948,-0.0479,-0.0273,1.0073,0.00,0.00,-0.06,-1.97,3.41,19.78
86.356948,-0.0532,-0.0259,0.9961,0.00,0.00,0.00,-1.97,3.41,19.78
86.385769,-0.0596,-0.0229,1.0015,0.00,0.00,0.00,-1.98,3.41,19.77
86.385769,-0.0547,-0.0171,0.9990,0.00,0.00,-0.12,-1.98,3.42,19.77
86.415803,-0.0459,-0.0127,1.0020,0.00,0.06,-0.18,-1.99,3.42,19.76
86.415803,-0.0400,-0.0107,1.0024,-0.06,0.00,-0.12,-1.99,3.42,19.76
86.476827,-0.0405,-0.0146,0.9966,0.00,0.00,0.00,-1.99,3.42,19.76
86.476827,-0.0537,-0.0225,1.0068,-0.06,0.00,0.00,-1.99,3.42,19.76
86.505691,-0.0649,-0.0264,0.9985,-0.06,0.00,-0.12,-1.99,3.42,19.75
86.505691,-0.0669,-0.0278,1.0068,0.00,0.00,-0.24,-2.00,3.42,19.75
86.536918,-0.0547,-0.0220,0.9971,0.00,0.00,-0.18,-2.01,3.43,19.74
86.536918,-0.0415,-0.0166,1.0034,0.00,0.06,0.00,-2.01,3.43,19.74
86.595800,-0.0342,-0.0176,1.0005,0.00,0.00,0.00,-2.01,3.43,19.74
86.595800,-0.0386,-0.0200,1.0020,0.00,0.00,0.00,-2.02,3.43,19.74
86.625824,-0.0503,-0.0190,1.0020,0.00,-0.06,-0.12,-2.02,3.43,19.74
86.625824,-0.0605,-0.0171,0.9990,0.00,0.00,-0.18,-2.02,3.43,19.73
86.655477,-0.0615,-0.0181,1.0010,0.00,0.00,-0.12,-2.03,3.43,19.73
86.655477,-0.0562,-0.0176,0.9971,0.06,0.00,0.00,-2.03,3.44,19.73
86.715721,-0.0518,-0.0190,1.0073,-0.06,0.00,0.00,-2.03,3.44,19.73
86.715721,-0.0483,-0.0210,1.0029,0.00,-0.06,-0.24,-2.03,3.44,19.72
86.745761,-0.0420,-0.0215,0.9941,-0.12,0.06,-0.37,-2.04,3.44,19.72
86.745761,-0.0430,-0.0210,1.0068,0.00,0.00,-0.18,-2.04,3.44,19.71
86.775783,-0.0474,-0.0176,0.9932,-0.12,0.06,0.00,-2.04,3.44,19.71
86.775783,-0.0581,-0.0186,1.0098,0.00,0.00,0.12,-2.04,3.44,19.71
86.835863,-0.0576,-0.0205,0.9927,-0.06,0.00,-0.06,-2.05,3.44,19.71
86.835863,-0.0518,-0.0249,1.0034,0.00,0.00,-0.31,-2.05,3.45,19.71
86.865783,-0.0454,-0.0210,0.9990,-0.06,0.00,-0.18,-2.05,3.45,19.70
86.865783,-0.0483,-0.0195,1.0034,-0.06,0.00,0.00,-2.06,3.45,19.70
86.895808,-0.0552,-0.0190,1.0005,-0.06,0.00,0.00,-2.06,3.46,19.70
86.895808,-0.0581,-0.0200,0.9995,-0.06,0.00,-0.12,-2.07,3.46,19.70
86.955729,-0.0532,-0.0195,1.0000,0.00,0.00,-0.31,-2.07,3.46,19.70
86.955729,-0.0493,-0.0161,0.9956,-0.06,0.00,-0.24,-2.07,3.46,19.69
86.985760,-0.0444,-0.0190,1.0073,-0.12,0.06,-0.12,-2.08,3.46,19.69
86.985760,-0.0435,-0.0234,0.9976,0.06,0.00,0.00,-2.08,3.46,19.69
87.015714,-0.0469,-0.0312,1.0039,-0.12,0.06,0.00,-2.08,3.46,19.69
87.015714,-0.0513,-0.0278,0.9966,0.18,0.00,0.00,-2.09,3.46,19.69
87.076927,-0.0576,-0.0146,0.9976,-0.06,0.06,-0.12,-2.09,3.46,19.69
87.076927,-0.0586,-0.0015,1.0063,0.06,0.00,-0.18,-2.09,3.47,19.68
87.105756,-0.0522,0.0000,0.9941,-0.18,0.06,-0.18,-2.09,3.47,19.68
87.105756,-0.0469,-0.0142,1.0044,-0.06,0.00,-0.06,-2.09,3.47,19.68
87.135934,-0.0444,-0.0298,0.9956,-0.24,0.00,-0.06,-2.09,3.47,19.68
87.135934,-0.0483,-0.0400,1.0083,-0.06,0.00,-0.12,-2.09,3.47,19.68
87.195701,-0.0513,-0.0371,0.9985,-0.06,0.00,-0.12,-2.10,3.47,19.67
87.195701,-0.0557,-0.0254,0.9995,0.00,0.06,-0.12,-2.11,3.47,19.67
87.225760,-0.0547,-0.0132,1.0024,0.00,0.00,0.00,-2.11,3.48,19.67
87.225760,-0.0503,-0.0044,0.9961,0.00,0.00,0.06,-2.11,3.48,19.67
87.285784,-0.0449,-0.0049,1.0054,-0.06,0.00,0.00,-2.11,3.48,19.67
87.285784,-0.0435,-0.0137,0.9976,-0.12,-0.06,-0.06,-2.11,3.48,19.66
87.315769,-0.0513,-0.0259,1.0127,-0.18,0.06,-0.24,-2.11,3.48,19.66
87.315769,-0.0586,-0.0342,1.0029,0.00,-0.06,-0.12,-2.12,3.48,19.66
87.345743,-0.0586,-0.0356,0.9956,-0.12,0.06,0.00,-2.13,3.48,19.65
87.345743,-0.0566,-0.0273,1.0068,0.06,0.00,0.00,-2.13,3.48,19.65
87.405768,-0.0498,-0.0122,0.9932,0.00,0.06,0.00,-2.13,3.49,19.65
87.405768,-0.0439,-0.0068,1.0098,0.00,0.00,-0.18,-2.14,3.49,19.65
87.435770,-0.0391,-0.0059,0.9912,0.00,0.00,-0.24,-2.14,3.49,19.64
87.435770,-0.0449,-0.0156,1.0054,-0.06,0.00,-0.06,-2.14,3.49,19.64
87.465740,-0.0537,-0.0239,0.9980,-0.06,-0.06,0.00,-2.14,3.49,19.64
87.465740,-0.0620,-0.0308,1.0000,0.00,0.06,0.00,-2.14,3.49,19.64
87.525868,-0.0596,-0.0278,1.0005,0.18,0.06,-0.31,-2.14,3.49,19.64
87.525868,-0.0503,-0.0225,1.0020,0.00,0.06,-0.24,-2.15,3.49,19.64
87.555825,-0.0410,-0.0151,0.9995,0.06,0.00,-0.06,-2.15,3.50,19.63
87.555825,-0.0420,-0.0112,1.0020,0.00,0.00,0.00,-2.15,3.50,19.63
87.585773,-0.0479,-0.0122,1.0015,0.06,0.00,-0.06,-2.15,3.50,19.63
87.585773,-0.0542,-0.0181,0.9985,0.00,0.00,-0.18,-2.16,3.50,19.63
87.645733,-0.0571,-0.0254,1.0024,0.00,0.00,-0.24,-2.16,3.50,19.63
87.645733,-0.0547,-0.0259,1.0005,0.00,0.00,-0.12,-2.16,3.50,19.63
87.676861,-0.0513,-0.0244,1.0029,0.00,0.00,-0.06,-2.16,3.50,19.62
87.676861,-0.0474,-0.0190,1.0005,0.00,0.00,-0.06,-2.17,3.50,19.62
87.707012,-0.0459,-0.0156,1.0010,0.00,0.00,-0.06,-2.17,3.50,19.62
87.707012,-0.0483,-0.0156,1.0010,0.00,0.00,-0.18,-2.17,3.50,19.62
87.765783,-0.0532,-0.0176,1.0005,-0.06,0.00,-0.12,-2.18,3.50,19.61
87.765783,-0.0562,-0.0210,1.0015,0.00,0.00,0.00,-2.18,3.50,19.61
87.795769,-0.0552,-0.0234,1.0010,0.00,0.00,-0.06,-2.18,3.51,19.61
87.795769,-0.0508,-0.0249,1.0020,0.00,0.00,-0.12,-2.18,3.51,19.61
87.825803,-0.0464,-0.0239,1.0010,0.00,0.00,-0.18,-2.19,3.51,19.60
87.825803,-0.0444,-0.0195,1.0005,0.00,0.00,-0.18,-2.19,3.51,19.60
87.885808,-0.0488,-0.0151,1.0024,0.00,0.00,-0.06,-2.19,3.51,19.60
87.885808,-0.0527,-0.0142,0.9995,-0.06,0.00,-0.06,-2.19,3.52,19.59
87.915783,-0.0527,-0.0166,0.9995,-0.06,0.00,-0.06,-2.19,3.52,19.59
87.915783,-0.0508,-0.0210,1.0015,-0.12,0.00,-0.12,-2.20,3.52,19.59
87.945813,-0.0483,-0.0244,1.0000,0.00,0.00,-0.06,-2.20,3.52,19.59
87.945813,-0.0483,-0.0244,0.9990,0.00,0.00,0.00,-2.20,3.52,19.59
88.005703,-0.0518,-0.0205,1.0000,0.00,0.06,-0.06,-2.20,3.52,19.59
88.005703,-0.0547,-0.0171,1.0039,0.00,0.00,-0.06,-2.20,3.52,19.58
88.035696,-0.0552,-0.0166,1.0020,-0.06,0.00,-0.18,-2.21,3.52,19.58
88.035696,-0.0522,-0.0186,1.0020,-0.06,0.00,-0.12,-2.21,3.52,19.58
88.065702,-0.0488,-0.0205,0.9990,-0.06,0.00,-0.06,-2.21,3.52,19.58
88.065702,-0.0469,-0.0234,1.0005,-0.06,0.00,0.00,-2.21,3.53,19.57
88.125800,-0.0479,-0.0249,1.0029,0.00,0.00,-0.06,-2.21,3.53,19.57
88.125800,-0.0474,-0.0239,1.0000,0.00,0.00,-0.12,-2.22,3.53,19.57
88.155793,-0.0488,-0.0205,1.0020,0.00,0.00,-0.06,-2.22,3.53,19.57
88.155793,-0.0527,-0.0137,1.0000,0.00,0.00,0.00,-2.22,3.53,19.57
88.185674,-0.0571,-0.0117,1.0093,-0.06,-0.06,-0.06,-2.22,3.53,19.57
88.185674,-0.0542,-0.0132,0.9902,-0.06,0.00,-0.12,-2.22,3.53,19.56
88.245788,-0.0562,-0.0195,1.0112,-0.12,0.00,-0.18,-2.22,3.53,19.56
88.245788,-0.0518,-0.0239,0.9927,0.00,0.00,-0.18,-2.23,3.53,19.56
88.275707,-0.0479,-0.0264,1.0063,-0.12,0.00,-0.06,-2.23,3.53,19.56
88.275707,-0.0444,-0.0234,1.0005,0.00,-0.06,-0.06,-2.23,3.54,19.55
88.305748,-0.0454,-0.0195,0.9976,-0.06,0.00,0.00,-2.24,3.54,19.55
88.305748,-0.0483,-0.0181,1.0088,0.00,0.00,-0.06,-2.24,3.54,19.55
88.366926,-0.0513,-0.0181,0.9951,0.00,0.00,0.00,-2.24,3.54,19.54
88.366926,-0.0547,-0.0195,1.0034,0.00,0.00,0.00,-2.24,3.54,19.54
88.395785,-0.0542,-0.0190,0.9976,0.00,0.00,-0.06,-2.24,3.54,19.54
88.395785,-0.0527,-0.0200,1.0044,-0.06,0.00,-0.12,-2.25,3.54,19.54
88.425762,-0.0498,-0.0205,1.0005,-0.06,0.00,-0.06,-2.25,3.54,19.54
88.425762,-0.0469,-0.0181,0.9863,0.06,0.12,-0.06,-2.25,3.54,19.54
88.515873,-0.0493,-0.0146,1.0112,-0.18,0.00,-0.12,-2.25,3.54,19.53
88.515873,-0.0557,-0.0122,0.9849,-0.12,0.00,-0.12,-2.25,3.54,19.53
88.518049,-0.0591,-0.0215,1.0161,-0.18,0.00,-0.18,-2.25,3.54,19.53
88.518049,-0.0493,-0.0269,0.9902,0.00,0.00,-0.06,-2.25,3.54,19.53
88.547165,-0.0449,-0.0317,1.0093,-0.06,0.12,0.00,-2.26,3.55,19.53
88.547165,-0.0444,-0.0269,0.9951,0.12,-0.06,0.00,-2.26,3.55,19.52
88.605748,-0.0522,-0.0186,1.0020,-0.12,0.06,-0.12,-2.26,3.55,19.52
88.605748,-0.0591,-0.0137,1.0044,0.06,0.00,-0.24,-2.27,3.55,19.52
88.635773,-0.0586,-0.0132,0.9951,-0.12,0.00,-0.24,-2.27,3.55,19.52
88.635773,-0.0532,-0.0166,1.0068,0.00,0.00,-0.12,-2.27,3.55,19.52
88.696090,-0.0513,-0.0146,0.9800,0.00,0.06,-0.12,-2.27,3.55,19.51
88.696090,-0.0415,-0.0181,1.0181,-0.18,0.06,-0.12,-2.27,3.55,19.51
88.725779,-0.0366,-0.0190,0.9927,0.00,-0.06,-0.18,-2.27,3.55,19.51
88.725779,-0.0430,-0.0239,1.0073,-0.24,0.06,-0.12,-2.27,3.55,19.51
88.755789,-0.0566,-0.0234,0.9976,0.18,-0.12,0.00,-2.27,3.55,19.51
88.755789,-0.0645,-0.0229,0.9961,-0.12,0.12,0.00,-2.28,3.55,19.51
88.815728,-0.0596,-0.0244,1.0112,0.12,-0.06,0.00,-2.28,3.55,19.51
88.815728,-0.0493,-0.0190,0.9956,-0.12,0.18,-0.06,-2.29,3.56,19.50
88.845955,-0.0449,-0.0151,1.0098,0.12,0.00,-0.18,-2.29,3.56,19.50
88.845955,-0.0439,-0.0122,0.9893,-0.18,0.00,-0.18,-2.29,3.56,19.50
88.875814,-0.0474,-0.0176,1.0103,0.00,0.00,-0.18,-2.29,3.56,19.50
88.875814,-0.0488,-0.0220,0.9922,-0.06,0.00,0.00,-2.29,3.56,19.50
88.935739,-0.0542,-0.0254,1.0044,0.00,0.00,0.06,-2.29,3.56,19.50
88.935739,-0.0586,-0.0220,0.9995,-0.06,0.00,-0.06,-2.29,3.56,19.49
88.965780,-0.0566,-0.0181,1.0015,0.00,0.00,-0.24,-2.30,3.56,19.49
88.965780,-0.0488,-0.0156,1.0024,0.00,0.00,-0.24,-2.30,3.57,19.48
88.995669,-0.0444,-0.0156,0.9995,-0.06,0.00,-0.06,-2.30,3.57,19.48
88.995669,-0.0479,-0.0176,1.0044,-0.06,0.00,0.00,-2.30,3.57,19.48
89.056169,-0.0542,-0.0200,0.9980,-0.06,0.00,-0.06,-2.30,3.57,19.48
89.056169,-0.0571,-0.0225,1.0024,-0.12,0.00,-0.31,-2.30,3.57,19.48
89.085818,-0.0518,-0.0239,0.9995,0.00,0.00,-0.31,-2.30,3.57,19.47
89.085818,-0.0454,-0.0215,1.0005,0.00,0.00,-0.12,-2.31,3.57,19.47
89.115718,-0.0435,-0.0142,1.0015,0.00,0.00,0.12,-2.31,3.57,19.47
89.115718,-0.0454,-0.0117,0.9985,0.00,0.00,0.00,-2.31,3.57,19.47
89.175757,-0.0498,-0.0176,1.0034,0.00,0.00,-0.18,-2.31,3.57,19.47
89.175757,-0.0532,-0.0254,1.0005,-0.06,0.00,-0.24,-2.31,3.57,19.47
89.205786,-0.0566,-0.0283,1.0010,0.00,0.00,0.00,-2.31,3.57,19.47
89.205786,-0.0557,-0.0273,0.9995,0.00,0.00,0.00,-2.31,3.57,19.46
89.235789,-0.0527,-0.0234,1.0005,0.00,0.00,0.00,-2.32,3.57,19.46
89.235789,-0.0483,-0.0200,1.0020,0.00,0.00,-0.12,-2.32,3.57,19.46
89.295773,-0.0479,-0.0181,1.0000,0.00,0.00,-0.12,-2.32,3.58,19.46
89.295773,-0.0508,-0.0171,1.0044,0.00,0.00,-0.12,-2.32,3.58,19.46
89.325813,-0.0513,-0.0156,0.9980,0.00,0.00,0.00,-2.32,3.58,19.46
89.325813,-0.0508,-0.0156,1.0000,-0.12,0.06,-0.06,-2.33,3.58,19.45
89.356878,-0.0469,-0.0166,1.0044,0.00,0.00,0.00,-2.33,3.58,19.45
89.356878,-0.0449,-0.0195,0.9976,-0.12,0.00,0.00,-2.33,3.58,19.45
89.415744,-0.0518,-0.0234,1.0063,0.00,0.00,-0.06,-2.33,3.58,19.45
89.415744,-0.0586,-0.0220,0.9932,-0.06,0.00,-0.12,-2.33,3.58,19.45
89.445739,-0.0596,-0.0225,1.0054,0.00,0.00,-0.18,-2.33,3.58,19.45
89.445739,-0.0527,-0.0205,0.9980,-0.06,0.00,0.00,-2.33,3.58,19.44
89.475741,-0.0474,-0.0151,1.0039,0.00,0.00,0.00,-2.33,3.58,19.44
89.475741,-0.0430,-0.0098,0.9980,0.00,0.00,-0.24,-2.33,3.58,19.43
89.535803,-0.0449,-0.0112,1.0005,-0.06,0.00,-0.31,-2.33,3.58,19.43
89.535803,-0.0464,-0.0186,1.0000,-0.06,0.00,-0.18,-2.33,3.58,19.43
89.565829,-0.0518,-0.0288,0.9995,-0.06,0.00,0.00,-2.34,3.58,19.43
89.565829,-0.0601,-0.0312,1.0039,0.00,0.00,0.00,-2.34,3.58,19.43
89.595721,-0.0615,-0.0259,0.9995,0.00,0.00,-0.06,-2.35,3.58,19.43
89.595721,-0.0537,-0.0190,0.9961,0.00,0.06,-0.37,-2.35,3.59,19.43
89.655815,-0.0439,-0.0142,1.0117,-0.24,-0.06,-0.24,-2.35,3.59,19.42
89.655815,-0.0444,-0.0098,0.9922,0.00,0.00,-0.06,-2.35,3.59,19.42
89.686752,-0.0479,-0.0171,1.0103,-0.12,0.00,0.00,-2.35,3.59,19.42
89.686752,-0.0474,-0.0225,0.9932,0.00,-0.06,0.00,-2.35,3.59,19.42
89.715808,-0.0479,-0.0278,1.0049,-0.18,0.06,-0.06,-2.35,3.59,19.42
89.715808,-0.0513,-0.0303,0.9985,0.12,-0.06,-0.06,-2.35,3.59,19.42
89.775757,-0.0542,-0.0225,0.9927,0.00,0.00,-0.06,-2.36,3.59,19.42
89.775757,-0.0562,-0.0132,1.0127,0.06,0.00,0.00,-2.36,3.59,19.42
89.805758,-0.0571,-0.0068,0.9985,-0.06,0.00,-0.06,-2.36,3.59,19.41
89.805758,-0.0537,-0.0122,1.0039,-0.18,0.06,-0.12,-2.36,3.59,19.41
89.835822,-0.0479,-0.0195,0.9951,0.00,-0.06,-0.24,-2.36,3.59,19.41
89.835822,-0.0430,-0.0283,1.0034,-0.12,0.00,-0.12,-2.36,3.59,19.41
89.895750,-0.0449,-0.0298,1.0054,0.06,-0.06,-0.06,-2.36,3.59,19.41
89.895750,-0.0464,-0.0254,0.9937,-0.18,0.00,0.06,-2.36,3.59,19.41
89.925690,-0.0542,-0.0176,1.0034,0.12,0.00,-0.06,-2.37,3.59,19.40
89.925690,-0.0557,-0.0117,0.9976,-0.06,0.06,-0.06,-2.37,3.59,19.40
89.955756,-0.0571,-0.0112,1.0112,0.00,-0.06,-0.06,-2.37,3.59,19.40
89.955756,-0.0513,-0.0142,0.9922,-0.12,0.00,-0.06,-2.37,3.59,19.40
90.015738,-0.0508,-0.0225,1.0049,0.00,0.00,0.00,-2.37,3.60,19.40
90.015738,-0.0488,-0.0259,0.9966,0.00,0.06,-0.12,-2.37,3.60,19.39
90.045814,-0.0513,-0.0229,1.0059,0.00,0.00,-0.24,-2.37,3.60,19.39
90.045814,-0.0498,-0.0190,1.0015,-0.06,0.00,-0.18,-2.37,3.60,19.39
90.105794,-0.0493,-0.0200,1.0044,-0.06,0.00,-0.06,-2.37,3.60,19.39
90.105794,-0.0479,-0.0195,0.9990,-0.06,0.00,0.06,-2.38,3.60,19.39
90.136629,-0.0518,-0.0190,1.0010,0.00,0.00,0.06,-2.38,3.60,19.39
90.136629,-0.0552,-0.0181,1.0005,-0.06,0.00,-0.12,-2.38,3.60,19.39
90.166458,-0.0562,-0.0200,1.0005,0.00,0.00,-0.31,-2.38,3.60,19.38
90.166458,-0.0503,-0.0186,0.9990,0.00,0.00,-0.24,-2.38,3.60,19.38
90.226714,-0.0464,-0.0176,1.0029,0.00,0.00,-0.06,-2.38,3.60,19.38
90.226714,-0.0498,-0.0161,0.9976,-0.06,0.00,0.00,-2.38,3.60,19.37
90.255762,-0.0513,-0.0215,1.0063,-0.06,0.00,-0.24,-2.38,3.60,19.37
90.255762,-0.0483,-0.0278,1.0005,-0.06,0.00,-0.24,-2.38,3.60,19.37
90.286840,-0.0474,-0.0288,1.0015,-0.06,0.00,0.00,-2.38,3.60,19.37
90.286840,-0.0498,-0.0220,0.9995,0.06,0.00,0.12,-2.39,3.60,19.37
90.346882,-0.0522,-0.0122,1.0015,0.00,0.00,0.00,-2.39,3.60,19.37
90.346882,-0.0513,-0.0083,1.0024,0.00,0.00,-0.12,-2.39,3.60,19.36
90.375765,-0.0508,-0.0146,1.0024,-0.12,0.00,-0.24,-2.39,3.60,19.36
90.375765,-0.0537,-0.0239,1.0024,-0.06,-0.06,-0.12,-2.39,3.60,19.36
90.406179,-0.0518,-0.0273,0.9946,-0.12,0.00,0.00,-2.40,3.60,19.36
90.406179,-0.0503,-0.0249,1.0054,0.00,0.00,0.00,-2.40,3.61,19.36
90.465878,-0.0479,-0.0195,0.9976,0.00,0.06,-0.06,-2.40,3.61,19.36
90.465878,-0.0503,-0.0146,1.0068,0.00,0.00,-0.18,-2.40,3.61,19.36
90.495793,-0.0542,-0.0103,0.9976,0.00,0.00,-0.12,-2.40,3.61,19.35
90.495793,-0.0542,-0.0098,1.0020,-0.06,0.00,-0.06,-2.40,3.61,19.35
90.525644,-0.0508,-0.0166,1.0044,-0.18,0.00,-0.06,-2.40,3.61,19.35
90.525644,-0.0459,-0.0278,1.0020,-0.12,0.00,-0.12,-2.40,3.61,19.35
90.585771,-0.0439,-0.0371,1.0034,-0.06,0.00,-0.06,-2.40,3.61,19.35
90.585771,-0.0464,-0.0366,0.9966,0.00,0.00,-0.06,-2.40,3.61,19.35
90.615812,-0.0488,-0.0249,1.0005,0.00,0.00,0.00,-2.41,3.61,19.34
90.615812,-0.0493,-0.0093,0.9932,0.18,0.00,0.12,-2.41,3.61,19.34
90.645923,-0.0576,0.0020,1.0161,0.00,0.00,0.00,-2.41,3.61,19.34
90.645923,-0.0615,0.0005,1.0044,-0.12,0.00,-0.12,-2.41,3.61,19.34
90.705632,-0.0566,-0.0132,0.9849,-0.31,0.12,-0.24,-2.41,3.61,19.34
90.705632,-0.0527,-0.0283,1.0117,0.00,-0.06,-0.31,-2.40,3.61,19.34
90.737123,-0.0425,-0.0327,0.9863,-0.06,0.06,-0.12,-2.41,3.61,19.33
90.737123,-0.0430,-0.0322,1.0181,0.00,0.06,-0.06,-2.41,3.61,19.33
90.765743,-0.0435,-0.0225,0.9893,0.00,0.00,-0.18,-2.41,3.61,19.33
90.765743,-0.0493,-0.0151,1.0059,0.00,0.00,-0.06,-2.41,3.61,19.33
90.825754,-0.0532,-0.0127,0.9980,0.00,-0.12,0.00,-2.41,3.61,19.32
90.825754,-0.0571,-0.0137,0.9995,-0.06,0.00,0.00,-2.41,3.61,19.32
90.855820,-0.0562,-0.0176,1.0078,0.00,-0.06,0.00,-2.41,3.61,19.32
90.855820,-0.0518,-0.0210,0.9937,-0.06,0.00,-0.12,-2.41,3.61,19.32
90.885768,-0.0464,-0.0254,1.0088,0.00,0.06,-0.18,-2.42,3.61,19.32
90.885768,-0.0449,-0.0234,0.9941,0.00,0.00,-0.12,-2.42,3.61,19.32
90.945769,-0.0498,-0.0181,1.0044,0.00,0.00,0.00,-2.42,3.61,19.32
90.945769,-0.0532,-0.0142,1.0020,0.00,0.00,0.00,-2.42,3.61,19.31
90.976031,-0.0566,-0.0156,0.9990,-0.12,0.00,-0.12,-2.42,3.61,19.31
90.976031,-0.0571,-0.0220,1.0024,-0.06,0.00,-0.18,-2.42,3.62,19.31
91.006179,-0.0537,-0.0239,0.9995,-0.06,0.00,-0.12,-2.42,3.62,19.31
91.006179,-0.0479,-0.0225,1.0039,0.00,0.00,-0.12,-2.42,3.62,19.31
91.067377,-0.0444,-0.0166,0.9990,0.00,0.00,-0.06,-2.42,3.62,19.31
91.067377,-0.0459,-0.0146,1.0005,0.00,0.00,0.00,-2.42,3.62,19.31
91.095690,-0.0503,-0.0166,1.0015,0.00,0.00,-0.06,-2.42,3.62,19.30
91.095690,-0.0562,-0.0210,0.9995,-0.06,0.00,-0.06,-2.42,3.62,19.30
91.125766,-0.0552,-0.0229,1.0039,0.00,0.00,-0.06,-2.43,3.62,19.30
91.125766,-0.0522,-0.0234,1.0005,0.00,0.00,-0.06,-2.43,3.62,19.30
91.186164,-0.0493,-0.0210,1.0024,0.00,0.00,-0.06,-2.43,3.63,19.30
91.186164,-0.0464,-0.0186,0.9995,0.00,0.00,-0.06,-2.43,3.63,19.30
91.215824,-0.0474,-0.0161,1.0015,0.00,0.00,-0.12,-2.43,3.63,19.30
91.215824,-0.0513,-0.0161,1.0010,0.00,0.00,-0.06,-2.43,3.63,19.29
91.245771,-0.0547,-0.0171,1.0000,-0.06,0.00,0.00,-2.43,3.63,19.29
91.245771,-0.0552,-0.0195,1.0015,0.00,0.00,-0.06,-2.43,3.63,19.29
91.305786,-0.0518,-0.0215,1.0015,-0.06,0.00,-0.06,-2.43,3.63,19.29
91.305786,-0.0488,-0.0210,1.0020,-0.06,0.06,-0.12,-2.43,3.63,19.29
91.335796,-0.0488,-0.0176,1.0020,-0.06,0.00,-0.12,-2.43,3.63,19.29
91.335796,-0.0508,-0.0156,1.0000,0.00,0.00,-0.12,-2.43,3.63,19.29
91.365567,-0.0503,-0.0171,0.9985,0.00,0.00,-0.12,-2.43,3.63,19.28
91.365567,-0.0479,-0.0186,1.0020,0.00,0.00,-0.06,-2.43,3.63,19.28
91.425836,-0.0503,-0.0190,1.0024,-0.06,0.00,0.00,-2.43,3.63,19.28
91.425836,-0.0537,-0.0200,1.0024,-0.06,0.00,-0.12,-2.43,3.63,19.28
91.455780,-0.0532,-0.0234,1.0015,-0.06,0.00,-0.18,-2.44,3.63,19.28
91.455780,-0.0503,-0.0239,0.9985,0.00,0.00,-0.12,-2.44,3.63,19.28
91.515756,-0.0498,-0.0220,1.0044,0.00,0.00,0.00,-2.44,3.63,19.28
91.515756,-0.0493,-0.0176,0.9980,0.00,0.00,-0.06,-2.44,3.63,19.27
91.545858,-0.0498,-0.0156,1.0015,0.00,0.00,-0.12,-2.44,3.63,19.27
91.545858,-0.0488,-0.0151,0.9990,0.00,-0.06,-0.12,-2.44,3.63,19.27
91.575776,-0.0503,-0.0176,1.0020,-0.06,0.00,-0.12,-2.44,3.63,19.27
91.575776,-0.0527,-0.0205,1.0005,-0.06,0.00,0.00,-2.44,3.63,19.27
91.636219,-0.0542,-0.0225,1.0000,0.00,0.00,-0.12,-2.44,3.63,19.26
91.636219,-0.0513,-0.0244,1.0020,0.00,0.00,-0.06,-2.44,3.63,19.26
91.665802,-0.0479,-0.0205,1.0015,0.00,0.00,-0.12,-2.44,3.63,19.26
91.665802,-0.0483,-0.0176,1.0010,0.00,0.00,-0.12,-2.44,3.63,19.26
91.695838,-0.0498,-0.0151,0.9985,0.00,0.00,-0.12,-2.45,3.63,19.26
91.695838,-0.0527,-0.0166,1.0000,-0.06,0.00,-0.06,-2.45,3.63,19.26
91.755719,-0.0532,-0.0176,1.0000,-0.06,0.00,-0.12,-2.45,3.63,19.26
91.755719,-0.0518,-0.0215,1.0010,0.00,0.00,-0.18,-2.45,3.63,19.26
91.785718,-0.0508,-0.0259,1.0010,0.00,0.00,-0.12,-2.45,3.64,19.26
91.785718,-0.0498,-0.0234,1.0000,0.00,0.00,-0.12,-2.45,3.64,19.25
91.815786,-0.0479,-0.0181,1.0000,0.00,0.00,-0.06,-2.45,3.64,19.25
91.815786,-0.0479,-0.0137,1.0005,0.00,0.00,0.00,-2.46,3.64,19.25
91.875772,-0.0518,-0.0151,1.0005,0.00,0.00,-0.06,-2.46,3.64,19.25
91.875772,-0.0542,-0.0190,1.0005,-0.06,0.00,-0.06,-2.46,3.64,19.25
91.905765,-0.0542,-0.0220,1.0000,-0.06,0.00,-0.18,-2.46,3.64,19.25
91.905765,-0.0503,-0.0249,1.0000,-0.06,0.00,-0.12,-2.46,3.64,19.25
91.935774,-0.0469,-0.0225,1.0020,-0.06,0.00,0.00,-2.46,3.64,19.25
91.935774,-0.0469,-0.0195,0.9980,0.00,0.00,-0.06,-2.46,3.64,19.25
91.995876,-0.0508,-0.0161,1.0020,0.00,0.00,-0.06,-2.46,3.64,19.25
91.995876,-0.0542,-0.0142,0.9990,-0.06,0.00,-0.12,-2.46,3.64,19.24
92.025771,-0.0532,-0.0161,1.0015,-0.06,0.00,-0.12,-2.46,3.64,19.24
92.025771,-0.0513,-0.0181,0.9976,-0.06,0.00,-0.06,-2.46,3.64,19.24
92.055763,-0.0518,-0.0210,1.0054,-0.06,0.00,-0.06,-2.46,3.64,19.24
92.055763,-0.0513,-0.0229,0.9985,0.00,0.00,-0.18,-2.46,3.64,19.24
92.115722,-0.0464,-0.0244,1.0005,-0.06,0.00,-0.18,-2.46,3.64,19.24
92.115722,-0.0454,-0.0229,1.0020,0.00,0.00,0.00,-2.46,3.64,19.24
92.145687,-0.0488,-0.0210,0.9971,-0.06,0.00,0.00,-2.46,3.64,19.24
92.145687,-0.0557,-0.0181,1.0049,0.00,0.00,0.00,-2.47,3.64,19.24
92.175764,-0.0552,-0.0176,0.9951,0.00,0.00,-0.12,-2.47,3.64,19.23
92.175764,-0.0542,-0.0176,1.0063,0.00,0.00,-0.18,-2.47,3.64,19.23
92.235867,-0.0508,-0.0151,0.9961,0.00,0.00,-0.12,-2.47,3.64,19.23
92.235867,-0.0493,-0.0166,1.0049,0.00,0.00,-0.12,-2.47,3.64,19.23
92.266594,-0.0464,-0.0181,0.9985,0.00,0.00,-0.06,-2.47,3.64,19.23
92.266594,-0.0464,-0.0205,1.0000,-0.06,0.00,-0.06,-2.47,3.64,19.23
92.295817,-0.0493,-0.0195,1.0024,0.00,-0.06,-0.06,-2.47,3.64,19.23
92.295817,-0.0547,-0.0205,0.9976,-0.06,0.00,-0.18,-2.47,3.64,19.23
92.356745,-0.0562,-0.0229,1.0039,0.00,0.00,-0.12,-2.47,3.64,19.23
92.356745,-0.0542,-0.0220,0.9966,-0.06,0.00,-0.12,-2.47,3.64,19.23
92.385815,-0.0498,-0.0181,1.0029,0.00,0.00,-0.18,-2.47,3.64,19.22
92.385815,-0.0459,-0.0146,0.9980,0.00,0.06,-0.18,-2.47,3.65,19.22
92.415722,-0.0459,-0.0156,1.0015,-0.06,0.00,-0.24,-2.47,3.65,19.22
92.415722,-0.0508,-0.0176,1.0005,0.00,0.00,-0.12,-2.47,3.64,19.22
92.475737,-0.0562,-0.0210,0.9990,-0.06,0.00,-0.12,-2.47,3.64,19.22
92.475737,-0.0566,-0.0229,1.0024,-0.06,0.00,-0.06,-2.47,3.65,19.22
92.505799,-0.0508,-0.0239,0.9990,-0.06,0.00,-0.18,-2.47,3.65,19.22
92.505799,-0.0483,-0.0220,1.0034,0.00,0.00,-0.12,-2.47,3.65,19.22
92.536824,-0.0469,-0.0181,0.9995,-0.06,0.00,-0.12,-2.47,3.65,19.22
92.536824,-0.0483,-0.0181,1.0020,-0.06,0.00,-0.06,-2.48,3.65,19.22
92.595841,-0.0513,-0.0190,1.0010,0.00,0.00,-0.12,-2.48,3.65,19.21
92.595841,-0.0552,-0.0220,1.0005,-0.06,0.00,-0.06,-2.48,3.65,19.21
92.625714,-0.0557,-0.0210,1.0015,0.00,0.00,-0.06,-2.48,3.65,19.21
92.625714,-0.0518,-0.0205,1.0010,-0.12,0.00,-0.12,-2.48,3.65,19.21
92.655766,-0.0479,-0.0205,0.9990,0.00,0.00,-0.12,-2.48,3.65,19.20
92.655766,-0.0474,-0.0171,1.0005,-0.06,0.06,0.00,-2.48,3.65,19.20
92.715667,-0.0488,-0.0171,0.9995,0.00,0.00,0.00,-2.48,3.65,19.20
92.715667,-0.0537,-0.0171,1.0000,-0.06,0.00,-0.06,-2.48,3.65,19.20
92.745831,-0.0552,-0.0190,1.0010,0.00,0.00,-0.12,-2.48,3.65,19.20
92.745831,-0.0537,-0.0234,1.0015,-0.06,0.00,-0.18,-2.48,3.65,19.20
92.775793,-0.0493,-0.0249,1.0000,0.00,0.00,-0.06,-2.48,3.65,19.20
92.775793,-0.0454,-0.0234,1.0005,-0.06,0.00,0.00,-2.48,3.65,19.20
92.836814,-0.0464,-0.0186,1.0005,0.00,0.00,0.00,-2.48,3.65,19.20
92.836814,-0.0498,-0.0127,0.9995,-0.06,0.00,-0.12,-2.48,3.65,19.20
92.865709,-0.0522,-0.0117,1.0024,-0.06,0.00,-0.12,-2.48,3.65,19.20
92.865709,-0.0542,-0.0156,0.9980,-0.06,0.00,-0.12,-2.48,3.65,19.19
92.926755,-0.0547,-0.0205,1.0010,0.00,0.00,-0.06,-2.48,3.65,19.19
92.926755,-0.0522,-0.0254,0.9995,0.00,0.00,-0.06,-2.48,3.65,19.19
92.955696,-0.0479,-0.0278,1.0015,0.00,0.00,-0.12,-2.48,3.65,19.19
92.955696,-0.0454,-0.0249,1.0015,0.00,0.00,-0.18,-2.49,3.65,19.19
92.985761,-0.0479,-0.0181,1.0010,0.00,0.00,-0.06,-2.49,3.65,19.19
92.985761,-0.0522,-0.0132,0.9995,0.00,0.00,0.00,-2.49,3.65,19.19
93.045723,-0.0557,-0.0127,0.9995,-0.06,0.00,0.00,-2.49,3.65,19.19
93.045723,-0.0552,-0.0156,1.0015,0.00,0.00,-0.06,-2.49,3.65,19.19
93.076780,-0.0522,-0.0195,1.0000,-0.06,0.00,-0.18,-2.49,3.65,19.19
93.076780,-0.0493,-0.0239,1.0020,-0.06,0.00,-0.18,-2.49,3.65,19.19
93.106926,-0.0483,-0.0244,1.0005,0.00,0.00,-0.18,-2.49,3.65,19.18
93.106926,-0.0493,-0.0220,1.0005,0.00,0.00,-0.06,-2.49,3.65,19.18
93.165791,-0.0508,-0.0181,1.0000,-0.06,0.00,-0.18,-2.49,3.65,19.18
93.165791,-0.0503,-0.0171,0.9995,-0.06,0.00,-0.06,-2.49,3.65,19.18
93.195758,-0.0503,-0.0161,1.0005,0.00,0.00,-0.06,-2.49,3.65,19.18
93.195758,-0.0498,-0.0190,1.0000,-0.06,0.00,-0.06,-2.49,3.65,19.18
93.225694,-0.0498,-0.0215,1.0005,0.00,0.00,-0.06,-2.49,3.65,19.18
93.225694,-0.0498,-0.0220,1.0000,0.00,0.00,-0.06,-2.49,3.65,19.18
93.285714,-0.0522,-0.0200,1.0015,0.00,0.00,-0.06,-2.49,3.65,19.18
93.285714,-0.0532,-0.0166,1.0000,0.00,0.00,-0.18,-2.49,3.65,19.18
93.315738,-0.0537,-0.0151,1.0005,-0.06,0.00,-0.18,-2.49,3.66,19.18
93.315738,-0.0532,-0.0151,1.0005,-0.06,0.00,-0.18,-2.49,3.66,19.18
93.346811,-0.0508,-0.0176,1.0000,-0.06,0.00,-0.18,-2.49,3.66,19.17
93.346811,-0.0479,-0.0210,1.0010,-0.06,0.00,-0.12,-2.49,3.66,19.17
93.435757,-0.0483,-0.0234,1.0020,-0.06,0.00,-0.18,-2.49,3.66,19.17
93.435757,-0.0508,-0.0215,1.0000,0.00,0.00,-0.12,-2.49,3.66,19.17
93.449594,-0.0532,-0.0176,1.0000,0.00,0.00,-0.18,-2.50,3.66,19.17
93.449594,-0.0527,-0.0166,1.0000,0.00,0.06,-0.12,-2.50,3.66,19.17
93.465686,-0.0503,-0.0181,1.0005,-0.12,0.00,-0.06,-2.50,3.66,19.17
93.465686,-0.0522,-0.0220,1.0005,-0.12,0.00,-0.06,-2.50,3.66,19.17
93.525812,-0.0498,-0.0239,1.0005,-0.06,0.00,-0.18,-2.50,3.66,19.17
93.525812,-0.0474,-0.0225,0.9990,-0.06,0.00,-0.18,-2.50,3.66,19.17
93.555715,-0.0488,-0.0190,1.0020,0.00,0.00,-0.12,-2.50,3.66,19.17
93.555715,-0.0518,-0.0171,1.0005,0.00,0.00,-0.06,-2.50,3.66,19.16
93.585732,-0.0513,-0.0200,1.0005,0.00,0.00,-0.12,-2.50,3.66,19.16
93.585732,-0.0503,-0.0215,1.0020,0.00,0.00,-0.12,-2.50,3.66,19.16
93.645735,-0.0488,-0.0176,1.0005,0.00,0.00,-0.12,-2.50,3.66,19.16
93.645735,-0.0503,-0.0151,1.0029,-0.06,0.00,-0.12,-2.50,3.66,19.16
93.675702,-0.0503,-0.0151,0.9985,-0.06,0.00,-0.12,-2.50,3.66,19.15
93.675702,-0.0522,-0.0195,1.0015,-0.06,0.00,0.00,-2.50,3.66,19.15
93.705770,-0.0537,-0.0239,0.9990,-0.12,0.00,0.00,-2.50,3.66,19.15
93.705770,-0.0522,-0.0249,1.0024,-0.06,0.00,-0.06,-2.50,3.66,19.15
93.765846,-0.0508,-0.0215,0.9995,0.00,0.00,-0.06,-2.50,3.66,19.15
93.765846,-0.0503,-0.0161,1.0000,-0.06,0.00,-0.06,-2.50,3.66,19.15
93.796133,-0.0508,-0.0132,1.0005,-0.06,0.00,-0.18,-2.50,3.66,19.15
93.796133,-0.0493,-0.0156,0.9995,-0.06,0.00,-0.12,-2.50,3.66,19.15
93.825716,-0.0454,-0.0234,1.0015,0.00,0.00,0.00,-2.50,3.66,19.15
93.825716,-0.0454,-0.0288,1.0010,0.00,0.06,0.00,-2.50,3.66,19.15
93.885757,-0.0498,-0.0283,1.0020,0.00,0.00,0.00,-2.51,3.66,19.15
93.885757,-0.0537,-0.0210,1.0000,0.06,0.06,-0.06,-2.51,3.66,19.15
93.915731,-0.0547,-0.0132,1.0010,0.00,0.00,0.00,-2.51,3.66,19.14
93.915731,-0.0547,-0.0098,1.0010,0.00,0.00,0.00,-2.51,3.66,19.14
93.945710,-0.0537,-0.0132,0.9985,-0.06,0.00,-0.06,-2.51,3.66,19.14
93.945710,-0.0513,-0.0181,1.0015,0.00,0.00,-0.12,-2.51,3.66,19.14
94.005755,-0.0464,-0.0244,1.0015,-0.06,0.00,-0.18,-2.51,3.66,19.14
94.005755,-0.0469,-0.0283,1.0034,-0.06,0.00,-0.12,-2.51,3.66,19.14
94.035727,-0.0518,-0.0249,0.9995,0.00,0.00,-0.06,-2.51,3.66,19.14
94.035727,-0.0557,-0.0166,1.0005,0.00,0.00,-0.06,-2.51,3.66,19.14
94.065700,-0.0503,-0.0127,1.0010,-0.06,0.00,-0.12,-2.52,3.66,19.14
94.065700,-0.0464,-0.0122,1.0039,-0.06,0.00,-0.18,-2.51,3.66,19.14
94.125828,-0.0454,-0.0161,0.9990,0.00,0.00,-0.12,-2.51,3.66,19.14
94.125828,-0.0503,-0.0234,1.0039,-0.06,0.00,-0.12,-2.51,3.66,19.13
94.155690,-0.0518,-0.0283,0.9966,0.00,0.00,-0.06,-2.51,3.66,19.13
94.155690,-0.0527,-0.0298,1.0049,0.00,0.00,0.00,-2.52,3.66,19.13
94.185728,-0.0527,-0.0181,0.9927,0.00,0.00,0.00,-2.52,3.66,19.13
94.185728,-0.0513,-0.0078,1.0049,0.00,0.06,-0.12,-2.52,3.66,19.13
94.245656,-0.0527,-0.0063,0.9995,0.00,0.00,-0.18,-2.52,3.66,19.13
94.245656,-0.0542,-0.0142,1.0005,-0.24,0.00,-0.18,-2.52,3.66,19.13
94.275703,-0.0532,-0.0249,1.0024,-0.06,0.00,-0.18,-2.51,3.66,19.13
94.275703,-0.0508,-0.0303,0.9976,-0.06,0.00,0.00,-2.51,3.66,19.13
94.335775,-0.0459,-0.0288,1.0044,0.00,0.00,-0.06,-2.52,3.67,19.13
94.335775,-0.0430,-0.0210,1.0015,0.00,0.00,-0.12,-2.52,3.66,19.12
94.365649,-0.0459,-0.0156,1.0024,0.00,0.00,-0.06,-2.52,3.66,19.12
94.365649,-0.0542,-0.0137,0.9990,-0.12,0.00,-0.06,-2.52,3.66,19.12
94.395742,-0.0601,-0.0156,1.0005,0.00,0.00,0.00,-2.52,3.66,19.12
94.395742,-0.0596,-0.0181,0.9985,-0.06,0.06,-0.12,-2.52,3.66,19.12
94.455801,-0.0513,-0.0220,1.0020,0.00,0.06,-0.18,-2.52,3.67,19.12
94.455801,-0.0435,-0.0195,0.9985,-0.06,0.06,-0.18,-2.52,3.67,19.12
94.485707,-0.0415,-0.0171,1.0000,0.00,0.00,-0.12,-2.52,3.67,19.12
94.485707,-0.0464,-0.0176,1.0005,-0.06,0.00,-0.06,-2.52,3.66,19.12
94.515787,-0.0542,-0.0220,1.0015,-0.12,0.00,-0.06,-2.52,3.66,19.12
94.515787,-0.0596,-0.0244,0.9995,-0.06,0.00,-0.12,-2.52,3.66,19.12
94.575737,-0.0596,-0.0210,1.0000,0.00,0.00,-0.12,-2.52,3.67,19.11
94.575737,-0.0542,-0.0171,1.0010,0.00,0.06,-0.18,-2.52,3.67,19.11
94.605817,-0.0488,-0.0156,1.0005,0.00,0.00,-0.12,-2.52,3.67,19.11
94.605817,-0.0439,-0.0186,1.0020,-0.12,0.00,-0.12,-2.52,3.67,19.11
94.635838,-0.0439,-0.0200,0.9995,0.00,0.00,-0.18,-2.52,3.67,19.11
94.635838,-0.0444,-0.0210,1.0029,0.00,0.00,-0.06,-2.52,3.67,19.11
94.695781,-0.0488,-0.0205,1.0005,0.00,0.00,0.00,-2.52,3.67,19.11
94.695781,-0.0562,-0.0234,1.0005,-0.06,0.00,0.00,-2.52,3.66,19.11
94.725736,-0.0581,-0.0239,1.0005,0.00,0.00,0.00,-2.52,3.67,19.11
94.725736,-0.0547,-0.0229,1.0005,-0.06,0.00,-0.06,-2.53,3.67,19.11
94.756005,-0.0503,-0.0181,0.9907,0.12,0.00,0.00,-2.53,3.67,19.11
94.756005,-0.0483,-0.0107,1.0078,-0.12,0.00,-0.06,-2.53,3.67,19.10
94.815728,-0.0527,-0.0044,0.9995,0.00,-0.06,-0.18,-2.53,3.67,19.10
94.815728,-0.0537,-0.0127,1.0024,-0.24,0.00,-0.24,-2.52,3.67,19.10
94.847313,-0.0518,-0.0269,0.9990,0.06,-0.06,-0.18,-2.52,3.67,19.10
94.847313,-0.0493,-0.0337,0.9980,-0.12,0.06,0.00,-2.52,3.67,19.10
94.875712,-0.0488,-0.0259,1.0073,0.06,0.00,-0.06,-2.53,3.67,19.10
94.875712,-0.0469,-0.0142,0.9956,0.00,0.06,-0.18,-2.53,3.67,19.09
94.935828,-0.0498,-0.0117,1.0059,0.00,0.00,-0.24,-2.53,3.67,19.09
94.935828,-0.0557,-0.0171,0.9951,-0.06,0.00,-0.18,-2.53,3.67,19.09
94.965716,-0.0601,-0.0244,1.0029,-0.12,0.00,-0.06,-2.53,3.67,19.09
94.965716,-0.0586,-0.0264,0.9946,0.00,0.00,-0.12,-2.53,3.67,19.09
94.995792,-0.0479,-0.0210,1.0098,-0.12,0.06,-0.12,-2.53,3.67,19.09
94.995792,-0.0312,-0.0166,1.0000,0.00,-0.06,-0.12,-2.53,3.67,19.09
95.055740,-0.0312,-0.0156,0.9941,-0.12,0.00,0.00,-2.53,3.67,19.09
95.055740,-0.0513,-0.0146,1.0044,0.12,-0.12,0.12,-2.53,3.67,19.09
95.085848,-0.0728,-0.0166,0.9941,-0.06,0.00,-0.12,-2.53,3.67,19.09
95.085848,-0.0762,-0.0234,1.0093,0.00,0.00,-0.31,-2.53,3.67,19.09
95.115700,-0.0557,-0.0283,1.0005,-0.24,0.00,-0.24,-2.53,3.67,19.08
95.115700,-0.0342,-0.0303,1.0059,-0.12,0.00,0.00,-2.53,3.67,19.08
95.175723,-0.0229,-0.0269,0.9932,-0.06,0.00,0.18,-2.53,3.67,19.08
95.175723,-0.0283,-0.0190,0.9990,0.12,0.00,0.06,-2.53,3.67,19.08
95.205707,-0.0454,-0.0107,1.0024,0.06,0.00,0.00,-2.54,3.67,19.08
95.205707,-0.0693,-0.0020,1.0103,0.00,0.00,0.00,-2.54,3.66,19.08
95.235810,-0.0996,0.0000,1.0073,-0.31,-0.06,-0.18,-2.53,3.66,19.08
95.235810,-0.0850,-0.0122,0.9800,-0.18,0.12,-0.43,-2.53,3.67,19.08
95.295731,-0.0454,-0.0317,1.0137,-0.18,0.06,-0.37,-2.53,3.68,19.08
95.295731,-0.0107,-0.0410,0.9932,-0.06,0.00,-0.12,-2.53,3.69,19.07
95.325741,-0.0098,-0.0410,1.0137,-0.12,0.00,0.00,-2.53,3.68,19.07
95.325741,-0.0347,-0.0269,0.9966,0.12,-0.12,-0.12,-2.53,3.67,19.07
95.355738,-0.0742,-0.0122,1.0015,0.00,0.00,-0.18,-2.54,3.67,19.07
95.355738,-0.0884,-0.0049,1.0024,0.00,-0.06,-0.18,-2.54,3.67,19.07
95.415688,-0.0732,-0.0068,0.9917,0.00,0.06,0.00,-2.54,3.67,19.07
95.415688,-0.0391,-0.0083,1.0024,0.12,0.12,0.12,-2.54,3.68,19.07
95.446777,-0.0181,-0.0156,1.0049,-0.31,-0.06,0.00,-2.53,3.68,19.07
95.446777,-0.0229,-0.0288,0.9985,-0.06,-0.06,-0.24,-2.53,3.67,19.07
95.475975,-0.0474,-0.0366,1.0083,-0.18,0.00,-0.24,-2.53,3.67,19.07
95.475975,-0.0718,-0.0327,0.9995,0.12,-0.06,0.00,-2.53,3.67,19.07
95.535738,-0.0786,-0.0215,1.0010,-0.06,0.00,0.18,-2.54,3.67,19.07
95.535738,-0.0688,-0.0132,1.0005,0.12,0.00,0.12,-2.54,3.67,19.06
95.565740,-0.0469,-0.0112,0.9956,-0.12,0.12,-0.12,-2.54,3.68,19.06
95.565740,-0.0269,-0.0161,1.0068,0.00,-0.06,-0.31,-2.54,3.68,19.06
95.595809,-0.0283,-0.0200,0.9961,-0.06,0.00,-0.18,-2.54,3.67,19.06
95.595809,-0.0513,-0.0215,1.0063,0.00,0.00,-0.06,-2.54,3.67,19.06
95.656090,-0.0728,-0.0190,1.0000,-0.12,0.00,-0.06,-2.54,3.67,19.06
95.656090,-0.0723,-0.0239,0.9985,-0.12,0.00,-0.18,-2.54,3.67,19.06
95.685733,-0.0498,-0.0249,1.0005,-0.06,0.06,-0.12,-2.54,3.68,19.06
95.685733,-0.0298,-0.0200,1.0000,0.00,0.00,0.00,-2.54,3.68,19.06
95.745698,-0.0269,-0.0146,1.0049,0.00,0.00,0.00,-2.54,3.67,19.06
95.745698,-0.0430,-0.0117,0.9990,0.00,0.00,0.00,-2.54,3.67,19.06
95.775789,-0.0659,-0.0127,1.0039,-0.06,0.00,-0.12,-2.54,3.67,19.06
95.775789,-0.0762,-0.0156,0.9966,-0.12,0.00,-0.24,-2.54,3.67,19.06
95.805705,-0.0684,-0.0254,1.0024,-0.12,0.06,-0.18,-2.54,3.67,19.05
95.805705,-0.0479,-0.0342,1.0000,-0.06,0.00,-0.06,-2.54,3.68,19.05
95.866918,-0.0312,-0.0332,1.0024,-0.06,0.00,0.00,-2.54,3.68,19.05
95.866918,-0.0264,-0.0244,1.0024,0.06,0.00,0.00,-2.54,3.68,19.05
95.896476,-0.0396,-0.0132,0.9980,0.06,0.06,-0.12,-2.54,3.67,19.04
95.896476,-0.0630,-0.0039,1.0112,-0.06,0.00,-0.12,-2.55,3.67,19.04
95.926831,-0.0718,-0.0049,0.9917,-0.06,0.00,-0.06,-2.54,3.67,19.04
95.926831,-0.0674,-0.0146,0.9985,-0.24,0.06,0.00,-2.54,3.67,19.04
95.985647,-0.0542,-0.0254,1.0054,0.00,0.00,-0.18,-2.54,3.68,19.04
95.985647,-0.0400,-0.0317,0.9966,-0.12,0.00,-0.24,-2.54,3.68,19.04
96.015706,-0.0327,-0.0337,1.0098,0.00,0.00,-0.24,-2.54,3.68,19.04
96.015706,-0.0356,-0.0244,0.9912,0.00,0.06,-0.06,-2.54,3.68,19.04
96.045702,-0.0532,-0.0142,1.0083,0.00,0.00,0.12,-2.55,3.67,19.04
96.045702,-0.0669,-0.0083,0.9941,-0.06,-0.06,0.00,-2.55,3.67,19.04
96.135795,-0.0688,-0.0112,1.0054,-0.12,0.00,-0.18,-2.54,3.67,19.04
96.135795,-0.0542,-0.0186,1.0015,0.00,0.00,-0.18,-2.54,3.68,19.03
96.138162,-0.0400,-0.0269,0.9990,-0.06,0.00,-0.06,-2.54,3.68,19.03
96.138162,-0.0352,-0.0264,1.0044,0.00,0.00,0.00,-2.54,3.68,19.03
96.165774,-0.0430,-0.0225,0.9971,-0.12,0.00,0.00,-2.54,3.68,19.03
96.165774,-0.0547,-0.0210,1.0063,0.00,0.00,-0.18,-2.55,3.67,19.03
96.225920,-0.0630,-0.0215,0.9971,0.00,0.00,-0.06,-2.55,3.67,19.03
96.225920,-0.0664,-0.0195,1.0029,0.00,0.00,-0.06,-2.55,3.67,19.03
96.255773,-0.0571,-0.0107,0.9932,0.00,0.00,-0.06,-2.55,3.68,19.03
96.255773,-0.0439,-0.0078,1.0034,-0.12,0.06,-0.18,-2.55,3.68,19.03
96.285732,-0.0332,-0.0146,0.9976,-0.06,0.00,-0.24,-2.55,3.68,19.03
96.285732,-0.0376,-0.0278,1.0010,-0.18,0.00,-0.12,-2.54,3.68,19.03
96.346731,-0.0547,-0.0337,1.0005,0.06,-0.06,0.06,-2.55,3.67,19.03
96.346731,-0.0669,-0.0225,0.9995,-0.06,0.06,0.00,-2.55,3.67,19.03
96.375767,-0.0645,-0.0127,1.0063,0.06,0.00,-0.18,-2.55,3.68,19.03
96.375767,-0.0464,-0.0142,0.9966,-0.06,0.12,-0.18,-2.55,3.68,19.02
96.405753,-0.0356,-0.0166,1.0059,-0.06,0.00,0.00,-2.55,3.68,19.02
96.405753,-0.0376,-0.0176,0.9922,-0.06,0.00,0.06,-2.55,3.68,19.02
96.465703,-0.0527,-0.0186,1.0063,0.00,0.00,-0.12,-2.55,3.67,19.02
96.465703,-0.0620,-0.0195,0.9941,0.00,0.00,-0.18,-2.55,3.67,19.02
96.496150,-0.0649,-0.0220,1.0088,0.00,0.00,-0.24,-2.55,3.68,19.02
96.496150,-0.0566,-0.0215,0.9956,0.00,0.00,-0.12,-2.55,3.68,19.02
96.525702,-0.0488,-0.0210,0.9995,-0.06,0.06,0.00,-2.55,3.68,19.02
96.525702,-0.0391,-0.0210,1.0024,0.00,0.00,-0.06,-2.55,3.68,19.02
96.585772,-0.0347,-0.0215,0.9976,0.00,0.00,-0.18,-2.55,3.68,19.02
96.585772,-0.0405,-0.0200,1.0063,0.00,0.00,-0.12,-2.55,3.68,19.02
96.615780,-0.0542,-0.0156,0.9946,0.00,0.00,-0.06,-2.55,3.67,19.02
96.615780,-0.0659,-0.0146,1.0049,0.00,0.00,0.00,-2.55,3.67,19.02
96.645800,-0.0645,-0.0146,0.9956,0.00,0.00,-0.06,-2.55,3.68,19.02
96.645800,-0.0537,-0.0181,1.0034,-0.06,0.06,-0.18,-2.55,3.68,19.01
96.705778,-0.0425,-0.0225,1.0000,0.00,0.00,-0.18,-2.55,3.68,19.01
96.705778,-0.0425,-0.0195,1.0000,-0.06,0.00,-0.18,-2.55,3.68,19.01
96.735758,-0.0493,-0.0195,1.0059,0.00,-0.06,-0.18,-2.55,3.68,19.01
96.735758,-0.0542,-0.0190,0.9961,-0.06,0.00,-0.18,-2.55,3.68,19.01
96.765662,-0.0537,-0.0215,1.0024,-0.06,0.00,-0.06,-2.55,3.68,19.01
96.765662,-0.0498,-0.0200,0.9980,-0.06,0.00,0.00,-2.55,3.68,19.01
96.825753,-0.0488,-0.0210,0.9995,0.00,0.00,0.00,-2.55,3.68,19.01
96.825753,-0.0542,-0.0254,1.0063,-0.06,0.00,-0.18,-2.55,3.68,19.01
96.855887,-0.0591,-0.0259,0.9956,0.00,0.00,-0.18,-2.55,3.68,19.01
96.855887,-0.0542,-0.0254,1.0054,-0.06,0.00,-0.18,-2.55,3.68,19.01
96.885847,-0.0454,-0.0205,0.9990,0.00,0.00,0.00,-2.55,3.69,19.01
96.885847,-0.0439,-0.0103,1.0029,-0.06,0.00,0.06,-2.55,3.69,19.01
96.946336,-0.0459,-0.0068,0.9980,0.00,0.00,-0.12,-2.55,3.68,19.00
96.946336,-0.0474,-0.0151,0.9995,-0.24,0.00,-0.24,-2.55,3.68,19.00
96.975864,-0.0498,-0.0259,1.0024,0.00,-0.06,-0.12,-2.55,3.68,19.00
96.975864,-0.0601,-0.0337,0.9971,-0.12,0.00,0.06,-2.55,3.68,19.00
97.005810,-0.0630,-0.0303,1.0054,0.00,0.00,0.00,-2.55,3.68,19.00
97.005810,-0.0552,-0.0195,0.9961,0.00,0.00,-0.12,-2.56,3.69,19.00
97.065715,-0.0464,-0.0103,1.0015,0.06,0.00,-0.18,-2.56,3.69,19.00
97.065715,-0.0420,-0.0039,1.0034,0.00,0.00,-0.12,-2.56,3.69,19.00
97.096804,-0.0464,-0.0068,0.9976,-0.12,0.00,-0.06,-2.55,3.69,19.00
97.096804,-0.0537,-0.0186,1.0020,-0.18,0.00,-0.06,-2.55,3.69,19.00
97.155750,-0.0576,-0.0327,1.0015,-0.12,0.00,-0.12,-2.55,3.69,19.00
97.155750,-0.0542,-0.0410,1.0068,-0.06,0.00,-0.18,-2.55,3.69,19.00
97.185711,-0.0464,-0.0356,1.0000,0.00,0.00,-0.06,-2.56,3.69,19.00
97.185711,-0.0425,-0.0171,0.9985,0.00,0.00,0.00,-2.56,3.69,19.00
97.215752,-0.0459,0.0005,0.9907,0.18,0.00,0.00,-2.56,3.69,19.00
97.215752,-0.0522,0.0078,1.0098,-0.18,0.00,-0.06,-2.56,3.68,19.00
97.277152,-0.0581,-0.0024,0.9985,-0.06,-0.06,-0.18,-2.55,3.68,18.99
97.277152,-0.0566,-0.0249,0.9990,-0.24,0.06,-0.24,-2.55,3.69,18.99
97.305697,-0.0488,-0.0444,1.0034,0.06,0.00,-0.06,-2.55,3.69,18.99
97.305697,-0.0444,-0.0464,0.9976,0.00,0.06,0.06,-2.55,3.69,18.99
97.335733,-0.0483,-0.0317,1.0073,0.06,0.00,0.00,-2.56,3.69,18.99
97.335733,-0.0566,-0.0117,0.9946,0.00,0.00,-0.12,-2.56,3.69,18.99
97.395706,-0.0620,-0.0020,1.0054,0.00,0.00,-0.31,-2.57,3.69,18.99
97.395706,-0.0591,-0.0029,0.9956,-0.12,0.00,-0.18,-2.56,3.69,18.98
97.425724,-0.0498,-0.0127,1.0005,-0.12,0.06,-0.12,-2.56,3.69,18.98
97.425724,-0.0366,-0.0244,0.9990,0.00,0.00,-0.06,-2.55,3.69,18.98
97.455975,-0.0283,-0.0283,0.9951,0.06,0.00,0.00,-2.55,3.69,18.98
97.455975,-0.0366,-0.0244,1.0142,-0.12,0.00,-0.06,-2.56,3.68,18.98
97.515778,-0.0601,-0.0229,1.0029,-0.18,-0.12,-0.06,-2.56,3.68,18.98
97.515778,-0.0737,-0.0249,0.9966,-0.24,0.00,-0.12,-2.56,3.68,18.98
97.545780,-0.0718,-0.0215,0.9971,0.12,0.00,0.00,-2.56,3.68,18.98
97.545780,-0.0518,-0.0176,0.9995,-0.12,0.06,-0.12,-2.56,3.69,18.98
97.575796,-0.0376,-0.0146,1.0078,0.06,0.00,-0.06,-2.57,3.69,18.98
97.575796,-0.0312,-0.0093,0.9946,-0.12,0.06,-0.12,-2.56,3.69,18.98
97.635871,-0.0400,-0.0098,1.0088,0.00,0.00,-0.24,-2.56,3.69,18.98
97.635871,-0.0537,-0.0142,0.9854,-0.12,0.06,-0.18,-2.56,3.68,18.98
97.665773,-0.0654,-0.0244,1.0078,0.00,0.00,-0.06,-2.55,3.68,18.98
97.665773,-0.0640,-0.0312,0.9976,-0.06,0.06,0.00,-2.55,3.68,18.98
97.695756,-0.0542,-0.0356,1.0029,0.00,0.06,0.00,-2.56,3.69,18.98
97.695756,-0.0410,-0.0278,0.9990,0.00,0.00,-0.12,-2.56,3.69,18.97
97.755717,-0.0376,-0.0166,1.0010,0.00,0.00,-0.18,-2.57,3.69,18.97
97.755717,-0.0405,-0.0078,0.9985,0.00,0.00,0.00,-2.57,3.69,18.97
97.785727,-0.0552,-0.0020,1.0005,0.00,0.00,0.00,-2.57,3.68,18.97
97.785727,-0.0640,-0.0059,1.0024,-0.06,0.06,-0.06,-2.56,3.68,18.97
97.815623,-0.0669,-0.0176,1.0059,-0.12,-0.06,-0.31,-2.56,3.69,18.97
97.815623,-0.0581,-0.0312,0.9932,-0.24,0.00,-0.31,-2.55,3.69,18.97
97.876174,-0.0459,-0.0347,1.0073,0.06,0.00,-0.18,-2.56,3.69,18.97
97.876174,-0.0347,-0.0283,0.9976,-0.06,0.00,0.00,-2.56,3.69,18.97
97.905761,-0.0386,-0.0215,1.0098,-0.06,0.00,0.00,-2.56,3.69,18.97
97.905761,-0.0483,-0.0181,0.9946,-0.06,0.00,-0.12,-2.57,3.69,18.97
97.936760,-0.0586,-0.0200,1.0029,-0.06,0.00,-0.12,-2.57,3.69,18.97
97.936760,-0.0571,-0.0171,0.9961,0.00,0.00,-0.12,-2.57,3.69,18.97
97.995756,-0.0488,-0.0127,0.9971,0.06,0.06,0.00,-2.57,3.69,18.97
97.995756,-0.0464,-0.0063,1.0122,-0.12,0.00,0.06,-2.57,3.69,18.97
98.025837,-0.0503,-0.0088,0.9990,-0.12,-0.06,-0.12,-2.56,3.69,18.96
98.025837,-0.0552,-0.0210,1.0005,-0.24,0.00,-0.31,-2.56,3.69,18.96
98.055702,-0.0566,-0.0312,1.0010,0.00,0.00,-0.31,-2.56,3.69,18.96
98.055702,-0.0518,-0.0347,0.9985,-0.12,0.06,-0.06,-2.56,3.69,18.96
98.115792,-0.0483,-0.0298,1.0093,0.06,0.00,0.06,-2.56,3.69,18.96
98.115792,-0.0459,-0.0195,0.9971,-0.06,0.00,0.00,-2.57,3.69,18.96
98.145816,-0.0449,-0.0122,1.0034,0.06,0.00,-0.12,-2.57,3.69,18.96
98.145816,-0.0469,-0.0083,0.9951,-0.12,0.00,-0.18,-2.57,3.69,18.96
98.175795,-0.0527,-0.0122,1.0049,-0.06,0.00,-0.06,-2.57,3.69,18.96
98.175795,-0.0581,-0.0195,1.0000,0.00,0.00,0.00,-2.57,3.69,18.96
98.235734,-0.0576,-0.0259,1.0015,0.00,0.06,-0.06,-2.56,3.69,18.96
98.235734,-0.0483,-0.0303,1.0029,0.00,0.00,-0.06,-2.57,3.69,18.96
98.265936,-0.0430,-0.0283,0.9990,0.00,0.00,-0.18,-2.57,3.69,18.95
98.265936,-0.0454,-0.0195,1.0015,0.06,0.00,0.00,-2.57,3.69,18.95
98.296029,-0.0557,-0.0068,0.9971,0.00,0.00,-0.06,-2.57,3.69,18.95
98.296029,-0.0586,-0.0059,1.0015,-0.12,0.00,-0.18,-2.57,3.69,18.95
98.356763,-0.0571,-0.0151,1.0122,-0.06,0.00,-0.12,-2.57,3.69,18.95
98.356763,-0.0508,-0.0229,0.9917,-0.06,0.00,-0.12,-2.56,3.69,18.95
98.385564,-0.0459,-0.0303,1.0083,-0.06,0.00,-0.06,-2.56,3.69,18.95
98.385564,-0.0410,-0.0254,0.9888,0.06,0.00,-0.06,-2.57,3.69,18.95
98.415703,-0.0439,-0.0195,1.0073,-0.18,0.00,-0.06,-2.57,3.69,18.95
98.415703,-0.0522,-0.0171,0.9990,0.00,-0.06,-0.12,-2.57,3.69,18.95
98.475827,-0.0620,-0.0215,1.0005,-0.12,0.06,-0.12,-2.57,3.69,18.95
98.475827,-0.0645,-0.0239,1.0039,0.00,0.00,-0.06,-2.57,3.69,18.95
98.505775,-0.0552,-0.0186,0.9956,-0.06,0.06,-0.12,-2.57,3.69,18.95
98.505775,-0.0405,-0.0112,1.0054,0.00,0.00,-0.06,-2.57,3.69,18.95
98.566660,-0.0298,-0.0083,0.9932,0.00,0.00,-0.06,-2.57,3.69,18.95
98.566660,-0.0366,-0.0151,1.0068,0.00,0.00,0.00,-2.57,3.69,18.95
98.595801,-0.0532,-0.0229,1.0029,-0.12,-0.12,0.00,-2.57,3.68,18.95
98.595801,-0.0674,-0.0264,0.9985,-0.12,0.00,0.00,-2.57,3.68,18.95
98.626302,-0.0723,-0.0244,1.0039,0.00,0.00,-0.18,-2.57,3.69,18.94
98.626302,-0.0601,-0.0220,0.9932,-0.06,0.06,-0.31,-2.57,3.69,18.94
98.685759,-0.0430,-0.0220,1.0103,-0.06,0.00,-0.18,-2.57,3.69,18.94
98.685759,-0.0312,-0.0210,0.9927,0.00,0.00,0.00,-2.57,3.69,18.94
98.715716,-0.0361,-0.0181,1.0078,0.00,0.00,0.00,-2.57,3.69,18.94
98.715716,-0.0503,-0.0161,0.9937,-0.06,0.00,-0.18,-2.57,3.69,18.94
98.745757,-0.0654,-0.0186,1.0020,-0.18,0.00,-0.18,-2.57,3.69,18.94
98.745757,-0.0664,-0.0200,1.0024,0.00,0.00,-0.18,-2.57,3.69,18.93
98.806540,-0.0527,-0.0210,0.9976,-0.06,0.06,0.00,-2.57,3.69,18.93
98.806540,-0.0405,-0.0249,1.0068,0.06,0.00,0.00,-2.57,3.69,18.93
98.835721,-0.0356,-0.0215,0.9951,0.00,0.00,0.00,-2.57,3.69,18.93
98.835721,-0.0469,-0.0171,1.0054,0.00,0.00,-0.12,-2.57,3.69,18.93
98.866575,-0.0605,-0.0093,0.9995,0.00,0.00,-0.24,-2.57,3.69,18.93
98.866575,-0.0664,-0.0122,1.0010,-0.06,-0.06,-0.18,-2.57,3.69,18.93
98.925782,-0.0615,-0.0186,0.9971,-0.24,0.00,0.00,-2.57,3.69,18.93
98.925782,-0.0542,-0.0234,1.0034,0.00,0.00,0.00,-2.57,3.69,18.93
98.957137,-0.0371,-0.0293,0.9985,-0.12,0.00,-0.24,-2.57,3.69,18.93
98.957137,-0.0293,-0.0312,1.0054,0.00,0.00,-0.18,-2.57,3.69,18.93
98.985710,-0.0361,-0.0225,0.9980,-0.06,0.00,0.00,-2.57,3.69,18.93
98.985710,-0.0552,-0.0103,1.0024,0.00,0.00,0.06,-2.57,3.69,18.93
99.045749,-0.0693,-0.0059,0.9971,-0.12,0.00,0.12,-2.57,3.68,18.93
99.045749,-0.0688,-0.0127,1.0015,-0.06,0.00,-0.06,-2.57,3.69,18.93
99.075774,-0.0566,-0.0264,0.9990,-0.12,0.00,-0.18,-2.57,3.69,18.93
99.075774,-0.0430,-0.0322,1.0024,0.00,0.00,-0.18,-2.57,3.69,18.92
99.106741,-0.0371,-0.0254,0.9990,0.00,0.00,-0.12,-2.57,3.69,18.92
99.106741,-0.0425,-0.0151,0.9990,-0.06,0.00,-0.12,-2.57,3.69,18.92
99.165707,-0.0513,-0.0107,1.0039,0.00,0.00,-0.12,-2.57,3.69,18.92
99.165707,-0.0571,-0.0132,0.9980,-0.06,0.00,-0.06,-2.57,3.69,18.92
99.195756,-0.0615,-0.0205,1.0034,0.00,0.00,-0.06,-2.57,3.69,18.92
99.195756,-0.0586,-0.0239,0.9995,0.00,0.06,-0.06,-2.57,3.69,18.92
99.225809,-0.0493,-0.0229,1.0024,0.00,0.00,-0.18,-2.57,3.69,18.92
99.225809,-0.0400,-0.0151,0.9941,-0.12,0.00,-0.18,-2.57,3.69,18.92
99.285723,-0.0449,-0.0161,1.0127,-0.06,0.00,-0.12,-2.57,3.69,18.92
99.285723,-0.0508,-0.0195,0.9883,-0.18,0.00,-0.18,-2.57,3.69,18.92
99.315692,-0.0542,-0.0273,1.0088,-0.06,0.00,-0.12,-2.57,3.69,18.92
99.315692,-0.0488,-0.0303,0.9937,-0.06,0.00,0.00,-2.57,3.69,18.92
99.345701,-0.0444,-0.0312,1.0049,-0.06,0.06,0.06,-2.57,3.69,18.92
99.345701,-0.0420,-0.0229,1.0005,0.00,0.00,0.06,-2.57,3.69,18.92
99.405786,-0.0522,-0.0088,0.9966,0.06,0.00,0.00,-2.58,3.69,18.92
99.405786,-0.0601,-0.0015,1.0020,0.00,0.06,-0.06,-2.58,3.69,18.92
99.435781,-0.0615,-0.0024,1.0034,-0.18,0.00,-0.24,-2.57,3.69,18.91
99.435781,-0.0571,-0.0122,0.9932,-0.24,0.00,-0.18,-2.57,3.69,18.91
99.465712,-0.0513,-0.0269,1.0088,-0.12,0.00,-0.06,-2.57,3.69,18.91
99.465712,-0.0415,-0.0366,0.9941,0.00,0.00,-0.06,-2.57,3.69,18.91
99.525843,-0.0386,-0.0410,1.0063,0.00,0.00,-0.06,-2.57,3.69,18.91
99.525843,-0.0410,-0.0298,0.9966,0.06,0.00,0.00,-2.57,3.69,18.91
99.555541,-0.0527,-0.0146,1.0024,0.00,0.00,0.06,-2.58,3.69,18.91
99.555541,-0.0625,-0.0020,0.9995,0.00,0.00,0.00,-2.58,3.69,18.91
99.585652,-0.0645,-0.0020,0.9980,-0.06,0.00,-0.06,-2.57,3.69,18.91
99.585652,-0.0586,-0.0127,0.9966,0.00,0.00,-0.18,-2.57,3.69,18.91
99.646168,-0.0503,-0.0229,1.0083,-0.24,0.00,-0.18,-2.57,3.69,18.91
99.646168,-0.0430,-0.0298,1.0005,-0.06,-0.06,-0.24,-2.57,3.69,18.91
99.675711,-0.0366,-0.0342,0.9995,-0.24,0.00,-0.18,-2.57,3.69,18.91
99.675711,-0.0396,-0.0298,0.9980,0.12,0.00,-0.06,-2.57,3.69,18.91
99.705692,-0.0508,-0.0186,1.0020,-0.06,0.00,0.06,-2.58,3.69,18.91
99.705692,-0.0630,-0.0083,1.0000,0.12,0.00,0.00,-2.58,3.69,18.91
99.765684,-0.0640,-0.0049,0.9985,-0.18,0.06,-0.12,-2.58,3.69,18.91
99.765684,-0.0571,-0.0098,1.0029,0.00,0.00,-0.24,-2.57,3.69,18.91
99.795696,-0.0459,-0.0171,0.9932,-0.06,0.06,-0.12,-2.57,3.69,18.91
99.795696,-0.0410,-0.0264,1.0068,0.00,0.00,-0.12,-2.57,3.69,18.91
99.825770,-0.0425,-0.0298,0.9990,-0.12,0.00,-0.06,-2.57,3.69,18.90
99.825770,-0.0493,-0.0308,1.0039,-0.06,0.00,-0.18,-2.57,3.69,18.90
99.886830,-0.0547,-0.0288,0.9956,-0.06,0.00,-0.12,-2.57,3.69,18.90
99.886830,-0.0591,-0.0234,1.0024,0.00,0.00,0.00,-2.58,3.69,18.90
99.915772,-0.0586,-0.0171,0.9966,0.00,0.00,0.00,-2.58,3.69,18.90
99.915772,-0.0552,-0.0049,1.0093,-0.06,0.00,-0.06,-2.58,3.69,18.90
99.975791,-0.0410,-0.0005,1.0029,0.00,0.00,-0.24,-2.58,3.69,18.90
99.975791,-0.0347,-0.0093,0.9951,-0.18,0.00,-0.12,-2.57,3.69,18.90
100.005681,-0.0483,-0.0259,1.0044,-0.06,-0.06,-0.06,-2.57,3.69,18.90
100.005681,-0.0610,-0.0376,0.9932,-0.12,0.00,-0.06,-2.57,3.69,18.90
100.035770,-0.0649,-0.0400,1.0054,0.06,0.00,-0.18,-2.57,3.69,18.90
100.035770,-0.0527,-0.0278,0.9961,0.00,0.06,-0.18,-2.58,3.69,18.90
100.095693,-0.0439,-0.0132,1.0063,0.06,0.06,-0.06,-2.58,3.69,18.90
100.095693,-0.0391,-0.0049,0.9956,0.00,0.00,0.00,-2.58,3.69,18.90
100.125694,-0.0474,-0.0073,1.0024,-0.12,0.06,0.00,-2.58,3.69,18.90
100.125694,-0.0557,-0.0151,1.0039,-0.06,0.00,-0.18,-2.58,3.69,18.90
100.155671,-0.0596,-0.0200,1.0024,-0.06,0.00,-0.24,-2.57,3.69,18.90
100.155671,-0.0522,-0.0244,0.9985,-0.18,0.00,-0.06,-2.57,3.69,18.90
100.215677,-0.0488,-0.0298,1.0054,0.00,0.00,0.00,-2.57,3.69,18.90
100.215677,-0.0449,-0.0322,0.9912,-0.06,0.06,0.00,-2.57,3.69,18.90
100.245722,-0.0444,-0.0269,1.0034,0.06,0.00,-0.06,-2.58,3.69,18.89
100.245722,-0.0454,-0.0122,0.9941,0.00,0.00,-0.06,-2.58,3.69,18.89
100.277122,-0.0527,-0.0015,1.0068,0.00,0.00,-0.06,-2.58,3.69,18.89
100.277122,-0.0640,-0.0039,0.9922,-0.06,0.00,-0.06,-2.58,3.69,18.89
100.335782,-0.0688,-0.0181,1.0146,-0.18,0.00,-0.12,-2.57,3.69,18.89
100.335782,-0.0615,-0.0278,1.0000,-0.06,0.00,-0.24,-2.57,3.69,18.89
100.365739,-0.0410,-0.0312,0.9946,-0.18,0.12,-0.31,-2.57,3.70,18.89
100.365739,-0.0293,-0.0273,1.0049,0.06,0.00,-0.12,-2.57,3.70,18.89
100.395712,-0.0337,-0.0259,0.9941,-0.12,0.00,0.06,-2.58,3.69,18.89
100.395712,-0.0552,-0.0234,1.0083,0.06,0.00,0.00,-2.58,3.69,18.89
100.455684,-0.0684,-0.0122,0.9927,-0.06,0.00,-0.06,-2.58,3.69,18.89
100.455684,-0.0674,-0.0024,1.0044,0.00,0.00,-0.31,-2.58,3.69,18.89
100.485718,-0.0527,-0.0049,0.9976,-0.12,0.06,-0.24,-2.58,3.69,18.89
100.485718,-0.0371,-0.0156,1.0044,-0.06,0.00,-0.06,-2.57,3.69,18.89
100.517138,-0.0327,-0.0264,0.9990,-0.06,0.00,-0.06,-2.57,3.69,18.89
100.517138,-0.0386,-0.0322,0.9995,0.00,0.00,-0.06,-2.57,3.69,18.89
100.576982,-0.0537,-0.0303,1.0015,0.00,0.00,-0.06,-2.57,3.69,18.89
100.576982,-0.0688,-0.0234,0.9985,0.00,0.00,-0.18,-2.58,3.69,18.89
100.605788,-0.0732,-0.0161,1.0078,-0.06,0.00,-0.12,-2.58,3.69,18.89
100.605788,-0.0610,-0.0132,0.9966,0.00,0.00,-0.12,-2.58,3.69,18.89
100.635577,-0.0425,-0.0171,1.0024,-0.12,0.06,-0.12,-2.58,3.70,18.88
100.635577,-0.0264,-0.0239,1.0000,0.00,0.00,-0.12,-2.58,3.70,18.88
100.695730,-0.0288,-0.0225,0.9971,-0.06,0.00,-0.06,-2.58,3.69,18.88
100.695730,-0.0479,-0.0176,1.0024,0.00,-0.06,-0.06,-2.58,3.69,18.88
100.725712,-0.0640,-0.0127,0.9956,-0.06,0.00,-0.06,-2.58,3.69,18.88
100.725712,-0.0688,-0.0181,1.0054,0.00,0.00,0.00,-2.58,3.69,18.88
100.755769,-0.0649,-0.0215,0.9956,-0.06,0.00,0.00,-2.58,3.69,18.88
100.755769,-0.0547,-0.0269,1.0034,0.00,0.06,-0.12,-2.58,3.69,18.88
100.815607,-0.0405,-0.0269,0.9980,0.00,0.06,-0.24,-2.58,3.69,18.88
100.815607,-0.0356,-0.0239,1.0015,0.00,0.00,-0.18,-2.58,3.69,18.88
100.846820,-0.0430,-0.0151,0.9990,0.00,0.00,-0.06,-2.58,3.69,18.88
100.846820,-0.0508,-0.0103,0.9995,-0.12,0.00,0.00,-2.58,3.69,18.87
100.875790,-0.0576,-0.0122,1.0005,-0.06,0.00,-0.06,-2.58,3.69,18.87
100.875790,-0.0601,-0.0200,0.9990,-0.06,0.00,-0.12,-2.58,3.69,18.87
100.938247,-0.0581,-0.0269,1.0015,-0.06,0.00,-0.18,-2.58,3.69,18.87
100.938247,-0.0503,-0.0269,0.9995,0.00,0.00,-0.24,-2.58,3.69,18.87
100.965678,-0.0439,-0.0220,1.0010,0.00,0.00,-0.12,-2.58,3.69,18.87
100.965678,-0.0420,-0.0166,0.9995,-0.06,0.00,0.00,-2.58,3.69,18.87
100.995731,-0.0459,-0.0151,0.9976,0.00,0.00,0.00,-2.58,3.69,18.87
100.995731,-0.0527,-0.0166,1.0010,-0.06,0.00,-0.06,-2.58,3.69,18.87
101.056177,-0.0566,-0.0195,1.0000,0.00,0.00,-0.06,-2.58,3.69,18.87
101.056177,-0.0562,-0.0215,1.0005,-0.06,0.00,-0.06,-2.58,3.69,18.87
101.086788,-0.0513,-0.0239,1.0000,-0.06,0.00,0.00,-2.58,3.69,18.87
101.086788,-0.0469,-0.0249,1.0010,0.00,0.00,0.00,-2.58,3.69,18.87
101.115758,-0.0464,-0.0234,1.0024,0.00,0.00,0.00,-2.58,3.69,18.87
101.115758,-0.0518,-0.0146,0.9980,0.00,0.00,-0.12,-2.58,3.69,18.87
101.205866,-0.0547,-0.0059,0.9995,-0.06,0.00,-0.24,-2.58,3.69,18.87
101.205866,-0.0552,-0.0078,0.9941,0.00,0.00,-0.18,-2.58,3.69,18.87
101.208309,-0.0518,-0.0137,1.0093,-0.06,0.06,-0.12,-2.58,3.69,18.87
101.208309,-0.0518,-0.0234,1.0020,-0.06,-0.06,-0.12,-2.58,3.69,18.87
101.236807,-0.0469,-0.0303,0.9912,-0.31,0.06,-0.12,-2.57,3.69,18.87
101.236807,-0.0479,-0.0293,1.0039,0.00,-0.06,-0.18,-2.58,3.69,18.87
101.297284,-0.0459,-0.0234,0.9917,-0.18,0.00,-0.12,-2.58,3.69,18.87
101.297284,-0.0488,-0.0220,1.0098,0.06,-0.06,-0.12,-2.58,3.69,18.87
101.325793,-0.0493,-0.0200,0.9932,-0.18,0.00,0.00,-2.58,3.69,18.87
101.325793,-0.0513,-0.0171,1.0034,0.00,0.00,0.06,-2.58,3.69,18.87
101.385745,-0.0522,-0.0132,0.9956,0.00,0.00,-0.06,-2.58,3.69,18.87
101.385745,-0.0547,-0.0132,0.9976,0.12,0.06,-0.06,-2.58,3.69,18.87
101.415719,-0.0537,-0.0117,1.0107,-0.12,0.06,-0.12,-2.58,3.69,18.87
101.415719,-0.0562,-0.0117,0.9990,0.00,-0.06,-0.12,-2.58,3.69,18.86
101.446088,-0.0547,-0.0190,0.9912,-0.31,0.06,-0.12,-2.58,3.69,18.86
101.446088,-0.0488,-0.0337,1.0039,0.00,0.00,-0.12,-2.58,3.69,18.86
101.505724,-0.0410,-0.0400,0.9966,-0.24,0.00,-0.06,-2.58,3.69,18.86
101.505724,-0.0430,-0.0322,1.0063,0.12,0.00,0.00,-2.58,3.69,18.86
101.535761,-0.0493,-0.0146,0.9941,0.00,0.00,0.00,-2.58,3.69,18.86
101.535761,-0.0581,0.0000,1.0083,0.06,0.00,-0.06,-2.58,3.69,18.86
101.565744,-0.0610,0.0063,1.0000,-0.24,0.00,-0.12,-2.58,3.69,18.86
101.565744,-0.0566,-0.0078,0.9917,-0.24,0.00,-0.12,-2.58,3.69,18.86
101.625797,-0.0483,-0.0312,1.0034,-0.18,0.00,-0.12,-2.57,3.69,18.86
101.625797,-0.0386,-0.0449,1.0000,-0.06,0.00,-0.06,-2.57,3.70,18.86
101.656099,-0.0386,-0.0430,1.0068,0.00,0.00,-0.06,-2.58,3.69,18.86
101.656099,-0.0464,-0.0215,0.9990,0.00,0.00,-0.06,-2.58,3.69,18.86
101.685730,-0.0581,-0.0020,1.0010,-0.06,0.00,-0.06,-2.58,3.69,18.86
101.685730,-0.0625,0.0020,0.9976,-0.18,-0.06,-0.06,-2.58,3.69,18.86
101.745951,-0.0630,-0.0117,1.0000,-0.24,0.06,-0.06,-2.58,3.69,18.86
101.745951,-0.0547,-0.0269,1.0000,-0.24,0.00,-0.12,-2.58,3.69,18.86
101.776106,-0.0439,-0.0371,1.0000,-0.06,0.06,-0.12,-2.58,3.70,18.86
101.776106,-0.0361,-0.0317,1.0020,0.00,0.00,-0.18,-2.58,3.70,18.85
101.805735,-0.0342,-0.0195,0.9951,0.12,0.00,-0.06,-2.58,3.69,18.85
101.805735,-0.0483,-0.0103,0.9980,0.00,0.00,0.06,-2.58,3.69,18.85
101.865733,-0.0645,-0.0073,1.0000,0.00,0.00,0.00,-2.58,3.69,18.85
101.865733,-0.0703,-0.0137,1.0010,-0.12,0.00,-0.12,-2.58,3.69,18.85
101.895794,-0.0625,-0.0200,1.0034,0.00,0.00,-0.24,-2.58,3.69,18.85
101.895794,-0.0459,-0.0269,0.9966,-0.06,0.06,-0.18,-2.58,3.70,18.85
101.925764,-0.0347,-0.0273,1.0029,0.00,0.00,-0.06,-2.58,3.70,18.85
101.925764,-0.0327,-0.0254,0.9976,0.00,0.00,0.00,-2.58,3.69,18.85
101.985818,-0.0435,-0.0195,0.9966,0.06,0.00,0.06,-2.58,3.69,18.85
101.985818,-0.0562,-0.0166,1.0098,-0.12,0.00,0.00,-2.58,3.69,18.85
102.015740,-0.0654,-0.0156,0.9966,0.00,-0.06,-0.06,-2.58,3.69,18.85
102.015740,-0.0688,-0.0161,1.0010,-0.12,0.00,-0.12,-2.58,3.69,18.85
102.045806,-0.0601,-0.0171,0.9946,0.00,0.00,-0.12,-2.58,3.69,18.85
102.045806,-0.0435,-0.0225,1.0044,-0.12,0.06,-0.18,-2.58,3.70,18.85
102.106216,-0.0322,-0.0229,0.9995,0.00,0.00,-0.18,-2.58,3.70,18.85
102.106216,-0.0317,-0.0186,0.9980,-0.24,0.00,-0.12,-2.58,3.69,18.85
102.135794,-0.0430,-0.0161,1.0034,0.06,-0.12,0.00,-2.58,3.69,18.85
102.135794,-0.0576,-0.0195,0.9951,-0.06,0.06,0.06,-2.58,3.69,18.85
102.165791,-0.0679,-0.0244,1.0059,0.00,0.00,0.06,-2.58,3.69,18.85
102.165791,-0.0679,-0.0234,0.9937,-0.06,0.00,0.00,-2.58,3.69,18.85
102.225659,-0.0586,-0.0195,1.0054,0.00,0.00,-0.24,-2.58,3.69,18.84
102.225659,-0.0415,-0.0151,0.9956,-0.12,0.00,-0.24,-2.58,3.70,18.84
102.255688,-0.0356,-0.0146,1.0024,0.00,0.00,-0.06,-2.58,3.69,18.84
102.255688,-0.0435,-0.0186,0.9976,-0.06,0.00,0.00,-2.58,3.69,18.84
102.285642,-0.0542,-0.0215,1.0044,-0.12,0.00,0.00,-2.58,3.69,18.84
102.285642,-0.0596,-0.0225,1.0010,0.00,0.00,-0.12,-2.58,3.69,18.84
102.346245,-0.0562,-0.0220,0.9976,-0.12,0.00,-0.18,-2.58,3.69,18.84
102.346245,-0.0532,-0.0205,1.0005,0.00,0.00,0.00,-2.58,3.69,18.84
102.375726,-0.0503,-0.0166,1.0010,-0.06,0.06,-0.06,-2.58,3.69,18.84
102.375726,-0.0474,-0.0112,1.0044,0.00,0.00,-0.18,-2.58,3.69,18.84
102.406058,-0.0454,-0.0107,0.9990,-0.18,0.00,-0.37,-2.58,3.69,18.84
102.406058,-0.0435,-0.0146,0.9990,-0.12,0.00,-0.31,-2.58,3.69,18.84
102.465703,-0.0479,-0.0210,1.0020,-0.18,0.00,-0.06,-2.58,3.69,18.84
102.465703,-0.0547,-0.0278,1.0015,-0.06,0.00,0.00,-2.58,3.69,18.84
102.495762,-0.0566,-0.0332,0.9985,-0.06,0.00,-0.06,-2.58,3.69,18.84
102.495762,-0.0532,-0.0322,1.0015,0.00,0.00,-0.12,-2.58,3.69,18.84
102.525792,-0.0459,-0.0273,0.9980,0.06,0.00,0.00,-2.58,3.69,18.84
102.525792,-0.0488,-0.0156,1.0059,0.06,0.00,0.00,-2.59,3.69,18.84
102.616037,-0.0527,-0.0044,0.9976,0.00,0.00,0.00,-2.59,3.69,18.84
102.616037,-0.0591,-0.0024,1.0044,-0.06,0.00,-0.18,-2.58,3.69,18.84
102.618320,-0.0562,-0.0117,0.9980,-0.06,0.00,-0.31,-2.58,3.69,18.84
102.618320,-0.0479,-0.0249,1.0020,-0.18,0.00,-0.18,-2.58,3.69,18.84
102.645937,-0.0420,-0.0356,1.0010,-0.06,0.00,0.00,-2.58,3.69,18.84
102.645937,-0.0439,-0.0371,1.0000,-0.06,0.00,0.06,-2.58,3.69,18.83
102.705706,-0.0542,-0.0273,1.0024,0.06,0.00,0.00,-2.58,3.69,18.83
102.705706,-0.0596,-0.0146,0.9990,0.00,0.06,-0.24,-2.59,3.69,18.83
102.735865,-0.0571,-0.0078,0.9990,0.00,0.06,-0.18,-2.59,3.69,18.83
102.735865,-0.0522,-0.0088,0.9985,0.00,0.06,0.00,-2.59,3.69,18.83
102.796953,-0.0439,-0.0127,1.0015,0.00,0.00,0.00,-2.58,3.69,18.83
102.796953,-0.0381,-0.0176,1.0010,-0.06,0.00,0.00,-2.58,3.69,18.83
102.825777,-0.0410,-0.0234,1.0015,-0.06,0.00,-0.18,-2.58,3.69,18.83
102.825777,-0.0508,-0.0283,0.9995,0.00,0.00,-0.24,-2.58,3.69,18.83
102.856658,-0.0620,-0.0298,1.0015,0.00,0.00,-0.06,-2.58,3.69,18.83
102.856658,-0.0649,-0.0220,1.0005,0.00,0.00,0.06,-2.58,3.69,18.83
102.915777,-0.0576,-0.0161,0.9985,-0.06,0.06,0.06,-2.59,3.69,18.83
102.915777,-0.0459,-0.0142,1.0020,0.00,0.06,-0.12,-2.59,3.69,18.83
102.946950,-0.0361,-0.0171,1.0015,0.00,0.00,-0.24,-2.59,3.69,18.83
102.946950,-0.0391,-0.0186,1.0020,-0.12,0.00,-0.12,-2.58,3.69,18.83
102.975704,-0.0537,-0.0166,0.9990,-0.06,0.00,0.00,-2.58,3.69,18.83
102.975704,-0.0684,-0.0112,0.9868,0.00,0.00,-0.06,-2.58,3.69,18.83
103.035806,-0.0654,-0.0176,1.0151,-0.18,0.00,-0.18,-2.58,3.69,18.83
103.035806,-0.0474,-0.0278,0.9946,0.00,-0.06,-0.24,-2.58,3.69,18.83
103.065740,-0.0400,-0.0283,1.0083,-0.18,0.06,0.00,-2.58,3.70,18.83
103.065740,-0.0454,-0.0186,0.9941,0.12,-0.06,-0.06,-2.58,3.69,18.83
103.096913,-0.0488,-0.0142,0.9941,-0.18,0.06,-0.18,-2.58,3.69,18.83
103.096913,-0.0503,-0.0142,1.0063,0.00,-0.06,-0.18,-2.58,3.69,18.83
103.156135,-0.0513,-0.0190,0.9980,-0.24,0.00,-0.06,-2.58,3.69,18.83
103.156135,-0.0537,-0.0259,1.0068,-0.06,-0.06,0.00,-2.58,3.69,18.83
103.185780,-0.0522,-0.0259,0.9912,-0.12,0.06,0.00,-2.58,3.69,18.83
103.185780,-0.0498,-0.0229,1.0068,0.00,0.00,-0.06,-2.58,3.69,18.82
103.215676,-0.0464,-0.0171,0.9961,0.00,0.00,-0.18,-2.59,3.69,18.82
103.215676,-0.0513,-0.0151,1.0039,0.00,0.00,0.00,-2.59,3.69,18.82
103.276056,-0.0615,-0.0093,1.0010,0.00,0.12,-0.06,-2.58,3.69,18.82
103.276056,-0.0630,-0.0142,1.0142,-0.18,0.00,-0.24,-2.58,3.69,18.82
103.305704,-0.0474,-0.0156,0.9761,-0.06,0.00,-0.24,-2.58,3.70,18.82
103.305704,-0.0415,-0.0234,1.0171,-0.18,0.06,-0.06,-2.58,3.70,18.82
103.336312,-0.0420,-0.0298,0.9922,0.00,-0.12,-0.06,-2.58,3.69,18.82
103.336312,-0.0503,-0.0356,1.0024,-0.24,0.12,-0.06,-2.58,3.69,18.82
103.395681,-0.0532,-0.0288,1.0000,0.12,-0.06,-0.18,-2.58,3.69,18.82
103.395681,-0.0527,-0.0166,0.9912,-0.12,0.12,-0.12,-2.59,3.69,18.82
103.426164,-0.0537,-0.0078,1.0156,0.12,0.00,0.00,-2.59,3.69,18.82
103.426164,-0.0557,-0.0063,0.9854,-0.06,0.00,0.00,-2.59,3.69,18.82
103.455774,-0.0581,-0.0117,1.0239,-0.31,0.00,-0.18,-2.58,3.69,18.82
103.455774,-0.0420,-0.0142,0.9873,0.00,0.00,-0.31,-2.58,3.70,18.81
103.515807,-0.0332,-0.0234,0.9990,-0.24,0.12,-0.06,-2.58,3.69,18.81
103.515807,-0.0420,-0.0303,1.0098,0.06,-0.12,0.00,-2.58,3.69,18.81
103.545726,-0.0591,-0.0308,0.9893,-0.18,0.06,0.00,-2.58,3.69,18.81
103.545726,-0.0679,-0.0293,1.0142,0.06,-0.06,-0.06,-2.58,3.69,18.81
103.575726,-0.0591,-0.0195,0.9824,-0.18,0.00,-0.18,-2.59,3.69,18.81
103.575726,-0.0532,-0.0088,1.0142,-0.06,0.00,-0.12,-2.59,3.69,18.81
103.635913,-0.0439,-0.0039,0.9868,-0.12,0.00,-0.12,-2.59,3.70,18.81
103.635913,-0.0410,-0.0137,1.0117,-0.06,0.06,-0.06,-2.58,3.70,18.81
103.665740,-0.0400,-0.0254,0.9946,0.06,0.00,-0.06,-2.58,3.69,18.81
103.665740,-0.0459,-0.0327,0.9976,0.00,0.00,0.00,-2.58,3.69,18.81
103.695697,-0.0527,-0.0288,1.0020,0.12,0.00,0.00,-2.58,3.69,18.81
103.695697,-0.0576,-0.0176,0.9976,-0.12,0.00,0.00,-2.59,3.69,18.81
103.755807,-0.0640,-0.0103,1.0098,-0.12,0.00,0.00,-2.59,3.69,18.81
103.755807,-0.0596,-0.0112,0.9907,-0.18,0.00,-0.18,-2.58,3.69,18.81
103.785678,-0.0503,-0.0205,1.0039,-0.06,0.06,-0.18,-2.58,3.69,18.81
103.785678,-0.0381,-0.0273,0.9951,0.00,0.00,-0.06,-2.58,3.70,18.81
103.815781,-0.0391,-0.0288,1.0020,0.00,0.00,0.00,-2.58,3.69,18.81
103.815781,-0.0464,-0.0215,1.0005,0.12,0.00,-0.06,-2.59,3.69,18.81
103.875767,-0.0571,-0.0098,0.9941,0.06,0.18,-0.18,-2.59,3.69,18.81
103.875767,-0.0664,-0.0103,1.0117,-0.18,-0.12,-0.18,-2.59,3.69,18.81
103.905690,-0.0640,-0.0146,0.9761,-0.12,0.00,-0.24,-2.58,3.69,18.81
103.905690,-0.0566,-0.0229,1.0229,-0.12,0.00,-0.12,-2.58,3.70,18.81
103.935752,-0.0391,-0.0234,0.9888,0.00,0.00,-0.18,-2.58,3.70,18.81
103.935752,-0.0342,-0.0283,1.0098,-0.12,0.12,-0.18,-2.58,3.70,18.81
103.995763,-0.0361,-0.0244,0.9941,0.00,-0.06,-0.06,-2.58,3.69,18.81
103.995763,-0.0493,-0.0190,0.9980,-0.18,0.00,0.00,-2.59,3.69,18.81
104.025671,-0.0635,-0.0142,1.0088,0.00,-0.06,0.00,-2.59,3.69,18.81
104.025671,-0.0669,-0.0132,0.9907,-0.12,0.00,-0.06,-2.59,3.69,18.81
104.055695,-0.0586,-0.0171,1.0059,0.00,0.00,-0.12,-2.59,3.69,18.80
104.055695,-0.0464,-0.0210,0.9941,-0.06,0.00,-0.18,-2.58,3.70,18.80
104.115669,-0.0381,-0.0239,1.0044,-0.12,0.00,-0.06,-2.58,3.70,18.80
104.115669,-0.0400,-0.0210,0.9990,0.00,0.00,-0.06,-2.59,3.70,18.80
104.145702,-0.0488,-0.0186,0.9985,-0.12,0.00,-0.06,-2.59,3.69,18.80
104.145702,-0.0586,-0.0181,1.0015,0.00,0.00,-0.12,-2.59,3.69,18.80
104.205829,-0.0615,-0.0186,0.9941,-0.12,0.00,-0.12,-2.59,3.69,18.80
104.205829,-0.0566,-0.0200,1.0039,0.00,0.00,-0.06,-2.59,3.69,18.80
104.235681,-0.0479,-0.0195,0.9951,-0.06,0.00,-0.12,-2.59,3.70,18.80
104.235681,-0.0415,-0.0190,1.0039,-0.06,0.00,-0.06,-2.59,3.70,18.80
104.265915,-0.0415,-0.0186,0.9966,-0.06,0.00,-0.12,-2.59,3.69,18.80
104.265915,-0.0483,-0.0195,1.0024,-0.06,0.00,-0.12,-2.59,3.69,18.80
104.325800,-0.0566,-0.0205,1.0000,-0.06,0.00,-0.06,-2.58,3.69,18.80
104.325800,-0.0596,-0.0205,1.0015,-0.06,0.00,-0.06,-2.58,3.69,18.80
104.355760,-0.0542,-0.0215,1.0024,0.00,0.00,-0.12,-2.59,3.69,18.80
104.355760,-0.0469,-0.0195,0.9946,0.00,0.00,-0.06,-2.59,3.69,18.80
104.385777,-0.0449,-0.0186,1.0034,0.00,0.00,-0.06,-2.59,3.69,18.80
104.385777,-0.0464,-0.0171,0.9985,0.00,0.00,-0.06,-2.59,3.69,18.80
104.445768,-0.0522,-0.0186,1.0039,-0.06,0.00,-0.06,-2.58,3.69,18.80
104.445768,-0.0542,-0.0225,0.9990,-0.12,0.00,-0.18,-2.58,3.69,18.80
104.475700,-0.0542,-0.0249,1.0000,-0.12,0.00,0.00,-2.59,3.69,18.80
104.475700,-0.0508,-0.0259,0.9980,0.06,0.00,-0.06,-2.59,3.69,18.80
104.506255,-0.0469,-0.0181,0.9941,0.31,0.06,-0.12,-2.59,3.69,18.80
104.506255,-0.0518,-0.0098,1.0288,-0.12,0.00,-0.12,-2.59,3.69,18.80
104.566647,-0.0552,-0.0098,0.9883,-0.18,-0.12,-0.18,-2.59,3.69,18.80
104.566647,-0.0537,-0.0186,0.9814,-0.37,0.12,-0.18,-2.58,3.69,18.80
104.595779,-0.0532,-0.0273,1.0200,0.00,-0.18,-0.12,-2.58,3.70,18.80
104.595779,-0.0474,-0.0254,0.9819,0.00,0.00,-0.06,-2.58,3.70,18.80
104.625713,-0.0503,-0.0254,1.0273,0.06,0.00,-0.18,-2.59,3.70,18.80
104.625713,-0.0449,-0.0186,0.9795,0.00,0.00,-0.18,-2.59,3.70,18.80
104.685699,-0.0493,-0.0181,1.0127,-0.06,0.06,-0.12,-2.59,3.69,18.80
104.685699,-0.0488,-0.0151,0.9932,0.00,-0.12,0.00,-2.59,3.69,18.79
104.715657,-0.0532,-0.0156,0.9995,-0.18,0.06,0.00,-2.59,3.69,18.80
104.715657,-0.0513,-0.0200,1.0098,0.00,-0.06,-0.06,-2.59,3.69,18.79
104.745701,-0.0469,-0.0249,0.9878,-0.18,0.06,-0.12,-2.59,3.69,18.79
104.745701,-0.0464,-0.0273,1.0132,0.06,0.00,0.00,-2.59,3.69,18.79
104.805774,-0.0479,-0.0249,0.9907,0.00,0.00,0.06,-2.59,3.69,18.79
104.805774,-0.0537,-0.0181,1.0078,0.00,0.06,0.00,-2.59,3.69,18.79
104.835718,-0.0576,-0.0098,0.9971,0.06,0.00,-0.06,-2.59,3.69,18.79
104.835718,-0.0601,-0.0073,1.0010,-0.12,0.06,-0.18,-2.59,3.69,18.79
104.866843,-0.0566,-0.0122,1.0020,0.00,0.00,-0.18,-2.59,3.69,18.79
104.866843,-0.0527,-0.0215,0.9912,-0.18,0.00,-0.18,-2.58,3.70,18.79
104.925713,-0.0469,-0.0332,1.0132,-0.12,-0.06,-0.12,-2.58,3.70,18.79
104.925713,-0.0430,-0.0342,0.9868,0.00,0.00,-0.12,-2.58,3.70,18.79
104.955737,-0.0435,-0.0293,1.0127,-0.06,0.06,-0.18,-2.59,3.70,18.79
104.955737,-0.0444,-0.0142,0.9897,0.12,-0.06,-0.06,-2.59,3.69,18.79
104.985975,-0.0522,-0.0029,1.0034,-0.06,0.06,-0.06,-2.59,3.69,18.79
104.985975,-0.0581,-0.0010,1.0044,0.00,-0.06,0.00,-2.59,3.69,18.79
105.045759,-0.0615,-0.0098,0.9941,-0.37,0.00,-0.18,-2.58,3.69,18.79
105.045759,-0.0571,-0.0244,1.0083,-0.12,0.00,-0.24,-2.58,3.69,18.79
105.075775,-0.0469,-0.0352,0.9922,-0.18,0.00,-0.24,-2.58,3.70,18.79
105.075775,-0.0410,-0.0386,1.0093,0.00,0.00,-0.18,-2.58,3.70,18.79
105.105751,-0.0435,-0.0298,0.9971,0.00,0.00,0.00,-2.59,3.70,18.79
105.105751,-0.0483,-0.0176,1.0005,0.00,0.06,0.00,-2.59,3.69,18.79
105.165735,-0.0547,-0.0078,1.0005,0.00,0.00,-0.12,-2.59,3.69,18.79
105.165735,-0.0576,-0.0073,0.9976,-0.12,0.06,-0.12,-2.59,3.69,18.79
105.195835,-0.0562,-0.0176,0.9980,0.00,0.00,-0.12,-2.59,3.69,18.79
105.195835,-0.0479,-0.0244,0.9990,-0.18,0.00,-0.06,-2.59,3.69,18.79
105.225693,-0.0474,-0.0249,1.0083,0.00,0.00,0.00,-2.59,3.69,18.78
105.225693,-0.0483,-0.0200,0.9971,-0.12,0.00,-0.18,-2.59,3.69,18.78
105.286806,-0.0493,-0.0176,1.0000,0.00,0.00,-0.18,-2.59,3.69,18.78
105.286806,-0.0537,-0.0171,0.9985,0.00,0.00,-0.06,-2.59,3.69,18.78
105.315712,-0.0581,-0.0205,0.9980,0.00,0.00,-0.06,-2.59,3.69,18.78
105.315712,-0.0552,-0.0225,0.9990,-0.12,0.06,-0.06,-2.59,3.69,18.78
105.346078,-0.0483,-0.0229,1.0010,0.00,0.06,-0.18,-2.59,3.70,18.78
105.346078,-0.0430,-0.0220,0.9995,-0.06,0.00,-0.18,-2.59,3.70,18.78
105.405406,-0.0420,-0.0200,1.0000,0.00,0.00,-0.06,-2.59,3.69,18.78
105.405406,-0.0479,-0.0176,1.0005,0.00,0.00,0.00,-2.59,3.69,18.78
105.435724,-0.0547,-0.0166,1.0005,0.00,0.00,0.00,-2.59,3.69,18.78
105.435724,-0.0557,-0.0200,1.0005,0.00,0.00,-0.06,-2.59,3.69,18.78
105.495709,-0.0552,-0.0225,1.0005,0.00,0.00,-0.06,-2.59,3.69,18.78
105.495709,-0.0508,-0.0215,1.0005,0.00,0.00,0.00,-2.59,3.69,18.78
105.525677,-0.0498,-0.0176,0.9985,0.06,0.00,0.00,-2.59,3.69,18.78
105.525677,-0.0483,-0.0166,0.9995,0.00,0.00,-0.06,-2.59,3.69,18.78
105.555910,-0.0493,-0.0181,1.0015,0.00,0.00,-0.12,-2.59,3.69,18.78
105.555910,-0.0542,-0.0186,1.0020,-0.06,0.00,-0.18,-2.59,3.69,18.78
105.615777,-0.0571,-0.0195,1.0000,-0.06,0.00,-0.12,-2.59,3.69,18.78
105.615777,-0.0566,-0.0190,0.9995,-0.06,0.00,-0.12,-2.59,3.69,18.78
105.645761,-0.0493,-0.0176,1.0010,0.00,0.06,-0.12,-2.59,3.70,18.78
105.645761,-0.0449,-0.0176,0.9990,-0.12,0.00,-0.12,-2.59,3.70,18.78
105.676716,-0.0444,-0.0205,1.0005,-0.06,0.00,-0.06,-2.59,3.70,18.78
105.676716,-0.0469,-0.0229,0.9995,-0.06,0.00,-0.06,-2.59,3.69,18.78
105.735734,-0.0518,-0.0220,1.0000,0.00,0.00,-0.12,-2.59,3.69,18.78
105.735734,-0.0557,-0.0190,1.0010,0.00,0.00,0.00,-2.59,3.69,18.78
105.765983,-0.0552,-0.0181,1.0000,0.00,0.00,-0.06,-2.59,3.69,18.78
105.765983,-0.0518,-0.0161,1.0005,-0.06,0.00,-0.06,-2.59,3.69,18.77
105.795762,-0.0479,-0.0156,0.9995,-0.06,0.00,-0.12,-2.59,3.70,18.77
105.795762,-0.0474,-0.0171,1.0010,-0.06,0.00,-0.06,-2.59,3.70,18.77
105.855717,-0.0488,-0.0190,1.0005,-0.06,0.00,-0.12,-2.59,3.69,18.77
105.855717,-0.0522,-0.0225,1.0005,0.00,0.00,-0.12,-2.59,3.69,18.77
105.885593,-0.0537,-0.0239,1.0010,-0.06,0.00,-0.12,-2.59,3.69,18.77
105.885593,-0.0537,-0.0215,1.0010,0.00,0.06,-0.12,-2.59,3.69,18.77
105.915691,-0.0503,-0.0171,1.0010,0.00,0.00,-0.12,-2.59,3.70,18.77
105.915691,-0.0464,-0.0156,0.9990,-0.06,0.00,-0.06,-2.59,3.70,18.77
105.975679,-0.0464,-0.0166,1.0000,-0.06,0.00,-0.12,-2.59,3.70,18.77
105.975679,-0.0488,-0.0186,0.9990,0.00,0.00,-0.06,-2.59,3.69,18.77
106.005748,-0.0532,-0.0225,1.0000,-0.06,0.00,-0.06,-2.59,3.69,18.77
106.005748,-0.0557,-0.0244,1.0005,-0.06,0.00,-0.12,-2.59,3.69,18.77
106.035685,-0.0547,-0.0239,1.0000,0.00,0.00,-0.12,-2.59,3.69,18.77
106.035685,-0.0522,-0.0210,1.0000,0.00,0.00,-0.12,-2.59,3.70,18.77
106.095707,-0.0493,-0.0195,0.9980,-0.06,0.00,-0.06,-2.59,3.70,18.77
106.095707,-0.0469,-0.0176,0.9995,-0.06,0.00,-0.06,-2.59,3.70,18.76
106.125726,-0.0483,-0.0190,1.0005,-0.06,0.00,0.00,-2.59,3.70,18.76
106.125726,-0.0503,-0.0190,0.9995,-0.06,0.00,-0.06,-2.59,3.70,18.76
106.155672,-0.0532,-0.0161,0.9985,0.00,0.00,-0.06,-2.59,3.70,18.76
106.155672,-0.0527,-0.0161,0.9985,-0.06,0.06,0.00,-2.59,3.70,18.76
106.215737,-0.0522,-0.0195,1.0010,0.00,0.00,-0.12,-2.59,3.70,18.76
106.215737,-0.0503,-0.0215,1.0020,-0.06,0.00,-0.12,-2.59,3.70,18.76
106.245756,-0.0493,-0.0229,1.0015,0.00,0.00,-0.18,-2.59,3.70,18.76
106.245756,-0.0483,-0.0225,1.0005,-0.06,0.00,-0.12,-2.59,3.70,18.76
106.275788,-0.0493,-0.0190,1.0005,-0.06,0.00,-0.06,-2.59,3.70,18.76
106.275788,-0.0503,-0.0161,0.9995,-0.06,0.06,0.00,-2.59,3.70,18.76
106.335884,-0.0513,-0.0151,1.0005,-0.06,0.00,-0.06,-2.59,3.69,18.76
106.335884,-0.0508,-0.0181,1.0005,-0.06,0.00,-0.06,-2.59,3.69,18.76
106.365714,-0.0513,-0.0186,1.0005,-0.12,0.00,-0.18,-2.59,3.69,18.76
106.365714,-0.0513,-0.0200,0.9990,-0.12,0.00,-0.18,-2.59,3.69,18.76
106.395464,-0.0518,-0.0215,1.0010,-0.06,0.00,-0.18,-2.59,3.69,18.76
106.395464,-0.0513,-0.0210,1.0010,0.00,0.00,-0.12,-2.59,3.70,18.76
106.455759,-0.0503,-0.0205,0.9995,0.00,0.00,-0.06,-2.59,3.70,18.76
106.455759,-0.0493,-0.0195,1.0000,0.00,0.00,-0.06,-2.59,3.70,18.76
106.485706,-0.0493,-0.0161,1.0000,-0.06,0.00,-0.06,-2.59,3.70,18.76
106.485706,-0.0503,-0.0161,1.0000,0.00,0.00,-0.12,-2.59,3.69,18.76
106.515520,-0.0518,-0.0161,1.0010,-0.06,0.00,-0.12,-2.59,3.69,18.76
106.515520,-0.0518,-0.0176,1.0005,0.00,0.00,-0.06,-2.58,3.69,18.76
106.576605,-0.0518,-0.0215,1.0000,-0.06,0.00,0.00,-2.58,3.69,18.76
106.576605,-0.0522,-0.0249,1.0000,-0.06,0.00,-0.12,-2.58,3.70,18.76
106.605690,-0.0498,-0.0249,1.0000,-0.06,0.00,-0.12,-2.58,3.70,18.76
106.605690,-0.0493,-0.0210,1.0010,0.00,0.00,-0.12,-2.59,3.70,18.76
106.635817,-0.0493,-0.0166,1.0000,0.00,0.00,-0.06,-2.59,3.70,18.76
106.635817,-0.0503,-0.0137,1.0000,0.00,0.00,-0.06,-2.59,3.70,18.76
106.695781,-0.0508,-0.0151,1.0000,0.00,0.00,-0.06,-2.58,3.69,18.76
106.695781,-0.0522,-0.0176,1.0000,-0.06,0.00,-0.12,-2.58,3.69,18.76
106.725436,-0.0527,-0.0205,0.9995,-0.12,0.00,-0.18,-2.58,3.69,18.76
106.725436,-0.0532,-0.0215,1.0015,-0.06,0.00,-0.12,-2.58,3.70,18.75
106.755796,-0.0522,-0.0220,1.0000,-0.06,0.00,-0.18,-2.58,3.70,18.75
106.755796,-0.0513,-0.0205,0.9995,-0.06,0.00,-0.12,-2.58,3.70,18.75
106.815763,-0.0498,-0.0186,1.0000,-0.06,0.00,-0.06,-2.58,3.70,18.75
106.815763,-0.0498,-0.0195,0.9985,-0.06,0.00,-0.12,-2.58,3.70,18.75
106.845728,-0.0493,-0.0210,1.0000,-0.12,0.00,-0.24,-2.58,3.70,18.75
106.845728,-0.0518,-0.0215,1.0010,-0.06,0.00,-0.12,-2.58,3.70,18.75
106.905558,-0.0522,-0.0210,0.9990,0.00,0.00,-0.18,-2.58,3.70,18.75
106.905558,-0.0518,-0.0200,1.0024,-0.06,0.00,-0.12,-2.58,3.70,18.75
106.936420,-0.0498,-0.0181,0.9985,-0.12,0.00,-0.12,-2.58,3.70,18.75
106.936420,-0.0498,-0.0161,1.0015,-0.06,0.00,-0.06,-2.58,3.70,18.75
106.966811,-0.0498,-0.0171,0.9990,-0.12,0.00,-0.12,-2.58,3.70,18.75
106.966811,-0.0479,-0.0190,1.0005,-0.12,0.00,-0.12,-2.58,3.70,18.75
107.025721,-0.0479,-0.0215,1.0010,-0.12,0.00,-0.12,-2.58,3.70,18.75
107.025721,-0.0503,-0.0239,0.9980,-0.06,0.00,0.00,-2.58,3.70,18.75
107.056211,-0.0508,-0.0259,1.0015,-0.06,0.00,0.00,-2.58,3.69,18.75
107.056211,-0.0547,-0.0239,0.9985,0.00,0.00,0.00,-2.59,3.69,18.75
107.085859,-0.0566,-0.0181,0.9990,0.00,0.00,-0.12,-2.59,3.70,18.75
107.085859,-0.0542,-0.0142,0.9990,0.00,0.00,-0.18,-2.59,3.70,18.75
107.145755,-0.0518,-0.0132,1.0005,0.00,0.06,-0.12,-2.59,3.70,18.75
107.145755,-0.0513,-0.0151,1.0005,-0.12,0.00,-0.06,-2.59,3.70,18.75
107.175633,-0.0498,-0.0205,1.0005,-0.12,0.06,-0.18,-2.58,3.70,18.75
107.175633,-0.0474,-0.0239,1.0015,-0.12,0.00,-0.12,-2.58,3.70,18.75
107.205777,-0.0469,-0.0259,1.0000,-0.06,0.00,-0.06,-2.58,3.70,18.75
107.205777,-0.0493,-0.0249,1.0010,0.00,0.00,0.00,-2.59,3.70,18.75
107.265689,-0.0522,-0.0176,0.9990,0.00,0.00,-0.06,-2.59,3.70,18.75
107.265689,-0.0552,-0.0127,1.0000,-0.06,0.00,-0.12,-2.59,3.70,18.75
107.296971,-0.0537,-0.0107,1.0000,-0.06,0.00,-0.12,-2.59,3.70,18.75
107.296971,-0.0503,-0.0122,0.9985,-0.06,0.00,-0.12,-2.58,3.70,18.75
107.325737,-0.0469,-0.0166,1.0015,-0.06,0.00,-0.12,-2.58,3.70,18.75
107.325737,-0.0479,-0.0210,1.0005,-0.12,0.00,-0.06,-2.58,3.70,18.75
107.385602,-0.0513,-0.0249,1.0005,-0.12,0.00,-0.18,-2.58,3.70,18.75
107.385602,-0.0557,-0.0254,0.9985,-0.12,0.00,-0.24,-2.58,3.70,18.75
107.415738,-0.0576,-0.0225,0.9976,-0.06,0.00,-0.24,-2.58,3.70,18.75
107.415738,-0.0537,-0.0181,0.9995,-0.12,0.00,-0.18,-2.58,3.70,18.75
107.445730,-0.0488,-0.0142,0.9995,-0.06,0.00,-0.18,-2.58,3.70,18.75
107.445730,-0.0454,-0.0146,1.0010,-0.12,0.00,-0.18,-2.58,3.70,18.75
107.505813,-0.0474,-0.0195,0.9995,-0.12,0.00,-0.18,-2.58,3.70,18.75
107.505813,-0.0469,-0.0254,0.9995,-0.06,0.00,-0.24,-2.58,3.70,18.75
107.535688,-0.0498,-0.0288,1.0005,-0.12,0.00,-0.12,-2.58,3.70,18.75
107.535688,-0.0522,-0.0259,0.9990,0.00,0.00,0.00,-2.58,3.70,18.75
107.565724,-0.0532,-0.0225,1.0005,0.00,0.00,-0.06,-2.59,3.70,18.75
107.565724,-0.0459,-0.0254,1.0000,-0.06,0.00,-0.06,-2.59,3.70,18.74
107.625702,-0.0498,-0.0244,1.0005,0.00,0.00,0.00,-2.59,3.70,18.74
107.625702,-0.0522,-0.0186,0.9961,0.00,0.00,-0.12,-2.59,3.70,18.74
107.655825,-0.0552,-0.0195,1.0039,-0.06,0.00,-0.12,-2.59,3.70,18.74
107.655825,-0.0513,-0.0215,0.9976,-0.06,0.00,-0.06,-2.59,3.70,18.74
107.685711,-0.0503,-0.0142,0.9888,0.06,0.06,0.00,-2.59,3.70,18.74
107.685711,-0.0488,-0.0107,1.0112,-0.43,0.06,-0.12,-2.59,3.70,18.74
107.745960,-0.0474,0.0156,0.9956,0.00,-0.06,-0.18,-2.59,3.70,18.74
107.745960,-0.0454,-0.0103,1.0010,-0.43,0.00,-0.24,-2.58,3.70,18.74
107.775764,-0.0488,-0.0488,1.0068,-0.06,-0.06,-0.06,-2.58,3.70,18.74
107.775764,-0.0615,-0.0718,1.0029,0.00,0.06,0.00,-2.58,3.70,18.74
107.812901,-0.0635,-0.0591,0.9985,0.24,0.12,0.00,-2.59,3.70,18.74
107.812901,-0.0493,-0.0229,0.9946,0.24,0.12,-0.18,-2.60,3.70,18.74
107.867018,-0.0332,0.0083,1.0044,0.24,0.06,-0.06,-2.60,3.70,18.74
107.867018,-0.0293,0.0176,0.9932,0.24,0.00,0.18,-2.60,3.70,18.74
107.896844,-0.0444,0.0005,1.0024,0.00,0.00,0.18,-2.59,3.69,18.74
107.896844,-0.0659,-0.0234,0.9956,-0.12,0.00,0.06,-2.59,3.69,18.74
107.925422,-0.0728,-0.0381,1.0059,-0.18,0.00,-0.24,-2.59,3.69,18.74
107.925422,-0.0605,-0.0342,0.9971,0.00,0.00,-0.31,-2.59,3.70,18.74
107.985376,-0.0459,-0.0225,1.0005,0.00,0.06,-0.06,-2.59,3.70,18.74
107.985376,-0.0352,-0.0142,1.0020,0.12,0.00,0.18,-2.59,3.70,18.74
108.015422,-0.0361,-0.0122,0.9980,0.00,0.00,0.18,-2.59,3.70,18.74
108.015422,-0.0459,-0.0161,1.0020,0.00,0.00,0.00,-2.59,3.69,18.74
108.045478,-0.0557,-0.0161,0.9956,-0.06,0.00,-0.18,-2.59,3.69,18.74
108.045478,-0.0645,-0.0181,1.0054,0.00,0.00,-0.18,-2.59,3.69,18.74
108.105346,-0.0654,-0.0190,0.9995,0.00,0.00,-0.06,-2.59,3.69,18.74
108.105346,-0.0591,-0.0215,1.0020,0.00,0.06,0.00,-2.59,3.70,18.74
108.135456,-0.0464,-0.0205,0.9956,0.00,0.00,-0.12,-2.59,3.70,18.74
108.135456,-0.0376,-0.0186,1.0029,-0.12,0.00,-0.24,-2.59,3.70,18.74
108.165350,-0.0356,-0.0166,0.9985,-0.06,0.00,-0.12,-2.59,3.70,18.74
108.165350,-0.0454,-0.0190,1.0029,-0.18,0.00,0.00,-2.59,3.70,18.74
108.225363,-0.0571,-0.0229,0.9995,0.00,0.00,0.12,-2.59,3.69,18.74
108.225363,-0.0654,-0.0239,1.0010,0.00,0.00,0.00,-2.59,3.69,18.74
108.255494,-0.0610,-0.0210,0.9995,0.00,0.00,-0.12,-2.59,3.70,18.73
108.255494,-0.0513,-0.0137,0.9966,-0.06,0.06,-0.24,-2.59,3.70,18.73
108.315414,-0.0449,-0.0117,1.0044,-0.06,0.00,-0.18,-2.59,3.70,18.73
108.315414,-0.0449,-0.0146,0.9980,0.00,0.00,-0.06,-2.59,3.70,18.73
108.345455,-0.0493,-0.0244,1.0015,0.00,0.00,0.00,-2.59,3.70,18.73
108.345455,-0.0522,-0.0283,0.9980,0.00,0.00,-0.06,-2.59,3.70,18.73
108.375417,-0.0537,-0.0244,1.0039,-0.06,0.06,-0.18,-2.59,3.70,18.73
108.375417,-0.0527,-0.0151,0.9995,-0.12,0.00,-0.18,-2.59,3.70,18.73
108.435468,-0.0522,-0.0088,1.0010,-0.12,0.00,-0.18,-2.59,3.70,18.73
108.435468,-0.0498,-0.0112,1.0005,-0.06,0.00,-0.12,-2.59,3.70,18.73
108.465262,-0.0522,-0.0190,0.9985,-0.12,0.00,-0.12,-2.59,3.70,18.73
108.465262,-0.0571,-0.0264,1.0000,-0.24,0.00,-0.24,-2.58,3.70,18.73
108.495686,-0.0547,-0.0254,1.0015,-0.12,0.00,-0.31,-2.59,3.70,18.73
108.495686,-0.0503,-0.0220,1.0000,-0.06,0.00,-0.24,-2.59,3.70,18.73
108.555578,-0.0483,-0.0190,1.0010,-0.12,0.00,-0.12,-2.59,3.70,18.73
108.555578,-0.0488,-0.0176,1.0015,-0.12,0.00,-0.06,-2.59,3.70,18.73
108.585490,-0.0498,-0.0181,0.9976,-0.18,0.00,-0.06,-2.59,3.70,18.73
108.585490,-0.0474,-0.0181,0.9995,-0.12,0.00,-0.18,-2.59,3.70,18.73
108.615457,-0.0459,-0.0190,0.9995,-0.18,0.00,-0.18,-2.59,3.70,18.73
108.615457,-0.0469,-0.0205,1.0015,-0.12,0.00,0.00,-2.59,3.70,18.73
108.675413,-0.0537,-0.0254,1.0000,-0.06,0.00,0.00,-2.59,3.70,18.73
108.675413,-0.0581,-0.0269,0.9995,-0.06,0.00,-0.06,-2.59,3.70,18.73
108.705455,-0.0552,-0.0215,0.9990,-0.06,0.00,-0.18,-2.59,3.70,18.73
108.705455,-0.0454,-0.0137,0.9990,-0.06,0.06,-0.18,-2.59,3.70,18.73
108.736749,-0.0400,-0.0107,1.0015,-0.12,0.00,-0.06,-2.59,3.70,18.73
108.736749,-0.0435,-0.0151,1.0000,-0.06,0.00,0.00,-2.59,3.70,18.73
108.795667,-0.0537,-0.0225,1.0000,0.00,0.00,0.00,-2.59,3.70,18.73
108.795667,-0.0610,-0.0269,0.9985,-0.12,0.00,-0.12,-2.59,3.70,18.73
108.825405,-0.0571,-0.0254,1.0000,0.00,0.06,-0.18,-2.59,3.70,18.73
108.825405,-0.0518,-0.0215,1.0015,0.00,0.06,-0.06,-2.59,3.70,18.73
108.855534,-0.0444,-0.0186,1.0010,0.00,0.06,0.00,-2.59,3.70,18.73
108.855534,-0.0415,-0.0166,0.9966,0.00,0.00,0.00,-2.59,3.70,18.73
108.915557,-0.0444,-0.0166,0.9980,0.00,0.00,-0.06,-2.59,3.70,18.73
108.915557,-0.0498,-0.0166,1.0005,-0.06,0.00,-0.18,-2.59,3.70,18.73
108.945504,-0.0571,-0.0195,0.9995,-0.18,0.00,-0.18,-2.59,3.70,18.73
108.945504,-0.0620,-0.0200,1.0010,-0.06,0.00,-0.06,-2.59,3.70,18.73
108.975383,-0.0605,-0.0210,0.9995,0.00,0.00,-0.06,-2.59,3.70,18.73
108.975383,-0.0513,-0.0229,1.0005,0.00,0.00,-0.12,-2.59,3.70,18.73
109.035501,-0.0396,-0.0249,0.9971,0.00,0.06,-0.18,-2.59,3.70,18.73
109.035501,-0.0356,-0.0210,0.9990,0.00,0.00,-0.12,-2.59,3.70,18.73
109.065471,-0.0405,-0.0156,0.9980,0.00,0.00,0.00,-2.59,3.70,18.73
109.065471,-0.0518,-0.0132,0.9985,0.00,0.00,0.00,-2.59,3.70,18.73
109.095610,-0.0610,-0.0171,1.0010,0.06,0.00,0.00,-2.59,3.69,18.73
109.095610,-0.0615,-0.0244,0.9990,0.00,0.00,-0.06,-2.59,3.69,18.73
109.155478,-0.0552,-0.0283,1.0000,0.00,0.00,0.00,-2.59,3.70,18.72
109.155478,-0.0474,-0.0264,1.0000,0.00,0.00,0.00,-2.59,3.70,18.72
109.185310,-0.0444,-0.0215,1.0005,0.00,0.00,-0.06,-2.59,3.70,18.72
109.185310,-0.0464,-0.0166,0.9990,0.06,0.00,0.00,-2.59,3.70,18.72
109.215421,-0.0522,-0.0146,1.0000,0.00,0.00,-0.06,-2.59,3.70,18.72
109.215421,-0.0566,-0.0156,0.9980,0.00,0.00,0.00,-2.59,3.70,18.72
109.275480,-0.0576,-0.0171,1.0005,-0.06,0.00,0.00,-2.59,3.70,18.72
109.275480,-0.0542,-0.0181,0.9990,0.00,0.00,-0.12,-2.59,3.70,18.72
109.305530,-0.0483,-0.0210,0.9995,0.00,0.00,-0.06,-2.59,3.70,18.72
109.305530,-0.0444,-0.0239,1.0005,0.00,0.00,-0.12,-2.59,3.70,18.72
109.335575,-0.0454,-0.0225,0.9990,0.00,0.00,0.00,-2.59,3.70,18.72
109.335575,-0.0503,-0.0190,0.9990,0.00,0.00,0.00,-2.59,3.70,18.72
109.395796,-0.0542,-0.0156,0.9990,0.00,0.00,0.00,-2.59,3.70,18.72
109.395796,-0.0566,-0.0151,0.9995,-0.06,0.00,-0.06,-2.59,3.70,18.72
109.425401,-0.0532,-0.0186,0.9990,0.00,0.00,-0.12,-2.59,3.70,18.72
109.425401,-0.0503,-0.0225,1.0000,0.00,0.06,-0.06,-2.59,3.70,18.72
109.455369,-0.0483,-0.0225,1.0000,-0.06,0.00,-0.06,-2.59,3.70,18.72
109.455369,-0.0488,-0.0205,0.9995,-0.06,0.00,-0.06,-2.59,3.70,18.72
109.515438,-0.0508,-0.0186,1.0005,0.00,0.00,-0.18,-2.59,3.70,18.72
109.515438,-0.0513,-0.0181,1.0000,0.00,0.00,-0.06,-2.59,3.70,18.72
109.545427,-0.0527,-0.0176,1.0010,0.00,0.06,-0.06,-2.59,3.70,18.72
109.545427,-0.0537,-0.0190,0.9990,-0.06,0.00,-0.06,-2.59,3.70,18.72
109.575480,-0.0518,-0.0186,0.9990,-0.06,0.06,-0.06,-2.59,3.70,18.72
109.575480,-0.0498,-0.0181,0.9980,-0.06,0.00,-0.18,-2.59,3.70,18.72
109.635877,-0.0488,-0.0195,0.9995,-0.06,0.00,-0.12,-2.59,3.70,18.72
109.635877,-0.0503,-0.0200,0.9990,0.00,0.00,-0.06,-2.59,3.70,18.72
109.665803,-0.0518,-0.0205,0.9990,0.00,0.00,0.00,-2.59,3.70,18.72
109.665803,-0.0527,-0.0195,1.0000,0.00,0.00,-0.06,-2.59,3.70,18.72
109.725636,-0.0522,-0.0181,0.9995,0.00,0.00,-0.12,-2.59,3.70,18.72
109.725636,-0.0493,-0.0186,1.0000,-0.06,0.00,-0.12,-2.59,3.70,18.72
109.755516,-0.0493,-0.0200,0.9995,-0.06,0.00,-0.12,-2.59,3.70,18.72
109.755516,-0.0493,-0.0210,0.9985,0.00,0.00,0.00,-2.59,3.70,18.72
109.785510,-0.0508,-0.0205,0.9995,0.00,0.00,0.00,-2.59,3.70,18.72
109.785510,-0.0522,-0.0205,0.9985,-0.06,0.00,-0.12,-2.59,3.70,18.72
109.845452,-0.0513,-0.0195,0.9995,-0.06,0.00,-0.06,-2.59,3.70,18.72
109.845452,-0.0508,-0.0186,0.9995,0.00,0.00,-0.12,-2.59,3.70,18.72
109.875407,-0.0513,-0.0190,0.9990,0.00,0.00,-0.06,-2.59,3.70,18.72
109.875407,-0.0513,-0.0195,0.9985,-0.06,0.00,-0.06,-2.59,3.70,18.72
109.905449,-0.0518,-0.0205,0.9990,-0.06,0.00,-0.12,-2.59,3.70,18.72
109.905449,-0.0518,-0.0205,0.9995,-0.06,0.00,-0.12,-2.59,3.70,18.72
109.965336,-0.0498,-0.0195,0.9995,0.00,0.00,-0.12,-2.59,3.70,18.72
109.965336,-0.0498,-0.0186,1.0005,0.00,0.00,0.00,-2.59,3.70,18.72
109.995773,-0.0518,-0.0190,0.9990,-0.06,0.00,-0.06,-2.59,3.70,18.72
109.995773,-0.0513,-0.0200,0.9990,-0.06,0.00,-0.12,-2.59,3.70,18.72
110.025423,-0.0503,-0.0200,1.0000,0.00,0.00,-0.06,-2.59,3.70,18.72
110.025423,-0.0513,-0.0190,1.0005,-0.06,0.00,-0.06,-2.59,3.70,18.72
110.085520,-0.0508,-0.0186,1.0000,-0.06,0.00,-0.06,-2.59,3.70,18.72
110.085520,-0.0513,-0.0190,1.0005,-0.06,0.00,-0.06,-2.59,3.70,18.72
110.115364,-0.0508,-0.0195,1.0000,-0.06,0.00,-0.12,-2.59,3.70,18.72
110.115364,-0.0508,-0.0200,1.0000,-0.06,0.00,-0.06,-2.59,3.70,18.72
110.145469,-0.0503,-0.0195,0.9990,0.00,0.00,-0.18,-2.59,3.70,18.72
110.145469,-0.0508,-0.0186,1.0000,-0.06,0.00,-0.06,-2.59,3.70,18.72
110.211079,-0.0503,-0.0186,0.9995,-0.06,0.06,-0.12,-2.59,3.70,18.72
110.211079,-0.0508,-0.0195,0.9990,0.00,0.00,-0.18,-2.59,3.70,18.72
110.236582,-0.0518,-0.0190,1.0000,-0.06,0.00,-0.12,-2.59,3.70,18.72
110.236582,-0.0513,-0.0186,0.9995,-0.06,0.00,-0.06,-2.59,3.70,18.72
110.266552,-0.0508,-0.0186,0.9995,-0.06,0.00,-0.12,-2.59,3.70,18.72
110.266552,-0.0518,-0.0190,0.9985,-0.06,0.00,-0.12,-2.59,3.70,18.72
110.325485,-0.0498,-0.0195,1.0005,0.00,0.00,0.00,-2.59,3.70,18.71
110.325485,-0.0508,-0.0190,1.0005,-0.06,0.00,-0.06,-2.59,3.70,18.71
110.355643,-0.0518,-0.0200,0.9995,-0.06,0.00,-0.12,-2.59,3.70,18.71
110.355643,-0.0522,-0.0181,1.0000,0.00,0.00,-0.12,-2.59,3.70,18.71
110.385325,-0.0518,-0.0190,0.9995,-0.06,0.00,-0.06,-2.59,3.70,18.71
110.385325,-0.0498,-0.0195,1.0000,-0.06,0.00,-0.12,-2.59,3.70,18.71
110.445381,-0.0508,-0.0210,1.0005,0.00,0.00,-0.06,-2.59,3.70,18.71
110.445381,-0.0503,-0.0205,1.0005,-0.06,0.00,-0.06,-2.59,3.70,18.71
110.475449,-0.0498,-0.0181,1.0000,-0.06,0.00,0.00,-2.59,3.70,18.71
110.475449,-0.0513,-0.0176,1.0000,0.00,0.00,-0.06,-2.59,3.70,18.71
110.505313,-0.0522,-0.0190,1.0005,-0.06,0.00,-0.12,-2.59,3.70,18.71
110.505313,-0.0542,-0.0205,0.9990,-0.06,0.00,-0.12,-2.59,3.70,18.71
110.565426,-0.0522,-0.0215,0.9995,0.00,0.00,-0.12,-2.59,3.70,18.71
110.565426,-0.0503,-0.0186,1.0005,-0.06,0.00,-0.06,-2.59,3.70,18.71
110.595710,-0.0493,-0.0186,0.9990,0.00,0.00,-0.12,-2.59,3.70,18.71
110.595710,-0.0498,-0.0181,0.9990,0.00,0.00,-0.12,-2.59,3.70,18.71
110.625484,-0.0503,-0.0195,0.9995,-0.06,0.00,-0.12,-2.59,3.70,18.71
110.625484,-0.0508,-0.0200,1.0000,-0.06,0.00,-0.18,-2.59,3.70,18.71
110.685347,-0.0518,-0.0205,0.9990,0.00,0.00,-0.06,-2.59,3.70,18.71
110.685347,-0.0522,-0.0205,1.0010,-0.06,0.00,-0.06,-2.59,3.70,18.71
110.715347,-0.0508,-0.0195,0.9995,0.00,0.00,-0.06,-2.59,3.70,18.71
110.715347,-0.0508,-0.0190,1.0000,0.00,0.00,-0.18,-2.59,3.70,18.71
110.746500,-0.0503,-0.0181,1.0005,0.00,0.00,-0.12,-2.59,3.70,18.71
110.746500,-0.0513,-0.0181,1.0005,-0.06,0.00,-0.12,-2.59,3.70,18.71
110.805406,-0.0522,-0.0186,0.9990,0.00,0.00,-0.06,-2.59,3.70,18.71
110.805406,-0.0508,-0.0190,1.0005,-0.06,0.00,-0.12,-2.59,3.70,18.70
110.835412,-0.0513,-0.0205,1.0005,-0.06,0.06,-0.12,-2.59,3.70,18.70
110.835412,-0.0508,-0.0210,0.9990,-0.06,0.00,-0.12,-2.59,3.70,18.70
110.865482,-0.0508,-0.0195,1.0005,0.00,0.00,-0.06,-2.59,3.70,18.70
110.865482,-0.0508,-0.0186,1.0000,-0.06,0.00,-0.18,-2.59,3.70,18.70
110.925792,-0.0508,-0.0186,1.0005,-0.06,0.00,-0.06,-2.59,3.70,18.70
110.925792,-0.0518,-0.0186,1.0005,-0.06,0.00,-0.06,-2.58,3.70,18.70
110.955257,-0.0503,-0.0190,0.9990,-0.06,0.00,-0.06,-2.58,3.70,18.70
110.955257,-0.0518,-0.0210,1.0000,-0.06,0.00,-0.12,-2.58,3.70,18.70
110.985326,-0.0518,-0.0210,0.9995,0.00,0.00,-0.06,-2.58,3.70,18.70
110.985326,-0.0513,-0.0195,0.9995,-0.06,0.00,-0.12,-2.59,3.70,18.70
111.045375,-0.0503,-0.0171,1.0000,-0.06,0.00,-0.06,-2.59,3.70,18.70
111.045375,-0.0508,-0.0176,1.0000,-0.06,0.00,-0.06,-2.58,3.70,18.70
111.075439,-0.0503,-0.0200,1.0000,0.00,0.00,-0.06,-2.58,3.70,18.70
111.075439,-0.0508,-0.0210,1.0000,-0.06,0.00,-0.12,-2.58,3.70,18.70
111.135415,-0.0518,-0.0220,1.0010,0.00,0.00,-0.12,-2.58,3.70,18.70
111.135415,-0.0513,-0.0205,1.0005,0.00,0.06,-0.12,-2.58,3.70,18.70
111.165450,-0.0498,-0.0176,0.9995,-0.06,0.00,-0.06,-2.59,3.70,18.70
111.165450,-0.0508,-0.0181,1.0005,0.00,0.00,0.00,-2.58,3.70,18.70
111.195712,-0.0508,-0.0181,0.9995,-0.06,0.00,-0.12,-2.58,3.70,18.70
111.195712,-0.0503,-0.0186,1.0005,-0.06,0.00,-0.06,-2.58,3.70,18.70
111.256399,-0.0508,-0.0186,1.0000,-0.06,0.00,-0.06,-2.58,3.70,18.70
111.256399,-0.0508,-0.0190,1.0000,-0.06,0.00,-0.06,-2.58,3.70,18.70
111.285452,-0.0508,-0.0195,1.0005,0.00,0.00,-0.06,-2.58,3.70,18.70
111.285452,-0.0513,-0.0200,1.0000,0.00,0.00,-0.12,-2.58,3.70,18.70
111.315439,-0.0513,-0.0195,1.0000,-0.06,0.00,-0.12,-2.58,3.70,18.70
111.315439,-0.0498,-0.0181,1.0005,-0.06,0.00,-0.06,-2.58,3.70,18.70
111.375421,-0.0503,-0.0186,1.0005,-0.06,0.00,-0.12,-2.58,3.70,18.70
111.375421,-0.0503,-0.0186,1.0010,-0.06,0.00,-0.18,-2.58,3.70,18.70
111.405494,-0.0513,-0.0195,1.0015,-0.06,0.00,-0.12,-2.58,3.70,18.70
111.405494,-0.0513,-0.0215,1.0005,0.00,0.00,-0.12,-2.58,3.70,18.70
111.435395,-0.0508,-0.0205,1.0005,0.00,0.00,-0.06,-2.58,3.70,18.70
111.435395,-0.0508,-0.0190,1.0010,0.00,0.00,-0.06,-2.58,3.70,18.70
111.495737,-0.0503,-0.0195,1.0005,-0.06,0.00,-0.12,-2.58,3.70,18.70
111.495737,-0.0503,-0.0186,1.0000,-0.06,0.00,-0.06,-2.58,3.70,18.70
111.525453,-0.0508,-0.0186,1.0000,-0.06,0.00,-0.06,-2.58,3.70,18.70
111.525453,-0.0508,-0.0190,1.0005,-0.06,0.00,-0.06,-2.58,3.70,18.70
111.555356,-0.0508,-0.0195,1.0000,-0.06,0.00,-0.18,-2.58,3.70,18.70
111.555356,-0.0513,-0.0195,1.0010,0.00,0.00,-0.06,-2.58,3.70,18.70
111.615492,-0.0508,-0.0195,1.0000,-0.06,0.00,-0.06,-2.58,3.70,18.70
111.615492,-0.0508,-0.0190,1.0010,-0.06,0.00,-0.12,-2.58,3.70,18.70
111.645378,-0.0513,-0.0190,1.0000,-0.06,0.00,-0.12,-2.58,3.70,18.70
111.645378,-0.0508,-0.0186,1.0000,0.00,0.00,-0.06,-2.58,3.70,18.69
111.675492,-0.0513,-0.0195,1.0010,-0.06,0.00,-0.12,-2.58,3.70,18.69
111.675492,-0.0503,-0.0195,1.0005,-0.06,0.00,-0.18,-2.58,3.70,18.69
111.735444,-0.0503,-0.0195,1.0005,-0.06,0.00,-0.06,-2.58,3.70,18.69
111.735444,-0.0498,-0.0195,0.9995,-0.06,0.00,-0.12,-2.58,3.70,18.69
111.765444,-0.0503,-0.0205,0.9995,-0.06,0.00,-0.12,-2.58,3.70,18.69
111.765444,-0.0508,-0.0200,1.0000,-0.06,0.00,-0.06,-2.58,3.70,18.69
111.795728,-0.0513,-0.0181,1.0005,-0.06,0.00,-0.06,-2.58,3.70,18.69
111.795728,-0.0518,-0.0176,1.0000,-0.06,0.00,-0.12,-2.58,3.70,18.69
111.855381,-0.0508,-0.0176,1.0000,-0.06,0.00,-0.18,-2.58,3.70,18.69
111.855381,-0.0513,-0.0186,1.0000,-0.12,0.00,-0.06,-2.58,3.70,18.69
111.885442,-0.0508,-0.0220,1.0010,-0.06,0.00,-0.06,-2.58,3.70,18.69
111.885442,-0.0498,-0.0225,1.0010,-0.06,0.00,-0.12,-2.58,3.70,18.69
111.915323,-0.0488,-0.0215,1.0010,0.00,0.00,-0.06,-2.58,3.70,18.69
111.915323,-0.0498,-0.0186,1.0000,-0.06,0.00,-0.12,-2.58,3.70,18.69
111.975453,-0.0508,-0.0171,0.9985,0.00,0.00,-0.12,-2.58,3.70,18.69
111.975453,-0.0518,-0.0156,0.9995,-0.06,0.00,-0.12,-2.58,3.70,18.69
112.005448,-0.0532,-0.0161,0.9990,-0.06,0.00,-0.12,-2.58,3.70,18.69
112.005448,-0.0532,-0.0190,0.9995,-0.06,0.00,-0.18,-2.58,3.70,18.69
112.035396,-0.0518,-0.0215,1.0000,-0.12,0.00,-0.12,-2.58,3.70,18.69
112.035396,-0.0493,-0.0205,1.0005,-0.12,0.00,-0.12,-2.58,3.70,18.69
112.095696,-0.0493,-0.0210,0.9990,0.00,0.00,-0.18,-2.58,3.70,18.69
112.095696,-0.0498,-0.0220,0.9985,-0.06,0.00,-0.12,-2.58,3.70,18.69
112.125456,-0.0518,-0.0225,1.0034,-0.06,0.00,-0.06,-2.58,3.70,18.69
112.125456,-0.0527,-0.0215,0.9995,-0.06,0.00,0.00,-2.58,3.70,18.69
112.155387,-0.0527,-0.0190,0.9990,-0.06,0.06,-0.12,-2.58,3.70,18.69
112.155387,-0.0522,-0.0166,0.9990,-0.06,0.00,-0.06,-2.58,3.70,18.69
112.215469,-0.0498,-0.0171,1.0010,-0.06,0.00,-0.18,-2.58,3.70,18.69
112.215469,-0.0483,-0.0186,0.9995,0.00,0.00,-0.06,-2.58,3.70,18.69
112.245449,-0.0488,-0.0186,0.9985,-0.06,0.00,0.00,-2.58,3.70,18.69
112.245449,-0.0488,-0.0200,0.9990,0.00,0.00,-0.06,-2.58,3.70,18.69
112.275461,-0.0503,-0.0205,1.0010,0.00,0.00,-0.06,-2.58,3.70,18.69
112.275461,-0.0518,-0.0181,0.9995,-0.06,0.00,-0.06,-2.58,3.70,18.69
112.335417,-0.0522,-0.0205,0.9995,-0.06,0.00,-0.12,-2.58,3.70,18.69
112.335417,-0.0532,-0.0181,0.9995,-0.06,0.00,-0.06,-2.58,3.70,18.69
112.365547,-0.0513,-0.0181,1.0000,-0.06,0.00,-0.06,-2.58,3.70,18.69
112.365547,-0.0498,-0.0195,0.9995,-0.06,0.00,-0.06,-2.58,3.70,18.69
112.395766,-0.0513,-0.0205,1.0000,0.00,0.00,-0.06,-2.58,3.70,18.69
112.395766,-0.0522,-0.0190,0.9995,-0.12,0.00,-0.06,-2.58,3.70,18.69
112.455446,-0.0537,-0.0186,0.9995,-0.06,0.00,-0.18,-2.58,3.70,18.69
112.455446,-0.0522,-0.0181,1.0005,-0.06,0.06,-0.24,-2.58,3.70,18.69
112.485415,-0.0498,-0.0181,1.0005,-0.12,0.00,-0.06,-2.58,3.70,18.69
112.485415,-0.0479,-0.0210,1.0005,-0.06,0.00,-0.12,-2.58,3.70,18.69
112.545551,-0.0459,-0.0220,0.9995,-0.06,0.00,-0.06,-2.58,3.70,18.69
112.545551,-0.0479,-0.0225,1.0010,0.00,0.00,-0.06,-2.58,3.70,18.69
112.575530,-0.0508,-0.0210,1.0000,0.00,0.00,-0.06,-2.58,3.70,18.69
112.575530,-0.0547,-0.0190,1.0000,0.00,0.00,-0.06,-2.58,3.70,18.69
112.605394,-0.0566,-0.0181,1.0000,0.00,0.00,-0.06,-2.58,3.70,18.69
112.605394,-0.0552,-0.0171,1.0000,-0.06,0.00,-0.06,-2.58,3.70,18.68
112.665351,-0.0513,-0.0171,1.0005,-0.06,0.00,-0.06,-2.58,3.70,18.68
112.665351,-0.0474,-0.0190,0.9985,-0.06,0.00,-0.12,-2.58,3.70,18.68
112.695755,-0.0459,-0.0210,1.0000,-0.06,0.00,-0.12,-2.58,3.70,18.68
112.695755,-0.0498,-0.0220,0.9995,0.00,0.00,0.00,-2.58,3.70,18.68
112.725474,-0.0532,-0.0215,1.0000,-0.06,0.00,-0.06,-2.58,3.70,18.68
112.725474,-0.0547,-0.0195,0.9990,-0.06,0.00,0.00,-2.58,3.70,18.68
112.785582,-0.0542,-0.0181,0.9995,0.00,0.00,-0.12,-2.58,3.70,18.68
112.785582,-0.0508,-0.0171,1.0005,-0.06,0.00,-0.12,-2.58,3.70,18.68
112.815479,-0.0483,-0.0176,0.9995,-0.06,0.06,-0.12,-2.58,3.70,18.68
112.815479,-0.0479,-0.0181,0.9995,-0.06,0.06,-0.06,-2.58,3.70,18.68
112.845485,-0.0498,-0.0205,0.9995,-0.06,0.00,-0.12,-2.58,3.70,18.68
112.845485,-0.0498,-0.0210,1.0005,-0.06,0.00,-0.06,-2.58,3.70,18.68
112.905439,-0.0527,-0.0205,1.0005,-0.06,0.00,-0.18,-2.58,3.70,18.68
112.905439,-0.0532,-0.0205,1.0005,-0.06,0.00,0.00,-2.58,3.70,18.68
112.935419,-0.0527,-0.0200,1.0000,0.00,0.00,-0.06,-2.58,3.70,18.68
112.935419,-0.0503,-0.0190,1.0005,0.00,0.00,-0.12,-2.58,3.70,18.68
112.965425,-0.0498,-0.0186,0.9995,-0.06,0.00,-0.06,-2.58,3.70,18.68
112.965425,-0.0498,-0.0186,0.9985,0.00,0.00,-0.12,-2.58,3.70,18.68
113.025327,-0.0503,-0.0195,0.9995,-0.06,0.00,-0.06,-2.58,3.70,18.68
113.025327,-0.0508,-0.0215,1.0000,-0.06,0.00,-0.06,-2.58,3.70,18.68
113.055325,-0.0508,-0.0225,1.0000,0.00,0.00,-0.06,-2.58,3.70,18.68
113.055325,-0.0518,-0.0210,1.0000,-0.06,0.00,-0.06,-2.58,3.70,18.68
113.085402,-0.0518,-0.0186,1.0005,-0.06,0.00,-0.06,-2.58,3.70,18.68
113.085402,-0.0518,-0.0171,1.0010,-0.06,0.00,-0.06,-2.58,3.70,18.68
113.145413,-0.0522,-0.0161,1.0000,0.00,0.00,-0.06,-2.58,3.70,18.68
113.145413,-0.0527,-0.0171,0.9990,-0.06,0.06,-0.06,-2.58,3.70,18.68
113.175438,-0.0522,-0.0190,0.9995,-0.06,0.00,-0.12,-2.58,3.70,18.68
113.175438,-0.0513,-0.0205,0.9985,0.00,0.00,-0.06,-2.58,3.70,18.68
113.205424,-0.0518,-0.0215,0.9990,0.00,0.00,-0.06,-2.58,3.70,18.68
113.205424,-0.0513,-0.0215,1.0000,0.00,0.00,-0.18,-2.58,3.70,18.68
113.265772,-0.0488,-0.0195,0.9995,0.00,0.00,-0.12,-2.58,3.70,18.68
113.265772,-0.0479,-0.0176,0.9995,0.00,0.00,-0.06,-2.58,3.70,18.68
113.295801,-0.0479,-0.0186,0.9995,-0.06,0.06,-0.06,-2.58,3.70,18.68
113.295801,-0.0503,-0.0181,0.9990,-0.06,0.00,-0.06,-2.58,3.70,18.68
113.326376,-0.0522,-0.0190,0.9990,0.00,0.06,-0.18,-2.58,3.70,18.68
113.326376,-0.0547,-0.0195,0.9995,-0.06,0.00,-0.12,-2.58,3.70,18.68
113.385439,-0.0522,-0.0205,0.9995,-0.06,0.00,-0.12,-2.58,3.70,18.68
113.385439,-0.0498,-0.0205,0.9995,-0.06,0.00,-0.12,-2.58,3.70,18.68
113.415477,-0.0479,-0.0190,1.0000,-0.06,0.00,-0.06,-2.58,3.70,18.68
113.415477,-0.0483,-0.0195,0.9985,0.00,0.00,-0.06,-2.58,3.70,18.68
113.445414,-0.0508,-0.0186,0.9990,-0.06,0.00,-0.12,-2.58,3.70,18.68
113.445414,-0.0527,-0.0190,0.9985,-0.06,0.00,-0.12,-2.58,3.70,18.68
113.505784,-0.0542,-0.0190,1.0000,-0.06,0.00,-0.06,-2.58,3.70,18.68
113.505784,-0.0527,-0.0200,1.0000,-0.06,0.00,0.00,-2.58,3.70,18.68
113.535465,-0.0503,-0.0210,0.9995,0.00,0.00,-0.12,-2.58,3.70,18.68
113.535465,-0.0493,-0.0210,1.0010,-0.06,0.00,-0.12,-2.58,3.70,18.68
113.565394,-0.0479,-0.0186,0.9995,-0.06,0.00,-0.12,-2.58,3.70,18.68
113.565394,-0.0493,-0.0181,1.0000,-0.06,0.00,-0.12,-2.58,3.70,18.68
113.625327,-0.0518,-0.0176,0.9995,-0.06,0.00,-0.06,-2.58,3.70,18.68
113.625327,-0.0527,-0.0200,0.9990,0.00,0.00,0.00,-2.58,3.70,18.68
113.655388,-0.0527,-0.0210,1.0000,-0.06,0.06,-0.06,-2.58,3.70,18.68
113.655388,-0.0503,-0.0215,0.9990,-0.06,0.00,-0.18,-2.58,3.70,18.68
113.685532,-0.0493,-0.0200,1.0000,0.00,0.00,-0.06,-2.58,3.70,18.68
113.685532,-0.0488,-0.0186,0.9995,-0.06,0.00,-0.06,-2.58,3.70,18.68
113.745369,-0.0508,-0.0176,0.9995,0.00,0.00,-0.06,-2.58,3.70,18.68
113.745369,-0.0518,-0.0186,1.0000,-0.06,0.00,-0.06,-2.58,3.70,18.68
113.775486,-0.0522,-0.0200,0.9995,-0.06,0.00,-0.06,-2.58,3.70,18.68
113.775486,-0.0522,-0.0190,0.9990,-0.06,0.00,-0.12,-2.58,3.70,18.68
113.805865,-0.0518,-0.0195,1.0000,-0.06,0.00,-0.12,-2.58,3.70,18.68
113.805865,-0.0503,-0.0195,0.9995,-0.06,0.00,-0.12,-2.58,3.70,18.68
113.865454,-0.0498,-0.0186,0.9995,-0.06,0.00,-0.12,-2.58,3.70,18.68
113.865454,-0.0493,-0.0195,1.0000,-0.06,0.00,0.00,-2.58,3.70,18.68
113.895685,-0.0503,-0.0190,0.9990,-0.06,0.00,-0.06,-2.58,3.70,18.68
113.895685,-0.0522,-0.0205,0.9990,-0.06,0.00,-0.12,-2.58,3.70,18.68
113.955991,-0.0522,-0.0200,0.9990,0.00,0.00,-0.12,-2.58,3.70,18.68
113.955991,-0.0518,-0.0200,0.9995,0.00,0.00,-0.12,-2.58,3.70,18.68
113.985487,-0.0503,-0.0186,0.9985,0.00,0.00,-0.12,-2.58,3.70,18.68
113.985487,-0.0493,-0.0186,1.0000,-0.06,0.00,-0.06,-2.58,3.70,18.67
114.015401,-0.0493,-0.0186,0.9995,0.00,0.00,-0.06,-2.58,3.70,18.67
114.015401,-0.0503,-0.0186,0.9990,0.00,0.00,-0.18,-2.58,3.70,18.67
114.075575,-0.0498,-0.0186,1.0000,-0.06,0.00,-0.06,-2.58,3.70,18.67
114.075575,-0.0508,-0.0195,1.0000,-0.06,0.00,-0.06,-2.58,3.70,18.67
114.105407,-0.0513,-0.0210,1.0005,0.00,0.00,-0.12,-2.58,3.70,18.67
114.105407,-0.0518,-0.0205,0.9990,-0.06,-0.06,-0.06,-2.58,3.70,18.67
114.135421,-0.0513,-0.0200,0.9990,-0.06,0.00,-0.18,-2.58,3.70,18.67
114.135421,-0.0508,-0.0195,1.0000,0.00,0.00,-0.06,-2.58,3.70,18.67
114.195705,-0.0508,-0.0195,1.0000,-0.06,0.00,0.00,-2.58,3.70,18.67
114.195705,-0.0503,-0.0195,0.9990,-0.06,0.00,-0.06,-2.58,3.70,18.67
114.225467,-0.0508,-0.0195,1.0005,0.00,0.00,-0.12,-2.58,3.70,18.67
114.225467,-0.0498,-0.0200,1.0000,-0.06,0.00,-0.12,-2.58,3.70,18.67
114.255469,-0.0503,-0.0190,0.9995,0.00,0.00,-0.18,-2.58,3.70,18.67
114.255469,-0.0513,-0.0200,1.0005,-0.06,0.06,-0.12,-2.58,3.70,18.67
114.315402,-0.0518,-0.0195,1.0000,-0.06,0.00,-0.06,-2.58,3.70,18.67
114.315402,-0.0518,-0.0190,1.0005,-0.06,0.00,-0.06,-2.58,3.70,18.67
114.345388,-0.0498,-0.0195,0.9995,0.00,0.00,-0.06,-2.58,3.70,18.67
114.345388,-0.0503,-0.0200,0.9990,-0.06,0.00,-0.06,-2.58,3.70,18.67
114.375405,-0.0498,-0.0195,0.9990,-0.06,0.00,-0.06,-2.58,3.70,18.67
114.375405,-0.0508,-0.0195,0.9995,0.00,0.00,-0.12,-2.58,3.70,18.67
114.435469,-0.0513,-0.0195,0.9995,-0.06,0.00,-0.12,-2.58,3.70,18.67
114.435469,-0.0503,-0.0195,0.9990,-0.06,0.06,-0.06,-2.58,3.70,18.67
114.465554,-0.0518,-0.0186,0.9995,0.00,0.00,-0.06,-2.58,3.70,18.67
114.465554,-0.0513,-0.0190,0.9995,0.00,0.00,-0.06,-2.58,3.70,18.67
114.496139,-0.0518,-0.0181,1.0010,-0.06,0.00,-0.06,-2.58,3.70,18.67
114.496139,-0.0518,-0.0205,1.0000,-0.06,0.00,-0.06,-2.58,3.70,18.67
114.555430,-0.0508,-0.0200,0.9990,0.00,0.06,-0.06,-2.58,3.70,18.67
114.555430,-0.0503,-0.0195,1.0010,0.00,0.00,-0.06,-2.58,3.70,18.67
114.585465,-0.0508,-0.0195,1.0000,-0.12,0.00,-0.18,-2.58,3.70,18.67
114.585465,-0.0513,-0.0195,0.9995,-0.06,0.00,-0.06,-2.58,3.70,18.67
114.615591,-0.0508,-0.0190,0.9985,-0.06,0.00,-0.12,-2.58,3.70,18.67
114.615591,-0.0498,-0.0181,1.0010,-0.12,0.00,-0.06,-2.58,3.70,18.67
114.675554,-0.0488,-0.0186,0.9985,-0.06,0.00,0.00,-2.58,3.70,18.67
114.675554,-0.0508,-0.0200,1.0000,-0.06,0.00,-0.06,-2.58,3.70,18.67
114.705437,-0.0527,-0.0210,1.0000,-0.06,0.00,-0.18,-2.58,3.70,18.67
114.705437,-0.0518,-0.0200,1.0005,-0.06,0.00,-0.12,-2.58,3.70,18.67
114.735530,-0.0518,-0.0186,0.9990,-0.06,0.00,-0.06,-2.58,3.70,18.67
114.735530,-0.0513,-0.0195,1.0005,-0.06,0.00,0.00,-2.58,3.70,18.67
114.795744,-0.0503,-0.0205,0.9995,-0.06,0.00,-0.06,-2.58,3.70,18.67
114.795744,-0.0493,-0.0200,0.9990,-0.12,0.00,-0.12,-2.58,3.70,18.67
114.826487,-0.0488,-0.0200,1.0005,0.00,0.00,-0.12,-2.58,3.70,18.67
114.826487,-0.0479,-0.0215,0.9990,0.00,0.06,-0.06,-2.58,3.70,18.67
114.855527,-0.0508,-0.0195,1.0015,0.00,0.00,-0.06,-2.58,3.70,18.67
114.855527,-0.0537,-0.0151,0.9985,-0.06,0.00,-0.06,-2.58,3.70,18.67
114.915966,-0.0552,-0.0142,1.0005,-0.06,0.00,-0.12,-2.58,3.70,18.67
114.915966,-0.0537,-0.0137,0.9980,-0.06,0.00,-0.12,-2.58,3.70,18.67
114.945507,-0.0513,-0.0166,1.0000,-0.12,0.00,-0.12,-2.58,3.70,18.67
114.945507,-0.0508,-0.0220,1.0005,-0.06,0.00,-0.12,-2.58,3.70,18.67
114.975447,-0.0503,-0.0259,0.9985,-0.12,0.00,-0.12,-2.58,3.70,18.67
114.975447,-0.0508,-0.0269,1.0000,-0.06,0.00,-0.12,-2.58,3.70,18.67
115.035534,-0.0503,-0.0239,0.9985,0.00,0.06,-0.06,-2.58,3.70,18.67
115.035534,-0.0508,-0.0186,1.0020,0.00,0.00,-0.06,-2.58,3.70,18.67
115.065585,-0.0513,-0.0137,0.9990,-0.06,0.00,-0.06,-2.58,3.70,18.67
115.065585,-0.0503,-0.0132,1.0005,-0.12,0.00,-0.12,-2.58,3.70,18.67
115.095698,-0.0469,-0.0176,0.9966,-0.12,0.00,-0.06,-2.58,3.70,18.67
115.095698,-0.0479,-0.0220,0.9971,-0.06,0.00,0.00,-2.58,3.70,18.67
115.156465,-0.0508,-0.0215,0.9995,-0.06,0.00,-0.06,-2.58,3.70,18.67
115.156465,-0.0542,-0.0200,1.0015,-0.12,0.00,-0.06,-2.58,3.70,18.67
115.185461,-0.0576,-0.0186,0.9995,-0.12,0.00,-0.18,-2.58,3.70,18.67
115.185461,-0.0581,-0.0190,0.9980,-0.12,0.00,-0.12,-2.58,3.70,18.67
115.215480,-0.0542,-0.0200,0.9995,-0.12,0.00,-0.12,-2.58,3.70,18.67
115.215480,-0.0493,-0.0229,0.9985,-0.06,0.00,-0.18,-2.58,3.71,18.67
115.275531,-0.0454,-0.0249,1.0000,-0.06,0.00,-0.24,-2.58,3.71,18.67
115.275531,-0.0444,-0.0229,0.9995,0.00,0.00,-0.06,-2.58,3.71,18.67
115.305466,-0.0459,-0.0205,0.9995,-0.06,0.00,-0.06,-2.58,3.70,18.67
115.305466,-0.0498,-0.0171,0.9971,-0.12,0.00,-0.06,-2.58,3.70,18.67
115.365539,-0.0532,-0.0161,0.9990,-0.06,0.00,0.00,-2.58,3.70,18.67
115.365539,-0.0542,-0.0171,0.9990,-0.06,0.00,-0.06,-2.58,3.70,18.66
115.395731,-0.0542,-0.0186,0.9995,-0.06,0.00,-0.12,-2.58,3.70,18.66
115.395731,-0.0527,-0.0205,1.0010,-0.06,0.06,-0.12,-2.58,3.70,18.66
115.425487,-0.0508,-0.0210,0.9995,0.00,0.00,-0.12,-2.58,3.70,18.66
115.425487,-0.0493,-0.0190,0.9971,0.00,0.00,-0.12,-2.58,3.70,18.66
115.485440,-0.0469,-0.0190,0.9971,0.00,0.00,-0.06,-2.58,3.70,18.66
115.485440,-0.0498,-0.0181,1.0020,0.00,0.00,-0.12,-2.58,3.70,18.66
115.515485,-0.0532,-0.0215,1.0020,-0.06,0.00,-0.12,-2.58,3.70,18.66
115.515485,-0.0522,-0.0239,0.9966,-0.06,0.00,-0.12,-2.58,3.70,18.66
115.545540,-0.0518,-0.0239,0.9990,-0.06,0.00,-0.06,-2.58,3.70,18.66
115.545540,-0.0493,-0.0225,0.9976,-0.06,0.00,0.00,-2.58,3.70,18.66
115.605409,-0.0488,-0.0190,0.9990,0.00,0.00,-0.06,-2.58,3.70,18.66
115.605409,-0.0522,-0.0161,1.0029,0.00,0.00,-0.12,-2.58,3.70,18.66
115.635295,-0.0542,-0.0166,0.9985,0.00,0.00,-0.12,-2.58,3.70,18.66
115.635295,-0.0552,-0.0181,0.9990,0.00,0.00,-0.12,-2.58,3.70,18.66
115.665091,-0.0518,-0.0200,0.9971,0.00,0.00,-0.06,-2.58,3.70,18.66
115.665091,-0.0479,-0.0200,0.9990,0.00,0.00,-0.06,-2.58,3.71,18.66
115.726572,-0.0444,-0.0215,0.9995,-0.06,0.00,-0.06,-2.58,3.70,18.66
115.726572,-0.0454,-0.0220,0.9995,-0.06,0.06,-0.12,-2.58,3.70,18.66
115.755582,-0.0503,-0.0186,0.9961,-0.06,0.00,-0.06,-2.58,3.70,18.66
115.755582,-0.0552,-0.0156,0.9966,-0.06,0.00,-0.06,-2.58,3.70,18.66
115.785527,-0.0596,-0.0186,1.0059,0.00,0.00,-0.12,-2.58,3.70,18.66
115.785527,-0.0562,-0.0205,1.0010,0.00,0.00,-0.06,-2.58,3.70,18.66
115.845662,-0.0503,-0.0205,0.9951,0.00,0.06,-0.12,-2.58,3.71,18.66
115.845662,-0.0464,-0.0190,1.0015,0.00,0.00,-0.12,-2.58,3.71,18.66
115.875549,-0.0459,-0.0176,0.9995,0.00,0.00,-0.18,-2.58,3.71,18.66
115.875549,-0.0464,-0.0171,0.9976,-0.06,0.00,-0.06,-2.58,3.70,18.66
115.905547,-0.0518,-0.0195,0.9990,0.00,0.00,-0.06,-2.58,3.70,18.66
115.905547,-0.0552,-0.0215,1.0010,-0.06,0.00,0.00,-2.58,3.70,18.66
115.965478,-0.0547,-0.0244,1.0000,-0.06,0.00,-0.12,-2.58,3.70,18.66
115.965478,-0.0518,-0.0229,0.9980,-0.06,0.06,-0.18,-2.58,3.70,18.66
115.995853,-0.0483,-0.0215,1.0020,0.00,0.00,-0.12,-2.58,3.70,18.66
115.995853,-0.0454,-0.0186,0.9976,-0.06,0.00,-0.06,-2.59,3.70,18.66
116.025254,-0.0479,-0.0156,1.0020,0.00,0.00,-0.06,-2.59,3.70,18.66
116.025254,-0.0513,-0.0181,0.9980,-0.06,0.00,-0.06,-2.58,3.70,18.66
116.085488,-0.0542,-0.0210,0.9990,-0.06,0.00,-0.06,-2.58,3.70,18.66
116.085488,-0.0537,-0.0215,0.9990,-0.06,0.00,-0.06,-2.58,3.70,18.66
116.115490,-0.0532,-0.0176,1.0005,-0.06,0.00,-0.06,-2.58,3.70,18.65
116.115490,-0.0518,-0.0166,1.0005,-0.06,0.00,-0.06,-2.58,3.70,18.65
116.145557,-0.0493,-0.0181,0.9985,-0.06,0.00,-0.12,-2.58,3.70,18.65
116.145557,-0.0498,-0.0205,0.9995,-0.06,0.00,-0.12,-2.58,3.70,18.65
116.205534,-0.0498,-0.0186,0.9995,-0.06,0.00,-0.12,-2.58,3.70,18.65
116.205534,-0.0518,-0.0181,1.0005,0.00,0.00,-0.18,-2.58,3.70,18.65
116.235458,-0.0508,-0.0176,0.9985,-0.06,0.00,-0.12,-2.58,3.70,18.65
116.235458,-0.0503,-0.0181,1.0015,-0.12,0.00,-0.18,-2.58,3.70,18.65
116.265468,-0.0488,-0.0186,0.9980,-0.18,0.00,-0.12,-2.58,3.70,18.65
116.265468,-0.0464,-0.0244,0.9995,-0.06,0.06,-0.06,-2.58,3.70,18.65
116.325528,-0.0469,-0.0259,0.9990,-0.06,0.00,-0.06,-2.58,3.70,18.65
116.325528,-0.0498,-0.0317,1.0024,0.00,0.00,0.00,-2.58,3.70,18.65
116.355520,-0.0542,-0.0303,1.0024,-0.06,0.00,0.00,-2.59,3.70,18.65
116.355520,-0.0581,-0.0151,0.9922,0.00,0.00,-0.06,-2.59,3.70,18.65
116.385472,-0.0576,0.0039,0.9780,0.12,0.12,-0.18,-2.59,3.70,18.65
116.385472,-0.0576,0.0127,0.9980,-0.12,0.00,-0.24,-2.59,3.70,18.65
116.445539,-0.0503,-0.0063,1.0029,-0.31,-0.12,-0.31,-2.58,3.71,18.65
116.445539,-0.0439,-0.0356,1.0112,-0.18,0.00,-0.18,-2.58,3.71,18.65
116.475373,-0.0420,-0.0508,0.9902,0.00,0.00,-0.06,-2.58,3.71,18.65
116.475373,-0.0439,-0.0459,0.9971,0.00,0.00,-0.06,-2.58,3.70,18.65
116.505579,-0.0439,-0.0278,1.0054,0.12,0.00,-0.06,-2.59,3.70,18.65
116.505579,-0.0479,-0.0054,1.0000,0.00,0.12,0.00,-2.59,3.70,18.65
116.565548,-0.0537,0.0049,0.9922,0.00,0.00,0.18,-2.59,3.70,18.65
116.565548,-0.0596,0.0000,0.9902,-0.18,-0.06,0.00,-2.59,3.70,18.65
116.596901,-0.0630,-0.0151,1.0117,-0.12,0.00,-0.18,-2.58,3.70,18.65
116.596901,-0.0596,-0.0293,0.9985,-0.12,0.06,-0.37,-2.58,3.70,18.65
116.625483,-0.0493,-0.0361,0.9980,-0.06,0.00,-0.31,-2.58,3.70,18.65
116.625483,-0.0400,-0.0337,0.9951,0.00,0.00,-0.12,-2.58,3.71,18.65
116.685550,-0.0376,-0.0249,1.0039,0.00,0.00,0.06,-2.59,3.70,18.65
116.685550,-0.0435,-0.0151,0.9966,0.06,0.00,0.06,-2.59,3.70,18.65
116.715546,-0.0527,-0.0068,0.9951,0.00,0.00,-0.12,-2.59,3.70,18.65
116.715546,-0.0596,-0.0083,1.0015,0.00,0.00,-0.24,-2.59,3.70,18.65
116.775356,-0.0586,-0.0171,0.9995,-0.12,0.00,-0.06,-2.58,3.70,18.65
116.775356,-0.0552,-0.0259,1.0015,-0.06,0.00,0.00,-2.58,3.70,18.65
116.805356,-0.0508,-0.0283,0.9966,-0.06,0.00,-0.06,-2.58,3.70,18.65
116.805356,-0.0479,-0.0269,1.0024,0.00,0.00,-0.06,-2.59,3.70,18.65
116.835600,-0.0449,-0.0220,0.9980,0.00,0.00,-0.18,-2.59,3.70,18.65
116.835600,-0.0459,-0.0156,0.9995,0.00,0.00,-0.12,-2.59,3.70,18.65
116.896075,-0.0522,-0.0122,0.9980,0.00,0.00,0.00,-2.59,3.70,18.65
116.896075,-0.0571,-0.0122,0.9995,0.00,0.06,0.00,-2.59,3.70,18.65
116.925551,-0.0552,-0.0176,1.0000,0.00,0.00,-0.06,-2.59,3.70,18.65
116.925551,-0.0498,-0.0225,0.9990,-0.12,0.00,-0.24,-2.58,3.70,18.65
116.955590,-0.0464,-0.0249,1.0010,0.00,0.00,-0.18,-2.58,3.70,18.65
116.955590,-0.0479,-0.0234,0.9985,0.00,0.00,-0.06,-2.59,3.70,18.65
117.015511,-0.0527,-0.0205,1.0010,0.00,0.00,0.00,-2.59,3.70,18.65
117.015511,-0.0537,-0.0161,0.9985,-0.06,0.00,-0.06,-2.59,3.70,18.65
117.045280,-0.0522,-0.0146,1.0010,-0.06,0.00,-0.06,-2.59,3.70,18.65
117.045280,-0.0498,-0.0176,0.9966,-0.12,0.00,-0.18,-2.59,3.70,18.65
117.075484,-0.0503,-0.0195,1.0000,-0.12,0.00,-0.12,-2.59,3.70,18.65
117.075484,-0.0518,-0.0215,0.9990,-0.06,0.00,-0.12,-2.58,3.70,18.65
117.135581,-0.0527,-0.0215,1.0005,-0.06,0.00,-0.18,-2.58,3.70,18.65
117.135581,-0.0513,-0.0220,0.9985,0.00,0.00,-0.18,-2.59,3.70,18.65
117.165441,-0.0493,-0.0195,0.9985,-0.06,0.00,-0.06,-2.59,3.70,18.65
117.165441,-0.0483,-0.0176,0.9995,-0.06,0.00,-0.06,-2.59,3.70,18.65
117.195876,-0.0508,-0.0176,0.9980,-0.06,0.00,-0.06,-2.59,3.70,18.65
117.195876,-0.0508,-0.0190,0.9995,0.00,0.00,-0.12,-2.59,3.70,18.65
117.255579,-0.0518,-0.0195,0.9985,-0.06,0.00,-0.06,-2.59,3.70,18.65
117.255579,-0.0522,-0.0200,0.9995,0.00,0.00,-0.06,-2.59,3.70,18.65
117.285577,-0.0522,-0.0190,0.9990,0.00,0.00,-0.06,-2.59,3.70,18.65
117.285577,-0.0527,-0.0195,1.0000,0.00,0.00,0.00,-2.59,3.70,18.65
117.315515,-0.0518,-0.0181,1.0000,0.00,0.00,-0.12,-2.59,3.70,18.65
117.315515,-0.0503,-0.0190,1.0000,0.00,0.00,-0.06,-2.59,3.70,18.65
117.375574,-0.0493,-0.0195,0.9985,0.00,0.00,-0.12,-2.58,3.70,18.65
117.375574,-0.0479,-0.0200,1.0000,0.00,0.00,-0.06,-2.58,3.70,18.65
117.405937,-0.0493,-0.0200,1.0010,0.00,0.00,0.00,-2.58,3.70,18.65
117.405937,-0.0513,-0.0205,0.9990,-0.06,0.00,-0.12,-2.58,3.70,18.65
117.435470,-0.0527,-0.0200,1.0000,-0.06,0.00,-0.12,-2.59,3.70,18.65
117.435470,-0.0522,-0.0200,0.9995,0.00,0.00,-0.06,-2.59,3.70,18.65
117.495786,-0.0503,-0.0186,1.0005,0.00,0.06,-0.06,-2.59,3.70,18.65
117.495786,-0.0493,-0.0181,0.9985,-0.06,0.00,-0.06,-2.59,3.70,18.65
117.525560,-0.0522,-0.0181,0.9995,-0.06,0.00,-0.06,-2.59,3.70,18.65
117.525560,-0.0532,-0.0190,1.0000,-0.06,0.00,-0.12,-2.58,3.70,18.64
117.555459,-0.0522,-0.0200,1.0000,-0.06,0.00,-0.18,-2.58,3.70,18.64
117.555459,-0.0498,-0.0195,0.9995,-0.06,0.00,-0.12,-2.58,3.70,18.64
117.615445,-0.0469,-0.0181,1.0010,-0.12,0.00,-0.06,-2.58,3.70,18.64
117.615445,-0.0479,-0.0195,0.9990,-0.06,0.00,-0.06,-2.58,3.70,18.64
117.645492,-0.0508,-0.0215,1.0005,-0.06,-0.06,-0.06,-2.58,3.70,18.64
117.645492,-0.0537,-0.0225,1.0005,-0.12,0.00,-0.06,-2.58,3.70,18.64
117.675614,-0.0542,-0.0215,0.9990,-0.06,0.00,-0.12,-2.58,3.70,18.64
117.675614,-0.0532,-0.0200,1.0000,-0.06,-0.06,-0.06,-2.59,3.70,18.64
117.735609,-0.0503,-0.0190,0.9995,-0.06,0.00,0.00,-2.59,3.70,18.64
117.735609,-0.0483,-0.0181,1.0005,0.00,0.00,-0.06,-2.59,3.70,18.64
117.765440,-0.0474,-0.0176,0.9985,0.00,0.00,-0.06,-2.59,3.70,18.64
117.765440,-0.0493,-0.0205,1.0000,-0.06,0.00,-0.12,-2.59,3.70,18.64
117.796407,-0.0503,-0.0239,1.0020,-0.06,0.00,0.00,-2.59,3.70,18.64
117.796407,-0.0518,-0.0249,1.0005,-0.06,0.00,0.00,-2.59,3.70,18.64
117.855628,-0.0542,-0.0181,0.9976,0.00,0.00,-0.06,-2.59,3.70,18.64
117.855628,-0.0527,-0.0117,0.9995,0.00,0.06,-0.06,-2.59,3.70,18.64
117.885622,-0.0547,-0.0078,1.0190,0.06,0.31,-0.18,-2.59,3.70,18.64
117.885622,-0.0503,-0.0093,0.9814,0.00,0.00,-0.18,-2.58,3.70,18.64
117.915600,-0.0532,-0.0205,0.9771,-0.49,0.00,-0.24,-2.58,3.70,18.64
117.915600,-0.0552,-0.0347,1.0396,-0.06,-0.12,-0.24,-2.58,3.71,18.64
117.975386,-0.0459,-0.0327,0.9961,-0.06,0.06,-0.18,-2.58,3.71,18.64
117.975386,-0.0435,-0.0303,1.0029,-0.06,0.06,-0.12,-2.58,3.71,18.64
118.005704,-0.0410,-0.0239,0.9824,-0.12,-0.12,0.00,-2.59,3.70,18.64
118.005704,-0.0503,-0.0195,1.0225,-0.18,0.06,0.00,-2.59,3.70,18.64
118.035575,-0.0532,-0.0068,0.9907,0.06,0.00,-0.06,-2.59,3.70,18.64
118.035575,-0.0581,-0.0044,0.9893,-0.24,0.00,-0.18,-2.59,3.70,18.64
118.095855,-0.0596,-0.0142,1.0068,0.00,-0.12,-0.12,-2.59,3.70,18.64
118.095855,-0.0552,-0.0249,1.0020,-0.24,0.12,-0.12,-2.58,3.70,18.64
118.125592,-0.0503,-0.0327,1.0029,0.00,0.00,-0.06,-2.58,3.70,18.64
118.125592,-0.0430,-0.0308,0.9834,-0.18,0.06,-0.18,-2.59,3.71,18.64
118.185509,-0.0425,-0.0244,1.0181,0.00,0.00,-0.12,-2.59,3.70,18.64
118.185509,-0.0444,-0.0137,0.9907,0.00,0.00,-0.06,-2.59,3.70,18.64
118.215564,-0.0542,-0.0103,1.0010,-0.12,0.00,0.00,-2.59,3.70,18.64
118.215564,-0.0581,-0.0117,0.9912,0.00,0.00,-0.06,-2.59,3.70,18.64
118.245575,-0.0610,-0.0190,1.0078,-0.24,0.06,-0.18,-2.59,3.70,18.64
118.245575,-0.0557,-0.0249,0.9995,0.00,0.00,-0.24,-2.59,3.70,18.64
118.305600,-0.0449,-0.0269,0.9941,-0.12,0.12,-0.24,-2.59,3.70,18.64
118.305600,-0.0405,-0.0259,1.0054,0.00,0.00,-0.06,-2.59,3.70,18.64
118.335608,-0.0430,-0.0215,0.9971,-0.06,0.00,0.00,-2.59,3.70,18.64
118.335608,-0.0503,-0.0166,1.0068,0.00,0.00,0.00,-2.59,3.70,18.64
118.365568,-0.0562,-0.0127,0.9878,-0.06,0.00,-0.06,-2.59,3.70,18.64
118.365568,-0.0596,-0.0137,1.0088,-0.12,0.00,-0.18,-2.59,3.70,18.64
118.425587,-0.0552,-0.0156,0.9966,-0.06,0.00,-0.18,-2.59,3.70,18.64
118.425587,-0.0503,-0.0210,1.0029,-0.12,0.12,-0.18,-2.59,3.70,18.64
118.455425,-0.0449,-0.0239,0.9971,-0.06,0.00,-0.12,-2.59,3.70,18.64
118.455425,-0.0439,-0.0234,1.0015,-0.12,0.00,-0.18,-2.59,3.70,18.64
118.485589,-0.0459,-0.0200,1.0029,0.00,0.00,-0.18,-2.59,3.70,18.64
118.485589,-0.0488,-0.0146,0.9946,-0.12,0.00,-0.12,-2.59,3.70,18.64
118.545584,-0.0552,-0.0142,1.0054,0.00,-0.06,0.00,-2.59,3.70,18.64
118.545584,-0.0576,-0.0176,0.9937,-0.06,0.00,0.00,-2.59,3.70,18.64
118.575556,-0.0562,-0.0229,1.0073,-0.06,0.00,-0.12,-2.59,3.70,18.64
118.575556,-0.0498,-0.0249,0.9932,-0.06,0.00,-0.24,-2.59,3.70,18.64
118.605982,-0.0474,-0.0254,1.0054,-0.06,0.00,-0.18,-2.59,3.70,18.64
118.605982,-0.0459,-0.0215,0.9966,0.00,0.00,-0.06,-2.59,3.70,18.63
118.665648,-0.0503,-0.0171,1.0020,-0.06,0.06,-0.12,-2.59,3.70,18.63
118.665648,-0.0542,-0.0161,0.9985,0.00,0.00,-0.06,-2.59,3.70,18.63
118.695781,-0.0542,-0.0176,0.9990,-0.18,0.00,-0.12,-2.59,3.70,18.63
118.695781,-0.0547,-0.0215,1.0034,0.00,0.00,-0.18,-2.59,3.70,18.63
118.725536,-0.0513,-0.0239,0.9956,-0.06,0.06,-0.12,-2.59,3.70,18.63
118.725536,-0.0508,-0.0249,1.0049,0.00,0.00,-0.06,-2.59,3.70,18.63
118.785548,-0.0483,-0.0215,0.9941,0.00,0.00,-0.06,-2.59,3.70,18.63
118.785548,-0.0483,-0.0176,1.0044,-0.06,0.00,-0.06,-2.59,3.70,18.63
118.816590,-0.0474,-0.0146,0.9951,0.00,0.00,-0.12,-2.59,3.70,18.63
118.816590,-0.0498,-0.0132,1.0020,-0.12,0.00,-0.06,-2.59,3.70,18.63
118.845585,-0.0513,-0.0151,0.9985,0.00,0.00,-0.06,-2.59,3.70,18.63
118.845585,-0.0532,-0.0200,0.9990,-0.12,0.00,-0.12,-2.59,3.70,18.63
118.905807,-0.0532,-0.0234,1.0015,0.00,0.00,-0.18,-2.59,3.70,18.63
118.905807,-0.0522,-0.0254,0.9961,-0.06,0.00,-0.18,-2.59,3.70,18.63
118.935687,-0.0518,-0.0220,1.0029,0.00,0.00,-0.18,-2.59,3.70,18.63
118.935687,-0.0498,-0.0190,0.9951,0.00,0.00,-0.06,-2.59,3.70,18.63
118.965580,-0.0503,-0.0171,1.0039,0.00,0.00,-0.06,-2.59,3.70,18.63
118.965580,-0.0493,-0.0156,0.9951,0.00,0.00,-0.06,-2.59,3.70,18.63
119.025594,-0.0498,-0.0181,1.0024,-0.06,0.00,-0.12,-2.59,3.70,18.63
119.025594,-0.0508,-0.0200,0.9980,-0.06,0.00,-0.18,-2.59,3.70,18.63
119.056736,-0.0527,-0.0234,1.0015,-0.12,0.06,-0.12,-2.59,3.70,18.63
119.056736,-0.0522,-0.0234,0.9995,0.00,0.00,-0.12,-2.59,3.70,18.63
119.085449,-0.0508,-0.0220,0.9990,-0.06,0.00,-0.12,-2.59,3.70,18.63
119.085449,-0.0498,-0.0181,1.0020,0.00,0.00,-0.06,-2.59,3.70,18.63
119.145491,-0.0479,-0.0146,0.9956,0.00,0.00,-0.12,-2.59,3.70,18.63
119.145491,-0.0488,-0.0166,1.0029,0.00,0.00,-0.12,-2.59,3.70,18.63
119.175430,-0.0503,-0.0176,0.9961,-0.06,0.00,-0.12,-2.59,3.70,18.63
119.175430,-0.0532,-0.0220,1.0029,-0.06,0.00,-0.06,-2.59,3.70,18.63
119.205495,-0.0527,-0.0234,0.9966,0.00,0.00,-0.18,-2.59,3.70,18.63
119.205495,-0.0513,-0.0234,1.0010,-0.06,0.06,-0.12,-2.59,3.70,18.63
119.265528,-0.0498,-0.0210,0.9990,0.00,0.00,0.00,-2.59,3.70,18.63
119.265528,-0.0503,-0.0190,1.0000,-0.06,0.06,-0.06,-2.59,3.70,18.63
119.296913,-0.0508,-0.0176,0.9995,0.00,0.00,-0.12,-2.59,3.70,18.63
119.296913,-0.0522,-0.0181,0.9980,0.00,0.00,-0.06,-2.59,3.70,18.63
119.325603,-0.0522,-0.0195,1.0020,0.00,0.00,-0.06,-2.59,3.70,18.63
119.325603,-0.0508,-0.0215,0.9961,-0.06,0.00,-0.18,-2.59,3.70,18.63
119.385526,-0.0522,-0.0215,1.0024,-0.12,0.00,-0.12,-2.59,3.70,18.63
119.385526,-0.0503,-0.0215,0.9961,0.00,0.00,-0.06,-2.59,3.70,18.63
119.415574,-0.0503,-0.0200,1.0024,-0.06,0.00,-0.06,-2.59,3.70,18.63
119.415574,-0.0479,-0.0186,0.9971,0.00,0.00,-0.06,-2.59,3.70,18.63
119.445614,-0.0483,-0.0176,1.0000,-0.12,0.00,-0.06,-2.59,3.70,18.63
119.445614,-0.0508,-0.0171,0.9995,-0.06,0.00,-0.12,-2.59,3.70,18.63
119.505673,-0.0527,-0.0171,1.0000,-0.18,0.00,-0.06,-2.59,3.70,18.63
119.505673,-0.0532,-0.0195,1.0015,-0.06,-0.06,-0.12,-2.59,3.70,18.63
119.535292,-0.0518,-0.0210,0.9976,-0.06,0.00,-0.18,-2.59,3.70,18.63
119.535292,-0.0518,-0.0234,1.0029,-0.06,0.00,-0.12,-2.59,3.70,18.63
119.595596,-0.0513,-0.0244,0.9980,-0.06,0.06,-0.06,-2.59,3.70,18.63
119.595596,-0.0498,-0.0225,1.0024,-0.06,0.00,0.00,-2.59,3.70,18.63
119.625610,-0.0498,-0.0186,0.9980,0.00,0.00,-0.18,-2.59,3.70,18.63
119.625610,-0.0508,-0.0161,1.0024,0.00,0.00,-0.18,-2.59,3.70,18.63
119.655244,-0.0513,-0.0166,0.9985,0.00,0.00,-0.12,-2.59,3.70,18.63
119.655244,-0.0532,-0.0205,1.0010,-0.06,0.00,-0.06,-2.59,3.70,18.63
119.715347,-0.0547,-0.0234,1.0000,-0.06,0.00,-0.12,-2.59,3.70,18.63
119.715347,-0.0527,-0.0234,1.0000,-0.06,0.00,-0.06,-2.59,3.70,18.63
119.745337,-0.0493,-0.0215,1.0020,0.00,0.00,-0.12,-2.59,3.70,18.63
119.745337,-0.0459,-0.0171,0.9985,-0.06,0.00,-0.06,-2.59,3.70,18.63
119.775526,-0.0459,-0.0156,1.0005,0.00,0.00,-0.06,-2.59,3.70,18.63
119.775526,-0.0503,-0.0156,0.9980,-0.06,0.00,0.00,-2.59,3.70,18.63
119.835362,-0.0542,-0.0190,1.0005,-0.06,0.00,-0.06,-2.59,3.70,18.63
119.835362,-0.0547,-0.0215,0.9980,0.00,0.00,-0.12,-2.59,3.70,18.63
119.865261,-0.0527,-0.0234,1.0020,0.00,0.00,-0.06,-2.59,3.70,18.63
119.865261,-0.0498,-0.0215,0.9995,0.00,0.00,-0.06,-2.59,3.70,18.63
119.895509,-0.0493,-0.0195,0.9985,-0.06,0.00,-0.06,-2.59,3.70,18.63
119.895509,-0.0488,-0.0171,0.9995,-0.06,0.00,-0.18,-2.59,3.70,18.63
119.955534,-0.0483,-0.0176,0.9990,-0.06,0.00,-0.06,-2.59,3.70,18.63
119.955534,-0.0503,-0.0181,1.0005,-0.06,0.00,-0.12,-2.59,3.70,18.63
119.985549,-0.0527,-0.0205,0.9980,-0.06,0.00,0.00,-2.59,3.70,18.63
119.985549,-0.0542,-0.0225,1.0000,-0.12,0.00,-0.06,-2.59,3.70,18.63
120.015630,-0.0537,-0.0229,0.9985,-0.06,0.00,-0.06,-2.59,3.70,18.63
120.015630,-0.0527,-0.0205,1.0010,-0.12,0.00,-0.12,-2.59,3.70,18.63
120.075521,-0.0508,-0.0181,0.9985,0.00,0.00,-0.06,-2.59,3.70,18.63
120.075521,-0.0493,-0.0176,1.0005,-0.06,0.00,-0.06,-2.59,3.70,18.63
120.105467,-0.0488,-0.0186,0.9995,0.00,0.00,-0.06,-2.59,3.70,18.63
120.105467,-0.0498,-0.0205,0.9995,-0.12,0.00,-0.06,-2.59,3.70,18.63
120.135645,-0.0522,-0.0225,1.0015,-0.06,0.00,-0.06,-2.59,3.70,18.63
120.135645,-0.0537,-0.0225,0.9990,-0.06,0.00,-0.06,-2.59,3.70,18.63
120.195796,-0.0527,-0.0229,1.0005,0.00,0.00,-0.12,-2.59,3.70,18.62
120.195796,-0.0508,-0.0205,0.9985,0.00,0.00,-0.06,-2.59,3.70,18.62
120.225657,-0.0493,-0.0176,1.0005,0.00,0.00,-0.06,-2.59,3.70,18.62
120.225657,-0.0479,-0.0166,0.9985,0.00,0.06,-0.06,-2.59,3.70,18.62
120.255554,-0.0479,-0.0171,1.0005,0.00,0.00,-0.12,-2.59,3.70,18.62
120.255554,-0.0508,-0.0195,1.0010,0.00,0.00,-0.06,-2.59,3.70,18.62
120.315496,-0.0527,-0.0200,1.0000,-0.06,0.00,-0.12,-2.59,3.70,18.62
120.315496,-0.0542,-0.0215,1.0005,0.00,0.00,-0.06,-2.59,3.70,18.62
120.345512,-0.0532,-0.0210,1.0000,-0.06,0.00,-0.18,-2.59,3.70,18.62
120.345512,-0.0508,-0.0200,1.0010,0.00,0.00,-0.12,-2.59,3.70,18.62
120.375676,-0.0488,-0.0181,0.9985,-0.06,0.00,-0.12,-2.59,3.70,18.62
120.375676,-0.0488,-0.0176,1.0015,-0.06,0.00,-0.12,-2.59,3.70,18.62
120.435604,-0.0503,-0.0195,0.9990,-0.06,0.00,-0.06,-2.59,3.70,18.62
120.435604,-0.0518,-0.0215,1.0010,-0.12,0.00,-0.06,-2.59,3.70,18.62
120.465543,-0.0537,-0.0210,0.9990,0.00,0.00,-0.12,-2.59,3.70,18.62
120.465543,-0.0542,-0.0225,1.0010,0.00,0.00,-0.06,-2.59,3.70,18.62
120.496026,-0.0518,-0.0215,1.0000,0.00,0.00,-0.06,-2.59,3.70,18.62
120.496026,-0.0498,-0.0190,1.0005,-0.06,0.00,-0.06,-2.59,3.70,18.62
120.555545,-0.0493,-0.0190,0.9995,0.00,0.00,-0.06,-2.59,3.70,18.62
120.555545,-0.0498,-0.0181,0.9995,0.00,0.00,-0.06,-2.59,3.70,18.62
120.585548,-0.0513,-0.0195,1.0010,-0.06,0.06,-0.06,-2.59,3.70,18.62
120.585548,-0.0522,-0.0200,0.9995,-0.06,0.00,-0.12,-2.59,3.70,18.62
120.615329,-0.0522,-0.0205,1.0010,0.00,0.00,-0.12,-2.59,3.70,18.62
120.615329,-0.0508,-0.0200,0.9985,0.00,0.00,-0.12,-2.59,3.70,18.62
120.675885,-0.0503,-0.0190,1.0005,-0.06,0.00,-0.12,-2.59,3.70,18.62
120.675885,-0.0493,-0.0181,0.9990,-0.06,0.00,-0.06,-2.59,3.70,18.62
120.705575,-0.0620,-0.1016,1.0522,12.08,-1.40,0.92,-2.57,3.70,18.62
120.705575,-0.1216,-0.0610,1.0005,3.85,0.49,-21.97,-2.42,3.69,18.16
120.735556,-0.0308,-0.1504,0.9966,-0.18,0.18,-7.26,-2.38,3.69,18.04
120.735556,-0.0513,-0.0308,0.9985,1.22,0.00,-0.55,-2.37,3.69,17.98
120.795895,-0.0508,-0.0161,0.9985,0.43,0.00,-0.12,-2.35,3.69,17.98
120.795895,-0.0488,-0.0122,0.9980,-2.44,0.06,-0.24,-2.37,3.69,17.98
120.826567,-0.0317,0.0718,0.9966,-3.78,1.16,-45.65,-2.43,3.69,17.57
120.826567,0.0312,0.0923,0.9678,4.52,0.06,-10.13,-2.41,3.69,17.47
120.856545,-0.0884,-0.1426,1.0312,5.43,-0.24,-1.16,-2.43,3.69,17.23
120.856545,-0.0474,-0.0386,0.9985,1.28,-0.06,0.00,-2.36,3.68,17.25
120.915630,-0.0503,-0.0186,1.0044,2.32,0.00,-0.12,-2.32,3.68,17.25
120.915630,-0.0195,-0.0127,0.9775,0.00,0.06,-6.47,-2.27,3.68,17.23
120.945545,-0.0557,-0.0059,0.9971,-5.62,0.24,-0.92,-2.35,3.68,17.11
120.945545,-0.0566,-0.0410,1.0103,-5.80,1.16,-0.85,-2.59,3.72,17.07
121.005686,-0.0532,-0.0200,1.0010,-0.18,0.06,-0.12,-2.61,3.73,17.07
121.005686,-0.0532,-0.0195,1.0010,0.00,0.00,-0.18,-2.61,3.73,17.07
121.035636,-0.0522,-0.0200,0.9976,-0.12,0.00,-0.12,-2.62,3.72,17.07
121.035636,-0.0518,-0.0210,1.0024,-0.06,0.00,-0.12,-2.62,3.72,17.07
121.065595,-0.0503,-0.0205,0.9976,0.00,0.00,-0.06,-2.61,3.72,17.07
121.065595,-0.0317,0.0640,0.9731,-3.60,-1.04,-5.13,-2.55,3.70,17.07
121.125523,-0.0508,-0.0269,1.0015,0.00,0.00,-0.43,-2.62,3.70,17.01
121.125523,-0.0513,-0.0210,1.0024,2.81,-0.31,-0.31,-2.59,3.69,17.01
121.156881,-0.0420,-0.0176,0.9951,2.32,0.12,-10.25,-2.53,3.69,16.94
121.156881,-0.0566,-0.0103,0.9951,-2.01,0.12,-1.77,-2.53,3.69,16.80
121.185858,-0.0527,-0.0200,1.0010,-1.71,0.06,-0.18,-2.58,3.69,16.79
121.185858,-0.0527,-0.0195,1.0010,-1.10,0.06,-0.31,-2.60,3.70,16.79
121.245571,-0.0503,-0.0205,0.9995,-0.55,0.12,-0.92,-2.62,3.70,16.78
121.245571,-0.0493,-0.0225,1.0005,0.00,0.06,-0.24,-2.63,3.70,16.77
121.275584,-0.0488,-0.0215,1.0000,0.18,0.00,-0.06,-2.62,3.70,16.77
121.275584,-0.0513,-0.0215,0.9985,0.06,0.00,-0.12,-2.61,3.70,16.77
121.305634,-0.0532,-0.0210,1.0005,0.24,-0.06,-0.12,-2.61,3.70,16.77
121.305634,-0.0532,-0.0195,0.9990,0.18,0.00,-0.06,-2.60,3.70,16.77
121.365554,-0.0518,-0.0176,1.0010,0.18,0.00,-0.12,-2.59,3.69,16.77
121.365554,-0.0503,-0.0186,0.9976,0.00,0.00,-0.12,-2.59,3.69,16.77
121.395843,-0.0503,-0.0200,1.0020,-0.31,0.00,-0.06,-2.59,3.69,16.77
121.395843,-0.0503,-0.0210,0.9985,-0.43,0.00,-0.18,-2.60,3.69,16.77
121.425649,-0.0508,-0.0225,1.0010,-0.43,0.00,-0.12,-2.61,3.70,16.77
121.425649,-0.0498,-0.0205,1.0010,-0.18,0.00,-0.06,-2.61,3.70,16.77
121.485617,-0.0508,-0.0190,1.0000,0.00,0.00,-0.06,-2.61,3.70,16.77
121.485617,-0.0513,-0.0190,0.9995,0.12,0.00,-0.06,-2.61,3.70,16.77
121.515488,-0.0513,-0.0200,0.9990,0.24,-0.06,-0.06,-2.61,3.69,16.77
121.515488,-0.0518,-0.0205,1.0015,0.67,0.00,-0.12,-2.60,3.69,16.77
121.545605,-0.0508,-0.0190,0.9985,0.37,0.00,-0.12,-2.58,3.69,16.77
121.545605,-0.0493,-0.0176,1.0010,-0.24,0.00,-0.06,-2.58,3.69,16.77
121.605564,-0.0498,-0.0181,0.9995,-0.24,0.00,-0.12,-2.59,3.69,16.77
121.605564,-0.0493,-0.0190,1.0005,-0.12,0.00,-0.18,-2.59,3.69,16.77
121.635568,-0.0498,-0.0205,0.9976,-0.12,0.00,-0.12,-2.59,3.69,16.77
121.635568,-0.0522,-0.0220,1.0000,-0.24,0.00,-0.06,-2.59,3.69,16.77
121.665569,-0.0518,-0.0220,1.0005,0.55,-0.06,-0.12,-2.59,3.69,16.77
121.665569,-0.0518,-0.0205,0.9995,0.79,-0.06,-0.06,-2.57,3.69,16.77
121.725517,-0.0518,-0.0195,1.0005,1.77,-0.06,-0.06,-2.54,3.69,16.77
121.725517,-0.0513,-0.0156,0.9971,0.12,-0.06,-0.12,-2.52,3.68,16.77
121.755496,-0.0513,-0.0171,1.0015,-1.71,0.06,-0.18,-2.54,3.68,16.77
121.755496,-0.0513,-0.0190,1.0010,-0.31,0.00,-0.12,-2.56,3.69,16.77
121.785841,-0.0503,-0.0181,1.0000,-0.37,0.00,-0.12,-2.56,3.68,16.77
121.785841,-0.0508,-0.0200,1.0000,-1.16,0.06,-0.12,-2.58,3.69,16.77
121.845582,-0.0508,-0.0210,1.0015,-0.49,0.00,-0.18,-2.59,3.69,16.77
121.845582,-0.0513,-0.0210,1.0010,0.49,0.00,-0.31,-2.59,3.69,16.77
121.875617,-0.0508,-0.0205,1.0000,1.04,-0.06,-0.37,-2.58,3.69,16.76
121.875617,-0.0503,-0.0186,0.9980,0.61,0.00,-0.79,-2.55,3.68,16.75
121.905480,-0.0498,-0.0181,0.9995,0.00,0.00,-1.71,-2.55,3.68,16.73
121.905480,-0.0718,-0.0220,1.0015,-1.89,1.46,-41.26,-2.58,3.69,16.47
121.965428,-0.0513,-0.0356,1.0078,1.71,0.67,-36.74,-2.62,3.69,15.71
121.965428,-0.0317,-0.0122,0.9995,0.37,0.00,-2.50,-2.60,3.68,15.41
121.996804,-0.0498,-0.0195,1.0000,-0.49,0.06,-0.31,-2.60,3.68,15.40
121.996804,-0.0498,-0.0200,1.0005,0.43,-0.06,-0.12,-2.60,3.68,15.39
122.025587,-0.0483,-0.0205,1.0005,1.16,-0.06,-0.06,-2.59,3.68,15.39
122.025587,-0.0508,-0.0210,1.0010,1.83,0.00,-0.06,-2.55,3.67,15.40
122.085438,-0.0444,-0.0225,0.9976,1.71,-0.06,-2.62,-2.51,3.67,15.39
122.085438,-0.0542,-0.0273,1.0029,-1.83,0.67,-29.91,-2.54,3.67,15.04
122.115401,-0.0552,-0.0269,0.9946,0.67,0.00,-7.87,-2.53,3.67,14.79
122.115401,-0.0625,-0.0234,1.0020,0.18,0.24,-12.08,-2.55,3.67,14.58
122.145619,-0.0454,-0.0029,1.0044,0.49,-0.12,-5.55,-2.57,3.67,14.45
122.145619,-0.0244,-0.0059,0.9971,-1.04,0.00,-0.43,-2.57,3.67,14.41
122.205552,-0.0498,-0.0205,1.0015,-1.71,0.06,-0.12,-2.60,3.67,14.41
122.205552,-0.0513,-0.0249,1.0005,0.85,-0.06,-0.18,-2.61,3.67,14.40
122.235342,-0.0659,-0.0752,1.0171,10.50,-0.12,-0.43,-2.53,3.66,14.40
122.235342,0.0107,0.1069,1.0005,-20.69,2.93,-42.36,-2.55,3.67,13.99
122.268508,-0.0723,-0.0156,1.0059,-1.95,0.55,-8.67,-2.79,3.71,13.29
122.268508,-0.0532,-0.0215,0.9995,-0.06,0.00,-0.24,-2.79,3.71,13.25
122.325715,-0.0518,-0.0220,0.9995,-0.06,0.00,-0.12,-2.79,3.71,13.25
122.325715,-0.0503,-0.0225,0.9995,0.00,0.00,-0.12,-2.80,3.71,13.25
122.355595,-0.0508,-0.0239,0.9980,-0.12,0.00,-0.12,-2.80,3.71,13.25
122.355595,-0.0498,-0.0234,1.0020,0.00,0.00,-0.06,-2.80,3.71,13.25
122.415688,-0.0508,-0.0225,0.9976,-0.06,0.00,-0.12,-2.80,3.71,13.25
122.415688,-0.0527,-0.0229,1.0015,-0.06,0.00,-0.06,-2.80,3.71,13.25
122.445991,-0.0527,-0.0239,0.9976,-0.06,0.00,-0.06,-2.80,3.71,13.25
122.445991,-0.0542,-0.0249,1.0029,-0.06,0.06,-0.06,-2.80,3.71,13.25
122.475619,-0.0532,-0.0259,0.9985,-0.06,0.00,-0.12,-2.80,3.71,13.25
122.475619,-0.0513,-0.0244,1.0000,-0.06,0.00,-0.12,-2.80,3.71,13.25
122.535539,-0.0493,-0.0244,1.0005,0.00,0.00,0.00,-2.80,3.71,13.25
122.535539,-0.0498,-0.0234,1.0000,-0.06,0.00,-0.06,-2.80,3.71,13.25
122.565439,-0.0527,-0.0239,1.0015,0.00,0.00,0.00,-2.80,3.71,13.25
122.565439,-0.0547,-0.0244,0.9980,-0.06,0.00,-0.06,-2.80,3.71,13.26
122.595867,-0.0557,-0.0234,1.0029,-0.06,0.00,-0.18,-2.80,3.71,13.25
122.595867,-0.0532,-0.0229,0.9985,-0.06,0.00,-0.12,-2.80,3.71,13.25
122.655473,-0.0498,-0.0220,1.0020,-0.06,0.00,-0.12,-2.80,3.71,13.25
122.655473,-0.0483,-0.0215,0.9980,-0.06,0.00,-0.12,-2.80,3.71,13.25
122.685466,-0.0493,-0.0225,1.0010,-0.06,0.00,-0.12,-2.80,3.71,13.25
122.685466,-0.0518,-0.0229,0.9980,0.00,0.00,-0.18,-2.80,3.71,13.25
122.715490,-0.0537,-0.0229,1.0000,-0.06,0.00,-0.12,-2.79,3.71,13.28
122.715490,-0.0542,-0.0234,0.9995,-0.06,0.00,-0.12,-2.78,3.71,13.31
122.775699,-0.0552,-0.0239,0.9980,-0.06,0.00,-0.12,-2.77,3.72,13.34
122.775699,-0.0537,-0.0254,1.0015,-0.06,0.00,-0.12,-2.77,3.72,13.37
122.805504,-0.0518,-0.0249,0.9976,-0.06,0.00,-0.12,-2.76,3.72,13.40
122.805504,-0.0503,-0.0229,1.0020,-0.06,0.06,-0.12,-2.75,3.72,13.43
122.836585,-0.0493,-0.0225,0.9980,-0.12,0.00,-0.12,-2.75,3.73,13.46
122.836585,-0.0518,-0.0225,1.0000,-0.06,0.00,-0.18,-2.74,3.73,13.49
122.896184,-0.0522,-0.0244,0.9985,0.00,0.00,-0.12,-2.74,3.74,13.52
122.896184,-0.0527,-0.0254,1.0010,-0.06,0.00,-0.06,-2.73,3.74,13.55
122.925545,-0.0522,-0.0244,1.0000,0.00,0.00,-0.06,-2.72,3.74,13.57
122.925545,-0.0522,-0.0239,0.9995,-0.06,0.00,-0.18,-2.71,3.74,13.61
122.955543,-0.0503,-0.0234,1.0000,0.00,0.06,-0.18,-2.71,3.75,13.63
122.955543,-0.0503,-0.0234,0.9985,-0.06,0.06,-0.06,-2.70,3.75,13.67
123.015475,-0.0503,-0.0225,1.0015,0.00,0.00,-0.12,-2.70,3.75,13.69
123.015475,-0.0518,-0.0220,0.9976,-0.06,0.00,-0.06,-2.69,3.76,13.72
123.045564,-0.0522,-0.0239,1.0015,0.00,0.00,-0.12,-2.68,3.76,13.75
123.045564,-0.0522,-0.0249,0.9985,-0.06,0.00,-0.06,-2.68,3.76,13.78
123.075514,-0.0527,-0.0249,1.0010,-0.06,0.00,0.00,-2.67,3.76,13.81
123.075514,-0.0532,-0.0239,0.9985,0.00,0.00,-0.06,-2.66,3.77,13.84
123.135574,-0.0518,-0.0229,0.9990,0.00,0.06,-0.12,-2.66,3.77,13.86
123.135574,-0.0508,-0.0225,1.0000,0.00,0.00,-0.12,-2.65,3.77,13.89
123.165441,-0.0508,-0.0234,1.0005,-0.06,0.00,-0.12,-2.64,3.78,13.92
123.165441,-0.0508,-0.0229,1.0010,-0.06,0.00,-0.06,-2.64,3.78,13.95
123.196081,-0.0508,-0.0234,0.9985,-0.06,0.00,-0.12,-2.63,3.78,13.98
123.196081,-0.0518,-0.0254,1.0010,0.00,0.00,-0.12,-2.63,3.79,14.01
123.255471,-0.0537,-0.0264,0.9971,0.00,0.00,-0.06,-2.61,3.79,14.04
123.255471,-0.0537,-0.0264,1.0015,0.00,0.00,-0.06,-2.61,3.80,14.06
123.285577,-0.0537,-0.0234,0.9976,0.00,0.06,-0.12,-2.60,3.80,14.09
123.285577,-0.0522,-0.0195,0.9995,0.00,0.06,-0.12,-2.68,3.78,14.11
123.315533,-0.0493,-0.0200,0.9990,-0.06,0.00,-0.18,-2.68,3.78,14.11
123.315533,-0.0474,-0.0195,1.0000,-0.06,0.00,-0.12,-2.68,3.78,14.11
123.375540,-0.0488,-0.0229,1.0005,-0.06,0.00,-0.06,-2.68,3.78,14.11
123.375540,-0.0518,-0.0259,0.9985,-0.06,0.00,0.00,-2.68,3.78,14.11
123.405588,-0.0557,-0.0259,1.0010,-0.06,0.00,-0.06,-2.68,3.78,14.11
123.405588,-0.0547,-0.0244,0.9985,0.00,0.00,-0.06,-2.68,3.78,14.11
123.435511,-0.0522,-0.0229,1.0000,-0.06,0.00,-0.12,-2.68,3.78,14.11
123.435511,-0.0508,-0.0220,0.9985,-0.06,0.00,-0.12,-2.68,3.78,14.10
123.495863,-0.0508,-0.0220,1.0005,-0.06,0.00,-0.12,-2.68,3.78,14.10
123.495863,-0.0498,-0.0229,1.0000,0.00,0.00,-0.12,-2.68,3.78,14.10
123.525450,-0.0522,-0.0234,0.9995,-0.06,0.00,-0.18,-2.69,3.78,14.10
123.525450,-0.0537,-0.0254,0.9985,-0.06,0.00,-0.06,-2.69,3.78,14.10
123.555603,-0.0537,-0.0244,0.9990,-0.12,0.00,-0.06,-2.69,3.78,14.10
123.555603,-0.0532,-0.0225,0.9995,0.00,0.00,-0.06,-2.69,3.78,14.10
123.615517,-0.0518,-0.0225,0.9995,-0.06,0.00,-0.12,-2.69,3.78,14.10
123.615517,-0.0503,-0.0215,1.0010,-0.06,0.00,-0.12,-2.69,3.78,14.10
123.645595,-0.0498,-0.0225,0.9995,-0.06,0.00,-0.12,-2.69,3.78,14.10
123.645595,-0.0513,-0.0234,1.0005,-0.06,0.00,-0.06,-2.69,3.78,14.10
123.675538,-0.0532,-0.0239,0.9995,-0.06,0.00,-0.06,-2.69,3.78,14.10
123.675538,-0.0537,-0.0239,1.0000,-0.06,0.00,-0.12,-2.69,3.78,14.10
123.735499,-0.0532,-0.0244,1.0000,-0.06,0.00,-0.12,-2.69,3.78,14.10
123.735499,-0.0513,-0.0225,0.9990,-0.06,0.00,-0.12,-2.69,3.78,14.10
123.765583,-0.0508,-0.0225,1.0000,-0.06,0.00,-0.12,-2.69,3.78,14.10
123.765583,-0.0513,-0.0220,1.0000,-0.06,0.00,-0.06,-2.69,3.78,14.10
123.825570,-0.0508,-0.0239,1.0005,-0.12,0.00,-0.18,-2.69,3.78,14.10
123.825570,-0.0498,-0.0200,0.9990,-0.06,0.00,-0.12,-2.69,3.78,14.10
123.855560,-0.0508,-0.0244,1.0000,-0.12,0.00,-0.12,-2.69,3.78,14.10
123.855560,-0.0542,-0.0293,0.9990,-0.18,0.00,-0.12,-2.69,3.78,14.10
123.885535,-0.0537,-0.0273,1.0034,-0.37,0.00,-0.12,-2.70,3.78,14.10
123.885535,-0.0508,-0.0215,1.0024,-0.24,0.00,-0.06,-2.70,3.78,14.10
123.945613,-0.0493,-0.0176,0.9980,-0.18,0.00,-0.12,-2.70,3.78,14.10
123.945613,-0.0513,-0.0200,0.9985,-0.12,0.00,-0.18,-2.70,3.78,14.10
123.975956,-0.0537,-0.0273,0.9995,0.00,0.00,-0.06,-2.70,3.77,14.10
123.975956,-0.0542,-0.0327,1.0034,0.00,0.00,-0.12,-2.70,3.77,14.10
124.005491,-0.0532,-0.0308,0.9961,0.00,0.00,-0.06,-2.70,3.78,14.10
124.005491,-0.0532,-0.0249,1.0005,-0.06,0.00,-0.12,-2.70,3.78,14.10
124.065550,-0.0498,-0.0176,1.0005,0.00,0.00,-0.18,-2.70,3.78,14.10
124.065550,-0.0474,-0.0156,0.9990,-0.06,0.00,-0.18,-2.70,3.78,14.10
124.095897,-0.0498,-0.0195,0.9995,0.00,0.00,-0.06,-2.70,3.77,14.10
124.095897,-0.0542,-0.0269,0.9980,-0.06,0.00,0.00,-2.70,3.77,14.10
124.125359,-0.0557,-0.0303,1.0015,-0.06,0.00,-0.18,-2.70,3.77,14.10
124.125359,-0.0547,-0.0288,0.9990,-0.06,0.00,-0.12,-2.70,3.77,14.10
124.185519,-0.0518,-0.0244,1.0020,0.00,0.00,-0.12,-2.71,3.78,14.10
124.185519,-0.0483,-0.0210,0.9976,0.00,0.00,-0.06,-2.71,3.78,14.10
124.215480,-0.0483,-0.0190,1.0000,-0.06,0.00,0.00,-2.71,3.77,14.10
124.215480,-0.0522,-0.0205,0.9985,0.00,0.00,-0.12,-2.71,3.77,14.10
124.245498,-0.0542,-0.0229,0.9995,-0.12,0.00,-0.12,-2.71,3.77,14.10
124.245498,-0.0547,-0.0259,0.9995,-0.06,0.00,-0.18,-2.71,3.77,14.10
124.305581,-0.0522,-0.0288,1.0005,-0.06,0.00,-0.12,-2.71,3.77,14.10
124.305581,-0.0513,-0.0283,1.0000,0.00,0.00,0.00,-2.71,3.77,14.10
124.335591,-0.0503,-0.0244,0.9985,0.00,0.00,0.00,-2.71,3.77,14.10
124.335591,-0.0498,-0.0215,1.0005,-0.06,0.00,-0.06,-2.71,3.77,14.10
124.365522,-0.0503,-0.0176,0.9985,0.00,0.00,-0.18,-2.71,3.77,14.09
124.365522,-0.0527,-0.0186,1.0005,-0.06,0.00,-0.06,-2.71,3.77,14.09
124.425606,-0.0552,-0.0239,0.9985,0.00,0.00,-0.06,-2.71,3.77,14.09
124.425606,-0.0557,-0.0288,1.0000,-0.06,0.00,-0.06,-2.71,3.77,14.09
124.455583,-0.0537,-0.0298,0.9990,0.00,0.00,-0.12,-2.71,3.77,14.09
124.455583,-0.0498,-0.0269,0.9990,-0.06,0.00,-0.18,-2.71,3.77,14.09
124.485457,-0.0474,-0.0205,0.9995,-0.06,0.00,-0.12,-2.72,3.77,14.09
124.485457,-0.0488,-0.0181,0.9995,0.00,0.00,-0.06,-2.72,3.77,14.09
124.545469,-0.0537,-0.0195,1.0000,-0.06,0.00,-0.06,-2.72,3.77,14.09
124.545469,-0.0566,-0.0239,0.9985,-0.06,0.00,-0.06,-2.72,3.77,14.09
124.575646,-0.0557,-0.0269,1.0000,0.00,0.00,-0.12,-2.72,3.77,14.09
124.575646,-0.0522,-0.0283,1.0000,-0.06,0.00,-0.18,-2.72,3.77,14.09
124.605567,-0.0493,-0.0259,1.0010,0.00,0.00,-0.06,-2.72,3.77,14.09
124.605567,-0.0488,-0.0225,0.9990,0.00,0.00,-0.06,-2.72,3.77,14.09
124.665514,-0.0503,-0.0195,0.9995,0.00,0.00,-0.06,-2.72,3.77,14.09
124.665514,-0.0537,-0.0205,0.9980,-0.06,0.06,-0.18,-2.72,3.77,14.09
124.695823,-0.0547,-0.0220,0.9995,-0.06,0.00,-0.12,-2.72,3.77,14.09
124.695823,-0.0537,-0.0234,0.9995,-0.06,0.00,-0.06,-2.72,3.77,14.09
124.725539,-0.0518,-0.0259,0.9995,-0.06,0.00,0.00,-2.72,3.77,14.09
124.725539,-0.0503,-0.0278,0.9990,-0.06,0.00,-0.12,-2.72,3.77,14.09
124.785449,-0.0488,-0.0259,0.9980,-0.06,0.06,-0.18,-2.72,3.77,14.08
124.785449,-0.0493,-0.0234,1.0000,0.00,0.00,-0.06,-2.72,3.77,14.08
124.815462,-0.0518,-0.0195,0.9980,-0.06,0.00,-0.12,-2.72,3.77,14.08
124.815462,-0.0537,-0.0200,1.0000,-0.06,0.00,-0.06,-2.72,3.77,14.08
124.846540,-0.0552,-0.0229,0.9980,-0.06,0.00,-0.06,-2.72,3.77,14.08
124.846540,-0.0547,-0.0264,1.0000,-0.06,0.00,-0.12,-2.72,3.77,14.08
124.905419,-0.0508,-0.0283,0.9995,-0.06,0.00,-0.18,-2.72,3.77,14.08
124.905419,-0.0483,-0.0269,0.9995,-0.06,0.00,-0.12,-2.73,3.77,14.08
124.935566,-0.0488,-0.0229,0.9995,0.00,0.00,-0.06,-2.73,3.77,14.08
124.935566,-0.0508,-0.0190,0.9995,0.00,0.00,-0.06,-2.73,3.77,14.08
124.965427,-0.0547,-0.0200,0.9995,0.00,0.00,-0.06,-2.73,3.77,14.08
124.965427,-0.0547,-0.0225,0.9985,-0.06,0.00,-0.12,-2.73,3.77,14.08
125.025975,-0.0532,-0.0259,1.0000,-0.06,0.00,-0.18,-2.73,3.77,14.08
125.025975,-0.0503,-0.0264,0.9995,-0.06,0.00,-0.06,-2.73,3.77,14.08
125.055836,-0.0483,-0.0254,1.0000,-0.06,0.00,-0.06,-2.73,3.77,14.08
125.055836,-0.0503,-0.0244,0.9990,0.00,0.00,-0.06,-2.73,3.77,14.08
125.085522,-0.0518,-0.0225,0.9995,-0.06,0.00,-0.06,-2.74,3.77,14.08
125.085522,-0.0537,-0.0215,1.0000,0.00,0.00,-0.12,-2.74,3.77,14.08
125.145359,-0.0547,-0.0215,0.9995,-0.06,0.00,-0.06,-2.74,3.77,14.08
125.145359,-0.0542,-0.0225,1.0005,-0.06,0.00,-0.12,-2.74,3.77,14.08
125.175636,-0.0513,-0.0249,0.9990,-0.06,0.00,-0.12,-2.74,3.77,14.08
125.175636,-0.0493,-0.0273,0.9995,-0.06,0.00,-0.12,-2.74,3.77,14.08
125.235514,-0.0483,-0.0269,0.9980,0.00,0.00,-0.12,-2.74,3.77,14.08
125.235514,-0.0508,-0.0244,0.9995,-0.06,0.00,-0.06,-2.74,3.77,14.08
125.265425,-0.0537,-0.0215,0.9990,0.00,0.00,-0.06,-2.74,3.77,14.08
125.265425,-0.0552,-0.0200,1.0010,-0.06,0.00,-0.18,-2.74,3.77,14.08
125.295886,-0.0537,-0.0215,0.9995,-0.06,0.00,-0.12,-2.74,3.77,14.08
125.295886,-0.0518,-0.0254,1.0005,-0.12,0.06,-0.06,-2.74,3.77,14.08
125.355928,-0.0498,-0.0278,1.0000,0.00,0.00,-0.12,-2.74,3.77,14.08
125.355928,-0.0493,-0.0264,0.9990,-0.06,0.00,-0.06,-2.74,3.77,14.08
125.385471,-0.0508,-0.0244,1.0005,0.00,0.00,-0.12,-2.74,3.77,14.08
125.385471,-0.0527,-0.0215,0.9990,-0.06,0.00,-0.12,-2.74,3.77,14.08
125.415560,-0.0547,-0.0215,0.9995,-0.06,0.00,-0.06,-2.74,3.77,14.08
125.415560,-0.0552,-0.0220,0.9985,-0.06,0.00,-0.06,-2.74,3.77,14.08
125.475615,-0.0518,-0.0239,0.9995,-0.12,0.00,-0.12,-2.74,3.77,14.08
125.475615,-0.0503,-0.0254,0.9990,0.00,0.06,-0.18,-2.74,3.77,14.08
125.505383,-0.0488,-0.0264,1.0010,-0.06,0.00,-0.18,-2.74,3.77,14.08
125.505383,-0.0483,-0.0254,0.9990,-0.06,0.00,-0.12,-2.74,3.77,14.08
125.535540,-0.0513,-0.0239,0.9995,-0.06,0.00,0.00,-2.75,3.77,14.08
125.535540,-0.0547,-0.0220,0.9995,-0.06,0.00,0.00,-2.75,3.77,14.08
125.595856,-0.0547,-0.0210,1.0000,-0.06,0.00,-0.12,-2.75,3.77,14.08
125.595856,-0.0532,-0.0220,0.9995,-0.06,0.00,-0.06,-2.75,3.77,14.08
125.625599,-0.0493,-0.0239,0.9995,-0.06,0.00,-0.12,-2.75,3.77,14.08
125.625599,-0.0488,-0.0264,1.0000,-0.06,0.00,-0.12,-2.75,3.77,14.08
125.655454,-0.0493,-0.0259,0.9985,-0.06,0.00,-0.12,-2.75,3.77,14.08
125.655454,-0.0527,-0.0254,0.9995,0.00,0.00,-0.12,-2.75,3.77,14.08
125.715304,-0.0547,-0.0220,0.9990,-0.06,0.00,-0.12,-2.75,3.77,14.08
125.715304,-0.0542,-0.0205,0.9995,-0.06,0.00,-0.18,-2.75,3.77,14.07
125.745249,-0.0527,-0.0215,0.9995,-0.06,0.00,-0.12,-2.75,3.77,14.07
125.745249,-0.0508,-0.0239,0.9995,0.00,0.00,-0.06,-2.75,3.77,14.07
125.775538,-0.0493,-0.0254,1.0005,-0.06,0.00,-0.06,-2.75,3.77,14.07
125.775538,-0.0493,-0.0269,0.9985,-0.06,0.00,-0.12,-2.75,3.77,14.07
125.835539,-0.0518,-0.0249,1.0000,0.00,0.00,0.00,-2.75,3.77,14.07
125.835539,-0.0527,-0.0234,0.9990,-0.06,0.00,-0.06,-2.75,3.77,14.07
125.865483,-0.0552,-0.0220,1.0000,0.00,0.00,-0.06,-2.75,3.77,14.07
125.865483,-0.0527,-0.0215,0.9985,-0.06,0.00,-0.12,-2.75,3.77,14.07
125.895826,-0.0518,-0.0220,1.0000,-0.06,0.00,-0.06,-2.75,3.77,14.07
125.895826,-0.0493,-0.0239,1.0000,0.00,0.00,-0.12,-2.75,3.77,14.07
125.955563,-0.0488,-0.0249,1.0005,-0.06,0.00,-0.06,-2.75,3.77,14.07
125.955563,-0.0508,-0.0254,1.0005,-0.06,0.00,0.00,-2.75,3.77,14.07
125.985435,-0.0532,-0.0249,1.0010,-0.06,0.00,-0.06,-2.75,3.77,14.07
125.985435,-0.0552,-0.0234,1.0000,-0.06,0.00,-0.12,-2.75,3.77,14.07
126.015475,-0.0537,-0.0215,0.9990,-0.06,0.00,-0.06,-2.75,3.77,14.07
126.015475,-0.0518,-0.0215,1.0000,-0.06,0.00,-0.12,-2.75,3.77,14.07
126.075607,-0.0503,-0.0229,0.9985,0.00,0.00,-0.06,-2.75,3.77,14.07
126.075607,-0.0498,-0.0249,0.9990,-0.06,0.00,-0.12,-2.76,3.77,14.07
126.105491,-0.0508,-0.0269,0.9990,0.00,0.00,-0.12,-2.76,3.77,14.07
126.105491,-0.0527,-0.0254,1.0000,0.00,0.00,-0.18,-2.76,3.77,14.07
126.135580,-0.0537,-0.0239,0.9995,0.00,0.00,-0.12,-2.76,3.77,14.07
126.135580,-0.0527,-0.0215,1.0000,0.00,0.00,-0.06,-2.76,3.77,14.07
126.195806,-0.0513,-0.0215,0.9995,-0.06,0.06,-0.12,-2.76,3.77,14.07
126.195806,-0.0503,-0.0229,0.9985,-0.06,0.00,-0.18,-2.76,3.77,14.07
126.225592,-0.0503,-0.0244,0.9995,-0.06,0.00,-0.12,-2.76,3.77,14.07
126.225592,-0.0508,-0.0259,0.9990,-0.06,0.00,-0.06,-2.76,3.77,14.07
126.255579,-0.0527,-0.0259,1.0000,-0.06,0.00,-0.18,-2.76,3.77,14.07
126.255579,-0.0532,-0.0244,0.9990,0.00,0.00,-0.18,-2.76,3.77,14.07
126.315451,-0.0532,-0.0239,0.9995,0.00,0.00,-0.06,-2.76,3.77,14.07
126.315451,-0.0518,-0.0220,0.9990,-0.06,0.00,-0.12,-2.76,3.77,14.07
126.345509,-0.0503,-0.0220,0.9990,-0.06,0.00,-0.12,-2.76,3.77,14.07
126.345509,-0.0498,-0.0239,0.9990,-0.06,0.00,-0.12,-2.76,3.77,14.07
126.375512,-0.0513,-0.0249,0.9995,0.00,0.00,-0.06,-2.76,3.77,14.07
126.375512,-0.0542,-0.0259,0.9995,-0.06,0.00,-0.12,-2.76,3.77,14.07
126.435647,-0.0537,-0.0254,0.9985,0.00,0.00,-0.06,-2.76,3.77,14.07
126.435647,-0.0542,-0.0239,0.9990,0.00,0.00,-0.12,-2.76,3.77,14.07
126.465417,-0.0518,-0.0229,0.9985,0.00,0.00,-0.06,-2.76,3.77,14.07
126.465417,-0.0503,-0.0220,0.9995,-0.12,0.00,-0.12,-2.76,3.77,14.07
126.495829,-0.0503,-0.0229,0.9990,-0.06,0.00,-0.06,-2.76,3.77,14.07
126.495829,-0.0513,-0.0239,0.9990,-0.06,0.00,-0.06,-2.76,3.77,14.07
126.555519,-0.0522,-0.0249,0.9990,-0.06,0.00,-0.06,-2.76,3.77,14.07
126.555519,-0.0537,-0.0254,1.0010,-0.06,0.00,-0.12,-2.76,3.77,14.07
126.585570,-0.0522,-0.0234,1.0000,-0.06,0.00,-0.12,-2.76,3.77,14.07
126.585570,-0.0508,-0.0229,0.9990,-0.06,0.00,-0.12,-2.77,3.77,14.07
126.645533,-0.0503,-0.0225,1.0000,-0.06,0.00,-0.06,-2.77,3.77,14.07
126.645533,-0.0498,-0.0229,0.9990,-0.06,0.00,-0.06,-2.77,3.77,14.07
126.675638,-0.0508,-0.0229,0.9990,0.00,0.00,-0.12,-2.77,3.77,14.07
126.675638,-0.0518,-0.0249,0.9990,-0.06,0.00,-0.06,-2.77,3.77,14.06
126.705478,-0.0542,-0.0244,0.9985,-0.06,0.00,-0.12,-2.77,3.77,14.06
126.705478,-0.0532,-0.0244,0.9990,0.00,0.00,-0.06,-2.77,3.77,14.06
126.765524,-0.0518,-0.0239,0.9995,-0.12,0.00,-0.06,-2.77,3.77,14.06
126.765524,-0.0503,-0.0225,0.9990,0.00,0.00,-0.06,-2.77,3.77,14.06
126.795775,-0.0498,-0.0225,0.9990,-0.12,0.00,-0.12,-2.77,3.77,14.06
126.795775,-0.0513,-0.0229,0.9990,-0.06,0.00,-0.06,-2.77,3.77,14.06
126.825600,-0.0522,-0.0239,0.9990,0.00,0.00,-0.06,-2.77,3.77,14.06
126.825600,-0.0527,-0.0254,1.0000,-0.06,0.00,-0.12,-2.77,3.77,14.06
126.885561,-0.0537,-0.0259,0.9995,0.00,0.00,-0.06,-2.77,3.77,14.06
126.885561,-0.0518,-0.0239,0.9995,-0.06,0.00,-0.06,-2.77,3.77,14.06
126.915440,-0.0527,-0.0498,1.0210,23.86,-3.91,0.73,-2.68,3.75,14.07
126.915440,-0.0532,-0.0376,1.0098,-4.15,0.49,-0.55,-2.75,3.75,14.06
126.945526,-0.0503,-0.0229,0.9995,-0.06,0.00,-0.06,-2.76,3.75,14.06
126.945526,-0.0518,-0.0254,1.0005,0.73,-0.06,-0.06,-2.75,3.75,14.06
127.005600,-0.0527,-0.0190,0.9961,11.90,-1.65,0.18,-2.64,3.73,14.06
127.005600,-0.0518,-0.0200,0.9971,1.28,-0.06,0.12,-2.55,3.72,14.07
127.035513,-0.0513,-0.0195,0.9995,0.43,0.00,0.06,-2.54,3.72,14.07
127.035513,-0.0493,-0.0186,0.9980,0.00,0.06,0.00,-2.53,3.72,14.07
127.065449,-0.0493,-0.0195,1.0020,0.18,0.00,-0.06,-2.53,3.72,14.07
127.065449,-0.0503,-0.0161,0.9971,0.31,0.00,-0.06,-2.52,3.72,14.08
127.125547,-0.0527,-0.0190,1.0005,0.00,0.00,-0.06,-2.52,3.72,14.08
127.125547,-0.0527,-0.0205,0.9980,-0.24,0.00,-0.12,-2.52,3.72,14.08
127.155628,-0.0537,-0.0190,0.9990,-1.04,0.00,-0.18,-2.52,3.72,14.08
127.155628,-0.0518,-0.0205,0.9980,-1.53,0.06,-0.12,-2.55,3.72,14.08
127.185512,-0.0586,-0.0181,1.0020,-1.53,0.12,-0.12,-2.58,3.72,14.08
127.185512,-0.1030,0.0020,0.9971,-0.67,0.43,2.32,-2.59,3.72,14.08
127.245519,-0.0049,-0.0391,0.9971,-1.83,0.37,-2.26,-2.60,3.74,14.05
127.245519,-0.0425,-0.0283,1.0015,-1.65,0.12,-0.12,-2.65,3.74,14.05
127.275491,-0.0532,-0.0234,0.9990,-0.12,0.00,-0.18,-2.66,3.74,14.05
127.275491,-0.0566,-0.0234,1.0015,0.31,0.00,-0.43,-2.65,3.74,14.04
127.305385,-0.0967,-0.0010,1.0029,1.89,-0.06,-5.00,-2.64,3.74,14.01
127.305385,-0.0552,-0.0117,1.0005,1.65,0.06,-12.08,-2.61,3.74,13.81
127.365511,-0.0098,-0.0522,0.9985,-0.61,0.00,-10.19,-2.63,3.74,13.52
127.365511,-0.0435,-0.0254,1.0005,0.92,0.00,-1.04,-2.62,3.74,13.45
127.395844,-0.0503,-0.0195,0.9980,0.85,0.00,-0.12,-2.60,3.73,13.45
127.395844,-0.0527,-0.0195,0.9990,-0.31,0.00,-0.12,-2.59,3.73,13.45
127.425622,-0.0537,-0.0215,0.9990,-0.73,0.00,-0.12,-2.60,3.73,13.45
127.425622,-0.0527,-0.0234,1.0010,0.06,0.00,-0.18,-2.61,3.73,13.45
127.485561,-0.0498,-0.0225,1.0015,0.92,0.00,-0.06,-2.60,3.73,13.45
127.485561,-0.0488,-0.0200,0.9995,0.92,0.00,-0.12,-2.58,3.73,13.45
127.515570,-0.0479,-0.0186,1.0000,0.79,0.00,-0.12,-2.56,3.73,13.45
127.515570,-0.0513,-0.0181,0.9980,0.43,0.06,-0.12,-2.54,3.73,13.45
127.545482,-0.0542,-0.0190,0.9990,-0.49,0.00,-0.06,-2.54,3.74,13.45
127.545482,-0.0542,-0.0200,0.9990,-1.10,0.00,-0.18,-2.56,3.74,13.45
127.605622,-0.0527,-0.0210,1.0010,-1.04,0.06,-0.12,-2.58,3.74,13.45
127.605622,-0.0513,-0.0225,0.9990,-0.98,0.06,-0.12,-2.60,3.74,13.45
127.635538,-0.0479,-0.0229,1.0000,-0.06,0.00,-0.06,-2.61,3.74,13.45
127.635538,-0.0479,-0.0220,1.0000,0.67,0.00,-0.06,-2.60,3.74,13.45
127.665459,-0.0508,-0.0210,0.9995,0.18,0.00,0.00,-2.59,3.74,13.45
127.665459,-0.0537,-0.0195,0.9995,-0.06,0.00,-0.12,-2.59,3.74,13.45
127.725583,-0.0547,-0.0205,0.9980,-0.24,0.00,-0.06,-2.59,3.74,13.45
127.725583,-0.0537,-0.0205,1.0005,-0.24,0.00,-0.12,-2.59,3.74,13.45
127.755548,-0.0513,-0.0210,1.0000,0.12,0.00,-0.06,-2.60,3.74,13.45
127.755548,-0.0488,-0.0220,1.0000,0.06,0.00,-0.18,-2.59,3.74,13.45
127.785533,-0.0474,-0.0205,0.9990,-0.31,0.00,-0.12,-2.59,3.74,13.44
127.785533,-0.0498,-0.0200,1.0000,-0.67,0.06,-0.06,-2.60,3.74,13.44
127.845478,-0.0532,-0.0205,1.0005,-0.37,0.00,-0.06,-2.61,3.74,13.44
127.845478,-0.0552,-0.0205,0.9995,0.18,0.00,-0.12,-2.61,3.74,13.44
127.875464,-0.0542,-0.0215,0.9990,0.00,0.00,-0.06,-2.61,3.74,13.44
127.875464,-0.0503,-0.0215,0.9995,0.12,0.00,-0.12,-2.61,3.74,13.44
127.905437,-0.0483,-0.0210,1.0010,0.12,0.00,-0.12,-2.60,3.74,13.44
127.905437,-0.0479,-0.0210,0.9985,-0.37,0.00,-0.12,-2.60,3.74,13.44
127.965514,-0.0503,-0.0205,0.9995,-0.92,0.00,-0.06,-2.61,3.74,13.44
127.965514,-0.0527,-0.0205,0.9995,-0.31,0.00,-0.12,-2.63,3.74,13.44
127.995894,-0.0542,-0.0210,0.9995,0.00,0.00,-0.12,-2.63,3.74,13.44
127.995894,-0.0542,-0.0210,0.9990,-0.24,0.00,-0.18,-2.63,3.74,13.44
128.055585,-0.0518,-0.0220,1.0010,-0.24,0.00,-0.24,-2.63,3.74,13.44
128.055585,-0.0483,-0.0225,1.0005,0.06,0.00,-0.61,-2.63,3.74,13.44
128.085572,-0.0479,-0.0225,0.9995,0.06,0.00,-0.67,-2.63,3.74,13.43
128.085572,-0.0493,-0.0190,0.9990,-0.61,0.00,-1.40,-2.64,3.74,13.41
128.115471,-0.0439,0.0430,1.0024,1.10,0.37,-27.59,-2.65,3.74,13.22
128.115471,-0.0703,-0.0601,0.9990,-2.32,0.49,-21.24,-2.69,3.73,12.64
128.175463,-0.0679,-0.0303,1.0015,2.20,0.43,-14.95,-2.69,3.74,12.28
128.175463,-0.0464,-0.0288,1.0005,0.85,0.12,-6.65,-2.68,3.74,12.08
128.205533,-0.0391,-0.0371,0.9980,0.00,0.00,-4.76,-2.67,3.73,11.93
128.205533,-0.0469,-0.0249,0.9995,-0.12,0.00,-0.43,-2.68,3.73,11.90
128.235471,-0.0493,-0.0239,0.9995,0.00,0.00,-0.06,-2.67,3.73,11.90
128.235471,-0.0522,-0.0225,0.9995,0.24,0.00,-0.06,-2.67,3.73,11.90
128.295879,-0.0542,-0.0225,0.9990,0.31,0.00,-0.06,-2.66,3.73,11.90
128.295879,-0.0537,-0.0225,1.0000,0.37,0.00,-0.06,-2.65,3.73,11.90
128.325485,-0.0522,-0.0215,0.9980,0.12,0.00,-0.06,-2.64,3.73,11.90
128.325485,-0.0493,-0.0215,0.9995,-0.12,0.00,-0.18,-2.64,3.73,11.90
128.355579,-0.0483,-0.0220,0.9990,-0.37,0.00,-0.06,-2.65,3.73,11.90
128.355579,-0.0498,-0.0215,0.9995,-0.43,0.00,-0.18,-2.65,3.73,11.90
128.415467,-0.0522,-0.0220,1.0010,-0.43,0.06,-0.12,-2.66,3.73,11.90
128.415467,-0.0532,-0.0225,0.9990,-0.24,0.00,-0.06,-2.66,3.73,11.90
128.445528,-0.0547,-0.0229,0.9995,-0.12,0.00,-0.06,-2.67,3.73,11.90
128.445528,-0.0527,-0.0225,0.9985,-0.12,0.00,-0.18,-2.67,3.73,11.90
128.475557,-0.0503,-0.0220,1.0000,-0.12,0.00,-0.12,-2.67,3.73,11.90
128.475557,-0.0488,-0.0220,1.0000,-0.24,0.00,-0.12,-2.68,3.73,11.90
128.535473,-0.0503,-0.0215,1.0000,-0.18,0.00,-0.06,-2.68,3.73,11.90
128.535473,-0.0522,-0.0220,0.9985,-0.18,0.00,-0.12,-2.68,3.73,11.90
128.565563,-0.0527,-0.0225,0.9995,-0.18,0.00,-0.12,-2.69,3.73,11.90
128.565563,-0.0527,-0.0229,0.9990,-0.24,0.06,-0.12,-2.69,3.73,11.90
128.595895,-0.0518,-0.0234,1.0005,-0.24,0.06,-0.06,-2.69,3.73,11.90
128.595895,-0.0503,-0.0234,0.9995,-0.18,0.00,-0.06,-2.70,3.73,11.90
128.655466,-0.0498,-0.0229,0.9990,-0.06,0.00,-0.06,-2.70,3.73,11.90
128.655466,-0.0508,-0.0229,1.0000,-0.06,0.00,-0.06,-2.70,3.74,11.90
128.685481,-0.0518,-0.0234,0.9990,0.00,0.00,-0.12,-2.70,3.74,11.90
128.685481,-0.0527,-0.0225,1.0005,-0.12,0.00,-0.12,-2.70,3.73,11.90
128.715457,-0.0542,-0.0229,1.0000,-0.24,0.00,-0.06,-2.70,3.74,11.90
128.715457,-0.0527,-0.0234,0.9990,-0.24,0.00,-0.06,-2.70,3.74,11.90
128.775490,-0.0503,-0.0225,0.9990,-0.06,0.00,-0.18,-2.71,3.74,11.90
128.775490,-0.0498,-0.0229,1.0000,-0.18,0.00,-0.18,-2.71,3.73,11.90
128.805639,-0.0488,-0.0239,1.0000,0.06,-0.06,-0.06,-2.71,3.73,11.90
128.805639,-0.0498,-0.0234,1.0000,0.24,0.00,-0.12,-2.70,3.73,11.90
128.835931,-0.0522,-0.0229,1.0000,0.43,0.00,-0.06,-2.69,3.73,11.90
128.835931,-0.0532,-0.0229,0.9980,0.12,0.00,-0.12,-2.69,3.73,11.90
128.896146,-0.0547,-0.0220,0.9990,0.06,0.00,-0.12,-2.68,3.73,11.90
128.896146,-0.0522,-0.0215,0.9990,0.12,0.00,-0.12,-2.68,3.73,11.90
128.925826,-0.0503,-0.0220,1.0000,0.18,0.00,-0.12,-2.66,3.73,11.93
128.925826,-0.0488,-0.0220,0.9985,0.12,0.00,-0.06,-2.65,3.74,11.96
128.955590,-0.0498,-0.0229,0.9980,0.00,0.00,-0.12,-2.64,3.74,11.99
128.955590,-0.0513,-0.0220,0.9990,-0.31,0.00,-0.12,-2.64,3.74,12.02
129.015508,-0.0542,-0.0220,1.0000,-0.31,0.06,-0.18,-2.64,3.74,12.05
129.015508,-0.0537,-0.0220,1.0010,0.12,0.00,-0.06,-2.63,3.75,12.08
129.045589,-0.0518,-0.0220,0.9990,0.18,0.00,-0.12,-2.61,3.75,12.11
129.045589,-0.0513,-0.0229,1.0010,0.18,0.00,-0.06,-2.60,3.75,12.14
129.075677,-0.0503,-0.0229,0.9980,0.00,0.00,-0.06,-2.59,3.76,12.17
129.075677,-0.0503,-0.0225,1.0010,-0.12,0.00,-0.12,-2.59,3.76,12.21
129.135589,-0.0518,-0.0215,0.9985,0.12,0.00,-0.12,-2.58,3.76,12.24
129.135589,-0.0522,-0.0225,0.9995,0.18,0.00,-0.12,-2.57,3.76,12.27
129.165521,-0.0527,-0.0215,0.9990,0.18,0.00,-0.06,-2.55,3.77,12.29
129.165521,-0.0522,-0.0215,0.9995,0.12,0.00,-0.18,-2.54,3.77,12.33
129.195635,-0.0508,-0.0215,0.9990,0.00,0.00,-0.18,-2.53,3.77,12.35
129.195635,-0.0493,-0.0215,0.9980,-0.06,0.00,-0.06,-2.59,3.76,12.37
129.255486,-0.0503,-0.0220,1.0010,0.12,0.00,0.00,-2.59,3.76,12.37
129.255486,-0.0513,-0.0220,0.9985,0.43,0.00,-0.06,-2.59,3.76,12.37
129.285614,-0.0542,-0.0210,0.9995,0.31,0.00,-0.12,-2.59,3.76,12.36
129.285614,-0.0537,-0.0210,0.9985,-0.06,0.00,-0.18,-2.59,3.76,12.36
129.315644,-0.0527,-0.0210,0.9990,-0.24,0.00,-0.12,-2.59,3.76,12.36
129.315644,-0.0498,-0.0205,0.9985,-0.61,0.00,-0.06,-2.59,3.76,12.36
129.375614,-0.0488,-0.0215,0.9990,-0.43,0.00,-0.12,-2.59,3.76,12.36
129.375614,-0.0498,-0.0220,1.0000,-0.18,0.00,-0.12,-2.59,3.76,12.36
129.405496,-0.0513,-0.0234,0.9990,0.06,0.00,-0.18,-2.60,3.76,12.36
129.405496,-0.0532,-0.0229,1.0005,0.12,0.00,-0.18,-2.60,3.76,12.36
129.465560,-0.0527,-0.0215,0.9990,0.00,0.00,-0.12,-2.60,3.76,12.36
129.465560,-0.0522,-0.0210,1.0005,0.00,0.00,-0.12,-2.60,3.76,12.36
129.495852,-0.0513,-0.0200,0.9985,-0.12,0.00,-0.06,-2.60,3.76,12.36
129.495852,-0.0498,-0.0205,1.0000,-0.31,0.00,0.00,-2.60,3.76,12.36
129.525705,-0.0488,-0.0200,0.9995,-0.24,0.00,-0.12,-2.60,3.76,12.36
129.525705,-0.0498,-0.0225,0.9995,-0.12,0.00,-0.06,-2.60,3.76,12.36
129.585565,-0.0518,-0.0234,1.0000,0.00,0.00,-0.06,-2.60,3.76,12.36
129.585565,-0.0532,-0.0229,0.9990,0.00,0.00,-0.06,-2.60,3.76,12.36
129.615592,-0.0532,-0.0215,0.9995,-0.06,0.00,-0.12,-2.60,3.76,12.36
129.615592,-0.0513,-0.0205,0.9985,-0.24,0.00,-0.12,-2.60,3.76,12.36
129.645559,-0.0503,-0.0195,1.0000,-0.18,0.00,-0.06,-2.60,3.76,12.36
129.645559,-0.0498,-0.0205,0.9995,-0.18,0.00,-0.12,-2.60,3.76,12.36
129.705501,-0.0518,-0.0225,1.0000,-0.24,0.00,-0.12,-2.60,3.76,12.36
129.705501,-0.0522,-0.0239,0.9995,-0.24,0.00,-0.12,-2.60,3.76,12.36
129.735593,-0.0527,-0.0234,1.0010,-0.31,0.00,-0.12,-2.60,3.76,12.36
129.735593,-0.0527,-0.0234,0.9995,-0.12,0.00,-0.06,-2.60,3.76,12.36
129.765588,-0.0518,-0.0220,1.0000,0.00,0.00,-0.06,-2.61,3.76,12.35
129.765588,-0.0498,-0.0205,0.9990,-0.06,0.00,-0.06,-2.61,3.76,12.35
129.825554,-0.0503,-0.0200,1.0000,-0.12,0.00,-0.12,-2.61,3.76,12.35
129.825554,-0.0503,-0.0215,1.0010,-0.12,0.00,-0.12,-2.61,3.76,12.35
129.855478,-0.0513,-0.0229,0.9990,-0.12,0.00,-0.06,-2.61,3.76,12.35
129.855478,-0.0522,-0.0234,0.9995,-0.06,0.00,-0.06,-2.61,3.75,12.35
129.885640,-0.0522,-0.0234,0.9995,-0.06,0.06,-0.12,-2.61,3.75,12.35
129.885640,-0.0522,-0.0225,1.0005,-0.06,0.00,-0.06,-2.61,3.76,12.35
129.945555,-0.0513,-0.0215,0.9990,-0.18,0.00,-0.12,-2.61,3.76,12.35
129.945555,-0.0503,-0.0205,1.0000,-0.31,0.00,-0.06,-2.61,3.76,12.35
129.975522,-0.0508,-0.0210,0.9995,-0.31,0.00,-0.12,-2.61,3.75,12.35
129.975522,-0.0518,-0.0225,1.0000,-0.31,0.00,-0.12,-2.61,3.75,12.35
130.005666,-0.0537,-0.0239,1.0000,0.00,0.00,-0.12,-2.61,3.75,12.35
130.005666,-0.0522,-0.0249,0.9985,0.18,0.00,-0.12,-2.61,3.75,12.35
130.065754,-0.0503,-0.0239,1.0000,0.18,0.00,-0.06,-2.61,3.75,12.35
130.065754,-0.0513,-0.0215,0.9985,0.06,0.00,-0.06,-2.62,3.75,12.35
130.095867,-0.0508,-0.0200,0.9985,-0.24,0.00,-0.06,-2.62,3.75,12.35
130.095867,-0.0513,-0.0195,0.9990,-0.24,0.00,-0.06,-2.62,3.75,12.35
130.155537,-0.0518,-0.0200,1.0000,-0.06,0.00,-0.12,-2.62,3.75,12.35
130.155537,-0.0518,-0.0234,0.9990,0.06,0.00,-0.06,-2.62,3.75,12.35
130.185582,-0.0518,-0.0254,0.9990,0.00,0.00,-0.06,-2.62,3.75,12.35
130.185582,-0.0513,-0.0244,1.0005,0.00,0.00,-0.06,-2.62,3.75,12.35
130.217851,-0.0513,-0.0220,0.9985,-0.18,0.00,-0.06,-2.62,3.75,12.35
130.217851,-0.0518,-0.0205,1.0005,-0.12,0.00,-0.06,-2.62,3.75,12.35
130.247147,-0.0513,-0.0200,0.9985,0.00,0.00,-0.12,-2.63,3.75,12.35
130.247147,-0.0513,-0.0195,0.9995,0.00,0.00,-0.06,-2.63,3.75,12.35
130.307045,-0.0518,-0.0225,0.9990,0.00,0.00,-0.12,-2.63,3.75,12.35
130.307045,-0.0522,-0.0239,0.9985,-0.06,0.00,-0.06,-2.63,3.75,12.35
130.335574,-0.0518,-0.0239,0.9995,-0.06,0.00,-0.06,-2.63,3.75,12.35
130.335574,-0.0508,-0.0225,0.9985,-0.06,0.00,-0.06,-2.63,3.75,12.35
130.365660,-0.0513,-0.0205,1.0000,-0.06,0.00,-0.12,-2.63,3.75,12.35
130.365660,-0.0513,-0.0195,0.9990,-0.06,0.00,-0.06,-2.63,3.75,12.35
130.425493,-0.0518,-0.0195,0.9995,-0.12,0.00,-0.12,-2.63,3.75,12.35
130.425493,-0.0527,-0.0215,0.9990,-0.06,0.00,-0.12,-2.63,3.75,12.35
130.455549,-0.0522,-0.0220,1.0000,-0.12,0.00,-0.12,-2.63,3.75,12.35
130.455549,-0.0518,-0.0244,1.0000,-0.06,0.06,-0.06,-2.63,3.75,12.35
130.486606,-0.0513,-0.0239,1.0000,0.06,0.00,-0.06,-2.63,3.75,12.35
130.486606,-0.0513,-0.0220,0.9990,0.00,0.00,-0.12,-2.63,3.75,12.35
130.548198,-0.0508,-0.0195,0.9995,-0.18,0.00,-0.12,-2.63,3.75,12.35
130.548198,-0.0513,-0.0190,0.9995,-0.24,0.00,-0.12,-2.63,3.75,12.35
130.575583,-0.0513,-0.0200,0.9995,-0.18,0.00,-0.12,-2.63,3.75,12.35
130.575583,-0.0522,-0.0229,0.9995,-0.24,0.00,-0.06,-2.63,3.75,12.34
130.605853,-0.0518,-0.0234,0.9995,-0.24,0.00,-0.12,-2.63,3.75,12.34
130.605853,-0.0518,-0.0239,0.9995,-0.06,0.00,-0.12,-2.63,3.75,12.34
130.665613,-0.0508,-0.0229,0.9990,-0.06,0.00,-0.18,-2.63,3.75,12.34
130.665613,-0.0508,-0.0215,0.9985,-0.12,0.06,-0.12,-2.63,3.75,12.34
130.695574,-0.0508,-0.0205,0.9990,-0.06,0.06,-0.12,-2.64,3.75,12.34
130.695574,-0.0527,-0.0195,0.9995,0.00,0.00,-0.12,-2.64,3.75,12.34
130.725611,-0.0527,-0.0210,0.9980,-0.12,0.00,-0.18,-2.64,3.75,12.34
130.725611,-0.0527,-0.0239,0.9995,-0.12,0.00,-0.06,-2.64,3.75,12.34
130.785633,-0.0503,-0.0244,0.9985,-0.12,0.00,-0.06,-2.64,3.75,12.34
130.785633,-0.0508,-0.0239,0.9990,-0.12,0.00,-0.12,-2.64,3.75,12.34
130.815588,-0.0508,-0.0220,1.0000,-0.12,0.00,-0.12,-2.64,3.75,12.34
130.815588,-0.0513,-0.0205,0.9990,-0.12,0.00,-0.06,-2.64,3.75,12.34
130.875429,-0.0522,-0.0200,0.9980,-0.06,0.06,-0.12,-2.64,3.75,12.34
130.875429,-0.0518,-0.0200,0.9995,0.06,0.00,-0.06,-2.64,3.75,12.34
130.907306,-0.0518,-0.0229,0.9995,0.06,0.00,-0.06,-2.64,3.75,12.34
130.907306,-0.0522,-0.0234,0.9985,-0.06,0.00,-0.12,-2.64,3.75,12.34
130.935553,-0.0508,-0.0239,0.9995,-0.24,0.00,-0.06,-2.64,3.75,12.34
130.935553,-0.0498,-0.0225,0.9990,-0.18,0.00,-0.12,-2.64,3.75,12.34
130.995436,-0.0508,-0.0210,0.9995,-0.12,0.00,-0.12,-2.64,3.75,12.34
130.995436,-0.0513,-0.0205,0.9990,-0.06,0.00,-0.12,-2.64,3.75,12.34
131.025544,-0.0522,-0.0210,0.9985,-0.12,0.00,-0.12,-2.64,3.75,12.34
131.025544,-0.0527,-0.0220,0.9995,-0.06,0.00,-0.06,-2.64,3.75,12.34
131.055590,-0.0518,-0.0244,0.9990,-0.06,0.00,-0.12,-2.64,3.75,12.34
131.055590,-0.0513,-0.0244,0.9990,0.00,0.00,-0.12,-2.64,3.75,12.34
131.115754,-0.0513,-0.0229,0.9990,0.00,0.00,-0.06,-2.64,3.75,12.34
131.115754,-0.0513,-0.0215,0.9985,-0.06,0.00,-0.12,-2.65,3.75,12.34
131.145526,-0.0518,-0.0205,0.9990,0.00,0.00,-0.06,-2.65,3.75,12.34
131.145526,-0.0522,-0.0200,0.9995,0.00,0.00,-0.12,-2.65,3.75,12.34
131.175578,-0.0522,-0.0210,1.0005,0.00,0.00,-0.12,-2.65,3.75,12.34
131.175578,-0.0518,-0.0229,0.9985,-0.06,0.00,-0.12,-2.65,3.75,12.34
131.235638,-0.0518,-0.0225,0.9990,-0.12,0.00,-0.06,-2.65,3.75,12.34
131.235638,-0.0498,-0.0234,0.9990,-0.12,0.00,-0.06,-2.65,3.75,12.34
131.265821,-0.0503,-0.0225,0.9971,-0.06,0.00,-0.12,-2.65,3.75,12.34
131.265821,-0.0508,-0.0215,0.9976,-0.06,0.00,-0.12,-2.65,3.75,12.34
131.295646,-0.0518,-0.0210,0.9985,-0.06,0.00,-0.12,-2.65,3.75,12.34
131.295646,-0.0532,-0.0210,0.9995,-0.12,0.00,-0.06,-2.65,3.75,12.34
131.355629,-0.0527,-0.0220,0.9995,-0.06,0.00,-0.06,-2.65,3.75,12.34
131.355629,-0.0522,-0.0225,0.9990,-0.06,0.00,-0.18,-2.65,3.75,12.34
131.385542,-0.0513,-0.0229,1.0000,0.00,0.00,-0.06,-2.65,3.75,12.34
131.385542,-0.0503,-0.0220,0.9985,-0.06,0.00,-0.06,-2.65,3.75,12.34
131.415584,-0.0513,-0.0210,0.9980,0.00,0.00,-0.12,-2.65,3.75,12.34
131.415584,-0.0522,-0.0215,0.9985,-0.12,0.00,-0.06,-2.65,3.75,12.34
131.475696,-0.0527,-0.0205,0.9980,-0.12,0.00,-0.06,-2.65,3.75,12.34
131.475696,-0.0518,-0.0220,0.9985,-0.18,0.00,-0.12,-2.65,3.75,12.34
131.505802,-0.0518,-0.0234,1.0005,-0.12,0.00,-0.18,-2.65,3.75,12.34
131.505802,-0.0508,-0.0229,0.9990,-0.06,0.00,-0.06,-2.65,3.75,12.34
131.535566,-0.0508,-0.0225,0.9995,0.00,0.00,-0.06,-2.65,3.75,12.34
131.535566,-0.0513,-0.0225,0.9990,0.00,0.00,-0.06,-2.65,3.75,12.34
131.595399,-0.0518,-0.0215,0.9985,0.00,0.00,-0.06,-2.65,3.75,12.34
131.595399,-0.0518,-0.0210,0.9995,-0.06,0.00,-0.06,-2.65,3.75,12.34
131.625547,-0.0518,-0.0205,0.9990,-0.06,0.00,-0.06,-2.65,3.75,12.34
131.625547,-0.0522,-0.0220,0.9995,-0.18,0.00,-0.06,-2.66,3.75,12.34
131.655483,-0.0518,-0.0225,0.9985,-0.24,0.00,-0.12,-2.66,3.75,12.34
131.655483,-0.0518,-0.0229,1.0005,-0.12,0.00,-0.12,-2.66,3.75,12.34
131.715531,-0.0508,-0.0234,0.9995,0.00,0.00,-0.06,-2.66,3.75,12.34
131.715531,-0.0518,-0.0225,0.9990,0.12,0.00,-0.06,-2.66,3.75,12.34
131.745556,-0.0522,-0.0215,0.9985,0.18,0.00,-0.06,-2.66,3.75,12.34
131.745556,-0.0532,-0.0215,0.9990,0.00,0.00,-0.12,-2.66,3.75,12.34
131.775420,-0.0527,-0.0205,1.0000,0.06,0.00,-0.06,-2.66,3.75,12.34
131.775420,-0.0518,-0.0205,0.9985,0.00,0.00,-0.06,-2.66,3.75,12.34
131.835517,-0.0513,-0.0220,0.9990,-0.06,0.00,-0.12,-2.66,3.75,12.34
131.835517,-0.0503,-0.0225,1.0000,0.00,0.00,-0.06,-2.66,3.75,12.34
131.865526,-0.0508,-0.0225,0.9990,0.00,0.00,-0.12,-2.66,3.75,12.34
131.865526,-0.0513,-0.0225,0.9995,0.37,0.00,-0.12,-2.66,3.75,12.34
131.895636,-0.0518,-0.0215,0.9995,0.61,0.00,-0.06,-2.66,3.75,12.34
131.895636,-0.0522,-0.0205,0.9995,0.61,0.00,-0.06,-2.66,3.75,12.34
131.955429,-0.0532,-0.0195,0.9980,0.37,0.00,-0.06,-2.66,3.75,12.34
131.955429,-0.0518,-0.0195,0.9985,0.00,0.00,-0.12,-2.66,3.75,12.33
131.985734,-0.0508,-0.0205,0.9990,-0.24,0.00,-0.12,-2.66,3.75,12.33
131.985734,-0.0508,-0.0205,0.9985,-0.67,0.00,-0.12,-2.66,3.75,12.33
132.015476,-0.0518,-0.0215,0.9990,-0.55,0.00,-0.06,-2.66,3.75,12.33
132.015476,-0.0527,-0.0220,1.0000,0.00,0.00,-0.12,-2.66,3.75,12.33
132.075520,-0.0527,-0.0210,0.9980,0.12,0.00,-0.06,-2.66,3.75,12.33
132.075520,-0.0522,-0.0205,1.0000,0.24,0.00,-0.06,-2.66,3.75,12.33
132.106136,-0.0513,-0.0205,0.9995,0.79,0.00,-0.12,-2.66,3.75,12.33
132.106136,-0.0498,-0.0210,0.9990,1.04,0.06,-0.12,-2.66,3.75,12.33
132.135263,-0.0498,-0.0200,0.9976,0.43,0.00,-0.18,-2.66,3.75,12.33
132.135263,-0.0513,-0.0190,0.9985,-0.18,0.00,-0.43,-2.66,3.75,12.33
132.196558,-0.0542,-0.0190,0.9990,-0.98,-0.06,-0.43,-2.66,3.75,12.33
132.196558,-0.0537,-0.0195,0.9995,-1.89,-0.06,-0.18,-2.66,3.75,12.33
132.225420,-0.0527,-0.0220,1.0005,-1.16,0.00,-0.12,-2.66,3.75,12.33
132.225420,-0.0522,-0.0210,0.9995,-0.55,0.00,-0.06,-2.66,3.75,12.33
132.285590,-0.0498,-0.0220,0.9995,-0.49,0.00,-0.12,-2.66,3.75,12.33
132.285590,-0.0498,-0.0225,0.9995,-0.55,0.00,-0.12,-2.66,3.75,12.33
132.315538,-0.0508,-0.0220,0.9995,-0.61,0.00,-0.12,-2.66,3.75,12.33
132.315538,-0.0522,-0.0220,1.0000,-0.31,0.00,-0.12,-2.66,3.75,12.33
132.345545,-0.0537,-0.0229,0.9990,-0.37,0.00,-0.18,-2.66,3.75,12.33
132.345545,-0.0537,-0.0220,0.9980,-0.49,0.00,-0.06,-2.66,3.75,12.33
132.405865,-0.0522,-0.0229,1.0000,-0.55,0.00,-0.12,-2.66,3.75,12.33
132.405865,-0.0493,-0.0229,1.0000,-0.18,0.00,-0.12,-2.66,3.75,12.33
132.435535,-0.0483,-0.0229,0.9990,0.06,0.00,-0.06,-2.66,3.75,12.33
132.435535,-0.0488,-0.0225,1.0000,0.18,0.00,-0.06,-2.66,3.75,12.33
132.465585,-0.0522,-0.0229,1.0010,0.37,0.00,-0.06,-2.66,3.75,12.33
132.465585,-0.0547,-0.0220,1.0010,0.43,0.00,-0.06,-2.66,3.75,12.33
132.525578,-0.0542,-0.0215,0.9985,0.67,0.00,-0.06,-2.66,3.75,12.33
132.525578,-0.0518,-0.0215,0.9980,0.37,0.06,-0.12,-2.66,3.75,12.33
132.555478,-0.0493,-0.0215,0.9990,-0.24,0.00,-0.12,-2.66,3.75,12.33
132.555478,-0.0493,-0.0210,0.9985,-0.24,0.00,-0.18,-2.66,3.75,12.33
132.585551,-0.0508,-0.0215,0.9995,-0.37,0.00,-0.12,-2.66,3.75,12.33
132.585551,-0.0532,-0.0225,1.0010,0.00,0.00,0.00,-2.66,3.75,12.33
132.645571,-0.0532,-0.0225,0.9985,0.12,0.00,-0.12,-2.66,3.75,12.33
132.645571,-0.0527,-0.0225,0.9990,0.18,0.00,-0.06,-2.66,3.75,12.33
132.675905,-0.0518,-0.0220,0.9990,0.00,0.00,-0.12,-2.66,3.75,12.33
132.675905,-0.0498,-0.0210,0.9985,-0.18,0.06,-0.18,-2.66,3.75,12.33
132.705921,-0.0498,-0.0205,1.0000,-0.37,0.00,-0.12,-2.66,3.75,12.33
132.705921,-0.0508,-0.0215,0.9980,-0.92,0.00,-0.12,-2.66,3.75,12.33
132.765571,-0.0522,-0.0215,0.9985,-1.59,0.06,-0.06,-2.66,3.75,12.33
132.765571,-0.0542,-0.0225,0.9985,-2.75,0.06,-0.18,-2.66,3.75,12.33
132.795573,-0.0532,-0.0249,1.0005,-0.79,0.00,-0.24,-2.66,3.75,12.33
132.795573,-0.0527,-0.0249,1.0000,-0.18,0.00,-0.24,-2.66,3.75,12.33
132.825591,-0.0498,-0.0239,1.0000,0.00,0.00,-0.06,-2.66,3.75,12.33
132.825591,-0.0483,-0.0234,1.0000,0.18,0.00,-0.06,-2.66,3.75,12.33
132.885500,-0.0503,-0.0229,1.0000,0.06,0.00,0.00,-2.66,3.75,12.33
132.885500,-0.0527,-0.0234,1.0000,-0.31,0.00,-0.06,-2.66,3.75,12.33
132.916677,-0.0552,-0.0234,0.9990,-0.31,0.00,-0.06,-2.67,3.75,12.33
132.916677,-0.0537,-0.0239,1.0000,-0.18,0.00,-0.06,-2.67,3.75,12.33
132.945569,-0.0522,-0.0234,0.9985,-0.24,0.00,-0.12,-2.67,3.75,12.33
132.945569,-0.0488,-0.0244,1.0005,0.00,0.00,-0.18,-2.67,3.75,12.33
133.005602,-0.0483,-0.0249,0.9995,0.37,0.00,-0.12,-2.67,3.75,12.33
133.005602,-0.0498,-0.0244,1.0010,0.79,0.00,-0.06,-2.67,3.75,12.33
133.035503,-0.0513,-0.0220,1.0005,1.46,0.00,-0.12,-2.67,3.75,12.33
133.035503,-0.0532,-0.0225,1.0005,1.28,0.00,-0.06,-2.67,3.75,12.33
133.065681,-0.0532,-0.0215,0.9985,0.00,0.00,-0.12,-2.67,3.75,12.33
133.065681,-0.0522,-0.0215,0.9995,-0.18,0.00,-0.06,-2.67,3.75,12.33
133.125611,-0.0503,-0.0220,0.9990,-0.12,0.06,-0.12,-2.67,3.75,12.33
133.125611,-0.0483,-0.0225,1.0010,-0.12,0.00,-0.12,-2.68,3.75,12.33
133.155459,-0.0493,-0.0229,0.9995,-0.06,0.00,-0.06,-2.68,3.75,12.33
133.155459,-0.0508,-0.0229,0.9995,-0.06,0.00,-0.06,-2.68,3.75,12.33
133.185572,-0.0532,-0.0234,0.9995,0.12,0.00,-0.12,-2.68,3.75,12.33
133.185572,-0.0537,-0.0225,1.0000,0.12,0.00,-0.06,-2.68,3.75,12.33
133.245328,-0.0527,-0.0215,0.9995,0.12,0.00,-0.06,-2.68,3.75,12.33
133.245328,-0.0503,-0.0210,0.9990,-0.06,0.00,-0.06,-2.68,3.75,12.33
133.275498,-0.0483,-0.0215,0.9990,0.00,0.00,-0.06,-2.68,3.75,12.33
133.275498,-0.0493,-0.0220,0.9995,0.06,0.00,-0.06,-2.68,3.75,12.33
133.305855,-0.0513,-0.0234,0.9995,0.00,0.00,-0.06,-2.68,3.75,12.33
133.305855,-0.0542,-0.0229,0.9980,0.00,0.00,-0.12,-2.68,3.75,12.33
133.366509,-0.0547,-0.0220,1.0000,-0.49,0.00,-0.12,-2.68,3.75,12.33
133.366509,-0.0537,-0.0215,0.9995,-0.37,0.00,-0.12,-2.68,3.75,12.33
133.395686,-0.0513,-0.0215,0.9990,-0.24,0.00,-0.12,-2.68,3.75,12.33
133.395686,-0.0483,-0.0225,0.9995,-0.18,0.00,-0.18,-2.68,3.75,12.33
133.425474,-0.0479,-0.0229,0.9995,-0.06,0.00,-0.06,-2.68,3.75,12.33
133.425474,-0.0493,-0.0234,1.0000,-0.12,0.00,-0.18,-2.68,3.75,12.33
133.485446,-0.0527,-0.0239,0.9990,0.00,0.00,-0.06,-2.68,3.75,12.33
133.485446,-0.0547,-0.0229,1.0000,0.00,0.00,-0.12,-2.68,3.75,12.33
133.515672,-0.0547,-0.0220,0.9985,0.18,0.00,-0.12,-2.68,3.75,12.33
133.515672,-0.0508,-0.0215,0.9985,0.06,0.00,-0.06,-2.68,3.75,12.33
133.545522,-0.0493,-0.0205,0.9985,-0.31,0.00,-0.18,-2.68,3.75,12.33
133.545522,-0.0503,-0.0225,0.9985,-0.24,0.00,-0.06,-2.68,3.75,12.33
133.605811,-0.0508,-0.0225,0.9995,-0.31,-0.06,-0.12,-2.68,3.75,12.33
133.605811,-0.0518,-0.0234,0.9990,-0.24,0.00,-0.18,-2.68,3.75,12.33
133.635581,-0.0542,-0.0234,0.9995,-0.06,0.00,-0.06,-2.69,3.75,12.33
133.635581,-0.0542,-0.0234,0.9995,0.18,0.00,-0.12,-2.69,3.75,12.33
133.695597,-0.0518,-0.0229,0.9985,0.43,0.00,-0.12,-2.69,3.75,12.33
133.695597,-0.0493,-0.0225,0.9995,0.49,0.00,-0.06,-2.69,3.75,12.33
133.725583,-0.0493,-0.0205,0.9990,0.67,0.06,-0.12,-2.69,3.75,12.33
133.725583,-0.0513,-0.0210,0.9990,0.61,0.06,-0.18,-2.69,3.75,12.33
133.755543,-0.0532,-0.0205,0.9995,-0.18,0.00,-0.31,-2.69,3.75,12.33
133.755543,-0.0547,-0.0210,0.9990,-1.04,0.00,-0.18,-2.69,3.75,12.33
133.815531,-0.0542,-0.0215,1.0000,-1.22,0.00,-0.12,-2.69,3.75,12.33
133.815531,-0.0513,-0.0215,0.9990,-1.28,0.06,-0.12,-2.69,3.75,12.33
133.845614,-0.0493,-0.0215,0.9980,-1.16,0.06,-0.18,-2.69,3.75,12.33
133.845614,-0.0483,-0.0229,0.9995,-1.22,0.00,-0.24,-2.69,3.75,12.33
133.875610,-0.0508,-0.0239,1.0005,-0.31,0.00,-0.31,-2.69,3.75,12.33
133.875610,-0.0527,-0.0259,0.9985,0.06,0.00,-0.24,-2.69,3.75,12.33
133.935579,-0.0537,-0.0249,0.9990,0.24,0.00,-0.18,-2.69,3.75,12.33
133.935579,-0.0542,-0.0234,0.9990,0.06,0.00,-0.12,-2.69,3.75,12.33
133.967007,-0.0522,-0.0229,0.9990,-0.12,0.00,-0.12,-2.69,3.75,12.33
133.967007,-0.0493,-0.0229,0.9995,-0.06,0.00,-0.06,-2.69,3.75,12.33
133.995570,-0.0493,-0.0220,1.0000,0.00,0.00,-0.06,-2.69,3.75,12.32
133.995570,-0.0508,-0.0229,0.9985,0.12,-0.06,-0.12,-2.69,3.75,12.32
134.055621,-0.0532,-0.0239,0.9995,0.00,0.00,-0.06,-2.69,3.75,12.32
134.055621,-0.0542,-0.0239,1.0000,0.18,0.00,-0.06,-2.69,3.75,12.32
134.085617,-0.0537,-0.0229,0.9990,0.18,0.00,-0.06,-2.69,3.75,12.32
134.085617,-0.0527,-0.0234,0.9990,0.12,0.00,-0.06,-2.69,3.75,12.32
134.116419,-0.0503,-0.0220,0.9995,-0.12,0.00,-0.06,-2.69,3.75,12.32
134.116419,-0.0488,-0.0220,1.0000,0.00,0.00,-0.06,-2.69,3.75,12.32
134.175642,-0.0493,-0.0215,0.9995,0.12,0.00,-0.06,-2.69,3.75,12.32
134.175642,-0.0522,-0.0239,0.9995,0.18,0.00,-0.12,-2.69,3.75,12.32
134.206233,-0.0537,-0.0239,0.9995,0.12,0.00,-0.06,-2.69,3.75,12.32
134.206233,-0.0537,-0.0234,0.9990,-0.24,0.00,-0.12,-2.69,3.75,12.35
134.235596,-0.0518,-0.0225,0.9990,-0.31,0.00,-0.12,-2.69,3.75,12.38
134.235596,-0.0498,-0.0220,1.0000,-0.37,0.00,-0.12,-2.68,3.75,12.41
134.295649,-0.0488,-0.0225,1.0000,0.00,0.00,-0.12,-2.68,3.76,12.45
134.295649,-0.0498,-0.0220,1.0000,-0.06,0.00,0.00,-2.67,3.76,12.48
134.325470,-0.0518,-0.0239,0.9995,-0.06,0.06,-0.06,-2.66,3.76,12.51
134.325470,-0.0532,-0.0244,1.0000,-0.06,0.00,-0.06,-2.66,3.76,12.54
134.356429,-0.0542,-0.0244,0.9995,0.00,0.00,-0.06,-2.66,3.76,12.57
134.356429,-0.0527,-0.0234,0.9990,0.12,0.00,-0.12,-2.65,3.77,12.60
134.415644,-0.0503,-0.0220,0.9995,0.00,0.00,-0.06,-2.65,3.77,12.63
134.415644,-0.0493,-0.0215,0.9995,-0.18,0.00,-0.06,-2.64,3.77,12.66
134.445492,-0.0493,-0.0225,0.9985,-0.18,0.00,-0.12,-2.64,3.77,12.69
134.445492,-0.0522,-0.0234,0.9990,0.00,0.00,-0.12,-2.64,3.77,12.72
134.475330,-0.0527,-0.0234,1.0000,0.06,0.00,-0.06,-2.63,3.77,12.75
134.475330,-0.0537,-0.0244,1.0005,0.24,0.00,-0.12,-2.63,3.78,12.78
134.535724,-0.0522,-0.0234,0.9995,0.12,0.00,-0.12,-2.62,3.78,12.81
134.535724,-0.0518,-0.0220,0.9995,-0.06,0.00,-0.06,-2.61,3.78,12.84
134.566604,-0.0498,-0.0220,0.9995,0.06,0.00,-0.12,-2.61,3.78,12.87
134.566604,-0.0498,-0.0215,0.9995,0.18,0.06,-0.18,-2.61,3.78,12.90
134.595570,-0.0508,-0.0220,0.9995,-0.06,0.00,-0.12,-2.60,3.79,12.93
134.595570,-0.0518,-0.0229,0.9990,-0.18,0.00,-0.12,-2.60,3.79,12.96
134.655642,-0.0542,-0.0234,0.9995,-0.24,0.00,-0.12,-2.60,3.79,12.99
134.655642,-0.0532,-0.0229,0.9985,0.00,0.00,-0.12,-2.59,3.80,13.01
134.685474,-0.0513,-0.0225,0.9995,0.18,0.00,-0.12,-2.59,3.80,13.05
134.685474,-0.0508,-0.0210,0.9990,0.00,0.00,-0.12,-2.59,3.80,13.07
134.715603,-0.0503,-0.0215,0.9990,-0.24,0.00,-0.12,-2.58,3.80,13.10
134.715603,-0.0513,-0.0210,0.9980,-0.43,0.00,-0.12,-2.58,3.80,13.13
134.775573,-0.0522,-0.0229,1.0000,-0.43,0.06,-0.12,-2.58,3.80,13.16
134.775573,-0.0527,-0.0244,0.9995,-0.31,0.00,-0.12,-2.57,3.81,13.19
134.805891,-0.0522,-0.0239,1.0005,-0.06,0.00,-0.06,-2.57,3.81,13.22
134.805891,-0.0513,-0.0244,0.9995,-0.06,0.00,-0.06,-2.58,3.81,13.24
134.835549,-0.0498,-0.0225,1.0000,0.06,0.00,-0.06,-2.58,3.80,13.24
134.835549,-0.0493,-0.0210,1.0000,0.00,0.00,-0.06,-2.58,3.80,13.24
134.895676,-0.0513,-0.0215,1.0000,0.00,0.00,-0.12,-2.59,3.80,13.24
134.895676,-0.0527,-0.0215,1.0005,0.00,0.00,-0.06,-2.59,3.80,13.24
134.926489,-0.0547,-0.0225,1.0000,-0.12,0.00,-0.12,-2.59,3.80,13.24
134.926489,-0.0537,-0.0239,0.9990,-0.18,0.00,-0.12,-2.59,3.80,13.23
134.955602,-0.0513,-0.0239,0.9990,-0.31,0.00,-0.06,-2.59,3.80,13.23
134.955602,-0.0503,-0.0234,1.0005,-0.24,0.00,-0.12,-2.59,3.80,13.23
135.015673,-0.0493,-0.0225,0.9995,-0.06,0.00,-0.12,-2.59,3.80,13.23
135.015673,-0.0513,-0.0220,0.9995,0.18,0.00,-0.06,-2.59,3.80,13.23
135.045602,-0.0527,-0.0225,0.9995,0.24,0.00,-0.06,-2.59,3.80,13.23
135.045602,-0.0542,-0.0225,0.9990,0.00,0.00,-0.12,-2.59,3.80,13.23
135.105848,-0.0532,-0.0229,0.9995,-0.18,0.00,-0.06,-2.59,3.80,13.23
135.105848,-0.0518,-0.0225,0.9985,-0.31,0.00,-0.12,-2.60,3.80,13.23
135.135487,-0.0503,-0.0234,1.0005,-0.18,0.00,-0.06,-2.60,3.80,13.23
135.135487,-0.0498,-0.0229,1.0000,-0.06,0.00,-0.06,-2.60,3.80,13.23
135.165690,-0.0513,-0.0225,1.0000,0.06,0.00,-0.18,-2.60,3.80,13.23
135.165690,-0.0522,-0.0225,0.9995,-0.06,0.00,-0.06,-2.60,3.80,13.23
135.225660,-0.0527,-0.0225,0.9990,-0.24,0.00,-0.06,-2.60,3.80,13.23
135.225660,-0.0537,-0.0234,1.0000,-0.24,0.00,-0.12,-2.60,3.80,13.23
135.255593,-0.0518,-0.0229,1.0000,-0.06,0.00,-0.12,-2.60,3.80,13.23
135.255593,-0.0498,-0.0229,0.9995,0.00,0.00,-0.12,-2.60,3.80,13.23
135.285553,-0.0498,-0.0225,1.0005,0.12,0.00,-0.12,-2.60,3.80,13.23
135.285553,-0.0513,-0.0229,0.9990,0.24,0.00,-0.06,-2.60,3.80,13.23
135.345555,-0.0518,-0.0220,1.0000,0.18,0.00,-0.06,-2.61,3.80,13.23
135.345555,-0.0532,-0.0220,1.0000,0.00,0.00,-0.12,-2.61,3.80,13.23
135.375613,-0.0518,-0.0225,0.9995,0.06,0.00,-0.18,-2.61,3.80,13.23
135.375613,-0.0518,-0.0229,1.0005,0.00,0.06,-0.06,-2.61,3.80,13.23
135.406249,-0.0503,-0.0234,1.0000,0.00,0.00,-0.12,-2.61,3.80,13.23
135.406249,-0.0503,-0.0239,1.0005,0.43,0.00,-0.06,-2.61,3.80,13.23
135.465571,-0.0508,-0.0229,0.9990,0.61,0.00,-0.18,-2.61,3.80,13.23
135.465571,-0.0522,-0.0220,1.0000,0.49,0.00,-0.06,-2.61,3.80,13.23
135.495308,-0.0527,-0.0210,1.0000,0.24,0.00,-0.18,-2.61,3.80,13.23
135.495308,-0.0527,-0.0210,0.9990,0.31,0.06,-0.12,-2.61,3.80,13.23
135.525428,-0.0508,-0.0205,0.9990,0.31,0.00,-0.18,-2.61,3.80,13.23
135.525428,-0.0498,-0.0220,0.9995,-0.06,0.00,-0.12,-2.61,3.80,13.23
135.585679,-0.0493,-0.0210,0.9995,-0.37,0.00,-0.12,-2.61,3.79,13.22
135.585679,-0.0508,-0.0215,1.0000,-0.18,0.00,-0.18,-2.61,3.79,13.22
135.615632,-0.0522,-0.0225,1.0005,0.00,0.00,-0.06,-2.61,3.79,13.22
135.615632,-0.0527,-0.0210,0.9985,-0.24,0.06,-0.06,-2.61,3.79,13.22
135.645626,-0.0527,-0.0220,0.9990,-0.61,0.00,-0.12,-2.61,3.79,13.22
135.645626,-0.0522,-0.0205,0.9995,-0.85,0.00,-0.18,-2.62,3.79,13.22
135.705908,-0.0522,-0.0220,0.9995,-0.85,0.00,-0.12,-2.62,3.79,13.22
135.705908,-0.0513,-0.0225,1.0005,-0.61,0.00,-0.12,-2.62,3.79,13.22
135.735524,-0.0513,-0.0239,0.9995,-0.18,0.00,-0.06,-2.62,3.79,13.22
135.735524,-0.0518,-0.0239,1.0000,-0.31,0.00,-0.12,-2.62,3.79,13.22
135.765655,-0.0527,-0.0234,0.9995,-0.49,0.00,-0.12,-2.62,3.79,13.22
135.765655,-0.0527,-0.0234,1.0000,-0.18,0.00,-0.12,-2.62,3.79,13.22
135.825356,-0.0522,-0.0225,0.9995,-0.06,0.00,-0.06,-2.63,3.79,13.22
135.825356,-0.0513,-0.0225,1.0005,0.00,0.00,-0.06,-2.63,3.79,13.22
135.855559,-0.0508,-0.0225,0.9995,0.18,0.00,-0.06,-2.63,3.79,13.22
135.855559,-0.0513,-0.0234,1.0005,0.24,0.00,-0.06,-2.63,3.79,13.22
135.885588,-0.0522,-0.0239,0.9995,0.18,0.00,-0.06,-2.63,3.79,13.22
135.885588,-0.0527,-0.0239,0.9990,0.00,0.00,-0.12,-2.63,3.79,13.22
135.945579,-0.0522,-0.0229,0.9990,-0.24,0.00,-0.12,-2.63,3.79,13.22
135.945579,-0.0527,-0.0225,0.9995,-0.31,0.00,-0.12,-2.63,3.79,13.22
135.975556,-0.0513,-0.0229,1.0000,-0.18,0.00,-0.12,-2.63,3.79,13.22
135.975556,-0.0503,-0.0225,0.9990,-0.06,0.00,-0.06,-2.63,3.79,13.22
136.006038,-0.0503,-0.0244,1.0000,-0.06,0.00,-0.12,-2.63,3.79,13.22
136.006038,-0.0508,-0.0234,0.9990,-0.37,0.06,-0.12,-2.63,3.79,13.22
136.065545,-0.0527,-0.0239,0.9995,-0.37,0.00,-0.06,-2.63,3.78,13.22
136.065545,-0.0527,-0.0239,1.0000,-0.24,0.00,-0.18,-2.64,3.78,13.22
136.095505,-0.0518,-0.0229,1.0015,-0.06,0.00,-0.12,-2.64,3.78,13.22
136.095505,-0.0518,-0.0220,1.0000,0.00,0.00,-0.12,-2.64,3.78,13.22
136.125500,-0.0513,-0.0239,1.0000,0.06,0.00,-0.12,-2.64,3.78,13.21
136.125500,-0.0508,-0.0234,1.0000,0.00,0.00,-0.06,-2.64,3.78,13.21
136.185555,-0.0518,-0.0229,1.0005,-0.12,0.00,-0.12,-2.64,3.78,13.21
136.185555,-0.0527,-0.0244,0.9995,-0.18,0.00,-0.06,-2.64,3.78,13.21
136.215606,-0.0527,-0.0229,0.9995,0.00,0.00,-0.12,-2.64,3.78,13.21
136.215606,-0.0522,-0.0225,0.9980,-0.18,0.06,-0.12,-2.64,3.78,13.21
136.245440,-0.0527,-0.0220,0.9985,-0.37,0.00,-0.12,-2.64,3.78,13.21
136.245440,-0.0513,-0.0229,1.0000,-0.06,0.00,-0.06,-2.64,3.78,13.21
136.305974,-0.0503,-0.0239,1.0005,0.37,0.00,-0.12,-2.64,3.78,13.21
136.305974,-0.0513,-0.0234,1.0005,0.24,0.00,-0.18,-2.65,3.78,13.21
136.335504,-0.0522,-0.0234,1.0000,0.12,0.00,-0.06,-2.65,3.78,13.21
136.335504,-0.0537,-0.0225,0.9995,-0.06,0.00,-0.06,-2.65,3.78,13.21
136.365485,-0.0518,-0.0220,0.9990,-0.31,0.00,-0.06,-2.65,3.78,13.21
136.365485,-0.0508,-0.0220,0.9990,-0.18,0.00,-0.06,-2.65,3.78,13.21
136.425482,-0.0508,-0.0225,1.0005,0.12,0.00,-0.06,-2.65,3.78,13.21
136.425482,-0.0503,-0.0234,0.9995,0.43,0.00,-0.12,-2.65,3.78,13.21
136.455528,-0.0513,-0.0225,0.9990,0.12,0.00,-0.06,-2.65,3.78,13.21
136.455528,-0.0522,-0.0234,0.9995,-0.06,0.00,-0.06,-2.65,3.78,13.21
136.515955,-0.0518,-0.0234,1.0000,0.00,0.00,-0.12,-2.65,3.78,13.21
136.515955,-0.0522,-0.0225,0.9990,0.06,0.00,-0.06,-2.65,3.78,13.21
136.545729,-0.0503,-0.0210,0.9985,0.00,0.00,-0.12,-2.65,3.78,13.21
136.545729,-0.0508,-0.0220,0.9995,-0.18,0.00,-0.06,-2.65,3.78,13.21
136.575545,-0.0513,-0.0229,1.0000,-0.31,0.00,-0.06,-2.65,3.78,13.21
136.575545,-0.0518,-0.0225,0.9995,-0.24,0.00,-0.06,-2.65,3.78,13.21
136.635455,-0.0518,-0.0234,0.9990,-0.43,0.06,-0.18,-2.65,3.78,13.21
136.635455,-0.0518,-0.0229,0.9995,-0.37,0.06,-0.06,-2.66,3.78,13.21
136.666367,-0.0522,-0.0229,0.9995,-0.12,0.06,-0.06,-2.66,3.78,13.21
136.666367,-0.0518,-0.0234,1.0005,0.00,0.00,-0.06,-2.66,3.78,13.21
136.695618,-0.0508,-0.0229,0.9995,0.06,0.00,-0.12,-2.66,3.78,13.21
136.695618,-0.0508,-0.0225,0.9990,0.06,0.00,-0.12,-2.66,3.78,13.21
136.755496,-0.0518,-0.0234,0.9990,-0.18,0.00,-0.06,-2.66,3.78,13.21
136.755496,-0.0522,-0.0234,0.9995,-0.24,0.00,-0.12,-2.66,3.78,13.21
136.785634,-0.0527,-0.0234,0.9995,-0.12,0.00,-0.12,-2.66,3.78,13.20
136.785634,-0.0522,-0.0239,1.0000,0.00,0.00,-0.12,-2.66,3.78,13.20
136.815581,-0.0508,-0.0229,0.9995,0.06,0.00,-0.06,-2.66,3.78,13.20
136.815581,-0.0498,-0.0220,0.9990,-0.06,0.00,-0.06,-2.66,3.78,13.20
136.875459,-0.0503,-0.0220,0.9995,-0.18,0.00,-0.06,-2.66,3.78,13.20
136.875459,-0.0513,-0.0225,0.9995,-0.06,0.00,-0.18,-2.66,3.78,13.20
136.905941,-0.0522,-0.0234,1.0000,0.06,0.00,-0.06,-2.66,3.78,13.20
136.905941,-0.0522,-0.0234,1.0005,0.06,0.00,-0.06,-2.66,3.78,13.20
136.936649,-0.0522,-0.0239,0.9995,0.00,0.00,-0.06,-2.66,3.78,13.20
136.936649,-0.0508,-0.0220,0.9995,-0.06,0.00,-0.06,-2.67,3.78,13.20
136.995462,-0.0508,-0.0229,1.0005,-0.12,0.00,-0.12,-2.67,3.78,13.20
136.995462,-0.0498,-0.0229,0.9990,-0.06,0.00,-0.12,-2.67,3.78,13.20
137.025655,-0.0513,-0.0229,0.9995,0.00,0.00,-0.12,-2.67,3.78,13.20
137.025655,-0.0513,-0.0234,0.9995,0.18,0.00,-0.12,-2.67,3.77,13.20
137.055548,-0.0518,-0.0229,0.9985,0.12,0.00,-0.12,-2.67,3.77,13.20
137.055548,-0.0522,-0.0229,0.9990,0.00,0.00,-0.12,-2.67,3.77,13.19
137.115481,-0.0513,-0.0225,1.0000,-0.18,0.00,-0.06,-2.67,3.77,13.19
137.115481,-0.0503,-0.0225,0.9995,-0.31,0.00,-0.06,-2.68,3.77,13.19
137.145584,-0.0503,-0.0225,0.9995,-0.24,0.00,-0.06,-2.68,3.77,13.19
137.145584,-0.0513,-0.0225,1.0000,-0.06,0.00,-0.06,-2.68,3.77,13.19
137.175522,-0.0527,-0.0229,1.0005,0.00,0.00,-0.12,-2.68,3.77,13.19
137.175522,-0.0527,-0.0239,0.9995,-0.06,0.00,-0.12,-2.68,3.77,13.19
137.236613,-0.0522,-0.0239,1.0000,-0.18,0.00,-0.06,-2.68,3.77,13.19
137.236613,-0.0518,-0.0229,1.0005,-0.06,0.00,-0.12,-2.68,3.77,13.19
137.265818,-0.0503,-0.0225,1.0005,-0.06,0.00,-0.12,-2.68,3.77,13.19
137.265818,-0.0503,-0.0225,1.0000,-0.31,0.00,-0.06,-2.68,3.77,13.19
137.295468,-0.0518,-0.0225,1.0000,-0.43,0.00,-0.12,-2.68,3.77,13.19
137.295468,-0.0522,-0.0239,0.9995,-0.18,0.00,-0.12,-2.68,3.77,13.19
137.355583,-0.0532,-0.0239,1.0000,0.31,0.00,0.00,-2.68,3.77,13.19
137.355583,-0.0522,-0.0239,0.9995,0.00,0.00,-0.06,-2.68,3.77,13.19
137.385522,-0.0518,-0.0229,1.0000,-0.18,0.00,-0.06,-2.68,3.77,13.19
137.385522,-0.0508,-0.0229,1.0000,-0.37,0.00,-0.06,-2.68,3.77,13.19
137.416043,-0.0503,-0.0220,1.0005,-0.31,0.00,-0.12,-2.68,3.77,13.19
137.416043,-0.0513,-0.0229,0.9990,-0.24,0.00,-0.18,-2.68,3.77,13.19
137.475561,-0.0522,-0.0229,0.9990,0.00,0.00,-0.12,-2.68,3.77,13.19
137.475561,-0.0527,-0.0239,1.0000,0.37,0.00,-0.06,-2.68,3.77,13.19
137.505902,-0.0537,-0.0239,0.9990,0.06,0.00,-0.12,-2.69,3.77,13.19
137.505902,-0.0513,-0.0229,0.9990,-0.06,0.00,-0.06,-2.69,3.77,13.19
137.535644,-0.0513,-0.0234,1.0000,0.00,0.00,-0.12,-2.69,3.77,13.19
137.535644,-0.0508,-0.0225,0.9995,0.18,0.00,-0.12,-2.69,3.77,13.19
137.595493,-0.0508,-0.0225,0.9995,0.31,0.00,-0.06,-2.69,3.77,13.19
137.595493,-0.0508,-0.0220,0.9985,0.18,0.00,-0.06,-2.69,3.77,13.18
137.625589,-0.0518,-0.0234,0.9995,-0.12,0.00,-0.06,-2.69,3.77,13.18
137.625589,-0.0522,-0.0244,0.9995,0.00,0.00,-0.12,-2.69,3.77,13.18
137.655436,-0.0527,-0.0229,0.9990,0.00,0.00,-0.12,-2.69,3.77,13.18
137.655436,-0.0508,-0.0225,0.9990,-0.18,0.00,-0.06,-2.69,3.77,13.18
137.715585,-0.0498,-0.0225,0.9995,-0.24,0.00,-0.12,-2.69,3.77,13.18
137.715585,-0.0513,-0.0220,1.0005,-0.12,0.00,-0.12,-2.69,3.77,13.18
137.745577,-0.0513,-0.0229,0.9990,-0.12,0.00,-0.18,-2.69,3.77,13.18
137.745577,-0.0522,-0.0234,0.9995,-0.12,0.00,-0.06,-2.69,3.77,13.18
137.775669,-0.0518,-0.0249,0.9990,0.00,0.00,-0.12,-2.69,3.77,13.18
137.775669,-0.0522,-0.0239,1.0000,-0.18,0.00,-0.12,-2.69,3.77,13.18
137.835902,-0.0503,-0.0234,1.0005,-0.37,0.00,-0.12,-2.69,3.77,13.18
137.835902,-0.0508,-0.0225,0.9985,-0.31,0.00,-0.06,-2.69,3.77,13.18
137.865622,-0.0513,-0.0229,0.9995,-0.12,0.00,-0.12,-2.69,3.77,13.18
137.865622,-0.0522,-0.0220,0.9995,0.00,0.00,-0.06,-2.69,3.77,13.18
137.925517,-0.0518,-0.0234,0.9995,0.06,0.00,-0.06,-2.70,3.77,13.18
137.925517,-0.0518,-0.0239,0.9980,-0.06,0.00,-0.12,-2.70,3.77,13.18
137.955662,-0.0518,-0.0239,1.0005,-0.24,0.00,-0.18,-2.70,3.77,13.18
137.955662,-0.0513,-0.0249,1.0005,-0.12,0.00,-0.06,-2.70,3.77,13.18
137.985718,-0.0513,-0.0225,0.9995,0.18,0.00,-0.06,-2.70,3.77,13.18
137.985718,-0.0518,-0.0229,0.9990,0.18,0.00,-0.12,-2.70,3.77,13.18
138.045607,-0.0522,-0.0225,0.9985,-0.18,0.00,-0.06,-2.70,3.77,13.18
138.045607,-0.0522,-0.0229,1.0000,-0.37,0.00,-0.12,-2.70,3.77,13.18
138.075664,-0.0518,-0.0234,0.9995,-0.18,0.00,-0.06,-2.70,3.77,13.18
138.075664,-0.0518,-0.0234,0.9990,0.00,0.00,-0.06,-2.70,3.77,13.18
138.105855,-0.0513,-0.0239,0.9990,-0.06,0.00,-0.12,-2.70,3.77,13.18
138.105855,-0.0518,-0.0234,0.9990,0.00,0.00,-0.12,-2.70,3.77,13.18
138.165556,-0.0513,-0.0229,1.0000,-0.06,0.00,-0.12,-2.70,3.77,13.18
138.165556,-0.0518,-0.0229,0.9995,-0.18,0.00,0.00,-2.70,3.77,13.18
138.195595,-0.0513,-0.0225,1.0005,0.00,0.00,-0.12,-2.70,3.77,13.18
138.195595,-0.0513,-0.0234,1.0005,-0.06,0.00,-0.12,-2.70,3.77,13.18
138.225560,-0.0518,-0.0234,1.0000,0.00,0.00,-0.12,-2.70,3.77,13.17
138.225560,-0.0508,-0.0234,0.9995,-0.12,0.00,-0.18,-2.70,3.77,13.17
138.285602,-0.0513,-0.0225,1.0005,-0.12,0.00,-0.06,-2.70,3.77,13.17
138.285602,-0.0518,-0.0225,0.9995,-0.18,0.00,-0.06,-2.71,3.76,13.17
138.315369,-0.0508,-0.0225,0.9995,-0.18,0.12,-0.12,-2.71,3.76,13.17
138.315369,-0.0527,-0.0220,0.9995,-0.24,0.00,-0.06,-2.71,3.76,13.17
138.345599,-0.0508,-0.0234,1.0000,-0.24,0.00,-0.06,-2.71,3.76,13.17
138.345599,-0.0513,-0.0234,1.0000,-0.31,0.00,-0.06,-2.71,3.76,13.17
138.405799,-0.0508,-0.0239,0.9995,-0.31,0.00,-0.12,-2.71,3.76,13.17
138.405799,-0.0513,-0.0244,1.0005,-0.18,0.00,-0.06,-2.71,3.76,13.17
138.435551,-0.0518,-0.0239,1.0000,0.18,0.00,-0.06,-2.71,3.76,13.17
138.435551,-0.0522,-0.0229,0.9995,0.24,0.00,-0.12,-2.71,3.76,13.17
138.465676,-0.0513,-0.0229,0.9985,0.06,0.00,-0.06,-2.71,3.76,13.17
138.465676,-0.0513,-0.0225,0.9990,-0.24,0.00,-0.06,-2.71,3.76,13.17
138.525663,-0.0518,-0.0234,0.9990,0.00,0.00,0.00,-2.71,3.76,13.17
138.525663,-0.0522,-0.0239,0.9990,0.31,0.00,-0.06,-2.71,3.76,13.17
138.555522,-0.0522,-0.0239,1.0000,0.31,0.00,-0.12,-2.71,3.76,13.17
138.555522,-0.0518,-0.0234,0.9990,0.06,0.00,-0.06,-2.71,3.76,13.17
138.585278,-0.0522,-0.0225,0.9985,-0.18,0.00,-0.12,-2.71,3.76,13.17
138.585278,-0.0518,-0.0225,0.9995,-0.12,0.00,-0.06,-2.71,3.76,13.17
138.645561,-0.0518,-0.0225,0.9995,0.00,0.00,-0.06,-2.71,3.76,13.17
138.645561,-0.0508,-0.0239,0.9990,0.00,0.00,-0.06,-2.71,3.76,13.17
138.675460,-0.0513,-0.0234,1.0000,0.06,0.00,-0.06,-2.71,3.76,13.17
138.675460,-0.0513,-0.0239,0.9985,0.12,0.00,-0.12,-2.71,3.76,13.17
138.705913,-0.0513,-0.0225,1.0000,0.12,0.00,-0.06,-2.71,3.76,13.17
138.705913,-0.0513,-0.0220,0.9990,0.00,0.00,-0.06,-2.71,3.76,13.17
138.765590,-0.0518,-0.0225,0.9990,-0.12,0.00,-0.12,-2.72,3.76,13.17
138.765590,-0.0522,-0.0225,0.9990,-0.18,0.00,-0.12,-2.72,3.76,13.17
138.795510,-0.0513,-0.0225,0.9995,-0.18,0.00,-0.12,-2.72,3.76,13.17
138.795510,-0.0518,-0.0229,0.9985,-0.31,0.00,-0.06,-2.72,3.76,13.17
138.825357,-0.0518,-0.0239,0.9995,-0.37,0.00,-0.12,-2.72,3.76,13.17
138.825357,-0.0508,-0.0244,0.9995,-0.31,0.00,-0.12,-2.72,3.76,13.17
138.885561,-0.0518,-0.0239,1.0005,-0.24,0.00,-0.06,-2.72,3.76,13.16
138.885561,-0.0508,-0.0229,1.0000,-0.06,0.00,-0.12,-2.72,3.76,13.16
138.915479,-0.0508,-0.0234,0.9995,0.18,0.00,-0.12,-2.72,3.76,13.16
138.915479,-0.0513,-0.0220,1.0000,0.00,0.00,-0.06,-2.72,3.76,13.16
138.945495,-0.0513,-0.0229,0.9990,-0.24,0.00,-0.06,-2.72,3.76,13.16
138.945495,-0.0518,-0.0239,0.9995,-0.24,0.06,-0.06,-2.72,3.76,13.16
139.005710,-0.0513,-0.0244,1.0000,0.06,0.00,-0.12,-2.72,3.76,13.16
139.005710,-0.0518,-0.0244,0.9995,0.12,0.00,-0.06,-2.72,3.76,13.16
139.035311,-0.0513,-0.0229,0.9990,-0.12,0.00,-0.12,-2.72,3.76,13.16
139.035311,-0.0513,-0.0229,0.9995,-0.18,0.00,-0.06,-2.72,3.76,13.16
139.065501,-0.0508,-0.0225,0.9985,-0.31,0.00,-0.12,-2.72,3.76,13.16
139.065501,-0.0518,-0.0234,0.9985,-0.06,0.00,-0.06,-2.72,3.76,13.16
139.125560,-0.0518,-0.0239,0.9990,0.18,0.00,-0.06,-2.72,3.76,13.16
139.125560,-0.0513,-0.0234,0.9995,0.24,0.00,-0.12,-2.72,3.76,13.16
139.155326,-0.0518,-0.0234,0.9995,-0.06,0.00,-0.06,-2.72,3.76,13.16
139.155326,-0.0518,-0.0234,0.9990,0.00,0.00,-0.06,-2.72,3.76,13.16
139.185529,-0.0518,-0.0229,1.0000,-0.12,0.00,-0.06,-2.72,3.76,13.16
139.185529,-0.0513,-0.0220,0.9990,-0.31,0.00,-0.06,-2.72,3.76,13.16
139.245246,-0.0518,-0.0229,0.9980,-0.24,0.00,-0.12,-2.72,3.76,13.16
139.245246,-0.0513,-0.0234,0.9990,-0.06,0.00,-0.12,-2.72,3.76,13.16
139.275390,-0.0503,-0.0249,0.9995,-0.06,0.00,-0.06,-2.73,3.76,13.16
139.275390,-0.0513,-0.0249,0.9995,0.12,0.00,-0.12,-2.73,3.76,13.16
139.335669,-0.0513,-0.0234,0.9995,0.18,0.00,-0.12,-2.73,3.76,13.16
139.335669,-0.0513,-0.0225,0.9990,0.00,0.00,-0.06,-2.73,3.76,13.16
139.365639,-0.0522,-0.0215,0.9985,-0.24,0.00,-0.12,-2.73,3.76,13.16
139.365639,-0.0522,-0.0215,0.9995,-0.24,0.00,-0.06,-2.73,3.76,13.16
139.395514,-0.0513,-0.0220,0.9990,-0.12,0.00,-0.06,-2.73,3.76,13.16
139.395514,-0.0518,-0.0239,0.9990,-0.12,0.00,-0.12,-2.73,3.76,13.16
139.455601,-0.0518,-0.0239,0.9990,0.00,0.00,-0.12,-2.73,3.76,13.16
139.455601,-0.0513,-0.0239,0.9995,0.00,0.00,-0.12,-2.73,3.76,13.16
139.485598,-0.0518,-0.0229,0.9990,0.00,0.00,-0.06,-2.73,3.76,13.16
139.485598,-0.0513,-0.0220,0.9995,-0.06,0.00,-0.06,-2.73,3.76,13.16
139.515527,-0.0508,-0.0215,0.9985,-0.18,0.00,-0.18,-2.73,3.76,13.16
139.515527,-0.0522,-0.0225,1.0000,-0.12,0.00,-0.12,-2.73,3.76,13.16
139.575648,-0.0522,-0.0234,1.0000,0.06,0.00,-0.06,-2.73,3.76,13.16
139.575648,-0.0518,-0.0239,0.9990,0.00,0.00,-0.06,-2.73,3.76,13.16
139.605817,-0.0508,-0.0244,0.9995,-0.06,0.00,-0.12,-2.74,3.76,13.16
139.605817,-0.0508,-0.0239,0.9995,0.00,0.00,-0.12,-2.74,3.76,13.15
139.635527,-0.0518,-0.0225,0.9990,0.06,0.00,-0.12,-2.74,3.76,13.15
139.635527,-0.0518,-0.0225,0.9990,0.18,0.00,-0.12,-2.74,3.76,13.15
139.695665,-0.0518,-0.0220,1.0000,0.37,0.00,-0.12,-2.74,3.76,13.15
139.695665,-0.0508,-0.0220,0.9980,0.24,0.00,-0.06,-2.74,3.76,13.15
139.725549,-0.0518,-0.0229,0.9985,0.00,0.00,-0.06,-2.74,3.76,13.15
139.725549,-0.0518,-0.0239,0.9985,-0.37,0.00,-0.06,-2.74,3.76,13.15
139.755589,-0.0518,-0.0229,0.9995,-0.55,0.00,-0.06,-2.74,3.76,13.15
139.755589,-0.0522,-0.0234,1.0000,-0.31,0.00,-0.06,-2.74,3.76,13.15
139.815683,-0.0513,-0.0239,0.9990,-0.18,0.00,-0.06,-2.74,3.76,13.15
139.815683,-0.0508,-0.0225,0.9990,-0.18,0.00,-0.06,-2.74,3.76,13.15
139.845584,-0.0513,-0.0225,0.9980,-0.31,0.00,-0.12,-2.74,3.76,13.15
139.845584,-0.0513,-0.0239,0.9985,-0.37,0.00,-0.06,-2.74,3.76,13.15
139.875601,-0.0518,-0.0239,1.0000,-0.12,0.00,-0.06,-2.74,3.76,13.15
139.875601,-0.0513,-0.0244,0.9995,0.00,0.00,-0.06,-2.74,3.76,13.15
139.935567,-0.0508,-0.0239,0.9985,0.18,0.00,-0.12,-2.74,3.76,13.15
139.935567,-0.0513,-0.0229,0.9995,0.12,0.00,-0.12,-2.74,3.76,13.15
139.966552,-0.0518,-0.0225,0.9985,0.06,0.00,-0.06,-2.74,3.76,13.15
139.966552,-0.0518,-0.0229,0.9985,0.00,0.00,-0.12,-2.74,3.76,13.15
139.995577,-0.0518,-0.0229,0.9980,-0.06,0.00,-0.12,-2.74,3.76,13.15
139.995577,-0.0508,-0.0229,0.9985,-0.18,0.00,-0.06,-2.74,3.76,13.15
140.055545,-0.0513,-0.0234,1.0000,-0.24,0.06,-0.06,-2.74,3.76,13.15
140.055545,-0.0513,-0.0244,1.0000,-0.12,0.00,-0.12,-2.74,3.76,13.15
140.085610,-0.0518,-0.0239,0.9990,0.00,0.00,-0.18,-2.74,3.76,13.15
140.085610,-0.0522,-0.0229,0.9985,-0.12,0.00,-0.12,-2.74,3.76,13.15
140.115621,-0.0513,-0.0225,0.9990,-0.31,0.00,-0.12,-2.74,3.76,13.15
140.115621,-0.0513,-0.0220,0.9990,-0.31,0.00,-0.06,-2.74,3.76,13.15
140.175629,-0.0518,-0.0234,0.9990,-0.12,0.00,-0.06,-2.74,3.76,13.15
140.175629,-0.0518,-0.0239,0.9990,0.00,0.00,-0.06,-2.74,3.76,13.15
140.205811,-0.0518,-0.0244,0.9985,0.00,0.00,-0.06,-2.74,3.76,13.15
140.205811,-0.0508,-0.0234,0.9995,-0.18,0.00,-0.06,-2.74,3.76,13.15
140.235467,-0.0513,-0.0234,1.0000,-0.37,0.06,-0.06,-2.74,3.76,13.15
140.235467,-0.0513,-0.0225,0.9995,-0.12,0.06,-0.12,-2.74,3.75,13.15
140.296644,-0.0513,-0.0229,0.9995,0.06,0.00,-0.12,-2.74,3.75,13.15
140.296644,-0.0513,-0.0234,0.9990,0.18,0.00,-0.12,-2.75,3.75,13.15
140.325414,-0.0508,-0.0229,0.9990,0.06,0.00,-0.06,-2.75,3.75,13.15
140.325414,-0.0518,-0.0244,0.9990,0.06,0.00,-0.06,-2.75,3.75,13.15
140.355817,-0.0513,-0.0234,0.9990,0.06,0.00,-0.12,-2.75,3.75,13.15
140.355817,-0.0513,-0.0229,0.9995,0.00,0.00,-0.06,-2.75,3.75,13.15
140.415510,-0.0513,-0.0225,0.9990,0.00,0.00,-0.18,-2.75,3.75,13.15
140.415510,-0.0518,-0.0215,0.9995,0.00,0.00,-0.12,-2.75,3.75,13.15
140.445613,-0.0513,-0.0225,1.0000,-0.18,0.00,-0.12,-2.75,3.75,13.15
140.445613,-0.0513,-0.0234,0.9990,-0.24,0.00,-0.06,-2.75,3.75,13.15
140.475632,-0.0508,-0.0239,0.9990,0.00,0.00,-0.06,-2.75,3.75,13.15
140.475632,-0.0513,-0.0234,0.9995,0.12,-0.06,-0.06,-2.75,3.75,13.15
140.535486,-0.0513,-0.0234,0.9990,0.00,0.00,-0.12,-2.75,3.75,13.15
140.535486,-0.0513,-0.0225,0.9980,-0.18,0.00,-0.12,-2.75,3.75,13.15
140.565563,-0.0518,-0.0225,0.9995,-0.18,0.00,-0.12,-2.75,3.75,13.14
140.565563,-0.0522,-0.0229,0.9990,-0.06,0.00,-0.12,-2.75,3.75,13.14
140.595555,-0.0518,-0.0229,0.9985,0.00,0.00,-0.12,-2.75,3.75,13.14
140.595555,-0.0518,-0.0234,0.9980,-0.18,0.00,-0.12,-2.75,3.75,13.14
140.655494,-0.0513,-0.0239,0.9990,0.00,0.00,-0.12,-2.75,3.75,13.14
140.655494,-0.0513,-0.0229,0.9995,0.06,0.00,-0.12,-2.75,3.75,13.14
140.685596,-0.0513,-0.0225,0.9995,0.18,0.00,-0.06,-2.75,3.75,13.14
140.685596,-0.0498,-0.0220,0.9990,0.12,0.00,-0.06,-2.75,3.75,13.14
140.745494,-0.0498,-0.0225,0.9990,0.18,0.00,-0.06,-2.75,3.75,13.14
140.745494,-0.0508,-0.0225,1.0000,0.37,0.00,-0.06,-2.75,3.75,13.14
140.775542,-0.0508,-0.0229,0.9980,0.12,0.00,-0.06,-2.75,3.75,13.14
140.775542,-0.0518,-0.0229,0.9995,0.00,0.00,-0.12,-2.75,3.75,13.14
140.805930,-0.0522,-0.0234,0.9990,-0.06,0.00,-0.12,-2.75,3.75,13.14
140.805930,-0.0508,-0.0225,0.9985,-0.06,0.00,-0.06,-2.75,3.75,13.14
140.865666,-0.0518,-0.0215,0.9995,-0.24,0.00,-0.06,-2.75,3.75,13.14
140.865666,-0.0503,-0.0229,1.0000,-0.12,0.00,-0.12,-2.75,3.75,13.14
140.895627,-0.0508,-0.0229,0.9995,0.00,0.00,-0.12,-2.75,3.75,13.14
140.895627,-0.0498,-0.0225,0.9990,-0.06,0.00,-0.06,-2.75,3.75,13.14
140.925587,-0.0508,-0.0229,0.9995,-0.37,0.00,-0.06,-2.75,3.75,13.14
140.925587,-0.0503,-0.0239,0.9995,-0.31,0.00,-0.06,-2.75,3.75,13.14
140.985653,-0.0513,-0.0225,0.9995,-0.18,0.00,-0.12,-2.75,3.75,13.14
140.985653,-0.0522,-0.0225,0.9995,-0.12,0.00,-0.18,-2.75,3.75,13.14
141.015592,-0.0508,-0.0225,0.9990,-0.24,0.00,-0.12,-2.75,3.75,13.14
141.015592,-0.0518,-0.0225,1.0000,-0.37,0.06,-0.06,-2.75,3.75,13.13
141.045680,-0.0508,-0.0234,0.9990,-0.37,0.00,-0.12,-2.75,3.75,13.13
141.045680,-0.0508,-0.0239,0.9995,-0.24,0.00,-0.12,-2.75,3.75,13.13
141.105832,-0.0518,-0.0244,0.9995,-0.12,0.00,-0.06,-2.75,3.75,13.13
141.105832,-0.0513,-0.0234,1.0000,-0.12,0.00,-0.18,-2.75,3.75,13.13
141.135671,-0.0513,-0.0234,0.9995,-0.18,0.00,-0.06,-2.75,3.75,13.13
141.135671,-0.0508,-0.0220,1.0000,-0.06,0.00,-0.06,-2.75,3.75,13.13
141.165612,-0.0513,-0.0234,1.0000,-0.06,0.00,-0.12,-2.75,3.75,13.13
141.165612,-0.0513,-0.0229,0.9990,0.00,0.00,-0.06,-2.75,3.75,13.13
141.225526,-0.0518,-0.0234,0.9990,0.00,0.00,-0.12,-2.75,3.75,13.13
141.225526,-0.0508,-0.0239,0.9995,0.18,0.00,-0.06,-2.75,3.75,13.13
141.255519,-0.0503,-0.0239,0.9985,0.12,0.00,-0.12,-2.75,3.75,13.13
141.255519,-0.0508,-0.0229,1.0000,0.00,0.06,-0.06,-2.75,3.75,13.13
141.285527,-0.0503,-0.0225,0.9985,-0.18,0.00,-0.06,-2.75,3.75,13.13
141.285527,-0.0513,-0.0225,1.0000,-0.06,0.00,-0.12,-2.75,3.75,13.13
141.345458,-0.0513,-0.0229,0.9985,0.00,0.00,-0.06,-2.75,3.75,13.13
141.345458,-0.0508,-0.0225,0.9980,0.06,0.00,-0.12,-2.75,3.75,13.13
141.375628,-0.0522,-0.0234,0.9985,0.00,-0.06,-0.12,-2.76,3.75,13.13
141.375628,-0.0518,-0.0239,0.9990,0.00,0.06,-0.18,-2.76,3.75,13.13
141.405740,-0.0508,-0.0229,0.9985,-0.24,0.00,-0.06,-2.76,3.75,13.13
141.405740,-0.0498,-0.0229,0.9980,-0.24,0.00,-0.12,-2.76,3.75,13.13
141.465577,-0.0513,-0.0220,0.9995,0.00,0.00,-0.12,-2.76,3.75,13.13
141.465577,-0.0522,-0.0220,0.9985,-0.12,0.00,-0.06,-2.76,3.75,13.13
141.495721,-0.0518,-0.0229,0.9980,-0.24,0.00,-0.12,-2.76,3.75,13.13
141.495721,-0.0513,-0.0225,0.9990,-0.55,0.00,-0.18,-2.76,3.75,13.13
141.525528,-0.0508,-0.0254,0.9995,-0.49,0.00,-0.12,-2.76,3.75,13.13
141.525528,-0.0513,-0.0239,1.0000,-0.06,0.00,-0.12,-2.76,3.75,13.13
141.585565,-0.0513,-0.0234,0.9995,0.12,0.00,-0.06,-2.76,3.75,13.13
141.585565,-0.0508,-0.0239,1.0000,-0.18,0.00,-0.12,-2.76,3.75,13.13
141.615620,-0.0503,-0.0234,0.9985,-0.37,0.06,-0.12,-2.76,3.75,13.13
141.615620,-0.0522,-0.0229,1.0000,-0.31,0.00,-0.06,-2.76,3.75,13.13
141.645806,-0.0513,-0.0234,1.0000,-0.06,0.00,-0.06,-2.76,3.75,13.13
141.645806,-0.0513,-0.0249,0.9985,-0.06,0.00,-0.12,-2.76,3.75,13.13
141.705852,-0.0508,-0.0244,0.9990,-0.24,0.00,-0.12,-2.76,3.74,13.13
141.705852,-0.0503,-0.0249,0.9990,-0.49,0.00,-0.06,-2.76,3.74,13.13
141.735563,-0.0503,-0.0239,0.9995,-0.55,0.00,-0.18,-2.76,3.74,13.13
141.735563,-0.0513,-0.0229,0.9995,-0.12,0.00,-0.55,-2.76,3.74,13.13
141.766582,-0.0327,0.0366,1.0024,0.55,0.73,-35.10,-2.77,3.74,12.92
141.766582,-0.0640,-0.0317,0.9995,0.92,0.37,-16.48,-2.79,3.74,12.43
141.825592,-0.0488,-0.0469,0.9985,0.00,0.00,-2.14,-2.78,3.74,12.27
141.825592,-0.0503,-0.0269,0.9990,0.06,0.00,-0.37,-2.78,3.74,12.26
141.855611,-0.0508,-0.0244,0.9990,0.00,0.00,-0.12,-2.78,3.74,12.26
141.855611,-0.0508,-0.0234,0.9995,0.00,0.00,-0.12,-2.77,3.74,12.25
141.885594,-0.0513,-0.0239,0.9985,0.00,0.00,-0.06,-2.77,3.74,12.26
141.885594,-0.0513,-0.0244,1.0000,-0.06,0.00,-0.12,-2.77,3.74,12.26
141.945596,-0.0513,-0.0254,0.9976,-0.06,0.00,-0.06,-2.77,3.74,12.26
141.945596,-0.0522,-0.0249,0.9995,-0.06,0.00,-0.12,-2.77,3.74,12.26
141.975595,-0.0508,-0.0239,0.9990,0.00,0.00,-0.06,-2.77,3.74,12.26
141.975595,-0.0503,-0.0239,1.0000,0.06,0.00,-0.06,-2.77,3.74,12.26
142.005749,-0.0513,-0.0239,1.0000,0.12,0.00,-0.06,-2.77,3.74,12.26
142.005749,-0.0508,-0.0234,0.9995,0.00,0.00,-0.06,-2.76,3.74,12.26
142.065566,-0.0513,-0.0239,0.9995,-0.06,0.00,-0.12,-2.76,3.74,12.26
142.065566,-0.0522,-0.0249,0.9990,0.06,0.00,-0.12,-2.76,3.74,12.26
142.095936,-0.0522,-0.0249,1.0000,0.55,-0.06,-0.12,-2.75,3.74,12.26
142.095936,-0.0518,-0.0244,0.9995,0.67,-0.06,-0.12,-2.74,3.74,12.26
142.155593,-0.0503,-0.0234,0.9985,0.24,0.00,-0.06,-2.72,3.74,12.26
142.155593,-0.0498,-0.0229,0.9985,-0.24,0.00,-0.12,-2.72,3.74,12.26
142.185526,-0.0513,-0.0225,1.0010,0.00,0.00,-0.06,-2.72,3.74,12.26
142.185526,-0.0513,-0.0229,0.9985,-0.55,0.06,-0.12,-2.74,3.74,12.26
142.215592,-0.0522,-0.0249,0.9995,-0.24,0.00,-0.12,-2.74,3.74,12.26
142.215592,-0.0518,-0.0239,0.9990,0.73,-0.06,-0.12,-2.73,3.74,12.26
142.275590,-0.0508,-0.0225,0.9980,0.00,0.00,-0.12,-2.72,3.74,12.26
142.275590,-0.0513,-0.0220,0.9976,-2.08,0.12,-0.18,-2.74,3.74,12.26
142.305954,-0.0508,-0.0254,1.0010,-0.79,0.06,-0.06,-2.77,3.74,12.26
142.305954,-0.0508,-0.0249,1.0005,-0.06,0.00,-0.12,-2.77,3.74,12.26
142.335553,-0.0508,-0.0234,0.9985,-0.24,0.00,-0.12,-2.77,3.74,12.26
142.335553,-0.0508,-0.0254,1.0010,-0.24,0.00,-0.12,-2.78,3.74,12.26
142.395568,-0.0518,-0.0254,1.0000,-0.06,0.00,-0.06,-2.78,3.74,12.26
142.395568,-0.0513,-0.0259,1.0005,0.06,0.00,-0.12,-2.78,3.74,12.26
142.425454,-0.0508,-0.0254,0.9990,0.00,0.00,-0.12,-2.77,3.74,12.26
142.425454,-0.0503,-0.0249,1.0000,0.06,0.00,-0.12,-2.77,3.74,12.26
142.455647,-0.0513,-0.0239,0.9995,1.59,-0.06,-0.06,-2.75,3.74,12.26
142.455647,-0.0508,-0.0210,0.9976,1.04,-0.06,-0.06,-2.72,3.74,12.26
142.515645,-0.0518,-0.0225,0.9985,-0.49,0.06,-0.12,-2.72,3.74,12.26
142.515645,-0.0518,-0.0229,0.9985,-1.28,0.06,-0.12,-2.74,3.74,12.26
142.545633,-0.0518,-0.0259,1.0005,0.06,0.00,-0.12,-2.75,3.74,12.26
142.545633,-0.0508,-0.0249,0.9985,0.12,0.00,-0.06,-2.74,3.74,12.26
142.575493,-0.0498,-0.0239,0.9995,0.12,0.00,-0.06,-2.74,3.74,12.26
142.575493,-0.0508,-0.0234,0.9990,0.06,0.00,-0.06,-2.73,3.74,12.26
142.635507,-0.0518,-0.0244,1.0005,0.73,-0.06,-0.06,-2.72,3.74,12.26
142.635507,-0.0513,-0.0225,0.9980,0.73,0.00,-0.12,-2.70,3.74,12.26
142.666494,-0.0513,-0.0225,0.9985,-0.18,0.06,-0.06,-2.70,3.74,12.26
142.666494,-0.0508,-0.0234,1.0000,-0.61,0.00,-0.12,-2.71,3.74,12.26
142.695638,-0.0513,-0.0239,1.0000,-0.12,0.00,-0.12,-2.71,3.74,12.26
142.695638,-0.0513,-0.0244,0.9995,0.43,0.00,-0.12,-2.71,3.74,12.26
142.755467,-0.0508,-0.0225,0.9990,0.61,0.00,-0.12,-2.70,3.74,12.26
142.755467,-0.0508,-0.0225,1.0010,0.49,-0.06,-0.06,-2.69,3.74,12.26
142.785633,-0.0513,-0.0229,1.0005,0.92,0.00,-0.06,-2.67,3.73,12.26
142.785633,-0.0513,-0.0225,1.0000,1.40,0.00,-0.24,-2.64,3.73,12.26
142.815544,-0.0571,-0.0225,1.0005,1.59,0.18,-8.42,-2.61,3.73,12.16
142.815544,-0.0498,-0.0278,1.0010,-0.12,0.18,-14.04,-2.60,3.73,11.98
142.875676,-0.0630,-0.0391,0.9980,-1.16,0.12,-8.54,-2.63,3.73,11.75
142.875676,-0.0693,-0.0586,1.0029,0.37,0.00,6.71,-2.64,3.73,11.72
142.905744,-0.0186,0.0088,1.0034,0.67,-0.31,9.16,-2.63,3.73,12.04
142.905744,-0.0635,-0.0020,0.9941,3.54,0.06,8.91,-2.59,3.73,12.11
142.936927,-0.0796,-0.0508,1.0015,-5.62,0.31,-12.51,-2.60,3.73,12.17
142.936927,-0.0166,0.0205,0.9966,0.49,0.00,1.95,-2.58,3.73,12.31
142.995562,-0.0723,-0.0249,1.0024,-2.14,-0.43,14.53,-2.64,3.73,12.31
142.995562,-0.0337,0.0083,0.9976,1.65,0.00,0.67,-2.59,3.72,12.57
143.025572,-0.0503,-0.0156,0.9946,-2.62,0.00,-0.24,-2.60,3.72,12.56
143.025572,-0.0493,-0.0229,1.0005,-1.71,0.06,-0.06,-2.66,3.73,12.56
143.055440,-0.0513,-0.0229,1.0000,-0.67,0.00,-0.12,-2.68,3.73,12.56
143.055440,-0.0513,-0.0234,1.0010,0.24,0.00,-0.12,-2.68,3.73,12.56
143.115462,-0.0513,-0.0244,1.0005,1.22,-0.06,0.00,-2.66,3.73,12.56
143.115462,-0.0508,-0.0229,0.9995,4.15,0.00,-0.06,-2.61,3.72,12.56
143.145590,-0.0356,-0.0278,0.9990,0.67,0.18,-6.47,-2.58,3.73,12.54
143.145590,-0.0566,-0.0273,0.9985,0.31,0.00,-0.55,-2.57,3.73,12.44
143.175596,-0.0566,-0.0376,1.0073,-2.50,-0.49,13.85,-2.58,3.73,12.56
143.175596,-0.0225,-0.0117,0.9956,-0.85,0.49,-18.92,-2.58,3.73,12.54
143.236348,-0.0786,-0.0474,0.9961,0.98,0.00,2.01,-2.57,3.73,12.33
143.236348,-0.0225,0.0215,1.0029,0.98,0.00,0.31,-2.56,3.73,12.46
143.266279,-0.0410,-0.0269,1.0044,0.79,0.31,-14.83,-2.55,3.73,12.34
143.266279,-0.0156,-0.0396,0.9873,-4.21,0.43,-24.90,-2.56,3.73,12.05
143.295496,-0.1797,-0.1860,0.9873,-1.28,-0.31,17.21,-2.61,3.73,11.77
143.295496,0.0488,0.0967,1.0044,0.43,-0.43,15.01,-2.61,3.73,12.55
143.355543,-0.0674,-0.0654,0.9893,-1.46,0.06,16.78,-2.59,3.72,12.74
143.355543,0.0186,0.0562,1.0010,0.67,0.79,-42.30,-2.62,3.73,12.54
143.385594,-0.1289,-0.0698,0.9941,-1.10,-1.53,57.07,-2.63,3.73,12.43
143.385594,-0.0688,-0.0449,0.9961,-1.71,0.73,0.61,-2.65,3.73,12.91
143.415531,-0.0220,0.0479,1.0034,-0.49,0.18,2.01,-2.66,3.74,13.03
143.415531,-0.0479,-0.0127,1.0000,0.18,0.00,0.00,-2.66,3.74,13.04
143.475515,-0.0498,-0.0249,1.0000,0.31,0.00,-0.24,-2.65,3.74,13.04
143.475515,-0.0200,-0.0508,0.9966,-0.92,0.31,-16.60,-2.66,3.73,12.94
143.505742,-0.0708,-0.0132,1.0020,0.00,0.00,2.01,-2.68,3.73,12.72
143.505742,-0.1284,-0.1060,0.9829,2.14,-0.49,20.32,-2.66,3.73,12.82
143.565569,0.0322,0.0601,1.0161,8.24,0.55,47.73,-2.59,3.74,14.02
143.565569,-0.1396,-0.0854,1.0073,-0.55,0.85,-26.00,-2.66,3.74,13.55
143.595612,0.0234,0.0415,1.0039,-0.31,0.49,-19.78,-2.68,3.74,13.43
143.595612,-0.0669,-0.0381,0.9858,-4.39,-0.61,51.82,-2.65,3.74,13.78
143.625603,0.0015,0.0703,1.0156,-0.92,-0.06,20.02,-2.66,3.75,14.15
143.625603,-0.0635,-0.0068,0.9971,0.43,0.06,0.49,-2.65,3.75,14.25
143.685619,-0.0015,0.0674,1.0000,0.49,-0.06,6.59,-2.65,3.75,14.41
143.685619,-0.0488,-0.0171,0.9995,-1.71,-0.06,0.06,-2.67,3.75,14.45
143.715498,-0.0513,-0.0249,1.0010,0.06,0.06,-0.12,-2.68,3.75,14.45
143.715498,-0.0493,-0.0249,1.0020,2.50,0.12,-0.06,-2.65,3.75,14.45
143.745576,-0.0508,-0.0215,0.9961,1.04,0.06,0.06,-2.61,3.76,14.45
143.745576,-0.0498,-0.0225,1.0000,0.18,0.00,-1.83,-2.60,3.76,14.44
143.805891,-0.0474,-0.0542,1.0005,-1.83,0.37,-15.62,-2.61,3.76,14.32
143.805891,-0.0225,-0.0317,0.9995,0.31,0.00,-10.93,-2.60,3.76,14.17
143.835628,-0.0859,-0.0679,0.9966,0.24,0.73,-17.52,-2.61,3.77,13.78
143.835628,0.0000,0.1230,1.0078,-0.12,-0.24,-0.12,-2.61,3.77,13.72
143.865636,-0.1255,-0.1753,0.9839,-1.10,0.73,-25.21,-2.62,3.77,13.36
143.865636,-0.0083,0.0596,0.9941,-3.11,-1.28,60.91,-2.61,3.78,14.26
143.925619,-0.0005,0.0146,1.0015,-0.43,0.61,-26.73,-2.61,3.78,14.50
143.925619,-0.1279,-0.1646,0.9932,-2.93,-0.55,37.72,-2.62,3.79,14.41
143.955651,-0.0151,0.0156,0.9980,-1.04,-0.18,10.01,-2.60,3.79,15.08
143.955651,-0.0928,-0.0933,0.9863,-3.48,-0.49,26.43,-2.61,3.80,15.26
143.985568,-0.0054,0.0054,1.0088,-0.06,0.00,27.04,-2.60,3.80,15.87
143.985568,-0.0840,-0.0527,1.0015,0.43,-0.55,10.07,-2.55,3.81,16.08
144.045606,-0.0664,-0.0410,1.0127,0.92,-0.73,-1.89,-2.52,3.80,16.30
144.045606,-0.0273,-0.0029,1.0142,-0.24,-0.98,5.62,-2.51,3.80,16.63
144.075555,-0.0728,0.0122,1.0073,5.62,0.00,-2.38,-2.48,3.80,16.67
144.075555,-0.0479,-0.0361,0.9912,-13.98,0.61,0.06,-2.46,3.80,16.74
144.105851,-0.0542,0.0410,1.0015,-7.69,0.85,-7.87,-2.58,3.81,16.65
144.105851,0.0132,0.0869,1.0054,-2.69,-2.32,-7.87,-2.72,3.76,16.58
144.165500,-0.0493,-0.0259,0.9976,0.73,0.43,-0.61,-2.62,3.81,16.54
144.165500,-0.0508,-0.0239,1.0005,0.00,0.00,-0.12,-2.61,3.82,16.56
144.195945,-0.0518,-0.0239,0.9971,0.00,0.00,-0.06,-2.60,3.82,16.59
144.195945,-0.0527,-0.0239,1.0015,0.00,0.00,-0.06,-2.60,3.82,16.62
144.225927,-0.0532,-0.0229,0.9961,-0.06,0.00,-0.12,-2.59,3.82,16.65
144.225927,-0.0522,-0.0234,1.0015,0.00,0.06,-0.06,-2.59,3.82,16.68
144.285493,-0.0518,-0.0225,0.9971,0.00,0.00,-0.12,-2.58,3.83,16.70
144.285493,-0.0513,-0.0225,1.0024,-0.06,0.00,-0.12,-2.58,3.83,16.73
144.315612,-0.0503,-0.0239,0.9980,-0.06,0.00,-0.18,-2.57,3.83,16.76
144.315612,-0.0513,-0.0239,0.9995,-0.06,0.06,-0.06,-2.57,3.83,16.79
144.345541,-0.0518,-0.0244,0.9995,0.00,0.00,-0.06,-2.56,3.83,16.81
144.345541,-0.0527,-0.0229,0.9995,-0.06,0.00,-0.12,-2.55,3.84,16.84
144.405965,-0.0527,-0.0229,1.0010,-0.06,0.00,-0.12,-2.55,3.84,16.87
144.405965,-0.0518,-0.0234,0.9990,-0.06,0.00,-0.06,-2.54,3.85,16.90
144.435599,-0.0522,-0.0234,1.0010,0.00,0.00,-0.06,-2.54,3.85,16.92
144.435599,-0.0503,-0.0239,0.9976,-0.06,0.00,-0.06,-2.53,3.85,16.95
144.465551,-0.0508,-0.0249,1.0020,0.00,0.00,-0.06,-2.53,3.85,16.98
144.465551,-0.0513,-0.0234,0.9976,0.00,0.00,-0.06,-2.53,3.85,17.01
144.525598,-0.0527,-0.0239,1.0015,-0.06,0.00,-0.06,-2.52,3.86,17.03
144.525598,-0.0527,-0.0229,0.9980,0.00,0.00,-0.12,-2.52,3.86,17.06
144.555717,-0.0527,-0.0229,1.0000,-0.06,0.00,-0.12,-2.51,3.86,17.08
144.555717,-0.0513,-0.0229,0.9990,-0.06,0.00,-0.12,-2.50,3.86,17.11
144.585555,-0.0513,-0.0229,0.9995,-0.06,0.00,-0.06,-2.50,3.86,17.14
144.585555,-0.0508,-0.0239,0.9995,-0.06,0.00,-0.06,-2.49,3.87,17.17
144.645589,-0.0508,-0.0239,0.9976,-0.06,0.00,-0.06,-2.49,3.87,17.19
144.645589,-0.0518,-0.0249,1.0010,0.00,0.00,-0.12,-2.49,3.87,17.22
144.675623,-0.0522,-0.0225,0.9980,0.00,0.00,-0.06,-2.48,3.87,17.24
144.675623,-0.0518,-0.0229,1.0000,-0.06,0.00,-0.12,-2.48,3.87,17.27
144.705864,-0.0513,-0.0225,0.9980,0.00,0.00,-0.06,-2.47,3.87,17.30
144.705864,-0.0508,-0.0234,1.0000,-0.12,0.00,-0.12,-2.47,3.88,17.33
144.765582,-0.0522,-0.0239,0.9990,0.00,0.00,-0.12,-2.47,3.88,17.35
144.765582,-0.0518,-0.0249,1.0000,-0.12,0.00,-0.06,-2.46,3.88,17.38
144.795530,-0.0522,-0.0244,0.9985,0.00,0.00,-0.12,-2.46,3.88,17.40
144.795530,-0.0522,-0.0234,0.9990,-0.06,0.06,-0.06,-2.45,3.88,17.43
144.825588,-0.0518,-0.0229,0.9995,0.00,0.00,-0.18,-2.44,3.89,17.45
144.825588,-0.0508,-0.0229,0.9985,-0.06,0.00,-0.12,-2.44,3.89,17.48
144.885521,-0.0513,-0.0234,1.0000,-0.06,0.00,-0.12,-2.44,3.89,17.51
144.885521,-0.0508,-0.0229,0.9980,-0.06,0.00,-0.06,-2.43,3.89,17.53
144.915582,-0.0518,-0.0239,1.0000,-0.06,0.00,-0.12,-2.43,3.89,17.56
144.915582,-0.0522,-0.0249,0.9985,0.00,0.00,-0.12,-2.42,3.90,17.58
144.975592,-0.0532,-0.0234,1.0000,-0.06,0.00,-0.06,-2.42,3.90,17.61
144.975592,-0.0518,-0.0225,0.9995,0.00,0.00,-0.06,-2.42,3.90,17.63
145.007016,-0.0522,-0.0225,1.0000,-0.06,0.00,-0.12,-2.41,3.91,17.66
145.007016,-0.0518,-0.0220,0.9995,-0.06,0.00,-0.06,-2.41,3.91,17.68
145.035573,-0.0518,-0.0234,0.9990,-0.06,0.00,-0.06,-2.40,3.91,17.70
145.035573,-0.0518,-0.0239,1.0005,0.00,0.00,-0.06,-2.40,3.91,17.73
145.095506,-0.0518,-0.0244,0.9980,-0.12,0.00,-0.12,-2.39,3.91,17.75
145.095506,-0.0527,-0.0244,1.0005,-0.06,0.00,-0.06,-2.39,3.91,17.78
145.125633,-0.0518,-0.0239,0.9985,0.00,0.00,-0.18,-2.38,3.92,17.80
145.125633,-0.0518,-0.0220,1.0010,0.00,0.00,0.00,-2.38,3.92,17.83
145.155546,-0.0513,-0.0229,0.9985,0.00,0.00,-0.06,-2.44,3.89,17.85
145.155546,-0.0518,-0.0229,1.0010,-0.06,0.00,-0.12,-2.56,3.85,17.84
145.215581,-0.0518,-0.0229,0.9995,-0.06,0.00,-0.12,-2.56,3.85,17.84
145.215581,-0.0513,-0.0239,0.9995,-0.06,0.00,-0.12,-2.56,3.85,17.84
145.245492,-0.0518,-0.0249,0.9995,-0.06,0.00,-0.06,-2.57,3.85,17.84
145.245492,-0.0513,-0.0239,0.9990,-0.06,0.00,-0.06,-2.57,3.85,17.84
145.275479,-0.0522,-0.0234,0.9995,0.00,0.00,-0.06,-2.57,3.85,17.84
145.275479,-0.0518,-0.0229,0.9985,0.00,0.00,-0.06,-2.57,3.85,17.84
145.335699,-0.0518,-0.0234,0.9995,-0.06,0.00,-0.12,-2.57,3.85,17.84
145.335699,-0.0518,-0.0234,0.9990,-0.06,0.00,-0.12,-2.57,3.85,17.84
145.365538,-0.0513,-0.0234,1.0000,-0.06,0.00,-0.06,-2.57,3.85,17.84
145.365538,-0.0522,-0.0244,0.9990,0.00,0.00,-0.06,-2.57,3.85,17.84
145.395438,-0.0518,-0.0239,0.9990,-0.06,0.00,-0.06,-2.58,3.85,17.84
145.395438,-0.0513,-0.0229,1.0000,0.00,0.00,0.00,-2.58,3.85,17.84
145.455618,-0.0513,-0.0225,1.0005,-0.06,0.00,-0.06,-2.58,3.84,17.84
145.455618,-0.0513,-0.0234,0.9995,-0.06,0.00,-0.06,-2.58,3.84,17.84
145.485836,-0.0518,-0.0239,1.0000,-0.12,0.00,-0.12,-2.58,3.84,17.84
145.485836,-0.0522,-0.0229,1.0000,0.00,0.00,-0.06,-2.58,3.84,17.84
145.515521,-0.0527,-0.0244,0.9985,-0.06,0.00,-0.12,-2.58,3.84,17.84
145.515521,-0.0522,-0.0239,0.9995,-0.06,0.00,-0.12,-2.58,3.84,17.83
145.575648,-0.0508,-0.0234,0.9985,-0.06,0.00,-0.12,-2.58,3.84,17.83
145.575648,-0.0518,-0.0239,1.0010,-0.06,0.00,-0.18,-2.59,3.84,17.83
145.605868,-0.0518,-0.0229,0.9985,-0.06,0.00,-0.12,-2.59,3.84,17.83
145.605868,-0.0522,-0.0229,0.9990,-0.06,0.00,-0.06,-2.59,3.84,17.83
145.635598,-0.0527,-0.0239,0.9990,-0.06,0.00,-0.12,-2.59,3.84,17.83
145.635598,-0.0518,-0.0244,0.9995,0.00,0.00,-0.06,-2.59,3.84,17.83
145.695651,-0.0527,-0.0239,0.9990,-0.06,0.00,-0.06,-2.59,3.84,17.83
145.695651,-0.0522,-0.0239,0.9995,-0.06,0.00,-0.06,-2.59,3.84,17.83
145.725582,-0.0518,-0.0229,1.0000,-0.06,0.00,-0.06,-2.59,3.83,17.83
145.725582,-0.0513,-0.0225,0.9985,-0.06,0.00,-0.06,-2.60,3.83,17.83
145.755385,-0.0518,-0.0229,1.0005,0.00,0.00,-0.06,-2.60,3.83,17.83
145.755385,-0.0513,-0.0229,0.9980,-0.06,0.00,-0.12,-2.60,3.83,17.83
145.815618,-0.0513,-0.0239,1.0005,-0.06,0.00,-0.12,-2.60,3.83,17.83
145.815618,-0.0518,-0.0234,0.9990,-0.06,0.00,-0.06,-2.60,3.83,17.83
145.845598,-0.0518,-0.0239,0.9995,-0.06,0.00,-0.06,-2.60,3.83,17.83
145.845598,-0.0513,-0.0234,1.0000,0.00,0.00,-0.12,-2.60,3.83,17.83
145.875489,-0.0518,-0.0234,0.9990,-0.06,0.00,-0.12,-2.60,3.83,17.83
145.875489,-0.0513,-0.0229,0.9995,0.00,0.00,-0.06,-2.60,3.83,17.83
145.935322,-0.0513,-0.0225,0.9990,-0.06,0.00,-0.12,-2.60,3.83,17.83
145.935322,-0.0518,-0.0244,0.9990,0.00,0.00,-0.06,-2.61,3.83,17.83
145.965524,-0.0522,-0.0244,1.0005,-0.12,0.00,-0.12,-2.61,3.83,17.83
145.965524,-0.0518,-0.0239,1.0005,0.00,0.00,-0.12,-2.61,3.83,17.83
145.995587,-0.0513,-0.0234,0.9995,-0.06,0.00,-0.06,-2.61,3.83,17.83
145.995587,-0.0518,-0.0229,1.0005,-0.06,0.00,-0.12,-2.61,3.83,17.83
146.055625,-0.0513,-0.0225,0.9990,0.00,0.00,-0.12,-2.61,3.83,17.83
146.055625,-0.0513,-0.0234,1.0005,-0.06,0.00,-0.12,-2.61,3.83,17.83
146.085622,-0.0513,-0.0234,0.9990,0.00,0.00,-0.06,-2.61,3.83,17.83
146.085622,-0.0518,-0.0234,0.9995,-0.06,0.00,-0.12,-2.61,3.83,17.82
146.115599,-0.0527,-0.0239,0.9990,-0.06,0.00,-0.12,-2.61,3.83,17.82
146.115599,-0.0522,-0.0239,0.9995,0.00,0.06,-0.18,-2.62,3.83,17.82
146.175586,-0.0518,-0.0234,1.0000,0.00,0.00,-0.12,-2.62,3.83,17.82
146.175586,-0.0513,-0.0220,0.9995,-0.06,0.00,-0.06,-2.62,3.83,17.82
146.205896,-0.0518,-0.0229,0.9995,-0.06,0.00,-0.12,-2.62,3.83,17.82
146.205896,-0.0522,-0.0234,1.0000,0.00,0.00,-0.12,-2.62,3.83,17.82
146.235586,-0.0518,-0.0239,0.9995,-0.06,0.00,-0.12,-2.63,3.82,17.82
146.235586,-0.0522,-0.0239,0.9990,-0.06,0.00,-0.06,-2.63,3.82,17.82
146.295617,-0.0518,-0.0234,0.9995,-0.06,0.00,-0.06,-2.63,3.82,17.82
146.295617,-0.0522,-0.0229,0.9995,-0.06,0.00,-0.06,-2.63,3.82,17.82
146.325569,-0.0522,-0.0229,0.9976,-0.06,0.00,-0.06,-2.63,3.82,17.82
146.325569,-0.0518,-0.0229,0.9990,-0.06,0.00,-0.06,-2.63,3.82,17.82
146.385481,-0.0522,-0.0229,0.9995,-0.06,0.00,-0.06,-2.63,3.82,17.82
146.385481,-0.0518,-0.0239,0.9990,-0.06,0.00,-0.12,-2.63,3.82,17.81
146.415351,-0.0518,-0.0234,0.9980,0.00,0.00,-0.12,-2.63,3.82,17.81
146.415351,-0.0522,-0.0229,1.0000,0.00,0.00,-0.06,-2.63,3.82,17.81
146.445576,-0.0513,-0.0234,0.9976,-0.06,0.00,-0.12,-2.63,3.82,17.81
146.445576,-0.0522,-0.0239,0.9995,-0.06,0.00,-0.12,-2.64,3.82,17.81
146.505777,-0.0518,-0.0239,1.0000,-0.06,0.00,-0.12,-2.64,3.82,17.81
146.505777,-0.0527,-0.0229,0.9995,0.00,0.00,-0.06,-2.64,3.82,17.81
146.535629,-0.0513,-0.0229,0.9990,-0.06,0.00,-0.12,-2.64,3.82,17.81
146.535629,-0.0518,-0.0234,0.9990,-0.06,0.00,-0.12,-2.64,3.82,17.81
146.565591,-0.0518,-0.0249,0.9990,-0.06,0.00,-0.12,-2.64,3.82,17.81
146.565591,-0.0513,-0.0244,0.9990,0.00,0.00,0.00,-2.64,3.82,17.81
146.625510,-0.0508,-0.0234,0.9995,-0.06,0.00,-0.12,-2.64,3.82,17.81
146.625510,-0.0508,-0.0234,0.9995,-0.06,0.00,-0.12,-2.64,3.82,17.81
146.655496,-0.0522,-0.0234,0.9995,-0.06,0.00,-0.12,-2.64,3.82,17.81
146.655496,-0.0522,-0.0225,0.9995,0.00,0.00,-0.06,-2.64,3.82,17.81
146.685625,-0.0518,-0.0234,1.0000,-0.06,0.00,-0.12,-2.65,3.82,17.81
146.685625,-0.0522,-0.0239,0.9995,0.00,0.00,-0.12,-2.65,3.82,17.81
146.745563,-0.0508,-0.0234,0.9990,-0.06,0.00,-0.12,-2.65,3.82,17.81
146.745563,-0.0513,-0.0234,0.9990,0.00,0.00,-0.12,-2.65,3.82,17.81
146.775352,-0.0513,-0.0234,0.9995,-0.06,0.00,-0.06,-2.65,3.82,17.81
146.775352,-0.0518,-0.0234,0.9985,0.00,0.00,-0.06,-2.65,3.82,17.81
146.805820,-0.0522,-0.0239,0.9995,0.00,0.00,-0.12,-2.65,3.82,17.81
146.805820,-0.0527,-0.0234,0.9995,-0.12,0.00,-0.06,-2.65,3.82,17.81
146.865546,-0.0522,-0.0239,0.9995,0.00,0.00,-0.18,-2.65,3.82,17.81
146.865546,-0.0522,-0.0239,0.9995,0.00,0.00,-0.06,-2.65,3.81,17.81
146.895486,-0.0518,-0.0244,0.9990,-0.06,0.00,-0.12,-2.65,3.81,17.81
146.895486,-0.0513,-0.0239,1.0000,-0.06,0.00,-0.06,-2.65,3.81,17.81
146.925549,-0.0527,-0.0229,1.0000,-0.06,0.00,-0.06,-2.66,3.81,17.81
146.925549,-0.0522,-0.0225,0.9995,-0.06,0.00,-0.12,-2.66,3.81,17.81
146.985568,-0.0518,-0.0229,0.9985,-0.06,0.00,-0.06,-2.66,3.81,17.81
146.985568,-0.0518,-0.0234,1.0000,-0.12,0.00,-0.12,-2.66,3.81,17.81
147.015553,-0.0518,-0.0239,0.9990,0.00,0.00,-0.06,-2.66,3.81,17.81
147.015553,-0.0508,-0.0239,1.0000,-0.06,0.00,-0.06,-2.66,3.81,17.80
147.045459,-0.0508,-0.0239,0.9985,-0.06,0.00,-0.12,-2.66,3.81,17.80
147.045459,-0.0522,-0.0234,0.9995,-0.06,0.00,-0.12,-2.66,3.81,17.80
147.105956,-0.0522,-0.0239,0.9990,-0.06,0.00,-0.06,-2.66,3.81,17.80
147.105956,-0.0518,-0.0239,0.9995,-0.06,0.00,-0.12,-2.66,3.81,17.80
147.135608,-0.0513,-0.0244,1.0000,-0.06,0.00,-0.12,-2.66,3.81,17.80
147.135608,-0.0513,-0.0225,1.0000,-0.06,0.00,-0.12,-2.66,3.81,17.80
147.165489,-0.0508,-0.0234,0.9995,-0.06,0.00,-0.18,-2.66,3.81,17.80
147.165489,-0.0518,-0.0239,0.9985,0.00,0.00,-0.06,-2.67,3.81,17.80
147.225659,-0.0508,-0.0239,1.0000,-0.06,0.00,-0.12,-2.67,3.81,17.80
147.225659,-0.0522,-0.0234,1.0000,0.00,0.00,-0.18,-2.67,3.81,17.80
147.255531,-0.0527,-0.0234,0.9995,-0.06,0.00,-0.18,-2.67,3.81,17.80
147.255531,-0.0518,-0.0234,0.9995,-0.06,0.00,-0.06,-2.67,3.81,17.80
147.285469,-0.0522,-0.0229,1.0000,0.00,0.00,-0.12,-2.67,3.81,17.80
147.285469,-0.0508,-0.0239,0.9995,-0.06,0.00,-0.06,-2.68,3.81,17.80
147.346026,-0.0513,-0.0229,0.9995,0.00,0.00,-0.06,-2.68,3.81,17.80
147.346026,-0.0518,-0.0229,1.0000,0.00,0.00,-0.06,-2.68,3.81,17.80
147.375580,-0.0518,-0.0234,0.9995,-0.06,0.00,-0.06,-2.68,3.81,17.80
147.375580,-0.0513,-0.0229,1.0000,0.00,0.00,-0.12,-2.68,3.81,17.80
147.406729,-0.0518,-0.0229,0.9985,-0.06,0.00,-0.12,-2.68,3.81,17.80
147.406729,-0.0518,-0.0239,0.9995,0.00,0.00,-0.12,-2.68,3.81,17.80
147.465608,-0.0518,-0.0234,0.9995,-0.06,0.00,-0.12,-2.68,3.81,17.79
147.465608,-0.0518,-0.0239,0.9990,-0.06,0.06,-0.06,-2.68,3.81,17.79
147.495782,-0.0518,-0.0234,0.9995,-0.06,0.00,-0.06,-2.68,3.81,17.79
147.495782,-0.0518,-0.0234,1.0000,-0.06,0.00,-0.06,-2.68,3.81,17.79
147.525615,-0.0522,-0.0234,0.9995,-0.06,0.00,-0.06,-2.68,3.81,17.79
147.525615,-0.0522,-0.0234,0.9990,0.00,0.00,-0.06,-2.68,3.81,17.79
147.585553,-0.0513,-0.0234,0.9995,0.00,0.00,-0.12,-2.68,3.81,17.79
147.585553,-0.0522,-0.0234,0.9990,-0.06,0.00,-0.12,-2.68,3.80,17.79
147.615537,-0.0518,-0.0234,0.9995,0.00,0.00,-0.12,-2.68,3.80,17.79
147.615537,-0.0518,-0.0234,1.0000,-0.06,0.00,-0.06,-2.69,3.80,17.79
147.645712,-0.0522,-0.0239,0.9985,0.00,0.00,-0.06,-2.69,3.80,17.79
147.645712,-0.0522,-0.0234,0.9990,0.00,0.00,-0.12,-2.69,3.80,17.79
147.735821,-0.0527,-0.0229,1.0000,0.00,0.00,-0.12,-2.69,3.80,17.79
147.735821,-0.0522,-0.0234,1.0000,0.00,0.00,-0.12,-2.69,3.80,17.79
147.738039,-0.0522,-0.0234,1.0005,-0.06,0.00,-0.06,-2.69,3.80,17.79
147.738039,-0.0527,-0.0244,0.9990,0.00,0.00,-0.06,-2.69,3.80,17.79
147.795583,-0.0508,-0.0244,0.9990,-0.06,0.00,-0.06,-2.69,3.80,17.79
147.795583,-0.0518,-0.0234,1.0000,-0.06,0.00,-0.12,-2.69,3.80,17.79
147.825511,-0.0513,-0.0239,0.9995,-0.06,0.00,-0.12,-2.69,3.80,17.79
147.825511,-0.0522,-0.0225,1.0000,-0.06,0.00,-0.12,-2.69,3.80,17.79
147.855555,-0.0522,-0.0234,0.9990,-0.06,0.00,-0.12,-2.69,3.80,17.79
147.855555,-0.0522,-0.0225,0.9990,-0.06,0.00,-0.12,-2.69,3.80,17.79
147.915627,-0.0513,-0.0239,0.9995,-0.12,0.00,-0.06,-2.69,3.80,17.79
147.915627,-0.0508,-0.0239,0.9990,0.00,0.00,-0.12,-2.69,3.80,17.78
147.945594,-0.0513,-0.0239,0.9995,-0.06,0.00,-0.12,-2.70,3.80,17.78
147.945594,-0.0518,-0.0239,0.9985,0.00,0.00,-0.06,-2.70,3.80,17.78
147.975643,-0.0522,-0.0234,0.9990,-0.06,0.00,-0.06,-2.70,3.80,17.78
147.975643,-0.0518,-0.0239,0.9995,-0.06,0.00,-0.06,-2.70,3.80,17.78
148.035795,-0.0518,-0.0234,0.9995,-0.06,0.00,-0.06,-2.70,3.80,17.78
148.035795,-0.0513,-0.0239,0.9990,-0.06,0.00,-0.06,-2.70,3.80,17.78
148.065798,-0.0518,-0.0244,0.9995,-0.06,0.00,-0.06,-2.70,3.80,17.78
148.065798,-0.0522,-0.0234,0.9995,-0.06,0.00,-0.12,-2.70,3.80,17.78
148.095571,-0.0522,-0.0234,1.0000,-0.06,0.00,-0.12,-2.70,3.80,17.78
148.095571,-0.0513,-0.0239,0.9990,-0.06,0.00,-0.12,-2.70,3.80,17.78
148.155567,-0.0513,-0.0234,0.9995,0.00,0.00,-0.06,-2.70,3.80,17.78
148.155567,-0.0518,-0.0229,0.9995,-0.06,0.00,-0.06,-2.70,3.80,17.78
148.185507,-0.0518,-0.0229,1.0000,0.00,0.00,-0.12,-2.70,3.80,17.78
148.185507,-0.0518,-0.0234,0.9995,-0.06,0.00,-0.06,-2.70,3.80,17.78
148.215630,-0.0522,-0.0239,0.9990,0.00,0.00,0.00,-2.70,3.80,17.78
148.215630,-0.0522,-0.0239,0.9990,0.00,0.00,-0.12,-2.70,3.80,17.78
148.275555,-0.0518,-0.0234,0.9990,0.00,0.00,-0.06,-2.71,3.80,17.78
148.275555,-0.0513,-0.0239,1.0000,-0.06,0.00,-0.06,-2.71,3.80,17.78
148.305916,-0.0518,-0.0239,0.9990,-0.06,0.00,0.00,-2.71,3.80,17.78
148.305916,-0.0508,-0.0229,1.0000,-0.06,0.00,-0.06,-2.71,3.80,17.78
148.335511,-0.0518,-0.0229,1.0005,-0.06,0.06,-0.12,-2.71,3.80,17.78
148.335511,-0.0518,-0.0234,0.9990,-0.06,0.00,-0.18,-2.71,3.80,17.78
148.395609,-0.0522,-0.0234,0.9990,-0.06,0.00,0.00,-2.71,3.80,17.78
148.395609,-0.0518,-0.0239,0.9990,-0.06,0.00,-0.06,-2.71,3.80,17.78
148.425499,-0.0513,-0.0239,0.9995,-0.06,0.00,-0.06,-2.71,3.80,17.77
148.425499,-0.0513,-0.0229,0.9990,0.00,0.00,-0.06,-2.71,3.80,17.77
148.455562,-0.0522,-0.0244,1.0000,0.00,0.00,-0.12,-2.71,3.80,17.77
148.455562,-0.0522,-0.0234,0.9985,0.00,0.00,-0.06,-2.71,3.80,17.77
148.515705,-0.0518,-0.0234,0.9995,-0.06,0.00,-0.06,-2.71,3.80,17.77
148.515705,-0.0518,-0.0239,0.9990,-0.06,0.00,-0.06,-2.71,3.80,17.77
148.545577,-0.0518,-0.0244,0.9990,0.00,0.00,-0.06,-2.71,3.80,17.77
148.545577,-0.0522,-0.0234,0.9985,0.00,0.00,-0.18,-2.71,3.80,17.77
148.575599,-0.0513,-0.0234,0.9985,0.00,0.00,-0.06,-2.71,3.80,17.77
148.575599,-0.0518,-0.0229,0.9990,-0.06,0.00,-0.12,-2.71,3.80,17.77
148.635637,-0.0518,-0.0234,0.9985,-0.06,0.00,-0.12,-2.71,3.79,17.77
148.635637,-0.0518,-0.0234,0.9980,0.00,0.00,-0.18,-2.72,3.79,17.77
148.665565,-0.0518,-0.0234,0.9990,0.00,0.00,-0.12,-2.72,3.79,17.77
148.665565,-0.0527,-0.0234,0.9990,-0.06,0.00,-0.06,-2.72,3.79,17.77
148.695542,-0.0522,-0.0229,0.9995,-0.06,0.00,-0.06,-2.72,3.79,17.77
148.695542,-0.0518,-0.0229,0.9995,-0.06,0.00,-0.12,-2.72,3.79,17.77
148.755505,-0.0527,-0.0234,0.9990,0.00,0.00,-0.12,-2.72,3.79,17.77
148.755505,-0.0522,-0.0239,0.9990,-0.06,0.00,-0.12,-2.72,3.79,17.77
148.785525,-0.0522,-0.0239,0.9995,-0.06,0.00,-0.06,-2.72,3.79,17.76
148.785525,-0.0518,-0.0239,0.9985,-0.06,0.00,-0.06,-2.72,3.79,17.76
148.815497,-0.0527,-0.0239,0.9985,-0.06,0.00,-0.12,-2.72,3.79,17.76
148.815497,-0.0518,-0.0229,0.9995,-0.06,0.00,-0.06,-2.72,3.79,17.76
148.875501,-0.0518,-0.0234,0.9990,-0.06,0.00,-0.06,-2.72,3.79,17.76
148.875501,-0.0518,-0.0234,0.9990,-0.06,0.00,-0.12,-2.72,3.79,17.76
148.906924,-0.0522,-0.0229,0.9990,-0.06,0.00,-0.06,-2.72,3.79,17.76
148.906924,-0.0508,-0.0234,0.9976,0.00,0.00,-0.12,-2.72,3.79,17.76
148.935653,-0.0522,-0.0234,0.9990,-0.06,0.00,-0.06,-2.72,3.79,17.76
148.935653,-0.0522,-0.0239,0.9985,-0.06,0.00,-0.12,-2.72,3.79,17.76
148.995670,-0.0527,-0.0239,1.0000,-0.06,0.00,-0.06,-2.72,3.79,17.76
148.995670,-0.0518,-0.0234,0.9990,0.00,0.00,-0.06,-2.72,3.79,17.76
149.025603,-0.0522,-0.0239,1.0000,-0.06,0.00,-0.06,-2.72,3.79,17.76
149.025603,-0.0518,-0.0239,1.0000,-0.06,0.00,-0.06,-2.72,3.79,17.76
149.056521,-0.0513,-0.0229,0.9990,-0.06,0.00,-0.12,-2.72,3.79,17.76
149.056521,-0.0518,-0.0239,1.0000,-0.06,0.00,-0.12,-2.73,3.79,17.76
149.115566,-0.0522,-0.0239,0.9985,-0.06,0.00,-0.06,-2.73,3.79,17.76
149.115566,-0.0527,-0.0239,0.9995,-0.06,0.00,-0.12,-2.73,3.79,17.76
149.145539,-0.0518,-0.0234,1.0000,-0.06,0.00,-0.06,-2.73,3.79,17.76
149.145539,-0.0522,-0.0244,0.9990,0.00,0.00,-0.12,-2.73,3.79,17.76
149.206964,-0.0513,-0.0229,0.9990,-0.06,0.00,-0.06,-2.73,3.79,17.76
149.206964,-0.0527,-0.0229,1.0005,0.00,0.00,-0.06,-2.73,3.79,17.76
149.235508,-0.0518,-0.0234,0.9995,-0.06,0.00,-0.06,-2.73,3.79,17.76
149.235508,-0.0518,-0.0229,0.9995,-0.06,0.00,-0.12,-2.73,3.79,17.76
149.265549,-0.0513,-0.0239,1.0005,-0.06,0.00,-0.06,-2.73,3.79,17.76
149.265549,-0.0518,-0.0244,1.0000,-0.06,0.00,0.00,-2.73,3.79,17.76
149.325884,-0.0518,-0.0234,0.9995,0.00,0.00,-0.12,-2.74,3.79,17.76
149.325884,-0.0513,-0.0234,1.0000,-0.06,0.00,-0.06,-2.74,3.79,17.76
149.355563,-0.0518,-0.0234,1.0000,-0.12,0.00,-0.06,-2.74,3.79,17.75
149.355563,-0.0527,-0.0239,0.9985,0.00,0.00,-0.06,-2.74,3.79,17.75
149.385617,-0.0522,-0.0239,0.9990,-0.06,0.00,-0.06,-2.74,3.79,17.75
149.385617,-0.0527,-0.0239,0.9990,-0.06,0.00,-0.12,-2.74,3.79,17.75
149.445757,-0.0522,-0.0234,0.9995,-0.06,0.00,-0.12,-2.74,3.79,17.75
149.445757,-0.0518,-0.0234,0.9995,-0.06,0.00,-0.12,-2.74,3.78,17.75
149.475535,-0.0518,-0.0229,1.0000,-0.06,0.00,-0.12,-2.74,3.78,17.75
149.475535,-0.0513,-0.0239,1.0000,0.00,0.00,-0.06,-2.74,3.78,17.75
149.505863,-0.0518,-0.0234,1.0000,0.00,0.00,-0.06,-2.74,3.78,17.75
149.505863,-0.0513,-0.0239,1.0000,-0.06,0.00,-0.06,-2.74,3.78,17.75
149.565533,-0.0522,-0.0234,1.0005,-0.06,0.00,-0.06,-2.74,3.78,17.75
149.565533,-0.0518,-0.0229,0.9990,-0.06,0.00,-0.06,-2.74,3.78,17.75
149.595575,-0.0513,-0.0234,0.9995,0.00,0.00,-0.06,-2.74,3.78,17.75
149.595575,-0.0522,-0.0239,1.0000,-0.06,0.00,-0.06,-2.74,3.78,17.75
149.625352,-0.0522,-0.0234,0.9995,0.00,0.00,-0.06,-2.74,3.78,17.75
149.625352,-0.0522,-0.0225,0.9990,-0.06,0.06,-0.12,-2.74,3.78,17.75
149.685639,-0.0518,-0.0234,0.9995,0.00,0.06,-0.12,-2.74,3.78,17.75
149.685639,-0.0513,-0.0234,0.9980,0.00,0.00,-0.12,-2.74,3.78,17.75
149.715679,-0.0522,-0.0239,1.0000,-0.06,0.00,-0.12,-2.74,3.78,17.75
149.715679,-0.0518,-0.0234,0.9990,-0.06,0.00,-0.12,-2.74,3.78,17.75
149.745555,-0.0518,-0.0239,1.0000,-0.06,0.00,-0.12,-2.74,3.78,17.75
149.745555,-0.0513,-0.0234,0.9985,0.00,0.00,-0.12,-2.74,3.78,17.74
149.805866,-0.0513,-0.0234,0.9995,-0.06,0.00,-0.12,-2.74,3.78,17.74
149.805866,-0.0518,-0.0234,0.9985,-0.06,0.00,-0.12,-2.74,3.78,17.74
149.836601,-0.0518,-0.0239,0.9985,-0.06,0.00,-0.06,-2.75,3.78,17.74
149.836601,-0.0527,-0.0239,0.9990,0.00,0.00,-0.12,-2.75,3.78,17.74
149.867651,-0.0522,-0.0234,0.9995,-0.06,0.00,-0.06,-2.75,3.78,17.74
149.867651,-0.0518,-0.0229,1.0000,-0.06,0.00,-0.06,-2.75,3.78,17.74
149.925615,-0.0518,-0.0234,1.0000,0.00,0.00,-0.12,-2.75,3.78,17.74
149.925615,-0.0527,-0.0234,0.9995,-0.06,0.00,-0.06,-2.75,3.78,17.74
149.955562,-0.0518,-0.0239,0.9995,0.00,0.00,-0.12,-2.75,3.78,17.74
149.955562,-0.0522,-0.0239,0.9995,0.00,0.00,-0.12,-2.75,3.78,17.74
149.985626,-0.0527,-0.0229,0.9995,0.00,0.00,-0.24,-2.75,3.78,17.74
149.985626,-0.0527,-0.0229,1.0005,-0.06,0.00,-0.12,-2.75,3.78,17.74
150.045682,-0.0518,-0.0234,1.0000,-0.06,0.00,-0.12,-2.75,3.78,17.74
150.045682,-0.0518,-0.0229,0.9995,-0.06,0.00,-0.06,-2.75,3.78,17.74
150.075542,-0.0513,-0.0239,0.9995,-0.06,0.00,-0.06,-2.75,3.78,17.74
150.075542,-0.0527,-0.0234,0.9990,-0.06,0.00,-0.06,-2.75,3.78,17.74
150.105792,-0.0522,-0.0234,0.9995,-0.06,0.00,-0.12,-2.75,3.78,17.74
150.105792,-0.0522,-0.0229,1.0000,-0.06,0.00,-0.06,-2.75,3.78,17.74
150.166567,-0.0513,-0.0234,1.0005,-0.06,0.00,-0.06,-2.75,3.78,17.74
150.166567,-0.0508,-0.0229,1.0000,0.00,0.00,-0.06,-2.75,3.78,17.74
150.195501,-0.0513,-0.0229,1.0000,-0.06,0.00,-0.06,-2.75,3.78,17.74
150.195501,-0.0513,-0.0229,1.0000,-0.06,0.00,-0.12,-2.75,3.78,17.74
150.225589,-0.0518,-0.0229,0.9990,-0.06,0.00,-0.06,-2.75,3.78,17.73
150.225589,-0.0527,-0.0239,1.0005,-0.06,0.00,-0.12,-2.75,3.78,17.73
150.285553,-0.0522,-0.0234,0.9995,0.00,0.00,-0.06,-2.75,3.78,17.73
150.285553,-0.0518,-0.0234,0.9995,-0.06,0.00,-0.18,-2.75,3.78,17.73
150.315635,-0.0513,-0.0229,0.9995,-0.06,0.00,-0.06,-2.75,3.78,17.73
150.315635,-0.0518,-0.0229,0.9990,0.00,0.00,-0.12,-2.75,3.78,17.73
150.345549,-0.0513,-0.0239,1.0000,-0.06,0.00,-0.06,-2.75,3.78,17.73
150.345549,-0.0522,-0.0234,1.0000,-0.06,0.06,-0.06,-2.75,3.78,17.73
150.405832,-0.0518,-0.0239,1.0000,-0.06,0.00,-0.06,-2.75,3.78,17.73
150.405832,-0.0513,-0.0239,1.0000,-0.06,0.00,-0.12,-2.75,3.78,17.73
150.435604,-0.0522,-0.0229,0.9995,-0.06,0.00,-0.06,-2.75,3.78,17.73
150.435604,-0.0513,-0.0239,0.9990,-0.06,0.00,-0.06,-2.75,3.78,17.73
150.465325,-0.0518,-0.0239,1.0000,-0.06,0.00,-0.06,-2.75,3.78,17.73
150.465325,-0.0518,-0.0234,1.0000,0.00,0.00,-0.12,-2.75,3.78,17.73
150.525538,-0.0513,-0.0234,0.9995,0.00,0.00,-0.06,-2.76,3.78,17.73
150.525538,-0.0518,-0.0234,0.9990,-0.06,0.00,-0.12,-2.76,3.78,17.73
150.555571,-0.0527,-0.0239,0.9995,-0.06,0.00,-0.12,-2.76,3.78,17.73
150.555571,-0.0518,-0.0234,1.0005,-0.06,0.00,-0.12,-2.76,3.78,17.73
150.615569,-0.0522,-0.0234,1.0000,0.00,0.00,-0.12,-2.76,3.78,17.73
150.615569,-0.0522,-0.0234,1.0005,-0.06,0.06,-0.06,-2.76,3.78,17.73
150.645603,-0.0518,-0.0234,0.9985,0.00,0.00,-0.06,-2.76,3.78,17.73
150.645603,-0.0518,-0.0229,0.9990,0.00,0.00,-0.18,-2.76,3.78,17.72
150.675503,-0.0513,-0.0229,0.9985,0.00,0.00,-0.12,-2.76,3.78,17.72
150.675503,-0.0522,-0.0234,0.9995,-0.06,0.00,-0.06,-2.76,3.78,17.72
150.735655,-0.0522,-0.0229,0.9990,-0.06,0.00,-0.12,-2.76,3.78,17.72
150.735655,-0.0513,-0.0239,1.0010,-0.06,0.00,-0.12,-2.76,3.78,17.72
150.765527,-0.0522,-0.0234,0.9995,0.00,0.00,-0.12,-2.76,3.78,17.72
150.765527,-0.0518,-0.0234,0.9985,-0.06,0.00,-0.06,-2.76,3.78,17.72
150.795609,-0.0513,-0.0234,0.9990,-0.06,0.00,-0.06,-2.76,3.78,17.72
150.795609,-0.0513,-0.0234,0.9995,-0.06,0.00,-0.12,-2.76,3.78,17.72
150.855512,-0.0513,-0.0234,0.9985,-0.06,0.00,-0.06,-2.76,3.78,17.72
150.855512,-0.0522,-0.0234,1.0000,-0.06,0.00,-0.06,-2.76,3.78,17.72
150.885532,-0.0522,-0.0239,0.9995,-0.06,0.00,-0.06,-2.76,3.78,17.72
150.885532,-0.0518,-0.0234,0.9990,-0.06,0.00,-0.12,-2.76,3.78,17.72
150.915424,-0.0518,-0.0234,0.9990,-0.06,0.06,-0.12,-2.76,3.78,17.72
150.915424,-0.0522,-0.0234,0.9985,0.00,0.00,-0.12,-2.76,3.78,17.72
150.975446,-0.0508,-0.0244,0.9985,0.00,0.00,-0.06,-2.76,3.78,17.72
150.975446,-0.0522,-0.0239,0.9995,-0.06,0.00,-0.12,-2.76,3.78,17.72
151.005882,-0.0513,-0.0239,0.9995,-0.06,0.00,-0.06,-2.76,3.78,17.72
151.005882,-0.0522,-0.0229,0.9985,0.00,0.00,-0.06,-2.76,3.78,17.72
151.035587,-0.0513,-0.0234,0.9976,-0.06,0.00,-0.06,-2.76,3.78,17.72
151.035587,-0.0513,-0.0234,0.9985,-0.06,0.00,-0.12,-2.76,3.78,17.72
151.095528,-0.0527,-0.0234,0.9990,-0.06,0.00,-0.12,-2.76,3.78,17.72
151.095528,-0.0522,-0.0239,0.9995,-0.06,0.00,0.00,-2.76,3.78,17.72
151.125593,-0.0522,-0.0234,0.9995,0.00,0.00,-0.12,-2.76,3.78,17.72
151.125593,-0.0527,-0.0234,0.9995,-0.06,0.00,-0.12,-2.76,3.78,17.72
151.155581,-0.0518,-0.0234,0.9995,-0.12,0.00,-0.12,-2.76,3.78,17.72
151.155581,-0.0518,-0.0234,1.0005,-0.06,0.00,-0.12,-2.76,3.78,17.72
151.216653,-0.0527,-0.0234,0.9990,0.00,0.00,-0.12,-2.76,3.78,17.72
151.216653,-0.0522,-0.0229,1.0000,-0.06,0.00,-0.12,-2.76,3.78,17.72
151.245827,-0.0527,-0.0229,0.9995,0.00,0.00,-0.06,-2.77,3.78,17.71
151.245827,-0.0518,-0.0234,0.9990,0.00,0.00,-0.12,-2.77,3.78,17.71
151.276939,-0.0527,-0.0229,0.9995,-0.06,0.00,-0.12,-2.77,3.78,17.71
151.276939,-0.0522,-0.0244,0.9995,-0.06,0.00,-0.06,-2.77,3.78,17.71
151.335627,-0.0522,-0.0229,0.9985,0.00,0.00,-0.06,-2.77,3.78,17.71
151.335627,-0.0513,-0.0225,0.9995,0.00,0.00,-0.12,-2.77,3.78,17.71
151.365595,-0.0513,-0.0225,0.9985,-0.06,0.00,-0.12,-2.77,3.78,17.71
151.365595,-0.0518,-0.0229,0.9985,0.00,0.00,-0.12,-2.77,3.78,17.71
151.395483,-0.0518,-0.0234,1.0000,-0.06,0.00,-0.12,-2.77,3.78,17.71
151.395483,-0.0513,-0.0229,0.9990,-0.06,0.00,-0.12,-2.77,3.77,17.71
151.455631,-0.0513,-0.0234,0.9990,-0.06,0.00,-0.06,-2.77,3.77,17.71
151.455631,-0.0518,-0.0229,0.9990,0.00,0.00,-0.06,-2.77,3.77,17.71
151.485606,-0.0518,-0.0239,0.9985,-0.06,0.00,-0.12,-2.77,3.77,17.71
151.485606,-0.0518,-0.0239,0.9990,0.00,0.00,-0.12,-2.77,3.77,17.71
151.515538,-0.0518,-0.0239,0.9985,-0.06,0.00,-0.12,-2.77,3.77,17.71
151.515538,-0.0522,-0.0225,0.9990,-0.06,0.00,-0.06,-2.77,3.77,17.71
151.575964,-0.0522,-0.0239,0.9995,0.00,0.00,-0.12,-2.77,3.77,17.71
151.575964,-0.0518,-0.0239,0.9995,-0.06,0.00,-0.12,-2.77,3.77,17.70
151.606559,-0.0518,-0.0234,0.9985,-0.06,0.00,-0.12,-2.77,3.77,17.70
151.606559,-0.0522,-0.0229,0.9985,0.00,0.00,-0.12,-2.77,3.77,17.70
151.635645,-0.0513,-0.0234,0.9985,0.00,0.00,-0.12,-2.77,3.77,17.70
151.635645,-0.0522,-0.0239,0.9985,-0.06,0.00,-0.12,-2.77,3.77,17.70
151.695562,-0.0522,-0.0225,0.9985,-0.06,0.00,-0.12,-2.77,3.77,17.70
151.695562,-0.0532,-0.0234,0.9990,0.00,0.00,-0.12,-2.77,3.77,17.70
151.725550,-0.0522,-0.0239,0.9995,-0.06,0.00,-0.06,-2.77,3.77,17.70
151.725550,-0.0522,-0.0234,0.9995,0.00,0.00,-0.12,-2.77,3.77,17.70
151.755523,-0.0518,-0.0229,0.9995,0.00,0.00,-0.12,-2.77,3.77,17.70
151.755523,-0.0527,-0.0229,0.9995,0.00,0.00,-0.06,-2.77,3.77,17.70
151.815564,-0.0522,-0.0239,1.0000,0.00,0.00,-0.06,-2.77,3.77,17.70
151.815564,-0.0513,-0.0234,0.9985,-0.06,0.00,-0.06,-2.77,3.77,17.70
151.845639,-0.0522,-0.0225,0.9990,-0.06,0.00,-0.06,-2.77,3.77,17.70
151.845639,-0.0513,-0.0220,0.9990,-0.06,0.00,-0.12,-2.77,3.77,17.70
151.875976,-0.0522,-0.0234,0.9990,-0.06,0.00,-0.06,-2.77,3.77,17.70
151.875976,-0.0513,-0.0229,0.9990,-0.06,0.06,0.00,-2.77,3.77,17.70
151.935787,-0.0518,-0.0234,0.9985,-0.06,0.00,-0.06,-2.77,3.77,17.70
151.935787,-0.0518,-0.0239,0.9995,-0.06,0.00,-0.06,-2.77,3.77,17.70
151.965577,-0.0522,-0.0225,0.9990,0.00,0.00,-0.06,-2.77,3.77,17.70
151.965577,-0.0522,-0.0229,0.9995,0.00,0.00,-0.12,-2.77,3.77,17.70
152.025587,-0.0513,-0.0234,0.9980,-0.06,0.00,-0.12,-2.77,3.77,17.70
152.025587,-0.0522,-0.0234,1.0000,-0.06,0.00,-0.12,-2.77,3.77,17.70
152.055675,-0.0518,-0.0234,0.9995,-0.06,0.00,-0.12,-2.77,3.77,17.70
152.055675,-0.0518,-0.0239,0.9995,-0.06,0.00,-0.12,-2.77,3.77,17.70
152.085665,-0.0518,-0.0229,0.9995,0.00,0.00,-0.18,-2.77,3.77,17.70
152.085665,-0.0522,-0.0234,0.9985,-0.06,0.00,-0.12,-2.77,3.77,17.70
152.145557,-0.0522,-0.0239,0.9980,0.00,0.00,-0.06,-2.77,3.77,17.70
152.145557,-0.0522,-0.0234,0.9990,0.00,0.00,-0.12,-2.77,3.77,17.70
152.175936,-0.0522,-0.0234,0.9995,-0.06,0.00,-0.06,-2.77,3.77,17.70
152.175936,-0.0513,-0.0234,0.9990,-0.12,0.00,-0.12,-2.77,3.77,17.70
152.205591,-0.0518,-0.0239,1.0000,-0.06,0.00,-0.12,-2.77,3.77,17.70
152.205591,-0.0518,-0.0234,0.9995,-0.06,0.00,-0.06,-2.77,3.77,17.70
152.265787,-0.0518,-0.0244,0.9990,-0.06,0.00,-0.12,-2.77,3.77,17.70
152.265787,-0.0522,-0.0234,0.9990,-0.06,0.00,-0.12,-2.77,3.77,17.70
152.295510,-0.0518,-0.0229,0.9995,-0.06,0.00,-0.06,-2.77,3.77,17.70
152.295510,-0.0522,-0.0229,0.9985,-0.06,0.00,-0.06,-2.77,3.77,17.69
152.325714,-0.0522,-0.0234,0.9990,0.00,0.00,-0.06,-2.77,3.77,17.69
152.325714,-0.0522,-0.0234,0.9995,-0.06,0.00,-0.06,-2.77,3.77,17.69
152.385593,-0.0518,-0.0234,0.9990,-0.06,0.00,-0.12,-2.77,3.77,17.69
152.385593,-0.0527,-0.0239,0.9990,-0.06,0.00,-0.12,-2.77,3.77,17.69
152.415497,-0.0518,-0.0239,0.9990,-0.06,0.00,-0.12,-2.78,3.77,17.69
152.415497,-0.0527,-0.0234,0.9990,-0.06,0.00,-0.12,-2.78,3.77,17.69
152.445607,-0.0518,-0.0234,1.0000,-0.06,0.00,-0.06,-2.78,3.77,17.69
152.445607,-0.0518,-0.0239,1.0005,-0.06,0.00,-0.06,-2.78,3.77,17.69
152.505887,-0.0513,-0.0229,0.9995,0.00,0.00,-0.06,-2.78,3.77,17.69
152.505887,-0.0508,-0.0229,0.9990,-0.06,0.00,-0.06,-2.78,3.77,17.69
152.535441,-0.0513,-0.0239,0.9990,-0.06,0.00,-0.12,-2.78,3.77,17.69
152.535441,-0.0518,-0.0229,0.9995,-0.06,0.00,-0.12,-2.78,3.77,17.69
152.565969,-0.0527,-0.0234,0.9995,-0.06,0.00,-0.12,-2.78,3.77,17.69
152.565969,-0.0522,-0.0234,0.9995,-0.06,0.00,-0.12,-2.78,3.77,17.69
152.625723,-0.0518,-0.0234,0.9985,-0.06,0.00,-0.06,-2.78,3.77,17.69
152.625723,-0.0518,-0.0234,0.9990,-0.06,0.00,0.00,-2.78,3.77,17.69
152.655666,-0.0522,-0.0239,1.0005,-0.06,0.00,-0.06,-2.78,3.77,17.69
152.655666,-0.0518,-0.0234,1.0000,-0.06,0.00,-0.06,-2.78,3.77,17.69
152.685482,-0.0518,-0.0244,1.0000,0.00,0.00,-0.06,-2.78,3.77,17.69
152.685482,-0.0522,-0.0239,0.9995,-0.06,0.00,-0.12,-2.78,3.77,17.69
152.745559,-0.0513,-0.0234,0.9980,-0.06,0.00,-0.12,-2.78,3.77,17.69
152.745559,-0.0518,-0.0239,0.9985,-0.06,0.06,-0.12,-2.78,3.77,17.69
152.776472,-0.0513,-0.0239,0.9995,0.00,0.00,-0.06,-2.78,3.77,17.69
152.776472,-0.0518,-0.0239,0.9995,-0.06,0.00,-0.06,-2.78,3.77,17.69
152.805882,-0.0522,-0.0234,0.9985,-0.06,0.06,-0.12,-2.78,3.77,17.69
152.805882,-0.0522,-0.0229,0.9990,0.00,0.00,-0.12,-2.78,3.77,17.68
152.865610,-0.0522,-0.0239,0.9990,0.00,0.00,-0.12,-2.78,3.77,17.68
152.865610,-0.0513,-0.0244,0.9990,-0.06,0.00,-0.12,-2.78,3.77,17.68
152.895639,-0.0518,-0.0239,0.9985,-0.06,0.00,-0.06,-2.79,3.77,17.68
152.895639,-0.0518,-0.0239,0.9990,-0.06,0.00,-0.12,-2.79,3.77,17.68
152.927887,-0.0522,-0.0234,0.9980,-0.06,0.00,-0.12,-2.79,3.77,17.68
152.927887,-0.0518,-0.0229,0.9985,-0.06,0.00,-0.18,-2.79,3.77,17.68
152.985669,-0.0522,-0.0239,0.9990,-0.06,0.00,-0.12,-2.79,3.77,17.68
152.985669,-0.0522,-0.0234,1.0000,-0.06,0.00,-0.12,-2.79,3.77,17.68
153.015490,-0.0518,-0.0234,0.9990,-0.06,0.00,-0.06,-2.79,3.77,17.68
153.015490,-0.0522,-0.0239,0.9995,-0.06,0.00,-0.12,-2.79,3.77,17.68
153.045560,-0.0518,-0.0234,0.9990,-0.06,0.00,-0.06,-2.79,3.77,17.68
153.045560,-0.0518,-0.0225,1.0000,-0.06,0.00,-0.12,-2.79,3.77,17.68
153.105936,-0.0518,-0.0239,0.9990,-0.06,0.00,-0.06,-2.79,3.77,17.68
153.105936,-0.0518,-0.0234,0.9985,0.00,0.00,-0.12,-2.79,3.77,17.68
153.135676,-0.0527,-0.0234,1.0000,-0.06,0.00,-0.12,-2.79,3.77,17.68
153.135676,-0.0518,-0.0239,0.9995,-0.06,0.00,-0.12,-2.79,3.77,17.68
153.165886,-0.0518,-0.0234,0.9990,-0.06,0.00,-0.06,-2.79,3.77,17.68
153.165886,-0.0513,-0.0234,0.9990,-0.06,0.00,0.00,-2.79,3.77,17.68
153.225685,-0.0522,-0.0244,0.9995,-0.06,0.00,0.00,-2.79,3.77,17.68
153.225685,-0.0518,-0.0234,0.9990,0.00,0.00,-0.06,-2.79,3.77,17.68
153.255553,-0.0518,-0.0234,0.9995,0.00,0.00,-0.06,-2.79,3.77,17.68
153.255553,-0.0522,-0.0234,0.9995,0.00,0.00,-0.06,-2.79,3.77,17.68
153.285458,-0.0527,-0.0225,0.9990,-0.06,0.00,-0.12,-2.79,3.77,17.68
153.285458,-0.0513,-0.0239,0.9990,-0.06,0.00,-0.12,-2.79,3.77,17.68
153.345555,-0.0513,-0.0239,0.9985,-0.06,0.00,-0.18,-2.79,3.77,17.68
153.345555,-0.0527,-0.0229,0.9995,-0.06,0.00,-0.06,-2.79,3.77,17.68
153.375856,-0.0518,-0.0239,0.9990,0.00,0.00,-0.06,-2.79,3.77,17.68
153.375856,-0.0513,-0.0234,0.9980,0.00,0.00,-0.12,-2.79,3.77,17.68
153.435576,-0.0518,-0.0229,0.9976,-0.06,0.00,-0.18,-2.79,3.77,17.68
153.435576,-0.0518,-0.0234,0.9985,0.00,0.00,-0.12,-2.79,3.77,17.68
153.465608,-0.0522,-0.0234,0.9985,-0.06,0.00,-0.12,-2.79,3.77,17.68
153.465608,-0.0522,-0.0234,0.9985,-0.06,0.00,-0.12,-2.79,3.77,17.68
153.495414,-0.0527,-0.0239,0.9985,0.00,0.00,-0.18,-2.79,3.77,17.68
153.495414,-0.0518,-0.0229,0.9990,0.00,0.00,-0.06,-2.79,3.77,17.68
153.555504,-0.0513,-0.0234,0.9995,-0.06,0.00,-0.12,-2.79,3.77,17.68
153.555504,-0.0518,-0.0239,0.9995,-0.06,0.00,-0.06,-2.79,3.77,17.68
153.585664,-0.0522,-0.0234,1.0000,0.00,0.00,-0.12,-2.79,3.77,17.68
153.585664,-0.0508,-0.0239,0.9995,0.00,0.06,-0.06,-2.79,3.77,17.68
153.615604,-0.0518,-0.0239,0.9990,-0.06,0.06,-0.06,-2.79,3.77,17.68
153.615604,-0.0513,-0.0234,0.9990,-0.06,0.00,-0.18,-2.79,3.77,17.67
153.675906,-0.0513,-0.0239,0.9990,0.00,0.00,-0.06,-2.79,3.77,17.67
153.675906,-0.0513,-0.0239,0.9985,-0.06,0.00,-0.06,-2.79,3.77,17.67
153.705549,-0.0522,-0.0229,0.9990,-0.06,0.00,-0.06,-2.79,3.77,17.67
153.705549,-0.0513,-0.0234,0.9990,-0.06,0.00,-0.06,-2.79,3.77,17.67
153.735499,-0.0522,-0.0229,1.0000,-0.06,0.00,-0.06,-2.79,3.77,17.67
153.735499,-0.0513,-0.0229,0.9995,0.00,0.00,-0.12,-2.79,3.77,17.67
153.795531,-0.0518,-0.0229,0.9990,-0.12,0.00,-0.06,-2.79,3.77,17.67
153.795531,-0.0518,-0.0234,0.9995,-0.06,0.00,-0.06,-2.79,3.77,17.67
153.825688,-0.0527,-0.0229,1.0005,-0.06,0.00,-0.06,-2.79,3.77,17.67
153.825688,-0.0522,-0.0229,0.9990,-0.06,0.00,-0.12,-2.79,3.77,17.67
153.855480,-0.0513,-0.0234,0.9995,-0.06,0.00,-0.12,-2.79,3.77,17.67
153.855480,-0.0518,-0.0239,0.9990,0.00,0.00,-0.12,-2.79,3.77,17.67
153.915569,-0.0518,-0.0229,0.9995,0.00,0.00,-0.06,-2.79,3.77,17.67
153.915569,-0.0513,-0.0229,0.9985,-0.06,0.00,-0.12,-2.79,3.77,17.67
153.945509,-0.0522,-0.0229,0.9990,0.00,0.00,-0.06,-2.79,3.77,17.67
153.945509,-0.0513,-0.0234,0.9990,0.00,0.00,-0.12,-2.79,3.77,17.67
153.975826,-0.0522,-0.0234,0.9990,-0.06,0.00,-0.12,-2.79,3.77,17.67
153.975826,-0.0518,-0.0229,0.9990,-0.06,0.00,-0.12,-2.79,3.77,17.67
154.035570,-0.0522,-0.0229,0.9995,0.00,0.06,-0.06,-2.79,3.77,17.67
154.035570,-0.0527,-0.0234,0.9990,0.00,0.06,-0.12,-2.79,3.77,17.67
154.065627,-0.0513,-0.0234,0.9995,-0.06,0.00,-0.06,-2.79,3.77,17.67
154.065627,-0.0518,-0.0234,0.9995,0.00,0.00,-0.06,-2.79,3.77,17.67
154.095530,-0.0522,-0.0234,0.9990,-0.06,0.00,-0.12,-2.79,3.77,17.67
154.095530,-0.0522,-0.0234,1.0000,-0.06,0.00,-0.12,-2.79,3.77,17.67
154.155525,-0.0518,-0.0229,1.0000,-0.06,0.00,-0.12,-2.79,3.77,17.67
154.155525,-0.0522,-0.0234,0.9995,-0.06,0.00,-0.12,-2.79,3.77,17.67
154.185648,-0.0518,-0.0234,1.0005,-0.06,0.00,-0.06,-2.79,3.77,17.67
154.185648,-0.0508,-0.0234,1.0000,0.00,-0.06,-0.06,-2.79,3.77,17.67
154.215589,-0.0522,-0.0234,0.9990,-0.06,0.00,-0.06,-2.79,3.77,17.66
154.215589,-0.0518,-0.0244,0.9990,-0.06,0.00,-0.06,-2.79,3.77,17.66
154.275778,-0.0513,-0.0244,0.9980,0.00,0.00,-0.12,-2.79,3.77,17.66
154.275778,-0.0522,-0.0239,0.9976,0.00,0.00,-0.06,-2.79,3.77,17.66
154.305555,-0.0527,-0.0234,0.9985,-0.12,0.00,-0.06,-2.79,3.77,17.66
154.305555,-0.0522,-0.0229,0.9985,-0.06,0.00,-0.12,-2.79,3.77,17.66
154.335541,-0.0522,-0.0234,0.9990,-0.06,0.00,-0.12,-2.79,3.77,17.66
154.335541,-0.0522,-0.0229,0.9990,0.00,0.00,-0.06,-2.79,3.77,17.66
154.395671,-0.0527,-0.0229,0.9985,-0.06,0.00,-0.06,-2.79,3.77,17.66
154.395671,-0.0522,-0.0234,0.9990,-0.06,0.00,-0.06,-2.79,3.77,17.66
154.425627,-0.0513,-0.0229,0.9995,-0.06,0.00,-0.06,-2.79,3.77,17.66
154.425627,-0.0522,-0.0234,0.9980,0.00,0.00,-0.12,-2.79,3.77,17.66
154.455646,-0.0518,-0.0225,0.9985,-0.06,0.00,-0.12,-2.79,3.77,17.66
154.455646,-0.0522,-0.0229,0.9985,0.00,0.00,-0.06,-2.79,3.77,17.66
154.515526,-0.0518,-0.0234,0.9980,0.00,0.00,-0.12,-2.79,3.77,17.66
154.515526,-0.0518,-0.0234,0.9990,0.00,0.00,-0.12,-2.79,3.77,17.66
154.545480,-0.0522,-0.0239,0.9985,0.00,0.00,-0.12,-2.79,3.77,17.66
154.545480,-0.0513,-0.0234,0.9980,-0.06,0.00,0.00,-2.79,3.77,17.66
154.575941,-0.0518,-0.0229,0.9985,-0.06,0.00,-0.06,-2.79,3.77,17.66
154.575941,-0.0518,-0.0229,0.9976,-0.06,0.00,-0.18,-2.79,3.77,17.66
154.635700,-0.0513,-0.0234,0.9985,0.00,0.00,-0.06,-2.79,3.77,17.66
154.635700,-0.0522,-0.0234,0.9985,-0.06,0.00,-0.06,-2.79,3.77,17.66
154.665614,-0.0513,-0.0234,0.9990,0.00,0.00,-0.12,-2.79,3.77,17.66
154.665614,-0.0522,-0.0239,0.9990,0.00,0.00,-0.12,-2.79,3.77,17.66
154.695648,-0.0518,-0.0234,0.9980,-0.06,0.00,-0.06,-2.79,3.77,17.66
154.695648,-0.0518,-0.0234,0.9980,-0.06,0.00,-0.12,-2.79,3.77,17.66
154.755822,-0.0522,-0.0239,0.9980,0.00,0.00,-0.12,-2.79,3.77,17.66
154.755822,-0.0508,-0.0234,0.9985,-0.06,0.00,-0.06,-2.79,3.77,17.66
154.785559,-0.0518,-0.0239,0.9985,0.00,0.00,-0.12,-2.79,3.77,17.66
154.785559,-0.0518,-0.0239,0.9985,0.00,0.06,-0.18,-2.79,3.77,17.66
154.845601,-0.0518,-0.0234,0.9980,0.00,0.06,-0.06,-2.80,3.77,17.66
154.845601,-0.0522,-0.0239,0.9995,-0.06,0.00,-0.06,-2.80,3.77,17.66
154.875806,-0.0522,-0.0239,0.9985,0.00,0.00,-0.06,-2.80,3.77,17.66
154.875806,-0.0513,-0.0229,0.9990,-0.06,0.00,-0.12,-2.80,3.77,17.66
154.905632,-0.0513,-0.0234,0.9985,-0.06,0.00,-0.06,-2.80,3.77,17.66
154.905632,-0.0522,-0.0234,0.9985,-0.06,0.00,-0.18,-2.80,3.77,17.66
154.965637,-0.0527,-0.0234,0.9980,-0.06,0.00,-0.12,-2.80,3.77,17.66
154.965637,-0.0522,-0.0239,0.9980,0.00,0.00,-0.06,-2.80,3.77,17.66
154.995505,-0.0518,-0.0239,1.0000,-0.06,0.00,-0.12,-2.80,3.77,17.66
154.995505,-0.0513,-0.0234,0.9990,0.00,0.00,-0.06,-2.80,3.77,17.66
155.025448,-0.0508,-0.0234,0.9990,-0.06,0.00,-0.12,-2.80,3.77,17.66
155.025448,-0.0518,-0.0229,0.9990,-0.06,0.00,-0.06,-2.80,3.77,17.66
155.085671,-0.0518,-0.0234,0.9980,-0.06,0.00,-0.12,-2.80,3.77,17.66
155.085671,-0.0518,-0.0229,0.9990,-0.06,0.00,-0.12,-2.80,3.77,17.66
155.115575,-0.0513,-0.0234,0.9995,0.00,0.00,-0.12,-2.80,3.77,17.66
155.115575,-0.0522,-0.0239,0.9990,-0.06,0.00,-0.12,-2.80,3.77,17.66
155.145657,-0.0508,-0.0239,1.0000,-0.12,0.00,-0.06,-2.80,3.77,17.66
155.145657,-0.0518,-0.0234,0.9985,-0.06,0.00,-0.06,-2.80,3.77,17.66
155.205542,-0.0518,-0.0234,0.9985,-0.06,0.00,-0.06,-2.80,3.77,17.66
155.205542,-0.0513,-0.0234,0.9995,-0.12,0.00,-0.12,-2.80,3.77,17.66
155.235627,-0.0522,-0.0234,1.0000,-0.06,0.00,-0.06,-2.80,3.77,17.66
155.235627,-0.0532,-0.0229,0.9995,-0.06,0.00,-0.12,-2.80,3.77,17.66
155.265527,-0.0522,-0.0234,0.9980,-0.06,0.00,-0.06,-2.80,3.77,17.66
155.265527,-0.0518,-0.0239,0.9980,-0.06,0.00,-0.12,-2.80,3.77,17.66
155.325621,-0.0518,-0.0234,0.9980,-0.12,0.00,-0.06,-2.80,3.77,17.66
155.325621,-0.0527,-0.0234,0.9980,0.00,0.00,-0.06,-2.80,3.77,17.66
155.355510,-0.0518,-0.0234,0.9990,-0.06,0.00,-0.06,-2.80,3.77,17.66
155.355510,-0.0522,-0.0239,0.9990,0.00,0.00,-0.12,-2.80,3.77,17.66
155.385434,-0.0522,-0.0239,0.9990,-0.06,0.00,-0.12,-2.80,3.77,17.66
155.385434,-0.0527,-0.0234,0.9976,-0.06,0.00,-0.06,-2.80,3.77,17.66
155.445575,-0.0518,-0.0234,0.9980,-0.06,0.00,-0.12,-2.80,3.77,17.66
155.445575,-0.0518,-0.0239,0.9995,-0.06,0.00,-0.12,-2.80,3.77,17.66
155.475935,-0.0522,-0.0234,0.9976,0.00,0.00,-0.12,-2.80,3.77,17.66
155.475935,-0.0508,-0.0234,0.9990,0.00,0.00,-0.06,-2.80,3.77,17.66
155.505489,-0.0522,-0.0234,0.9990,0.00,0.00,-0.12,-2.80,3.77,17.66
155.505489,-0.0522,-0.0239,1.0000,0.00,0.00,-0.12,-2.80,3.77,17.66
155.565583,-0.0518,-0.0234,0.9995,-0.06,0.00,-0.06,-2.80,3.77,17.66
155.565583,-0.0518,-0.0225,0.9985,-0.06,0.00,-0.18,-2.80,3.77,17.66
155.595626,-0.0518,-0.0234,0.9985,-0.06,0.00,-0.12,-2.80,3.77,17.66
155.595626,-0.0518,-0.0234,0.9985,-0.06,0.00,-0.12,-2.80,3.77,17.65
155.625685,-0.0522,-0.0229,0.9995,-0.06,0.00,-0.12,-2.80,3.77,17.65
155.625685,-0.0532,-0.0229,0.9980,-0.06,0.00,-0.06,-2.80,3.77,17.65
155.685562,-0.0537,-0.0225,0.9995,-0.06,0.00,-0.12,-2.80,3.77,17.65
155.685562,-0.0527,-0.0239,0.9995,-0.06,0.00,-0.12,-2.80,3.77,17.65
155.715963,-0.0498,-0.0244,0.9980,0.00,0.00,-0.12,-2.80,3.77,17.65
155.715963,-0.0483,-0.0264,0.9995,-0.06,0.00,-0.12,-2.80,3.77,17.65
155.745916,-0.0498,-0.0249,0.9995,-0.06,0.00,-0.06,-2.80,3.77,17.65
155.745916,-0.0522,-0.0239,0.9990,0.00,0.00,-0.12,-2.80,3.76,17.65
155.805587,-0.0542,-0.0220,0.9990,-0.06,0.00,-0.06,-2.80,3.76,17.65
155.805587,-0.0547,-0.0215,0.9985,0.00,0.00,-0.12,-2.80,3.76,17.65
155.835594,-0.0522,-0.0210,0.9995,0.00,0.00,-0.06,-2.80,3.77,17.65
155.835594,-0.0518,-0.0229,0.9995,-0.06,0.00,0.00,-2.80,3.77,17.65
155.865602,-0.0513,-0.0244,0.9990,-0.06,0.00,-0.12,-2.80,3.77,17.65
155.865602,-0.0508,-0.0254,0.9990,-0.06,0.00,-0.12,-2.80,3.77,17.65
155.925663,-0.0518,-0.0254,0.9990,-0.06,0.00,-0.18,-2.80,3.77,17.65
155.925663,-0.0513,-0.0229,0.9990,0.00,0.00,0.00,-2.80,3.77,17.65
155.955519,-0.0527,-0.0215,0.9990,-0.06,0.00,0.00,-2.80,3.77,17.65
155.955519,-0.0537,-0.0220,0.9990,-0.06,0.00,-0.06,-2.80,3.77,17.65
155.985421,-0.0522,-0.0225,0.9985,-0.06,0.00,-0.12,-2.80,3.77,17.65
155.985421,-0.0508,-0.0249,0.9985,-0.06,0.00,-0.18,-2.80,3.77,17.65
156.045613,-0.0508,-0.0264,1.0000,-0.06,0.00,-0.12,-2.80,3.77,17.64
156.045613,-0.0518,-0.0254,0.9976,0.00,0.00,-0.06,-2.80,3.77,17.64
156.075939,-0.0557,-0.0225,1.0005,-0.06,0.00,-0.06,-2.80,3.77,17.64
156.075939,-0.0557,-0.0215,1.0000,-0.06,0.00,-0.18,-2.80,3.77,17.64
156.135875,-0.0522,-0.0200,0.9990,-0.06,0.00,-0.18,-2.80,3.77,17.64
156.135875,-0.0483,-0.0220,0.9980,0.00,0.00,-0.18,-2.80,3.77,17.64
156.165615,-0.0479,-0.0244,1.0005,-0.06,0.00,-0.06,-2.80,3.77,17.64
156.165615,-0.0488,-0.0273,0.9990,-0.06,0.00,-0.06,-2.80,3.77,17.64
156.195654,-0.0522,-0.0273,0.9985,-0.12,0.00,-0.18,-2.80,3.76,17.64
156.195654,-0.0537,-0.0254,1.0000,0.00,0.06,-0.18,-2.80,3.76,17.64
156.255609,-0.0537,-0.0229,0.9985,0.00,0.00,-0.06,-2.80,3.76,17.64
156.255609,-0.0532,-0.0205,1.0000,-0.06,0.00,-0.06,-2.80,3.76,17.64
156.285545,-0.0522,-0.0190,0.9990,-0.06,0.00,0.00,-2.80,3.77,17.64
156.285545,-0.0508,-0.0205,1.0000,0.00,0.00,-0.12,-2.80,3.77,17.64
156.315602,-0.0503,-0.0234,0.9966,-0.06,0.00,-0.18,-2.80,3.77,17.64
156.315602,-0.0498,-0.0264,1.0000,-0.12,0.00,-0.12,-2.80,3.77,17.64
156.375825,-0.0518,-0.0273,0.9995,-0.06,0.00,-0.06,-2.80,3.76,17.64
156.375825,-0.0547,-0.0259,0.9985,-0.06,0.00,-0.06,-2.80,3.76,17.64
156.405642,-0.0532,-0.0234,0.9985,0.00,0.00,-0.18,-2.80,3.76,17.64
156.405642,-0.0518,-0.0215,0.9990,0.00,0.00,-0.24,-2.80,3.77,17.64
156.435522,-0.0479,-0.0205,0.9995,0.00,0.00,-0.12,-2.80,3.77,17.64
156.435522,-0.0498,-0.0205,0.9980,-0.06,0.00,-0.06,-2.80,3.76,17.64
156.495629,-0.0522,-0.0234,1.0000,-0.06,0.00,-0.06,-2.80,3.76,17.64
156.495629,-0.0542,-0.0249,0.9995,0.00,0.00,-0.18,-2.80,3.76,17.64
156.525534,-0.0532,-0.0269,1.0005,0.00,0.00,-0.24,-2.80,3.76,17.64
156.525534,-0.0513,-0.0264,0.9980,-0.06,0.00,-0.06,-2.80,3.76,17.64
156.555763,-0.0503,-0.0259,0.9995,-0.06,0.00,0.00,-2.80,3.76,17.64
156.555763,-0.0518,-0.0220,0.9990,0.00,0.00,0.00,-2.80,3.76,17.64
156.615694,-0.0547,-0.0205,0.9995,-0.06,0.00,-0.12,-2.80,3.76,17.64
156.615694,-0.0537,-0.0205,0.9995,0.00,0.00,-0.12,-2.80,3.76,17.64
156.645653,-0.0532,-0.0229,0.9985,-0.06,0.00,-0.18,-2.80,3.77,17.64
156.645653,-0.0522,-0.0244,0.9985,-0.06,0.00,0.00,-2.80,3.77,17.64
156.675918,-0.0527,-0.0259,0.9985,-0.06,0.00,-0.06,-2.80,3.77,17.64
156.675918,-0.0522,-0.0254,1.0005,0.00,0.00,-0.12,-2.80,3.77,17.64
156.735553,-0.0513,-0.0234,0.9990,-0.06,0.00,-0.18,-2.80,3.77,17.63
156.735553,-0.0513,-0.0234,0.9990,-0.06,0.00,-0.12,-2.80,3.77,17.63
156.765479,-0.0522,-0.0220,0.9976,-0.06,0.00,-0.06,-2.80,3.77,17.63
156.765479,-0.0552,-0.0229,0.9990,-0.06,0.00,-0.06,-2.80,3.77,17.63
156.795565,-0.0586,-0.0205,1.0347,-0.37,0.00,-0.12,-2.80,3.77,17.64
156.795565,-0.0503,-0.0269,1.0146,0.43,0.12,-0.18,-2.80,3.77,17.64
156.855501,-0.0449,-0.0293,0.9761,-0.06,0.12,-0.12,-2.80,3.77,17.63
156.855501,-0.0474,-0.0347,1.0005,0.18,-0.18,0.00,-2.80,3.77,17.63
156.885667,-0.0552,-0.0288,1.0107,-0.12,0.00,0.00,-2.80,3.77,17.63
156.885667,-0.0620,-0.0181,1.0034,0.24,0.00,-0.12,-2.81,3.77,17.63
156.915553,-0.0586,-0.0068,0.9731,-0.24,0.00,-0.18,-2.81,3.77,17.63
156.915553,-0.0552,-0.0137,1.0210,-0.12,-0.06,-0.18,-2.80,3.77,17.63
156.975867,-0.0474,-0.0210,0.9956,-0.18,0.00,0.00,-2.80,3.77,17.63
156.975867,-0.0493,-0.0293,1.0039,-0.12,0.00,-0.06,-2.80,3.77,17.63
157.005872,-0.0483,-0.0337,0.9878,0.00,0.00,-0.18,-2.80,3.77,17.63
157.005872,-0.0513,-0.0352,1.0093,-0.06,0.00,-0.12,-2.80,3.77,17.63
157.035579,-0.0537,-0.0273,1.0000,0.06,0.00,-0.06,-2.80,3.77,17.63
157.035579,-0.0576,-0.0190,0.9956,-0.12,0.06,0.00,-2.81,3.77,17.63
157.095435,-0.0576,-0.0127,1.0024,0.06,0.00,-0.06,-2.81,3.77,17.63
157.095435,-0.0527,-0.0142,0.9927,-0.18,0.06,-0.24,-2.80,3.77,17.63
157.125604,-0.0483,-0.0220,1.0088,0.00,0.00,-0.18,-2.80,3.77,17.63
157.125604,-0.0449,-0.0298,0.9907,-0.12,0.00,-0.12,-2.80,3.77,17.63
157.155605,-0.0513,-0.0352,1.0083,-0.06,0.00,0.00,-2.80,3.77,17.63
157.155605,-0.0562,-0.0308,0.9917,0.00,0.00,0.00,-2.80,3.77,17.63
157.215608,-0.0610,-0.0234,1.0059,0.00,0.06,-0.18,-2.81,3.77,17.63
157.215608,-0.0552,-0.0137,0.9946,0.00,0.00,-0.24,-2.81,3.77,17.63
157.246010,-0.0493,-0.0137,0.9995,-0.18,0.00,-0.12,-2.81,3.77,17.63
157.246010,-0.0464,-0.0181,1.0005,-0.06,0.00,0.00,-2.80,3.77,17.63
157.275759,-0.0503,-0.0264,0.9961,-0.24,0.06,-0.06,-2.80,3.77,17.63
157.275759,-0.0532,-0.0332,1.0020,0.00,0.00,-0.18,-2.80,3.77,17.63
157.335508,-0.0552,-0.0327,0.9937,-0.06,0.00,-0.31,-2.80,3.77,17.63
157.335508,-0.0542,-0.0273,1.0054,0.00,0.00,-0.12,-2.80,3.77,17.63
157.365499,-0.0527,-0.0186,0.9922,-0.06,0.00,-0.06,-2.81,3.77,17.63
157.365499,-0.0537,-0.0142,1.0044,-0.06,0.00,0.00,-2.81,3.77,17.63
157.395444,-0.0513,-0.0156,0.9927,-0.06,0.00,-0.12,-2.80,3.77,17.63
157.395444,-0.0493,-0.0225,1.0039,-0.12,0.00,-0.24,-2.80,3.77,17.63
157.455561,-0.0493,-0.0298,0.9961,0.00,0.00,-0.12,-2.80,3.77,17.63
157.455561,-0.0522,-0.0332,0.9990,-0.12,0.00,0.00,-2.80,3.77,17.63
157.485648,-0.0571,-0.0308,1.0010,0.06,-0.06,0.00,-2.80,3.77,17.63
157.485648,-0.0566,-0.0225,0.9961,-0.06,0.06,-0.06,-2.81,3.77,17.63
157.545373,-0.0532,-0.0171,1.0029,0.00,0.00,-0.18,-2.81,3.77,17.63
157.545373,-0.0483,-0.0146,0.9941,-0.12,0.00,-0.18,-2.81,3.77,17.63
157.590153,-0.0479,-0.0181,1.0039,-0.06,0.00,-0.06,-2.80,3.77,17.63
157.590153,-0.0513,-0.0249,0.9946,-0.06,0.00,0.00,-2.80,3.77,17.63
157.607103,-0.0562,-0.0322,1.0034,-0.12,0.00,-0.06,-2.80,3.77,17.63
157.607103,-0.0562,-0.0322,0.9961,0.00,0.00,-0.18,-2.80,3.77,17.63
157.666995,-0.0537,-0.0273,1.0020,-0.06,0.06,-0.12,-2.81,3.77,17.63
157.666995,-0.0508,-0.0195,0.9976,0.00,0.00,-0.12,-2.81,3.77,17.63
157.695525,-0.0498,-0.0142,0.9985,-0.12,0.00,-0.06,-2.81,3.77,17.63
157.695525,-0.0513,-0.0171,0.9995,0.00,0.00,-0.06,-2.81,3.77,17.63
157.725574,-0.0513,-0.0225,0.9961,-0.06,0.00,-0.18,-2.80,3.77,17.63
157.725574,-0.0532,-0.0293,1.0024,-0.12,-0.06,-0.18,-2.80,3.77,17.63
157.785530,-0.0527,-0.0317,0.9956,-0.06,0.00,-0.06,-2.80,3.77,17.63
157.785530,-0.0537,-0.0298,1.0024,0.00,0.06,-0.06,-2.81,3.77,17.63
157.815648,-0.0537,-0.0225,0.9951,0.00,0.00,-0.06,-2.81,3.77,17.63
157.815648,-0.0518,-0.0171,1.0015,0.00,0.00,-0.18,-2.81,3.77,17.63
157.845509,-0.0498,-0.0161,0.9961,-0.06,0.00,-0.24,-2.81,3.77,17.63
157.845509,-0.0498,-0.0190,1.0005,-0.12,0.00,-0.06,-2.81,3.77,17.63
157.905684,-0.0527,-0.0259,0.9995,-0.12,0.00,-0.06,-2.80,3.77,17.63
157.905684,-0.0552,-0.0303,0.9985,-0.06,0.00,-0.06,-2.80,3.77,17.63
157.935531,-0.0562,-0.0308,1.0010,0.00,0.00,-0.18,-2.81,3.77,17.63
157.935531,-0.0522,-0.0254,0.9961,-0.06,0.00,-0.06,-2.81,3.77,17.63
157.965925,-0.0498,-0.0205,0.9990,0.00,0.00,-0.06,-2.81,3.77,17.63
157.965925,-0.0493,-0.0156,0.9956,-0.06,0.00,-0.06,-2.81,3.77,17.62
158.025651,-0.0518,-0.0171,1.0010,-0.12,0.00,0.00,-2.81,3.77,17.63
158.025651,-0.0537,-0.0220,0.9961,-0.06,0.00,-0.12,-2.81,3.77,17.63
158.055262,-0.0552,-0.0283,1.0010,-0.12,0.00,-0.18,-2.80,3.77,17.63
158.055262,-0.0542,-0.0308,0.9985,0.00,0.00,-0.12,-2.81,3.77,17.62
158.085547,-0.0532,-0.0283,1.0005,-0.06,0.06,-0.06,-2.81,3.77,17.62
158.085547,-0.0518,-0.0225,0.9985,0.00,0.00,-0.06,-2.81,3.78,17.62
158.145671,-0.0513,-0.0171,0.9980,0.00,0.06,-0.12,-2.81,3.78,17.62
158.145671,-0.0498,-0.0166,0.9985,0.00,0.00,-0.12,-2.81,3.78,17.62
158.175589,-0.0522,-0.0205,0.9980,-0.06,0.00,-0.12,-2.81,3.77,17.62
158.175589,-0.0552,-0.0259,1.0010,-0.06,0.00,-0.06,-2.81,3.77,17.62
158.205522,-0.0552,-0.0288,0.9976,-0.06,0.00,-0.06,-2.81,3.78,17.62
158.205522,-0.0542,-0.0288,1.0015,-0.06,0.00,-0.12,-2.81,3.78,17.62
158.266315,-0.0508,-0.0249,0.9980,0.00,0.00,-0.12,-2.81,3.78,17.62
158.266315,-0.0493,-0.0205,0.9995,0.00,0.06,-0.12,-2.81,3.78,17.62
158.295868,-0.0503,-0.0176,0.9985,-0.06,0.00,-0.06,-2.81,3.78,17.62
158.295868,-0.0527,-0.0186,0.9990,-0.12,0.00,-0.12,-2.81,3.78,17.62
158.325616,-0.0552,-0.0229,1.0005,-0.06,0.00,-0.12,-2.81,3.78,17.62
158.325616,-0.0552,-0.0273,0.9985,-0.06,0.00,-0.12,-2.80,3.78,17.62
158.385613,-0.0527,-0.0298,0.9990,0.00,0.00,-0.06,-2.81,3.78,17.62
158.385613,-0.0508,-0.0278,0.9985,0.00,0.00,-0.06,-2.81,3.78,17.62
158.415580,-0.0498,-0.0215,1.0000,0.00,0.00,-0.06,-2.81,3.78,17.62
158.415580,-0.0508,-0.0186,0.9976,-0.06,0.00,-0.18,-2.81,3.78,17.62
158.445666,-0.0522,-0.0176,1.0000,-0.06,0.00,-0.18,-2.81,3.78,17.62
158.445666,-0.0532,-0.0205,0.9976,-0.06,0.00,-0.18,-2.81,3.78,17.62
158.505529,-0.0547,-0.0259,1.0000,-0.12,0.00,-0.06,-2.81,3.78,17.62
158.505529,-0.0547,-0.0278,0.9990,-0.06,0.00,-0.06,-2.81,3.78,17.62
158.535580,-0.0527,-0.0283,0.9995,-0.06,0.00,-0.18,-2.81,3.78,17.62
158.535580,-0.0503,-0.0244,0.9995,0.00,0.00,-0.12,-2.81,3.78,17.62
158.566546,-0.0503,-0.0210,0.9995,0.00,0.00,-0.18,-2.81,3.78,17.62
158.566546,-0.0513,-0.0190,0.9995,-0.06,0.00,-0.06,-2.81,3.78,17.62
158.625554,-0.0542,-0.0200,0.9980,-0.06,0.00,-0.06,-2.81,3.78,17.62
158.625554,-0.0562,-0.0234,1.0000,0.00,0.00,-0.12,-2.81,3.78,17.62
158.655695,-0.0537,-0.0269,0.9985,-0.12,0.00,-0.18,-2.81,3.78,17.62
158.655695,-0.0508,-0.0278,1.0020,-0.06,0.00,-0.18,-2.81,3.78,17.62
158.685580,-0.0483,-0.0259,0.9985,0.00,0.00,-0.06,-2.81,3.78,17.62
158.685580,-0.0518,-0.0234,1.0020,0.00,0.00,-0.06,-2.81,3.78,17.62
158.745466,-0.0527,-0.0195,0.9966,0.00,0.00,-0.06,-2.81,3.78,17.62
158.745466,-0.0552,-0.0190,0.9980,-0.06,0.06,-0.24,-2.81,3.78,17.62
158.775569,-0.0542,-0.0215,0.9980,-0.06,0.00,-0.18,-2.81,3.78,17.61
158.775569,-0.0532,-0.0259,0.9990,-0.06,0.00,-0.06,-2.81,3.78,17.61
158.805462,-0.0518,-0.0273,1.0010,-0.06,0.00,-0.06,-2.81,3.78,17.61
158.805462,-0.0508,-0.0264,1.0000,-0.06,0.06,-0.12,-2.81,3.78,17.61
158.895683,-0.0518,-0.0254,1.0039,0.00,0.00,-0.12,-2.81,3.78,17.61
158.895683,-0.0513,-0.0205,0.9956,0.00,0.00,-0.12,-2.81,3.78,17.61
158.897879,-0.0537,-0.0190,1.0000,-0.12,-0.06,-0.12,-2.81,3.78,17.61
158.897879,-0.0547,-0.0205,0.9990,0.00,0.00,-0.06,-2.81,3.78,17.61
158.955486,-0.0542,-0.0234,0.9995,0.00,0.00,-0.18,-2.81,3.78,17.61
158.955486,-0.0522,-0.0269,0.9976,0.00,0.00,-0.18,-2.81,3.78,17.61
158.985599,-0.0503,-0.0278,1.0010,-0.06,0.00,-0.12,-2.81,3.78,17.61
158.985599,-0.0493,-0.0249,0.9990,0.00,0.00,-0.06,-2.81,3.78,17.61
159.015549,-0.0522,-0.0225,0.9990,-0.06,0.00,0.00,-2.81,3.78,17.61
159.015549,-0.0542,-0.0195,1.0005,0.00,0.00,-0.06,-2.81,3.78,17.61
159.075567,-0.0547,-0.0205,0.9995,-0.06,0.00,-0.06,-2.81,3.78,17.61
159.075567,-0.0547,-0.0225,1.0010,-0.06,0.00,-0.12,-2.81,3.78,17.61
159.105491,-0.0518,-0.0244,0.9985,-0.06,0.00,-0.12,-2.81,3.78,17.61
159.105491,-0.0518,-0.0269,1.0020,-0.06,0.00,-0.06,-2.81,3.78,17.61
159.136592,-0.0498,-0.0264,0.9971,0.00,0.00,-0.06,-2.81,3.78,17.61
159.136592,-0.0522,-0.0244,1.0015,0.00,0.06,-0.06,-2.81,3.78,17.61
159.195526,-0.0532,-0.0215,0.9976,0.00,0.00,-0.12,-2.81,3.78,17.61
159.195526,-0.0547,-0.0200,0.9995,-0.06,0.00,-0.12,-2.81,3.78,17.61
159.225554,-0.0532,-0.0210,0.9941,-0.06,0.00,-0.12,-2.81,3.78,17.61
159.225554,-0.0537,-0.0239,1.0015,-0.06,0.00,-0.06,-2.81,3.78,17.61
159.255594,-0.0513,-0.0259,0.9971,0.00,0.00,-0.12,-2.81,3.78,17.61
159.255594,-0.0513,-0.0269,0.9980,-0.06,0.00,-0.12,-2.81,3.78,17.61
159.315574,-0.0518,-0.0249,0.9985,0.00,0.00,-0.12,-2.81,3.78,17.61
159.315574,-0.0537,-0.0225,0.9966,-0.12,0.00,-0.06,-2.81,3.78,17.61
159.345519,-0.0552,-0.0210,1.0010,0.00,0.06,-0.06,-2.81,3.78,17.61
159.345519,-0.0537,-0.0200,0.9946,-0.12,0.00,-0.18,-2.81,3.78,17.61
159.375625,-0.0542,-0.0225,1.0020,-0.06,0.00,-0.18,-2.81,3.78,17.61
159.375625,-0.0513,-0.0244,0.9961,-0.06,0.00,-0.12,-2.81,3.78,17.61
159.436048,-0.0503,-0.0273,1.0015,-0.12,0.06,-0.12,-2.81,3.78,17.61
159.436048,-0.0508,-0.0264,0.9971,-0.06,0.00,-0.06,-2.81,3.78,17.61
159.466179,-0.0527,-0.0234,0.9995,-0.73,0.00,-0.18,-2.81,3.78,17.61
159.466179,-0.0537,-0.0762,0.9956,-1.53,0.00,-14.04,-2.85,3.78,17.51
159.495557,-0.0474,-0.0488,0.9927,-0.98,0.67,-40.53,-2.87,3.78,16.92
159.495557,-0.0620,0.0093,1.0029,1.40,1.28,-49.44,-2.92,3.78,15.93
159.555919,-0.0474,0.0078,0.9985,-0.18,0.06,-7.69,-2.92,3.77,15.41
159.555919,-0.0518,-0.0273,1.0015,0.00,0.00,-0.31,-2.92,3.77,15.38
159.585973,-0.0508,-0.0283,0.9966,0.00,0.00,-0.12,-2.92,3.77,15.37
159.585973,-0.0527,-0.0288,1.0015,0.43,0.06,-0.06,-2.92,3.77,15.37
159.615535,-0.0542,-0.0249,0.9946,0.43,0.06,-0.06,-2.91,3.78,15.37
159.615535,-0.0557,-0.0210,1.0005,0.00,0.06,0.00,-2.89,3.78,15.38
159.675551,-0.0542,-0.0200,0.9966,0.06,0.00,-0.31,-2.89,3.78,15.38
159.675551,-0.1348,0.1309,1.0029,1.77,0.92,-35.52,-2.89,3.78,15.12
159.705405,-0.0835,-0.0635,0.9941,3.05,1.22,-55.85,-2.87,3.78,14.01
159.705405,-0.0288,-0.0688,0.9917,2.44,0.00,0.00,-2.83,3.78,13.58
159.735675,-0.0298,-0.0474,1.0024,-1.04,-0.18,11.66,-2.85,3.78,13.74
159.735675,-0.0327,-0.0361,0.9951,0.18,-0.18,14.47,-2.83,3.78,14.02
159.795458,-0.0518,-0.0264,1.0039,0.92,-0.06,6.71,-2.81,3.78,14.19
159.795458,-0.0488,-0.0215,0.9961,0.85,-0.06,1.65,-2.79,3.78,14.28
159.825610,-0.0503,-0.0229,1.0000,1.59,0.00,0.73,-2.76,3.78,14.30
159.825610,-0.0513,-0.0215,0.9990,1.53,-0.06,0.12,-2.71,3.78,14.31
159.855593,-0.0527,-0.0229,0.9946,-0.31,0.06,0.00,-2.70,3.78,14.32
159.855593,-0.0562,-0.0244,1.0015,-0.85,0.00,-0.06,-2.71,3.78,14.32
159.915570,-0.0562,-0.0220,0.9961,-0.73,0.00,0.00,-2.73,3.78,14.32
159.915570,-0.0557,-0.0215,1.0000,-0.79,0.00,0.00,-2.75,3.78,14.32
159.945488,-0.0537,-0.0210,0.9976,-0.98,0.00,0.24,-2.76,3.78,14.33
159.945488,-0.0537,-0.0225,1.0020,-1.10,0.00,2.32,-2.79,3.78,14.35
159.975488,-0.0522,-0.0239,1.0029,-0.61,-0.06,5.92,-2.80,3.78,14.43
159.975488,-0.0479,-0.0269,0.9966,-0.67,-0.06,7.20,-2.80,3.78,14.57
160.035595,-0.0635,-0.0225,1.0020,-0.85,-0.24,12.45,-2.81,3.78,14.75
160.035595,-0.0820,-0.0166,0.9961,-0.73,-0.43,18.49,-2.81,3.78,15.07
160.065852,-0.0703,-0.0166,0.9980,-0.92,-0.79,36.74,-2.79,3.78,15.72
160.065852,-0.0347,-0.0288,1.0024,-0.98,-0.24,15.62,-2.78,3.78,16.34
160.095372,-0.0435,-0.0239,0.9990,-0.24,0.00,3.42,-2.79,3.78,16.48
160.095372,-0.0425,-0.0259,0.9956,-0.24,0.00,0.92,-2.79,3.78,16.52
160.156601,-0.0493,-0.0264,1.0000,-0.18,-0.06,0.67,-2.79,3.78,16.54
160.156601,-0.0552,-0.0264,1.0015,0.12,0.00,0.49,-2.79,3.78,16.56
160.185596,-0.0576,-0.0244,0.9961,0.00,0.06,0.06,-2.79,3.78,16.57
160.185596,-0.0581,-0.0229,0.9980,0.00,0.06,0.00,-2.79,3.79,16.57
160.215662,-0.0542,-0.0200,1.0024,0.12,0.12,0.00,-2.79,3.79,16.57
160.215662,-0.0474,-0.0215,1.0005,0.37,0.06,0.00,-2.77,3.79,16.58
160.278603,-0.0449,-0.0244,0.9985,0.31,0.00,-0.12,-2.76,3.80,16.58
160.278603,-0.0483,-0.0254,0.9971,-0.06,0.00,0.00,-2.76,3.80,16.58
160.306624,-0.0547,-0.0210,0.9932,-0.49,-0.06,-0.06,-2.77,3.79,16.58
160.306624,-0.0649,-0.0190,1.0020,-0.61,0.00,-0.06,-2.78,3.79,16.58
160.365820,-0.0654,-0.0181,1.0024,-0.24,-0.06,-0.06,-2.79,3.79,16.58
160.365820,-0.0576,-0.0210,0.9985,-0.31,0.00,-0.18,-2.79,3.79,16.58
160.396641,-0.0435,-0.0269,0.9990,-0.24,0.06,-0.12,-2.80,3.79,16.58
160.396641,-0.1484,-0.0327,0.9517,3.60,-9.28,-7.08,-2.79,3.76,16.57
160.426293,-0.0542,-0.0273,1.0020,0.12,-0.37,-0.55,-2.76,3.69,16.49
160.426293,-0.0537,-0.0229,0.9985,-0.12,0.06,-0.12,-2.76,3.69,16.48
160.485572,-0.0630,-0.0190,0.9937,-0.37,0.00,-0.12,-2.76,3.69,16.48
160.485572,-0.0679,-0.0171,1.0034,-0.31,-0.06,-0.06,-2.77,3.69,16.48
160.515573,-0.0635,-0.0195,0.9985,-0.18,-0.06,-0.18,-2.77,3.68,16.48
160.515573,-0.0508,-0.0259,0.9976,-0.18,0.00,-0.12,-2.77,3.68,16.48
160.545881,-0.0396,-0.0298,1.0020,0.00,0.00,-0.12,-2.77,3.68,16.48
160.545881,-0.0381,-0.0283,0.9995,0.06,-0.06,-0.06,-2.77,3.68,16.48
160.605605,-0.0464,-0.0254,0.9985,0.00,0.00,-0.12,-2.77,3.68,16.48
160.605605,-0.0610,-0.0200,0.9990,-0.06,0.00,-0.06,-2.77,3.68,16.48
160.635661,-0.0669,-0.0156,0.9971,-0.06,0.00,-0.06,-2.77,3.68,16.49
160.635661,-0.0640,-0.0151,0.9980,-0.24,0.00,-0.06,-2.77,3.68,16.49
160.665850,-0.0537,-0.0195,1.0020,-0.18,0.06,-0.12,-2.78,3.68,16.49
160.665850,-0.0439,-0.0259,0.9995,-0.31,0.00,-0.06,-2.78,3.68,16.49
160.725531,-0.0420,-0.0293,0.9985,-0.37,-0.06,-0.12,-2.79,3.68,16.49
160.725531,-0.0483,-0.0293,1.0000,-0.37,-0.06,-0.06,-2.79,3.67,16.49
160.755486,-0.0576,-0.0249,1.0005,-0.24,-0.06,0.00,-2.80,3.67,16.49
160.755486,-0.0625,-0.0210,0.9990,-0.12,0.00,0.00,-2.80,3.67,16.49
160.785489,-0.0625,-0.0190,0.9990,-0.06,0.00,-0.06,-2.80,3.67,16.50
160.785489,-0.0542,-0.0205,0.9980,-0.12,0.00,0.00,-2.80,3.67,16.50
160.845863,-0.0469,-0.0215,0.9971,-0.18,0.00,-0.06,-2.80,3.67,16.50
160.845863,-0.0454,-0.0244,0.9985,-0.31,-0.06,0.00,-2.81,3.67,16.50
160.875530,-0.0493,-0.0249,1.0005,-0.24,-0.06,-0.06,-2.81,3.67,16.50
160.875530,-0.0557,-0.0249,0.9976,-0.31,0.00,-0.06,-2.82,3.67,16.50
160.905961,-0.0601,-0.0229,1.0010,-0.24,0.00,-0.06,-2.82,3.66,16.50
160.905961,-0.0596,-0.0215,0.9980,-0.24,0.00,-0.06,-2.82,3.66,16.50
160.966838,-0.0552,-0.0220,1.0000,-0.24,0.00,-0.06,-2.83,3.66,16.50
160.966838,-0.0479,-0.0220,0.9976,-0.18,0.00,-0.12,-2.83,3.66,16.50
160.995576,-0.0464,-0.0244,1.0000,-0.24,0.00,-0.12,-2.83,3.66,16.50
160.995576,-0.0493,-0.0254,1.0000,-0.12,0.00,-0.06,-2.84,3.66,16.50
161.025561,-0.0557,-0.0254,0.9990,-0.18,-0.06,-0.06,-2.84,3.66,16.50
161.025561,-0.0610,-0.0239,1.0005,-0.18,-0.06,-0.06,-2.85,3.66,16.50
161.085668,-0.0591,-0.0225,0.9995,-0.12,0.00,0.00,-2.85,3.66,16.50
161.085668,-0.0532,-0.0220,1.0000,-0.06,0.00,-0.06,-2.85,3.66,16.51
161.115547,-0.0459,-0.0220,0.9976,-0.12,0.00,-0.06,-2.85,3.66,16.51
161.115547,-0.0459,-0.0229,1.0010,-0.18,0.00,-0.06,-2.85,3.66,16.51
161.146445,-0.0508,-0.0234,0.9980,-0.12,-0.06,-0.12,-2.85,3.66,16.51
161.146445,-0.0576,-0.0244,0.9995,-0.18,0.00,-0.12,-2.86,3.66,16.51
161.205465,-0.0625,-0.0234,0.9985,-0.12,0.00,-0.06,-2.86,3.66,16.51
161.205465,-0.0586,-0.0220,0.9971,-0.24,0.00,-0.06,-2.86,3.66,16.51
161.235666,-0.0532,-0.0210,1.0005,-0.24,0.00,0.00,-2.86,3.66,16.51
161.235666,-0.0479,-0.0210,0.9995,-0.18,0.00,-0.12,-2.87,3.66,16.51
161.265893,-0.0469,-0.0239,0.9990,-0.06,0.00,-0.12,-2.87,3.66,16.51
161.265893,-0.0508,-0.0254,0.9990,-0.24,-0.06,-0.06,-2.87,3.65,16.51
161.325495,-0.0576,-0.0249,0.9995,-0.12,-0.06,0.00,-2.87,3.65,16.51
161.325495,-0.0615,-0.0239,0.9980,-0.12,-0.06,-0.12,-2.88,3.65,16.51
161.355401,-0.0601,-0.0225,0.9985,-0.24,0.00,-0.06,-2.88,3.65,16.51
161.355401,-0.0522,-0.0215,0.9985,-0.18,0.00,-0.06,-2.88,3.65,16.51
# luecke 164.218652-1600.148092
